O*NET-SOC Code,Element ID,Element Name,Scale ID,Category,Data Value,Recommend Suppress
15-1252.00,5.C.1,Required Level of Education,RL,1,13.17,N
15-1252.00,5.C.1,Required Level of Education,RL,2,15.84,N
15-1252.00,5.C.1,Required Level of Education,RL,3,22.24,N
15-1252.00,5.C.1,Required Level of Education,RL,4,37.07,N
15-1252.00,5.C.1,Required Level of Education,RL,5,39.01,N
15-1252.00,5.C.1,Required Level of Education,RL,6,31.16,N
15-1252.00,5.C.1,Required Level of Education,RL,7,7.33,N
15-1252.00,5.C.1,Required Level of Education,RL,8,5.18,N
15-1252.00,5.C.1,Required Level of Education,RL,9,8.13,N
15-1252.00,5.C.1,Required Level of Education,RL,10,4.60,N
15-1252.00,5.C.1,Required Level of Education,RL,11,7.93,N
15-1252.00,5.C.1,Required Level of Education,RL,12,5.85,N
15-1253.00,5.C.1,Required Level of Education,RL,1,12.57,N
15-1253.00,5.C.1,Required Level of Education,RL,2,13.10,N
15-1253.00,5.C.1,Required Level of Education,RL,3,18.83,N
15-1253.00,5.C.1,Required Level of Education,RL,4,43.04,N
15-1253.00,5.C.1,Required Level of Education,RL,5,32.94,N
15-1253.00,5.C.1,Required Level of Education,RL,6,63.66,N
15-1253.00,5.C.1,Required Level of Education,RL,7,17.34,N
15-1253.00,5.C.1,Required Level of Education,RL,8,7.24,N
15-1253.00,5.C.1,Required Level of Education,RL,9,6.40,N
15-1253.00,5.C.1,Required Level of Education,RL,10,1.66,N
15-1253.00,5.C.1,Required Level of Education,RL,11,7.71,N
15-1253.00,5.C.1,Required Level of Education,RL,12,1.75,N
15-1254.00,5.C.1,Required Level of Education,RL,1,17.51,N
15-1254.00,5.C.1,Required Level of Education,RL,2,24.39,N
15-1254.00,5.C.1,Required Level of Education,RL,3,5.70,N
15-1254.00,5.C.1,Required Level of Education,RL,4,45.44,N
15-1254.00,5.C.1,Required Level of Education,RL,5,49.09,N
15-1254.00,5.C.1,Required Level of Education,RL,6,66.68,N
15-1254.00,5.C.1,Required Level of Education,RL,7,8.77,N
15-1254.00,5.C.1,Required Level of Education,RL,8,10.17,N
15-1254.00,5.C.1,Required Level of Education,RL,9,9.96,N
15-1254.00,5.C.1,Required Level of Education,RL,10,1.34,N
15-1254.00,5.C.1,Required Level of Education,RL,11,5.72,N
15-1254.00,5.C.1,Required Level of Education,RL,12,6.72,N
15-1255.00,5.C.1,Required Level of Education,RL,1,13.73,N
15-1255.00,5.C.1,Required Level of Education,RL,2,5.76,N
15-1255.00,5.C.1,Required Level of Education,RL,3,19.27,N
15-1255.00,5.C.1,Required Level of Education,RL,4,59.48,N
15-1255.00,5.C.1,Required Level of Education,RL,5,56.14,N
15-1255.00,5.C.1,Required Level of Education,RL,6,43.15,N
15-1255.00,5.C.1,Required Level of Education,RL,7,21.61,N
15-1255.00,5.C.1,Required Level of Education,RL,8,17.61,N
15-1255.00,5.C.1,Required Level of Education,RL,9,16.80,N
15-1255.00,5.C.1,Required Level of Education,RL,10,4.78,N
15-1255.00,5.C.1,Required Level of Education,RL,11,2.63,N
15-1255.00,5.C.1,Required Level of Education,RL,12,4.19,N
15-1211.00,5.C.1,Required Level of Education,RL,1,20.88,N
15-1211.00,5.C.1,Required Level of Education,RL,2,18.68,N
15-1211.00,5.C.1,Required Level of Education,RL,3,11.92,N
15-1211.00,5.C.1,Required Level of Education,RL,4,62.78,N
15-1211.00,5.C.1,Required Level of Education,RL,5,63.58,N
15-1211.00,5.C.1,Required Level of Education,RL,6,31.74,N
15-1211.00,5.C.1,Required Level of Education,RL,7,8.15,N
15-1211.00,5.C.1,Required Level of Education,RL,8,9.46,N
15-1211.00,5.C.1,Required Level of Education,RL,9,5.29,N
15-1211.00,5.C.1,Required Level of Education,RL,10,6.27,N
15-1211.00,5.C.1,Required Level of Education,RL,11,5.53,N
15-1211.00,5.C.1,Required Level of Education,RL,12,4.80,N
15-1212.00,5.C.1,Required Level of Education,RL,1,24.89,N
15-1212.00,5.C.1,Required Level of Education,RL,2,12.13,N
15-1212.00,5.C.1,Required Level of Education,RL,3,8.98,N
15-1212.00,5.C.1,Required Level of Education,RL,4,34.46,N
15-1212.00,5.C.1,Required Level of Education,RL,5,43.61,N
15-1212.00,5.C.1,Required Level of Education,RL,6,63.52,N
15-1212.00,5.C.1,Required Level of Education,RL,7,17.13,N
15-1212.00,5.C.1,Required Level of Education,RL,8,6.19,N
15-1212.00,5.C.1,Required Level of Education,RL,9,13.66,N
15-1212.00,5.C.1,Required Level of Education,RL,10,1.34,N
15-1212.00,5.C.1,Required Level of Education,RL,11,5.36,N
15-1212.00,5.C.1,Required Level of Education,RL,12,1.86,N
15-1221.00,5.C.1,Required Level of Education,RL,1,2.26,N
15-1221.00,5.C.1,Required Level of Education,RL,2,5.50,N
15-1221.00,5.C.1,Required Level of Education,RL,3,6.85,N
15-1221.00,5.C.1,Required Level of Education,RL,4,17.39,N
15-1221.00,5.C.1,Required Level of Education,RL,5,10.87,N
15-1221.00,5.C.1,Required Level of Education,RL,6,17.91,N
15-1221.00,5.C.1,Required Level of Education,RL,7,40.88,N
15-1221.00,5.C.1,Required Level of Education,RL,8,30.27,N
15-1221.00,5.C.1,Required Level of Education,RL,9,40.96,N
15-1221.00,5.C.1,Required Level of Education,RL,10,18.76,N
15-1221.00,5.C.1,Required Level of Education,RL,11,17.53,N
15-1221.00,5.C.1,Required Level of Education,RL,12,8.85,N
15-1231.00,5.C.1,Required Level of Education,RL,1,21.81,N
15-1231.00,5.C.1,Required Level of Education,RL,2,21.61,N
15-1231.00,5.C.1,Required Level of Education,RL,3,10.59,N
15-1231.00,5.C.1,Required Level of Education,RL,4,68.44,N
15-1231.00,5.C.1,Required Level of Education,RL,5,40.50,N
15-1231.00,5.C.1,Required Level of Education,RL,6,32.60,N
15-1231.00,5.C.1,Required Level of Education,RL,7,15.24,N
15-1231.00,5.C.1,Required Level of Education,RL,8,22.30,N
15-1231.00,5.C.1,Required Level of Education,RL,9,16.99,N
15-1231.00,5.C.1,Required Level of Education,RL,10,4.82,N
15-1231.00,5.C.1,Required Level of Education,RL,11,4.41,N
15-1231.00,5.C.1,Required Level of Education,RL,12,2.99,N
15-1232.00,5.C.1,Required Level of Education,RL,1,42.00,N
15-1232.00,5.C.1,Required Level of Education,RL,2,46.12,N
15-1232.00,5.C.1,Required Level of Education,RL,3,51.88,N
15-1232.00,5.C.1,Required Level of Education,RL,4,23.86,N
15-1232.00,5.C.1,Required Level of Education,RL,5,6.46,N
15-1232.00,5.C.1,Required Level of Education,RL,6,10.04,N
15-1232.00,5.C.1,Required Level of Education,RL,7,7.60,N
15-1232.00,5.C.1,Required Level of Education,RL,8,5.60,N
15-1232.00,5.C.1,Required Level of Education,RL,9,1.52,N
15-1232.00,5.C.1,Required Level of Education,RL,10,4.09,N
15-1232.00,5.C.1,Required Level of Education,RL,11,5.56,N
15-1232.00,5.C.1,Required Level of Education,RL,12,7.38,N
15-1241.00,5.C.1,Required Level of Education,RL,1,1.59,N
15-1241.00,5.C.1,Required Level of Education,RL,2,7.32,N
15-1241.00,5.C.1,Required Level of Education,RL,3,6.39,N
15-1241.00,5.C.1,Required Level of Education,RL,4,10.57,N
15-1241.00,5.C.1,Required Level of Education,RL,5,15.67,N
15-1241.00,5.C.1,Required Level of Education,RL,6,21.51,N
15-1241.00,5.C.1,Required Level of Education,RL,7,39.73,N
15-1241.00,5.C.1,Required Level of Education,RL,8,58.05,N
15-1241.00,5.C.1,Required Level of Education,RL,9,52.40,N
15-1241.00,5.C.1,Required Level of Education,RL,10,6.46,N
15-1241.00,5.C.1,Required Level of Education,RL,11,10.43,N
15-1241.00,5.C.1,Required Level of Education,RL,12,13.25,N
15-1242.00,5.C.1,Required Level of Education,RL,1,7.79,N
15-1242.00,5.C.1,Required Level of Education,RL,2,23.88,N
15-1242.00,5.C.1,Required Level of Education,RL,3,10.00,N
15-1242.00,5.C.1,Required Level of Education,RL,4,39.27,N
15-1242.00,5.C.1,Required Level of Education,RL,5,53.89,N
15-1242.00,5.C.1,Required Level of Education,RL,6,51.10,N
15-1242.00,5.C.1,Required Level of Education,RL,7,11.38,N
15-1242.00,5.C.1,Required Level of Education,RL,8,11.51,N
15-1242.00,5.C.1,Required Level of Education,RL,9,14.93,N
15-1242.00,5.C.1,Required Level of Education,RL,10,7.36,N
15-1242.00,5.C.1,Required Level of Education,RL,11,1.55,N
15-1242.00,5.C.1,Required Level of Education,RL,12,7.38,N
15-1243.00,5.C.1,Required Level of Education,RL,1,7.57,N
15-1243.00,5.C.1,Required Level of Education,RL,2,5.78,N
15-1243.00,5.C.1,Required Level of Education,RL,3,6.62,N
15-1243.00,5.C.1,Required Level of Education,RL,4,12.64,N
15-1243.00,5.C.1,Required Level of Education,RL,5,24.25,N
15-1243.00,5.C.1,Required Level of Education,RL,6,19.85,N
15-1243.00,5.C.1,Required Level of Education,RL,7,57.47,N
15-1243.00,5.C.1,Required Level of Education,RL,8,47.96,N
15-1243.00,5.C.1,Required Level of Education,RL,9,38.83,N
15-1243.00,5.C.1,Required Level of Education,RL,10,18.83,N
15-1243.00,5.C.1,Required Level of Education,RL,11,19.72,N
15-1243.00,5.C.1,Required Level of Education,RL,12,5.10,N
15-1244.00,5.C.1,Required Level of Education,RL,1,11.22,N
15-1244.00,5.C.1,Required Level of Education,RL,2,15.71,N
15-1244.00,5.C.1,Required Level of Education,RL,3,9.24,N
15-1244.00,5.C.1,Required Level of Education,RL,4,35.17,N
15-1244.00,5.C.1,Required Level of Education,RL,5,37.52,N
15-1244.00,5.C.1,Required Level of Education,RL,6,30.63,N
15-1244.00,5.C.1,Required Level of Education,RL,7,7.41,N
15-1244.00,5.C.1,Required Level of Education,RL,8,12.83,N
15-1244.00,5.C.1,Required Level of Education,RL,9,15.03,N
15-1244.00,5.C.1,Required Level of Education,RL,10,5.47,N
15-1244.00,5.C.1,Required Level of Education,RL,11,3.16,N
15-1244.00,5.C.1,Required Level of Education,RL,12,1.90,N
15-1251.00,5.C.1,Required Level of Education,RL,1,23.40,N
15-1251.00,5.C.1,Required Level of Education,RL,2,17.64,N
15-1251.00,5.C.1,Required Level of Education,RL,3,18.58,N
15-1251.00,5.C.1,Required Level of Education,RL,4,57.56,N
15-1251.00,5.C.1,Required Level of Education,RL,5,42.87,N
15-1251.00,5.C.1,Required Level of Education,RL,6,53.75,N
15-1251.00,5.C.1,Required Level of Education,RL,7,11.38,N
15-1251.00,5.C.1,Required Level of Education,RL,8,18.06,N
15-1251.00,5.C.1,Required Level of Education,RL,9,21.36,N
15-1251.00,5.C.1,Required Level of Education,RL,10,1.11,N
15-1251.00,5.C.1,Required Level of Education,RL,11,6.57,N
15-1251.00,5.C.1,Required Level of Education,RL,12,1.82,N
15-2051.00,5.C.1,Required Level of Education,RL,1,1.11,N
15-2051.00,5.C.1,Required Level of Education,RL,2,1.53,N
15-2051.00,5.C.1,Required Level of Education,RL,3,4.94,N
15-2051.00,5.C.1,Required Level of Education,RL,4,22.16,N
15-2051.00,5.C.1,Required Level of Education,RL,5,23.51,N
15-2051.00,5.C.1,Required Level of Education,RL,6,8.15,N
15-2051.00,5.C.1,Required Level of Education,RL,7,47.16,N
15-2051.00,5.C.1,Required Level of Education,RL,8,67.68,N
15-2051.00,5.C.1,Required Level of Education,RL,9,65.50,N
15-2051.00,5.C.1,Required Level of Education,RL,10,21.53,N
15-2051.00,5.C.1,Required Level of Education,RL,11,9.97,N
15-2051.00,5.C.1,Required Level of Education,RL,12,10.49,N
15-2041.00,5.C.1,Required Level of Education,RL,1,2.04,N
15-2041.00,5.C.1,Required Level of Education,RL,2,2.84,N
15-2041.00,5.C.1,Required Level of Education,RL,3,3.83,N
15-2041.00,5.C.1,Required Level of Education,RL,4,20.94,N
15-2041.00,5.C.1,Required Level of Education,RL,5,18.20,N
15-2041.00,5.C.1,Required Level of Education,RL,6,8.44,N
15-2041.00,5.C.1,Required Level of Education,RL,7,37.15,N
15-2041.00,5.C.1,Required Level of Education,RL,8,48.02,N
15-2041.00,5.C.1,Required Level of Education,RL,9,65.62,N
15-2041.00,5.C.1,Required Level of Education,RL,10,14.45,N
15-2041.00,5.C.1,Required Level of Education,RL,11,20.78,N
15-2041.00,5.C.1,Required Level of Education,RL,12,18.77,N
15-2031.00,5.C.1,Required Level of Education,RL,1,7.15,N
15-2031.00,5.C.1,Required Level of Education,RL,2,4.47,N
15-2031.00,5.C.1,Required Level of Education,RL,3,3.65,N
15-2031.00,5.C.1,Required Level of Education,RL,4,14.15,N
15-2031.00,5.C.1,Required Level of Education,RL,5,21.04,N
15-2031.00,5.C.1,Required Level of Education,RL,6,10.57,N
15-2031.00,5.C.1,Required Level of Education,RL,7,37.73,N
15-2031.00,5.C.1,Required Level of Education,RL,8,63.47,N
15-2031.00,5.C.1,Required Level of Education,RL,9,49.21,N
15-2031.00,5.C.1,Required Level of Education,RL,10,17.83,N
15-2031.00,5.C.1,Required Level of Education,RL,11,8.48,N
15-2031.00,5.C.1,Required Level of Education,RL,12,5.83,N
15-1299.08,5.C.1,Required Level of Education,RL,1,2.58,N
15-1299.08,5.C.1,Required Level of Education,RL,2,4.01,N
15-1299.08,5.C.1,Required Level of Education,RL,3,1.23,N
15-1299.08,5.C.1,Required Level of Education,RL,4,10.46,N
15-1299.08,5.C.1,Required Level of Education,RL,5,23.86,N
15-1299.08,5.C.1,Required Level of Education,RL,6,13.74,N
15-1299.08,5.C.1,Required Level of Education,RL,7,30.18,N
15-1299.08,5.C.1,Required Level of Education,RL,8,62.10,N
15-1299.08,5.C.1,Required Level of Education,RL,9,42.07,N
15-1299.08,5.C.1,Required Level of Education,RL,10,8.46,N
15-1299.08,5.C.1,Required Level of Education,RL,11,17.76,N
15-1299.08,5.C.1,Required Level of Education,RL,12,18.29,N
15-1299.09,5.C.1,Required Level of Education,RL,1,11.48,N
15-1299.09,5.C.1,Required Level of Education,RL,2,19.21,N
15-1299.09,5.C.1,Required Level of Education,RL,3,22.51,N
15-1299.09,5.C.1,Required Level of Education,RL,4,43.59,N
15-1299.09,5.C.1,Required Level of Education,RL,5,49.88,N
15-1299.09,5.C.1,Required Level of Education,RL,6,30.22,N
15-1299.09,5.C.1,Required Level of Education,RL,7,16.83,N
15-1299.09,5.C.1,Required Level of Education,RL,8,10.85,N
15-1299.09,5.C.1,Required Level of Education,RL,9,18.05,N
15-1299.09,5.C.1,Required Level of Education,RL,10,6.31,N
15-1299.09,5.C.1,Required Level of Education,RL,11,3.38,N
15-1299.09,5.C.1,Required Level of Education,RL,12,5.67,N
15-1299.05,5.C.1,Required Level of Education,RL,1,7.60,N
15-1299.05,5.C.1,Required Level of Education,RL,2,2.18,N
15-1299.05,5.C.1,Required Level of Education,RL,3,6.58,N
15-1299.05,5.C.1,Required Level of Education,RL,4,14.55,N
15-1299.05,5.C.1,Required Level of Education,RL,5,23.87,N
15-1299.05,5.C.1,Required Level of Education,RL,6,6.46,N
15-1299.05,5.C.1,Required Level of Education,RL,7,45.32,N
15-1299.05,5.C.1,Required Level of Education,RL,8,36.48,N
15-1299.05,5.C.1,Required Level of Education,RL,9,40.36,N
15-1299.05,5.C.1,Required Level of Education,RL,10,22.80,N
15-1299.05,5.C.1,Required Level of Education,RL,11,15.62,N
15-1299.05,5.C.1,Required Level of Education,RL,12,12.16,N
15-2099.01,5.C.1,Required Level of Education,RL,1,24.26,N
15-2099.01,5.C.1,Required Level of Education,RL,2,6.05,N
15-2099.01,5.C.1,Required Level of Education,RL,3,5.37,N
15-2099.01,5.C.1,Required Level of Education,RL,4,60.71,N
15-2099.01,5.C.1,Required Level of Education,RL,5,52.31,N
15-2099.01,5.C.1,Required Level of Education,RL,6,63.31,N
15-2099.01,5.C.1,Required Level of Education,RL,7,14.92,N
15-2099.01,5.C.1,Required Level of Education,RL,8,23.88,N
15-2099.01,5.C.1,Required Level of Education,RL,9,11.64,N
15-2099.01,5.C.1,Required Level of Education,RL,10,2.60,N
15-2099.01,5.C.1,Required Level of Education,RL,11,7.19,N
15-2099.01,5.C.1,Required Level of Education,RL,12,4.73,N
15-1299.04,5.C.1,Required Level of Education,RL,1,5.60,N
15-1299.04,5.C.1,Required Level of Education,RL,2,5.20,N
15-1299.04,5.C.1,Required Level of Education,RL,3,5.32,N
15-1299.04,5.C.1,Required Level of Education,RL,4,59.18,N
15-1299.04,5.C.1,Required Level of Education,RL,5,55.55,N
15-1299.04,5.C.1,Required Level of Education,RL,6,34.52,N
15-1299.04,5.C.1,Required Level of Education,RL,7,20.93,N
15-1299.04,5.C.1,Required Level of Education,RL,8,20.52,N
15-1299.04,5.C.1,Required Level of Education,RL,9,17.62,N
15-1299.04,5.C.1,Required Level of Education,RL,10,5.05,N
15-1299.04,5.C.1,Required Level of Education,RL,11,4.04,N
15-1299.04,5.C.1,Required Level of Education,RL,12,5.85,N
15-2021.00,5.C.1,Required Level of Education,RL,1,3.72,N
15-2021.00,5.C.1,Required Level of Education,RL,2,7.49,N
15-2021.00,5.C.1,Required Level of Education,RL,3,5.14,N
15-2021.00,5.C.1,Required Level of Education,RL,4,18.46,N
15-2021.00,5.C.1,Required Level of Education,RL,5,23.51,N
15-2021.00,5.C.1,Required Level of Education,RL,6,24.67,N
15-2021.00,5.C.1,Required Level of Education,RL,7,51.32,N
15-2021.00,5.C.1,Required Level of Education,RL,8,34.51,N
15-2021.00,5.C.1,Required Level of Education,RL,9,51.00,N
15-2021.00,5.C.1,Required Level of Education,RL,10,23.37,N
15-2021.00,5.C.1,Required Level of Education,RL,11,9.15,N
15-2021.00,5.C.1,Required Level of Education,RL,12,10.11,N
19-3022.00,5.C.1,Required Level of Education,RL,1,10.50,N
19-3022.00,5.C.1,Required Level of Education,RL,2,9.65,N
19-3022.00,5.C.1,Required Level of Education,RL,3,21.25,N
19-3022.00,5.C.1,Required Level of Education,RL,4,51.43,N
19-3022.00,5.C.1,Required Level of Education,RL,5,33.42,N
19-3022.00,5.C.1,Required Level of Education,RL,6,50.45,N
19-3022.00,5.C.1,Required Level of Education,RL,7,18.92,N
19-3022.00,5.C.1,Required Level of Education,RL,8,5.53,N
19-3022.00,5.C.1,Required Level of Education,RL,9,8.92,N
19-3022.00,5.C.1,Required Level of Education,RL,10,1.10,N
19-3022.00,5.C.1,Required Level of Education,RL,11,5.87,N
19-3022.00,5.C.1,Required Level of Education,RL,12,3.80,N
43-9111.00,5.C.1,Required Level of Education,RL,1,30.55,N
43-9111.00,5.C.1,Required Level of Education,RL,2,39.88,N
43-9111.00,5.C.1,Required Level of Education,RL,3,37.70,N
43-9111.00,5.C.1,Required Level of Education,RL,4,16.38,N
43-9111.00,5.C.1,Required Level of Education,RL,5,13.54,N
43-9111.00,5.C.1,Required Level of Education,RL,6,13.42,N
43-9111.00,5.C.1,Required Level of Education,RL,7,3.31,N
43-9111.00,5.C.1,Required Level of Education,RL,8,1.27,N
43-9111.00,5.C.1,Required Level of Education,RL,9,3.28,N
43-9111.00,5.C.1,Required Level of Education,RL,10,5.44,N
43-9111.00,5.C.1,Required Level of Education,RL,11,4.76,N
43-9111.00,5.C.1,Required Level of Education,RL,12,5.12,N
17-2141.00,5.C.1,Required Level of Education,RL,1,8.18,N
17-2141.00,5.C.1,Required Level of Education,RL,2,5.84,N
17-2141.00,5.C.1,Required Level of Education,RL,3,20.25,N
17-2141.00,5.C.1,Required Level of Education,RL,4,58.54,N
17-2141.00,5.C.1,Required Level of Education,RL,5,56.33,N
17-2141.00,5.C.1,Required Level of Education,RL,6,68.50,N
17-2141.00,5.C.1,Required Level of Education,RL,7,11.13,N
17-2141.00,5.C.1,Required Level of Education,RL,8,19.64,N
17-2141.00,5.C.1,Required Level of Education,RL,9,10.77,N
17-2141.00,5.C.1,Required Level of Education,RL,10,5.19,N
17-2141.00,5.C.1,Required Level of Education,RL,11,7.35,N
17-2141.00,5.C.1,Required Level of Education,RL,12,4.19,N
17-2141.01,5.C.1,Required Level of Education,RL,1,5.30,N
17-2141.01,5.C.1,Required Level of Education,RL,2,7.91,N
17-2141.01,5.C.1,Required Level of Education,RL,3,4.43,N
17-2141.01,5.C.1,Required Level of Education,RL,4,9.78,N
17-2141.01,5.C.1,Required Level of Education,RL,5,24.09,N
17-2141.01,5.C.1,Required Level of Education,RL,6,18.49,N
17-2141.01,5.C.1,Required Level of Education,RL,7,43.03,N
17-2141.01,5.C.1,Required Level of Education,RL,8,40.99,N
17-2141.01,5.C.1,Required Level of Education,RL,9,30.89,N
17-2141.01,5.C.1,Required Level of Education,RL,10,6.73,N
17-2141.01,5.C.1,Required Level of Education,RL,11,24.58,N
17-2141.01,5.C.1,Required Level of Education,RL,12,16.18,N
17-2141.02,5.C.1,Required Level of Education,RL,1,6.45,N
17-2141.02,5.C.1,Required Level of Education,RL,2,2.68,N
17-2141.02,5.C.1,Required Level of Education,RL,3,6.89,N
17-2141.02,5.C.1,Required Level of Education,RL,4,19.13,N
17-2141.02,5.C.1,Required Level of Education,RL,5,22.50,N
17-2141.02,5.C.1,Required Level of Education,RL,6,14.70,N
17-2141.02,5.C.1,Required Level of Education,RL,7,66.71,N
17-2141.02,5.C.1,Required Level of Education,RL,8,52.74,N
17-2141.02,5.C.1,Required Level of Education,RL,9,35.77,N
17-2141.02,5.C.1,Required Level of Education,RL,10,23.17,N
17-2141.02,5.C.1,Required Level of Education,RL,11,11.03,N
17-2141.02,5.C.1,Required Level of Education,RL,12,23.47,N
17-2151.00,5.C.1,Required Level of Education,RL,1,15.99,N
17-2151.00,5.C.1,Required Level of Education,RL,2,13.00,N
17-2151.00,5.C.1,Required Level of Education,RL,3,15.39,N
17-2151.00,5.C.1,Required Level of Education,RL,4,44.90,N
17-2151.00,5.C.1,Required Level of Education,RL,5,33.12,N
17-2151.00,5.C.1,Required Level of Education,RL,6,31.83,N
17-2151.00,5.C.1,Required Level of Education,RL,7,6.69,N
17-2151.00,5.C.1,Required Level of Education,RL,8,23.06,N
17-2151.00,5.C.1,Required Level of Education,RL,9,11.97,N
17-2151.00,5.C.1,Required Level of Education,RL,10,1.16,N
17-2151.00,5.C.1,Required Level of Education,RL,11,3.81,N
17-2151.00,5.C.1,Required Level of Education,RL,12,5.44,N
17-2161.00,5.C.1,Required Level of Education,RL,1,5.44,N
17-2161.00,5.C.1,Required Level of Education,RL,2,7.40,N
17-2161.00,5.C.1,Required Level of Education,RL,3,3.45,N
17-2161.00,5.C.1,Required Level of Education,RL,4,24.08,N
17-2161.00,5.C.1,Required Level of Education,RL,5,5.23,N
17-2161.00,5.C.1,Required Level of Education,RL,6,8.17,N
17-2161.00,5.C.1,Required Level of Education,RL,7,49.62,N
17-2161.00,5.C.1,Required Level of Education,RL,8,55.85,N
17-2161.00,5.C.1,Required Level of Education,RL,9,46.70,N
17-2161.00,5.C.1,Required Level of Education,RL,10,20.69,N
17-2161.00,5.C.1,Required Level of Education,RL,11,15.92,N
17-2161.00,5.C.1,Required Level of Education,RL,12,5.00,N
17-2171.00,5.C.1,Required Level of Education,RL,1,12.80,N
17-2171.00,5.C.1,Required Level of Education,RL,2,17.83,N
17-2171.00,5.C.1,Required Level of Education,RL,3,10.16,N
17-2171.00,5.C.1,Required Level of Education,RL,4,37.44,N
17-2171.00,5.C.1,Required Level of Education,RL,5,55.74,N
17-2171.00,5.C.1,Required Level of Education,RL,6,48.40,N
17-2171.00,5.C.1,Required Level of Education,RL,7,24.76,N
17-2171.00,5.C.1,Required Level of Education,RL,8,24.03,N
17-2171.00,5.C.1,Required Level of Education,RL,9,11.15,N
17-2171.00,5.C.1,Required Level of Education,RL,10,1.23,N
17-2171.00,5.C.1,Required Level of Education,RL,11,2.25,N
17-2171.00,5.C.1,Required Level of Education,RL,12,4.03,N
17-2181.00,5.C.1,Required Level of Education,RL,1,13.48,N
17-2181.00,5.C.1,Required Level of Education,RL,2,13.64,N
17-2181.00,5.C.1,Required Level of Education,RL,3,6.72,N
17-2181.00,5.C.1,Required Level of Education,RL,4,41.98,N
17-2181.00,5.C.1,Required Level of Education,RL,5,46.41,N
17-2181.00,5.C.1,Required Level of Education,RL,6,60.17,N
17-2181.00,5.C.1,Required Level of Education,RL,7,7.31,N
17-2181.00,5.C.1,Required Level of Education,RL,8,17.68,N
17-2181.00,5.C.1,Required Level of Education,RL,9,12.59,N
17-2181.00,5.C.1,Required Level of Education,RL,10,6.42,N
17-2181.00,5.C.1,Required Level of Education,RL,11,5.76,N
17-2181.00,5.C.1,Required Level of Education,RL,12,2.34,N
17-2199.00,5.C.1,Required Level of Education,RL,1,19.11,N
17-2199.00,5.C.1,Required Level of Education,RL,2,12.39,N
17-2199.00,5.C.1,Required Level of Education,RL,3,21.66,N
17-2199.00,5.C.1,Required Level of Education,RL,4,30.83,N
17-2199.00,5.C.1,Required Level of Education,RL,5,42.53,N
17-2199.00,5.C.1,Required Level of Education,RL,6,50.70,N
17-2199.00,5.C.1,Required Level of Education,RL,7,10.88,N
17-2199.00,5.C.1,Required Level of Education,RL,8,12.79,N
17-2199.00,5.C.1,Required Level of Education,RL,9,16.54,N
17-2199.00,5.C.1,Required Level of Education,RL,10,2.67,N
17-2199.00,5.C.1,Required Level of Education,RL,11,7.02,N
17-2199.00,5.C.1,Required Level of Education,RL,12,2.99,N
17-2011.00,5.C.1,Required Level of Education,RL,1,5.83,N
17-2011.00,5.C.1,Required Level of Education,RL,2,7.72,N
17-2011.00,5.C.1,Required Level of Education,RL,3,1.70,N
17-2011.00,5.C.1,Required Level of Education,RL,4,22.53,N
17-2011.00,5.C.1,Required Level of Education,RL,5,8.51,N
17-2011.00,5.C.1,Required Level of Education,RL,6,14.07,N
17-2011.00,5.C.1,Required Level of Education,RL,7,34.73,N
17-2011.00,5.C.1,Required Level of Education,RL,8,67.11,N
17-2011.00,5.C.1,Required Level of Education,RL,9,42.41,N
17-2011.00,5.C.1,Required Level of Education,RL,10,15.29,N
17-2011.00,5.C.1,Required Level of Education,RL,11,24.43,N
17-2011.00,5.C.1,Required Level of Education,RL,12,7.93,N
17-2021.00,5.C.1,Required Level of Education,RL,1,6.56,N
17-2021.00,5.C.1,Required Level of Education,RL,2,18.89,N
17-2021.00,5.C.1,Required Level of Education,RL,3,5.91,N
17-2021.00,5.C.1,Required Level of Education,RL,4,35.05,N
17-2021.00,5.C.1,Required Level of Education,RL,5,40.19,N
17-2021.00,5.C.1,Required Level of Education,RL,6,30.43,N
17-2021.00,5.C.1,Required Level of Education,RL,7,11.86,N
17-2021.00,5.C.1,Required Level of Education,RL,8,6.13,N
17-2021.00,5.C.1,Required Level of Education,RL,9,23.63,N
17-2021.00,5.C.1,Required Level of Education,RL,10,4.57,N
17-2021.00,5.C.1,Required Level of Education,RL,11,1.22,N
17-2021.00,5.C.1,Required Level of Education,RL,12,6.24,N
17-2031.00,5.C.1,Required Level of Education,RL,1,2.67,N
17-2031.00,5.C.1,Required Level of Education,RL,2,7.17,N
17-2031.00,5.C.1,Required Level of Education,RL,3,1.25,N
17-2031.00,5.C.1,Required Level of Education,RL,4,7.43,N
17-2031.00,5.C.1,Required Level of Education,RL,5,12.43,N
17-2031.00,5.C.1,Required Level of Education,RL,6,21.48,N
17-2031.00,5.C.1,Required Level of Education,RL,7,67.32,N
17-2031.00,5.C.1,Required Level of Education,RL,8,68.60,N
17-2031.00,5.C.1,Required Level of Education,RL,9,38.25,N
17-2031.00,5.C.1,Required Level of Education,RL,10,12.45,N
17-2031.00,5.C.1,Required Level of Education,RL,11,22.07,N
17-2031.00,5.C.1,Required Level of Education,RL,12,21.24,N
17-2041.00,5.C.1,Required Level of Education,RL,1,7.58,N
17-2041.00,5.C.1,Required Level of Education,RL,2,1.57,N
17-2041.00,5.C.1,Required Level of Education,RL,3,1.27,N
17-2041.00,5.C.1,Required Level of Education,RL,4,13.04,N
17-2041.00,5.C.1,Required Level of Education,RL,5,21.87,N
17-2041.00,5.C.1,Required Level of Education,RL,6,18.77,N
17-2041.00,5.C.1,Required Level of Education,RL,7,46.61,N
17-2041.00,5.C.1,Required Level of Education,RL,8,57.30,N
17-2041.00,5.C.1,Required Level of Education,RL,9,47.77,N
17-2041.00,5.C.1,Required Level of Education,RL,10,21.69,N
17-2041.00,5.C.1,Required Level of Education,RL,11,10.75,N
17-2041.00,5.C.1,Required Level of Education,RL,12,20.04,N
17-2051.00,5.C.1,Required Level of Education,RL,1,8.04,N
17-2051.00,5.C.1,Required Level of Education,RL,2,16.79,N
17-2051.00,5.C.1,Required Level of Education,RL,3,11.26,N
17-2051.00,5.C.1,Required Level of Education,RL,4,43.50,N
17-2051.00,5.C.1,Required Level of Education,RL,5,40.67,N
17-2051.00,5.C.1,Required Level of Education,RL,6,31.26,N
17-2051.00,5.C.1,Required Level of Education,RL,7,6.89,N
17-2051.00,5.C.1,Required Level of Education,RL,8,18.42,N
17-2051.00,5.C.1,Required Level of Education,RL,9,18.32,N
17-2051.00,5.C.1,Required Level of Education,RL,10,5.61,N
17-2051.00,5.C.1,Required Level of Education,RL,11,4.03,N
17-2051.00,5.C.1,Required Level of Education,RL,12,5.13,N
17-2061.00,5.C.1,Required Level of Education,RL,1,6.56,N
17-2061.00,5.C.1,Required Level of Education,RL,2,7.89,N
17-2061.00,5.C.1,Required Level of Education,RL,3,3.74,N
17-2061.00,5.C.1,Required Level of Education,RL,4,19.95,N
17-2061.00,5.C.1,Required Level of Education,RL,5,21.23,N
17-2061.00,5.C.1,Required Level of Education,RL,6,21.89,N
17-2061.00,5.C.1,Required Level of Education,RL,7,56.79,N
17-2061.00,5.C.1,Required Level of Education,RL,8,39.16,N
17-2061.00,5.C.1,Required Level of Education,RL,9,62.48,N
17-2061.00,5.C.1,Required Level of Education,RL,10,16.21,N
17-2061.00,5.C.1,Required Level of Education,RL,11,19.83,N
17-2061.00,5.C.1,Required Level of Education,RL,12,19.90,N
17-2071.00,5.C.1,Required Level of Education,RL,1,9.15,N
17-2071.00,5.C.1,Required Level of Education,RL,2,6.43,N
17-2071.00,5.C.1,Required Level of Education,RL,3,20.61,N
17-2071.00,5.C.1,Required Level of Education,RL,4,56.67,N
17-2071.00,5.C.1,Required Level of Education,RL,5,30.67,N
17-2071.00,5.C.1,Required Level of Education,RL,6,31.86,N
17-2071.00,5.C.1,Required Level of Education,RL,7,13.45,N
17-2071.00,5.C.1,Required Level of Education,RL,8,18.05,N
17-2071.00,5.C.1,Required Level of Education,RL,9,7.46,N
17-2071.00,5.C.1,Required Level of Education,RL,10,5.87,N
17-2071.00,5.C.1,Required Level of Education,RL,11,3.41,N
17-2071.00,5.C.1,Required Level of Education,RL,12,5.54,N
17-2072.00,5.C.1,Required Level of Education,RL,1,10.45,N
17-2072.00,5.C.1,Required Level of Education,RL,2,9.68,N
17-2072.00,5.C.1,Required Level of Education,RL,3,7.96,N
17-2072.00,5.C.1,Required Level of Education,RL,4,57.45,N
17-2072.00,5.C.1,Required Level of Education,RL,5,54.91,N
17-2072.00,5.C.1,Required Level of Education,RL,6,32.78,N
17-2072.00,5.C.1,Required Level of Education,RL,7,7.27,N
17-2072.00,5.C.1,Required Level of Education,RL,8,21.72,N
17-2072.00,5.C.1,Required Level of Education,RL,9,10.21,N
17-2072.00,5.C.1,Required Level of Education,RL,10,7.50,N
17-2072.00,5.C.1,Required Level of Education,RL,11,7.84,N
17-2072.00,5.C.1,Required Level of Education,RL,12,6.67,N
17-2081.00,5.C.1,Required Level of Education,RL,1,7.77,N
17-2081.00,5.C.1,Required Level of Education,RL,2,7.07,N
17-2081.00,5.C.1,Required Level of Education,RL,3,21.57,N
17-2081.00,5.C.1,Required Level of Education,RL,4,46.66,N
17-2081.00,5.C.1,Required Level of Education,RL,5,31.30,N
17-2081.00,5.C.1,Required Level of Education,RL,6,34.16,N
17-2081.00,5.C.1,Required Level of Education,RL,7,10.69,N
17-2081.00,5.C.1,Required Level of Education,RL,8,9.96,N
17-2081.00,5.C.1,Required Level of Education,RL,9,5.73,N
17-2081.00,5.C.1,Required Level of Education,RL,10,6.02,N
17-2081.00,5.C.1,Required Level of Education,RL,11,1.41,N
17-2081.00,5.C.1,Required Level of Education,RL,12,3.02,N
17-2111.00,5.C.1,Required Level of Education,RL,1,18.97,N
17-2111.00,5.C.1,Required Level of Education,RL,2,19.99,N
17-2111.00,5.C.1,Required Level of Education,RL,3,20.81,N
17-2111.00,5.C.1,Required Level of Education,RL,4,39.48,N
17-2111.00,5.C.1,Required Level of Education,RL,5,36.80,N
17-2111.00,5.C.1,Required Level of Education,RL,6,54.81,N
17-2111.00,5.C.1,Required Level of Education,RL,7,21.11,N
17-2111.00,5.C.1,Required Level of Education,RL,8,19.77,N
17-2111.00,5.C.1,Required Level of Education,RL,9,19.82,N
17-2111.00,5.C.1,Required Level of Education,RL,10,3.90,N
17-2111.00,5.C.1,Required Level of Education,RL,11,6.02,N
17-2111.00,5.C.1,Required Level of Education,RL,12,7.36,N
17-2112.00,5.C.1,Required Level of Education,RL,1,17.32,N
17-2112.00,5.C.1,Required Level of Education,RL,2,7.90,N
17-2112.00,5.C.1,Required Level of Education,RL,3,21.52,N
17-2112.00,5.C.1,Required Level of Education,RL,4,31.41,N
17-2112.00,5.C.1,Required Level of Education,RL,5,30.43,N
17-2112.00,5.C.1,Required Level of Education,RL,6,41.93,N
17-2112.00,5.C.1,Required Level of Education,RL,7,12.46,N
17-2112.00,5.C.1,Required Level of Education,RL,8,24.40,N
17-2112.00,5.C.1,Required Level of Education,RL,9,19.72,N
17-2112.00,5.C.1,Required Level of Education,RL,10,4.05,N
17-2112.00,5.C.1,Required Level of Education,RL,11,5.02,N
17-2112.00,5.C.1,Required Level of Education,RL,12,3.91,N
17-2121.00,5.C.1,Required Level of Education,RL,1,7.30,N
17-2121.00,5.C.1,Required Level of Education,RL,2,5.32,N
17-2121.00,5.C.1,Required Level of Education,RL,3,3.54,N
17-2121.00,5.C.1,Required Level of Education,RL,4,23.71,N
17-2121.00,5.C.1,Required Level of Education,RL,5,21.31,N
17-2121.00,5.C.1,Required Level of Education,RL,6,13.19,N
17-2121.00,5.C.1,Required Level of Education,RL,7,68.45,N
17-2121.00,5.C.1,Required Level of Education,RL,8,32.29,N
17-2121.00,5.C.1,Required Level of Education,RL,9,65.03,N
17-2121.00,5.C.1,Required Level of Education,RL,10,14.03,N
17-2121.00,5.C.1,Required Level of Education,RL,11,14.75,N
17-2121.00,5.C.1,Required Level of Education,RL,12,22.59,N
17-2131.00,5.C.1,Required Level of Education,RL,1,3.96,N
17-2131.00,5.C.1,Required Level of Education,RL,2,4.05,N
17-2131.00,5.C.1,Required Level of Education,RL,3,2.66,N
17-2131.00,5.C.1,Required Level of Education,RL,4,18.66,N
17-2131.00,5.C.1,Required Level of Education,RL,5,19.34,N
17-2131.00,5.C.1,Required Level of Education,RL,6,18.44,N
17-2131.00,5.C.1,Required Level of Education,RL,7,36.36,N
17-2131.00,5.C.1,Required Level of Education,RL,8,64.93,N
17-2131.00,5.C.1,Required Level of Education,RL,9,49.66,N
17-2131.00,5.C.1,Required Level of Education,RL,10,7.27,N
17-2131.00,5.C.1,Required Level of Education,RL,11,9.14,N
17-2131.00,5.C.1,Required Level of Education,RL,12,7.50,N
17-1011.00,5.C.1,Required Level of Education,RL,1,7.86,N
17-1011.00,5.C.1,Required Level of Education,RL,2,15.30,N
17-1011.00,5.C.1,Required Level of Education,RL,3,20.04,N
17-1011.00,5.C.1,Required Level of Education,RL,4,57.92,N
17-1011.00,5.C.1,Required Level of Education,RL,5,68.84,N
17-1011.00,5.C.1,Required Level of Education,RL,6,69.52,N
17-1011.00,5.C.1,Required Level of Education,RL,7,17.45,N
17-1011.00,5.C.1,Required Level of Education,RL,8,22.13,N
17-1011.00,5.C.1,Required Level of Education,RL,9,23.24,N
17-1011.00,5.C.1,Required Level of Education,RL,10,4.58,N
17-1011.00,5.C.1,Required Level of Education,RL,11,6.89,N
17-1011.00,5.C.1,Required Level of Education,RL,12,4.95,N
17-1012.00,5.C.1,Required Level of Education,RL,1,20.11,N
17-1012.00,5.C.1,Required Level of Education,RL,2,21.14,N
17-1012.00,5.C.1,Required Level of Education,RL,3,23.15,N
17-1012.00,5.C.1,Required Level of Education,RL,4,50.33,N
17-1012.00,5.C.1,Required Level of Education,RL,5,33.21,N
17-1012.00,5.C.1,Required Level of Education,RL,6,32.45,N
17-1012.00,5.C.1,Required Level of Education,RL,7,19.14,N
17-1012.00,5.C.1,Required Level of Education,RL,8,17.15,N
17-1012.00,5.C.1,Required Level of Education,RL,9,21.91,N
17-1012.00,5.C.1,Required Level of Education,RL,10,2.23,N
17-1012.00,5.C.1,Required Level of Education,RL,11,6.72,N
17-1012.00,5.C.1,Required Level of Education,RL,12,7.94,N
17-1021.00,5.C.1,Required Level of Education,RL,1,14.61,N
17-1021.00,5.C.1,Required Level of Education,RL,2,6.82,N
17-1021.00,5.C.1,Required Level of Education,RL,3,18.77,N
17-1021.00,5.C.1,Required Level of Education,RL,4,33.17,N
17-1021.00,5.C.1,Required Level of Education,RL,5,61.79,N
17-1021.00,5.C.1,Required Level of Education,RL,6,62.46,N
17-1021.00,5.C.1,Required Level of Education,RL,7,12.60,N
17-1021.00,5.C.1,Required Level of Education,RL,8,23.09,N
17-1021.00,5.C.1,Required Level of Education,RL,9,12.54,N
17-1021.00,5.C.1,Required Level of Education,RL,10,6.77,N
17-1021.00,5.C.1,Required Level of Education,RL,11,3.06,N
17-1021.00,5.C.1,Required Level of Education,RL,12,6.06,N
17-1022.00,5.C.1,Required Level of Education,RL,1,7.21,N
17-1022.00,5.C.1,Required Level of Education,RL,2,11.78,N
17-1022.00,5.C.1,Required Level of Education,RL,3,12.92,N
17-1022.00,5.C.1,Required Level of Education,RL,4,65.53,N
17-1022.00,5.C.1,Required Level of Education,RL,5,63.01,N
17-1022.00,5.C.1,Required Level of Education,RL,6,34.16,N
17-1022.00,5.C.1,Required Level of Education,RL,7,14.21,N
17-1022.00,5.C.1,Required Level of Education,RL,8,21.90,N
17-1022.00,5.C.1,Required Level of Education,RL,9,24.60,N
17-1022.00,5.C.1,Required Level of Education,RL,10,4.22,N
17-1022.00,5.C.1,Required Level of Education,RL,11,2.13,N
17-1022.00,5.C.1,Required Level of Education,RL,12,6.49,N
47-1011.00,5.C.1,Required Level of Education,RL,1,37.69,N
47-1011.00,5.C.1,Required Level of Education,RL,2,53.84,N
47-1011.00,5.C.1,Required Level of Education,RL,3,42.54,N
47-1011.00,5.C.1,Required Level of Education,RL,4,6.35,N
47-1011.00,5.C.1,Required Level of Education,RL,5,5.45,N
47-1011.00,5.C.1,Required Level of Education,RL,6,13.29,N
47-1011.00,5.C.1,Required Level of Education,RL,7,1.32,N
47-1011.00,5.C.1,Required Level of Education,RL,8,5.47,N
47-1011.00,5.C.1,Required Level of Education,RL,9,6.22,N
47-1011.00,5.C.1,Required Level of Education,RL,10,6.11,N
47-1011.00,5.C.1,Required Level of Education,RL,11,4.50,N
47-1011.00,5.C.1,Required Level of Education,RL,12,5.39,N
47-2011.00,5.C.1,Required Level of Education,RL,1,64.67,N
47-2011.00,5.C.1,Required Level of Education,RL,2,42.60,N
47-2011.00,5.C.1,Required Level of Education,RL,3,54.07,N
47-2011.00,5.C.1,Required Level of Education,RL,4,8.35,N
47-2011.00,5.C.1,Required Level of Education,RL,5,18.64,N
47-2011.00,5.C.1,Required Level of Education,RL,6,24.94,N
47-2011.00,5.C.1,Required Level of Education,RL,7,3.32,N
47-2011.00,5.C.1,Required Level of Education,RL,8,5.81,N
47-2011.00,5.C.1,Required Level of Education,RL,9,2.09,N
47-2011.00,5.C.1,Required Level of Education,RL,10,8.00,N
47-2011.00,5.C.1,Required Level of Education,RL,11,1.43,N
47-2011.00,5.C.1,Required Level of Education,RL,12,2.75,N
47-2031.00,5.C.1,Required Level of Education,RL,1,46.51,N
47-2031.00,5.C.1,Required Level of Education,RL,2,60.53,N
47-2031.00,5.C.1,Required Level of Education,RL,3,51.58,N
47-2031.00,5.C.1,Required Level of Education,RL,4,6.68,N
47-2031.00,5.C.1,Required Level of Education,RL,5,17.84,N
47-2031.00,5.C.1,Required Level of Education,RL,6,6.47,N
47-2031.00,5.C.1,Required Level of Education,RL,7,3.34,N
47-2031.00,5.C.1,Required Level of Education,RL,8,7.71,N
47-2031.00,5.C.1,Required Level of Education,RL,9,4.63,N
47-2031.00,5.C.1,Required Level of Education,RL,10,1.04,N
47-2031.00,5.C.1,Required Level of Education,RL,11,2.67,N
47-2031.00,5.C.1,Required Level of Education,RL,12,2.91,N
47-2051.00,5.C.1,Required Level of Education,RL,1,36.98,N
47-2051.00,5.C.1,Required Level of Education,RL,2,60.26,N
47-2051.00,5.C.1,Required Level of Education,RL,3,40.78,N
47-2051.00,5.C.1,Required Level of Education,RL,4,18.39,N
47-2051.00,5.C.1,Required Level of Education,RL,5,16.02,N
47-2051.00,5.C.1,Required Level of Education,RL,6,22.43,N
47-2051.00,5.C.1,Required Level of Education,RL,7,3.37,N
47-2051.00,5.C.1,Required Level of Education,RL,8,1.01,N
47-2051.00,5.C.1,Required Level of Education,RL,9,5.49,N
47-2051.00,5.C.1,Required Level of Education,RL,10,4.96,N
47-2051.00,5.C.1,Required Level of Education,RL,11,1.24,N
47-2051.00,5.C.1,Required Level of Education,RL,12,4.34,N
47-2061.00,5.C.1,Required Level of Education,RL,1,36.03,N
47-2061.00,5.C.1,Required Level of Education,RL,2,69.84,N
47-2061.00,5.C.1,Required Level of Education,RL,3,52.39,N
47-2061.00,5.C.1,Required Level of Education,RL,4,21.16,N
47-2061.00,5.C.1,Required Level of Education,RL,5,17.64,N
47-2061.00,5.C.1,Required Level of Education,RL,6,17.13,N
47-2061.00,5.C.1,Required Level of Education,RL,7,6.98,N
47-2061.00,5.C.1,Required Level of Education,RL,8,1.19,N
47-2061.00,5.C.1,Required Level of Education,RL,9,3.43,N
47-2061.00,5.C.1,Required Level of Education,RL,10,5.61,N
47-2061.00,5.C.1,Required Level of Education,RL,11,3.30,N
47-2061.00,5.C.1,Required Level of Education,RL,12,7.32,N
47-2073.00,5.C.1,Required Level of Education,RL,1,41.89,N
47-2073.00,5.C.1,Required Level of Education,RL,2,58.78,N
47-2073.00,5.C.1,Required Level of Education,RL,3,51.39,N
47-2073.00,5.C.1,Required Level of Education,RL,4,15.42,N
47-2073.00,5.C.1,Required Level of Education,RL,5,22.22,N
47-2073.00,5.C.1,Required Level of Education,RL,6,24.22,N
47-2073.00,5.C.1,Required Level of Education,RL,7,7.86,N
47-2073.00,5.C.1,Required Level of Education,RL,8,3.34,N
47-2073.00,5.C.1,Required Level of Education,RL,9,4.75,N
47-2073.00,5.C.1,Required Level of Education,RL,10,1.98,N
47-2073.00,5.C.1,Required Level of Education,RL,11,6.47,N
47-2073.00,5.C.1,Required Level of Education,RL,12,5.29,N
47-2111.00,5.C.1,Required Level of Education,RL,1,49.40,N
47-2111.00,5.C.1,Required Level of Education,RL,2,50.72,N
47-2111.00,5.C.1,Required Level of Education,RL,3,44.66,N
47-2111.00,5.C.1,Required Level of Education,RL,4,9.03,N
47-2111.00,5.C.1,Required Level of Education,RL,5,14.11,N
47-2111.00,5.C.1,Required Level of Education,RL,6,18.87,N
47-2111.00,5.C.1,Required Level of Education,RL,7,1.56,N
47-2111.00,5.C.1,Required Level of Education,RL,8,2.74,N
47-2111.00,5.C.1,Required Level of Education,RL,9,3.03,N
47-2111.00,5.C.1,Required Level of Education,RL,10,6.38,N
47-2111.00,5.C.1,Required Level of Education,RL,11,4.43,N
47-2111.00,5.C.1,Required Level of Education,RL,12,7.16,N
47-2121.00,5.C.1,Required Level of Education,RL,1,45.91,N
47-2121.00,5.C.1,Required Level of Education,RL,2,37.01,N
47-2121.00,5.C.1,Required Level of Education,RL,3,41.15,N
47-2121.00,5.C.1,Required Level of Education,RL,4,5.58,N
47-2121.00,5.C.1,Required Level of Education,RL,5,14.88,N
47-2121.00,5.C.1,Required Level of Education,RL,6,14.17,N
47-2121.00,5.C.1,Required Level of Education,RL,7,3.81,N
47-2121.00,5.C.1,Required Level of Education,RL,8,5.55,N
47-2121.00,5.C.1,Required Level of Education,RL,9,5.14,N
47-2121.00,5.C.1,Required Level of Education,RL,10,3.29,N
47-2121.00,5.C.1,Required Level of Education,RL,11,5.83,N
47-2121.00,5.C.1,Required Level of Education,RL,12,2.11,N
47-2131.00,5.C.1,Required Level of Education,RL,1,56.52,N
47-2131.00,5.C.1,Required Level of Education,RL,2,46.09,N
47-2131.00,5.C.1,Required Level of Education,RL,3,60.80,N
47-2131.00,5.C.1,Required Level of Education,RL,4,21.86,N
47-2131.00,5.C.1,Required Level of Education,RL,5,14.70,N
47-2131.00,5.C.1,Required Level of Education,RL,6,7.03,N
47-2131.00,5.C.1,Required Level of Education,RL,7,5.54,N
47-2131.00,5.C.1,Required Level of Education,RL,8,1.05,N
47-2131.00,5.C.1,Required Level of Education,RL,9,1.48,N
47-2131.00,5.C.1,Required Level of Education,RL,10,2.42,N
47-2131.00,5.C.1,Required Level of Education,RL,11,6.56,N
47-2131.00,5.C.1,Required Level of Education,RL,12,3.61,N
47-2141.00,5.C.1,Required Level of Education,RL,1,58.30,N
47-2141.00,5.C.1,Required Level of Education,RL,2,50.08,N
47-2141.00,5.C.1,Required Level of Education,RL,3,53.75,N
47-2141.00,5.C.1,Required Level of Education,RL,4,5.20,N
47-2141.00,5.C.1,Required Level of Education,RL,5,23.71,N
47-2141.00,5.C.1,Required Level of Education,RL,6,13.75,N
47-2141.00,5.C.1,Required Level of Education,RL,7,1.56,N
47-2141.00,5.C.1,Required Level of Education,RL,8,4.93,N
47-2141.00,5.C.1,Required Level of Education,RL,9,7.10,N
47-2141.00,5.C.1,Required Level of Education,RL,10,4.28,N
47-2141.00,5.C.1,Required Level of Education,RL,11,5.52,N
47-2141.00,5.C.1,Required Level of Education,RL,12,1.64,N
47-2152.00,5.C.1,Required Level of Education,RL,1,36.76,N
47-2152.00,5.C.1,Required Level of Education,RL,2,42.92,N
47-2152.00,5.C.1,Required Level of Education,RL,3,31.54,N
47-2152.00,5.C.1,Required Level of Education,RL,4,17.34,N
47-2152.00,5.C.1,Required Level of Education,RL,5,5.10,N
47-2152.00,5.C.1,Required Level of Education,RL,6,14.28,N
47-2152.00,5.C.1,Required Level of Education,RL,7,5.75,N
47-2152.00,5.C.1,Required Level of Education,RL,8,2.04,N
47-2152.00,5.C.1,Required Level of Education,RL,9,7.98,N
47-2152.00,5.C.1,Required Level of Education,RL,10,5.16,N
47-2152.00,5.C.1,Required Level of Education,RL,11,6.26,N
47-2152.00,5.C.1,Required Level of Education,RL,12,6.03,N
47-2161.00,5.C.1,Required Level of Education,RL,1,52.60,N
47-2161.00,5.C.1,Required Level of Education,RL,2,45.46,N
47-2161.00,5.C.1,Required Level of Education,RL,3,54.26,N
47-2161.00,5.C.1,Required Level of Education,RL,4,19.07,N
47-2161.00,5.C.1,Required Level of Education,RL,5,12.29,N
47-2161.00,5.C.1,Required Level of Education,RL,6,5.17,N
47-2161.00,5.C.1,Required Level of Education,RL,7,7.54,N
47-2161.00,5.C.1,Required Level of Education,RL,8,2.92,N
47-2161.00,5.C.1,Required Level of Education,RL,9,7.50,N
47-2161.00,5.C.1,Required Level of Education,RL,10,7.99,N
47-2161.00,5.C.1,Required Level of Education,RL,11,1.35,N
47-2161.00,5.C.1,Required Level of Education,RL,12,7.36,N
47-2171.00,5.C.1,Required Level of Education,RL,1,43.85,N
47-2171.00,5.C.1,Required Level of Education,RL,2,64.54,N
47-2171.00,5.C.1,Required Level of Education,RL,3,61.00,N
47-2171.00,5.C.1,Required Level of Education,RL,4,10.46,N
47-2171.00,5.C.1,Required Level of Education,RL,5,20.88,N
47-2171.00,5.C.1,Required Level of Education,RL,6,6.95,N
47-2171.00,5.C.1,Required Level of Education,RL,7,7.32,N
47-2171.00,5.C.1,Required Level of Education,RL,8,5.14,N
47-2171.00,5.C.1,Required Level of Education,RL,9,7.86,N
47-2171.00,5.C.1,Required Level of Education,RL,10,4.25,N
47-2171.00,5.C.1,Required Level of Education,RL,11,5.93,N
47-2171.00,5.C.1,Required Level of Education,RL,12,3.04,N
47-2181.00,5.C.1,Required Level of Education,RL,1,40.92,N
47-2181.00,5.C.1,Required Level of Education,RL,2,31.54,N
47-2181.00,5.C.1,Required Level of Education,RL,3,58.93,N
47-2181.00,5.C.1,Required Level of Education,RL,4,24.32,N
47-2181.00,5.C.1,Required Level of Education,RL,5,13.34,N
47-2181.00,5.C.1,Required Level of Education,RL,6,6.23,N
47-2181.00,5.C.1,Required Level of Education,RL,7,1.56,N
47-2181.00,5.C.1,Required Level of Education,RL,8,2.42,N
47-2181.00,5.C.1,Required Level of Education,RL,9,6.19,N
47-2181.00,5.C.1,Required Level of Education,RL,10,3.10,N
47-2181.00,5.C.1,Required Level of Education,RL,11,4.25,N
47-2181.00,5.C.1,Required Level of Education,RL,12,7.02,N
47-2211.00,5.C.1,Required Level of Education,RL,1,57.12,N
47-2211.00,5.C.1,Required Level of Education,RL,2,31.63,N
47-2211.00,5.C.1,Required Level of Education,RL,3,67.26,N
47-2211.00,5.C.1,Required Level of Education,RL,4,18.79,N
47-2211.00,5.C.1,Required Level of Education,RL,5,8.21,N
47-2211.00,5.C.1,Required Level of Education,RL,6,5.88,N
47-2211.00,5.C.1,Required Level of Education,RL,7,7.22,N
47-2211.00,5.C.1,Required Level of Education,RL,8,2.90,N
47-2211.00,5.C.1,Required Level of Education,RL,9,4.58,N
47-2211.00,5.C.1,Required Level of Education,RL,10,3.00,N
47-2211.00,5.C.1,Required Level of Education,RL,11,6.18,N
47-2211.00,5.C.1,Required Level of Education,RL,12,4.01,N
47-2221.00,5.C.1,Required Level of Education,RL,1,56.96,N
47-2221.00,5.C.1,Required Level of Education,RL,2,66.36,N
47-2221.00,5.C.1,Required Level of Education,RL,3,34.38,N
47-2221.00,5.C.1,Required Level of Education,RL,4,12.45,N
47-2221.00,5.C.1,Required Level of Education,RL,5,19.60,N
47-2221.00,5.C.1,Required Level of Education,RL,6,21.67,N
47-2221.00,5.C.1,Required Level of Education,RL,7,7.03,N
47-2221.00,5.C.1,Required Level of Education,RL,8,3.76,N
47-2221.00,5.C.1,Required Level of Education,RL,9,5.73,N
47-2221.00,5.C.1,Required Level of Education,RL,10,5.00,N
47-2221.00,5.C.1,Required Level of Education,RL,11,6.99,N
47-2221.00,5.C.1,Required Level of Education,RL,12,2.17,N
29-1141.00,5.C.1,Required Level of Education,RL,1,6.51,N
29-1141.00,5.C.1,Required Level of Education,RL,2,8.44,N
29-1141.00,5.C.1,Required Level of Education,RL,3,11.34,N
29-1141.00,5.C.1,Required Level of Education,RL,4,59.28,N
29-1141.00,5.C.1,Required Level of Education,RL,5,54.59,N
29-1141.00,5.C.1,Required Level of Education,RL,6,41.33,N
29-1141.00,5.C.1,Required Level of Education,RL,7,5.92,N
29-1141.00,5.C.1,Required Level of Education,RL,8,12.97,N
29-1141.00,5.C.1,Required Level of Education,RL,9,24.43,N
29-1141.00,5.C.1,Required Level of Education,RL,10,1.60,N
29-1141.00,5.C.1,Required Level of Education,RL,11,7.37,N
29-1141.00,5.C.1,Required Level of Education,RL,12,3.77,N
29-1171.00,5.C.1,Required Level of Education,RL,1,5.27,N
29-1171.00,5.C.1,Required Level of Education,RL,2,3.51,N
29-1171.00,5.C.1,Required Level of Education,RL,3,7.63,N
29-1171.00,5.C.1,Required Level of Education,RL,4,21.08,N
29-1171.00,5.C.1,Required Level of Education,RL,5,18.40,N
29-1171.00,5.C.1,Required Level of Education,RL,6,15.08,N
29-1171.00,5.C.1,Required Level of Education,RL,7,53.35,N
29-1171.00,5.C.1,Required Level of Education,RL,8,39.36,N
29-1171.00,5.C.1,Required Level of Education,RL,9,55.13,N
29-1171.00,5.C.1,Required Level of Education,RL,10,23.07,N
29-1171.00,5.C.1,Required Level of Education,RL,11,6.44,N
29-1171.00,5.C.1,Required Level of Education,RL,12,14.33,N
29-1151.00,5.C.1,Required Level of Education,RL,1,4.46,N
29-1151.00,5.C.1,Required Level of Education,RL,2,4.70,N
29-1151.00,5.C.1,Required Level of Education,RL,3,7.92,N
29-1151.00,5.C.1,Required Level of Education,RL,4,16.59,N
29-1151.00,5.C.1,Required Level of Education,RL,5,14.16,N
29-1151.00,5.C.1,Required Level of Education,RL,6,6.72,N
29-1151.00,5.C.1,Required Level of Education,RL,7,41.80,N
29-1151.00,5.C.1,Required Level of Education,RL,8,65.16,N
29-1151.00,5.C.1,Required Level of Education,RL,9,54.96,N
29-1151.00,5.C.1,Required Level of Education,RL,10,20.02,N
29-1151.00,5.C.1,Required Level of Education,RL,11,23.42,N
29-1151.00,5.C.1,Required Level of Education,RL,12,22.90,N
29-1161.00,5.C.1,Required Level of Education,RL,1,7.23,N
29-1161.00,5.C.1,Required Level of Education,RL,2,7.84,N
29-1161.00,5.C.1,Required Level of Education,RL,3,7.44,N
29-1161.00,5.C.1,Required Level of Education,RL,4,18.82,N
29-1161.00,5.C.1,Required Level of Education,RL,5,15.31,N
29-1161.00,5.C.1,Required Level of Education,RL,6,5.82,N
29-1161.00,5.C.1,Required Level of Education,RL,7,67.53,N
29-1161.00,5.C.1,Required Level of Education,RL,8,49.03,N
29-1161.00,5.C.1,Required Level of Education,RL,9,42.21,N
29-1161.00,5.C.1,Required Level of Education,RL,10,12.22,N
29-1161.00,5.C.1,Required Level of Education,RL,11,20.08,N
29-1161.00,5.C.1,Required Level of Education,RL,12,20.41,N
29-1021.00,5.C.1,Required Level of Education,RL,1,3.04,N
29-1021.00,5.C.1,Required Level of Education,RL,2,2.12,N
29-1021.00,5.C.1,Required Level of Education,RL,3,3.84,N
29-1021.00,5.C.1,Required Level of Education,RL,4,7.50,N
29-1021.00,5.C.1,Required Level of Education,RL,5,17.13,N
29-1021.00,5.C.1,Required Level of Education,RL,6,22.11,N
29-1021.00,5.C.1,Required Level of Education,RL,7,46.16,N
29-1021.00,5.C.1,Required Level of Education,RL,8,35.84,N
29-1021.00,5.C.1,Required Level of Education,RL,9,67.67,N
29-1021.00,5.C.1,Required Level of Education,RL,10,8.52,N
29-1021.00,5.C.1,Required Level of Education,RL,11,8.71,N
29-1021.00,5.C.1,Required Level of Education,RL,12,15.41,N
29-1022.00,5.C.1,Required Level of Education,RL,1,5.75,N
29-1022.00,5.C.1,Required Level of Education,RL,2,3.48,N
29-1022.00,5.C.1,Required Level of Education,RL,3,1.83,N
29-1022.00,5.C.1,Required Level of Education,RL,4,3.11,N
29-1022.00,5.C.1,Required Level of Education,RL,5,7.14,N
29-1022.00,5.C.1,Required Level of Education,RL,6,7.82,N
29-1022.00,5.C.1,Required Level of Education,RL,7,9.89,N
29-1022.00,5.C.1,Required Level of Education,RL,8,18.92,N
29-1022.00,5.C.1,Required Level of Education,RL,9,20.78,N
29-1022.00,5.C.1,Required Level of Education,RL,10,63.10,N
29-1022.00,5.C.1,Required Level of Education,RL,11,30.48,N
29-1022.00,5.C.1,Required Level of Education,RL,12,31.24,N
29-1023.00,5.C.1,Required Level of Education,RL,1,1.59,N
29-1023.00,5.C.1,Required Level of Education,RL,2,4.95,N
29-1023.00,5.C.1,Required Level of Education,RL,3,2.41,N
29-1023.00,5.C.1,Required Level of Education,RL,4,7.42,N
29-1023.00,5.C.1,Required Level of Education,RL,5,2.73,N
29-1023.00,5.C.1,Required Level of Education,RL,6,4.15,N
29-1023.00,5.C.1,Required Level of Education,RL,7,7.70,N
29-1023.00,5.C.1,Required Level of Education,RL,8,23.03,N
29-1023.00,5.C.1,Required Level of Education,RL,9,9.47,N
29-1023.00,5.C.1,Required Level of Education,RL,10,40.89,N
29-1023.00,5.C.1,Required Level of Education,RL,11,42.04,N
29-1023.00,5.C.1,Required Level of Education,RL,12,38.12,N
29-1031.00,5.C.1,Required Level of Education,RL,1,6.68,N
29-1031.00,5.C.1,Required Level of Education,RL,2,21.02,N
29-1031.00,5.C.1,Required Level of Education,RL,3,6.78,N
29-1031.00,5.C.1,Required Level of Education,RL,4,42.05,N
29-1031.00,5.C.1,Required Level of Education,RL,5,30.97,N
29-1031.00,5.C.1,Required Level of Education,RL,6,52.01,N
29-1031.00,5.C.1,Required Level of Education,RL,7,15.09,N
29-1031.00,5.C.1,Required Level of Education,RL,8,23.36,N
29-1031.00,5.C.1,Required Level of Education,RL,9,5.56,N
29-1031.00,5.C.1,Required Level of Education,RL,10,7.67,N
29-1031.00,5.C.1,Required Level of Education,RL,11,1.89,N
29-1031.00,5.C.1,Required Level of Education,RL,12,3.51,N
29-1041.00,5.C.1,Required Level of Education,RL,1,7.43,N
29-1041.00,5.C.1,Required Level of Education,RL,2,7.05,N
29-1041.00,5.C.1,Required Level of Education,RL,3,7.35,N
29-1041.00,5.C.1,Required Level of Education,RL,4,8.54,N
29-1041.00,5.C.1,Required Level of Education,RL,5,8.00,N
29-1041.00,5.C.1,Required Level of Education,RL,6,12.03,N
29-1041.00,5.C.1,Required Level of Education,RL,7,43.32,N
29-1041.00,5.C.1,Required Level of Education,RL,8,53.85,N
29-1041.00,5.C.1,Required Level of Education,RL,9,31.72,N
29-1041.00,5.C.1,Required Level of Education,RL,10,16.59,N
29-1041.00,5.C.1,Required Level of Education,RL,11,5.07,N
29-1041.00,5.C.1,Required Level of Education,RL,12,11.44,N
29-1051.00,5.C.1,Required Level of Education,RL,1,4.85,N
29-1051.00,5.C.1,Required Level of Education,RL,2,2.84,N
29-1051.00,5.C.1,Required Level of Education,RL,3,6.03,N
29-1051.00,5.C.1,Required Level of Education,RL,4,20.03,N
29-1051.00,5.C.1,Required Level of Education,RL,5,17.44,N
29-1051.00,5.C.1,Required Level of Education,RL,6,13.98,N
29-1051.00,5.C.1,Required Level of Education,RL,7,46.46,N
29-1051.00,5.C.1,Required Level of Education,RL,8,50.52,N
29-1051.00,5.C.1,Required Level of Education,RL,9,63.46,N
29-1051.00,5.C.1,Required Level of Education,RL,10,25.00,N
29-1051.00,5.C.1,Required Level of Education,RL,11,9.36,N
29-1051.00,5.C.1,Required Level of Education,RL,12,22.14,N
29-1062.00,5.C.1,Required Level of Education,RL,1,6.27,N
29-1062.00,5.C.1,Required Level of Education,RL,2,4.77,N
29-1062.00,5.C.1,Required Level of Education,RL,3,4.12,N
29-1062.00,5.C.1,Required Level of Education,RL,4,20.36,N
29-1062.00,5.C.1,Required Level of Education,RL,5,24.55,N
29-1062.00,5.C.1,Required Level of Education,RL,6,15.36,N
29-1062.00,5.C.1,Required Level of Education,RL,7,31.08,N
29-1062.00,5.C.1,Required Level of Education,RL,8,54.01,N
29-1062.00,5.C.1,Required Level of Education,RL,9,37.88,N
29-1062.00,5.C.1,Required Level of Education,RL,10,7.24,N
29-1062.00,5.C.1,Required Level of Education,RL,11,16.62,N
29-1062.00,5.C.1,Required Level of Education,RL,12,10.44,N
29-1063.00,5.C.1,Required Level of Education,RL,1,6.44,N
29-1063.00,5.C.1,Required Level of Education,RL,2,3.82,N
29-1063.00,5.C.1,Required Level of Education,RL,3,7.04,N
29-1063.00,5.C.1,Required Level of Education,RL,4,1.43,N
29-1063.00,5.C.1,Required Level of Education,RL,5,7.70,N
29-1063.00,5.C.1,Required Level of Education,RL,6,5.80,N
29-1063.00,5.C.1,Required Level of Education,RL,7,5.83,N
29-1063.00,5.C.1,Required Level of Education,RL,8,10.49,N
29-1063.00,5.C.1,Required Level of Education,RL,9,23.63,N
29-1063.00,5.C.1,Required Level of Education,RL,10,62.45,N
29-1063.00,5.C.1,Required Level of Education,RL,11,32.41,N
29-1063.00,5.C.1,Required Level of Education,RL,12,61.74,N
29-1064.00,5.C.1,Required Level of Education,RL,1,3.99,N
29-1064.00,5.C.1,Required Level of Education,RL,2,4.04,N
29-1064.00,5.C.1,Required Level of Education,RL,3,6.61,N
29-1064.00,5.C.1,Required Level of Education,RL,4,2.13,N
29-1064.00,5.C.1,Required Level of Education,RL,5,5.40,N
29-1064.00,5.C.1,Required Level of Education,RL,6,3.11,N
29-1064.00,5.C.1,Required Level of Education,RL,7,22.13,N
29-1064.00,5.C.1,Required Level of Education,RL,8,23.54,N
29-1064.00,5.C.1,Required Level of Education,RL,9,23.60,N
29-1064.00,5.C.1,Required Level of Education,RL,10,37.42,N
29-1064.00,5.C.1,Required Level of Education,RL,11,32.91,N
29-1064.00,5.C.1,Required Level of Education,RL,12,47.43,N
29-1065.00,5.C.1,Required Level of Education,RL,1,1.90,N
29-1065.00,5.C.1,Required Level of Education,RL,2,2.58,N
29-1065.00,5.C.1,Required Level of Education,RL,3,4.82,N
29-1065.00,5.C.1,Required Level of Education,RL,4,6.28,N
29-1065.00,5.C.1,Required Level of Education,RL,5,5.01,N
29-1065.00,5.C.1,Required Level of Education,RL,6,7.99,N
29-1065.00,5.C.1,Required Level of Education,RL,7,19.97,N
29-1065.00,5.C.1,Required Level of Education,RL,8,24.39,N
29-1065.00,5.C.1,Required Level of Education,RL,9,17.43,N
29-1065.00,5.C.1,Required Level of Education,RL,10,44.55,N
29-1065.00,5.C.1,Required Level of Education,RL,11,68.35,N
29-1065.00,5.C.1,Required Level of Education,RL,12,53.54,N
29-1071.00,5.C.1,Required Level of Education,RL,1,5.39,N
29-1071.00,5.C.1,Required Level of Education,RL,2,2.02,N
29-1071.00,5.C.1,Required Level of Education,RL,3,1.65,N
29-1071.00,5.C.1,Required Level of Education,RL,4,5.09,N
29-1071.00,5.C.1,Required Level of Education,RL,5,7.62,N
29-1071.00,5.C.1,Required Level of Education,RL,6,10.55,N
29-1071.00,5.C.1,Required Level of Education,RL,7,44.72,N
29-1071.00,5.C.1,Required Level of Education,RL,8,58.44,N
29-1071.00,5.C.1,Required Level of Education,RL,9,45.60,N
29-1071.00,5.C.1,Required Level of Education,RL,10,12.43,N
29-1071.00,5.C.1,Required Level of Education,RL,11,13.82,N
29-1071.00,5.C.1,Required Level of Education,RL,12,16.69,N
29-1081.00,5.C.1,Required Level of Education,RL,1,6.92,N
29-1081.00,5.C.1,Required Level of Education,RL,2,7.89,N
29-1081.00,5.C.1,Required Level of Education,RL,3,2.59,N
29-1081.00,5.C.1,Required Level of Education,RL,4,12.90,N
29-1081.00,5.C.1,Required Level of Education,RL,5,13.43,N
29-1081.00,5.C.1,Required Level of Education,RL,6,17.75,N
29-1081.00,5.C.1,Required Level of Education,RL,7,44.11,N
29-1081.00,5.C.1,Required Level of Education,RL,8,37.62,N
29-1081.00,5.C.1,Required Level of Education,RL,9,66.65,N
29-1081.00,5.C.1,Required Level of Education,RL,10,11.58,N
29-1081.00,5.C.1,Required Level of Education,RL,11,19.83,N
29-1081.00,5.C.1,Required Level of Education,RL,12,17.90,N
29-1122.00,5.C.1,Required Level of Education,RL,1,1.25,N
29-1122.00,5.C.1,Required Level of Education,RL,2,2.84,N
29-1122.00,5.C.1,Required Level of Education,RL,3,4.78,N
29-1122.00,5.C.1,Required Level of Education,RL,4,19.80,N
29-1122.00,5.C.1,Required Level of Education,RL,5,24.50,N
29-1122.00,5.C.1,Required Level of Education,RL,6,9.09,N
29-1122.00,5.C.1,Required Level of Education,RL,7,32.45,N
29-1122.00,5.C.1,Required Level of Education,RL,8,62.84,N
29-1122.00,5.C.1,Required Level of Education,RL,9,66.54,N
29-1122.00,5.C.1,Required Level of Education,RL,10,7.01,N
29-1122.00,5.C.1,Required Level of Education,RL,11,12.96,N
29-1122.00,5.C.1,Required Level of Education,RL,12,9.70,N
29-1123.00,5.C.1,Required Level of Education,RL,1,3.00,N
29-1123.00,5.C.1,Required Level of Education,RL,2,3.38,N
29-1123.00,5.C.1,Required Level of Education,RL,3,3.96,N
29-1123.00,5.C.1,Required Level of Education,RL,4,13.32,N
29-1123.00,5.C.1,Required Level of Education,RL,5,9.98,N
29-1123.00,5.C.1,Required Level of Education,RL,6,10.38,N
29-1123.00,5.C.1,Required Level of Education,RL,7,53.30,N
29-1123.00,5.C.1,Required Level of Education,RL,8,48.73,N
29-1123.00,5.C.1,Required Level of Education,RL,9,49.88,N
29-1123.00,5.C.1,Required Level of Education,RL,10,8.23,N
29-1123.00,5.C.1,Required Level of Education,RL,11,14.55,N
29-1123.00,5.C.1,Required Level of Education,RL,12,21.66,N
29-1124.00,5.C.1,Required Level of Education,RL,1,9.43,N
29-1124.00,5.C.1,Required Level of Education,RL,2,8.10,N
29-1124.00,5.C.1,Required Level of Education,RL,3,13.67,N
29-1124.00,5.C.1,Required Level of Education,RL,4,36.82,N
29-1124.00,5.C.1,Required Level of Education,RL,5,39.30,N
29-1124.00,5.C.1,Required Level of Education,RL,6,40.58,N
29-1124.00,5.C.1,Required Level of Education,RL,7,23.97,N
29-1124.00,5.C.1,Required Level of Education,RL,8,18.23,N
29-1124.00,5.C.1,Required Level of Education,RL,9,13.67,N
29-1124.00,5.C.1,Required Level of Education,RL,10,5.15,N
29-1124.00,5.C.1,Required Level of Education,RL,11,4.14,N
29-1124.00,5.C.1,Required Level of Education,RL,12,5.29,N
29-1125.00,5.C.1,Required Level of Education,RL,1,17.95,N
29-1125.00,5.C.1,Required Level of Education,RL,2,10.99,N
29-1125.00,5.C.1,Required Level of Education,RL,3,11.50,N
29-1125.00,5.C.1,Required Level of Education,RL,4,69.80,N
29-1125.00,5.C.1,Required Level of Education,RL,5,61.04,N
29-1125.00,5.C.1,Required Level of Education,RL,6,51.33,N
29-1125.00,5.C.1,Required Level of Education,RL,7,18.37,N
29-1125.00,5.C.1,Required Level of Education,RL,8,11.25,N
29-1125.00,5.C.1,Required Level of Education,RL,9,8.71,N
29-1125.00,5.C.1,Required Level of Education,RL,10,6.57,N
29-1125.00,5.C.1,Required Level of Education,RL,11,3.24,N
29-1125.00,5.C.1,Required Level of Education,RL,12,4.68,N
29-1126.00,5.C.1,Required Level of Education,RL,1,22.31,N
29-1126.00,5.C.1,Required Level of Education,RL,2,17.38,N
29-1126.00,5.C.1,Required Level of Education,RL,3,15.24,N
29-1126.00,5.C.1,Required Level of Education,RL,4,51.43,N
29-1126.00,5.C.1,Required Level of Education,RL,5,41.78,N
29-1126.00,5.C.1,Required Level of Education,RL,6,60.56,N
29-1126.00,5.C.1,Required Level of Education,RL,7,10.97,N
29-1126.00,5.C.1,Required Level of Education,RL,8,19.84,N
29-1126.00,5.C.1,Required Level of Education,RL,9,20.54,N
29-1126.00,5.C.1,Required Level of Education,RL,10,5.60,N
29-1126.00,5.C.1,Required Level of Education,RL,11,5.46,N
29-1126.00,5.C.1,Required Level of Education,RL,12,1.96,N
29-1127.00,5.C.1,Required Level of Education,RL,1,7.56,N
29-1127.00,5.C.1,Required Level of Education,RL,2,4.16,N
29-1127.00,5.C.1,Required Level of Education,RL,3,7.62,N
29-1127.00,5.C.1,Required Level of Education,RL,4,13.73,N
29-1127.00,5.C.1,Required Level of Education,RL,5,21.91,N
29-1127.00,5.C.1,Required Level of Education,RL,6,12.26,N
29-1127.00,5.C.1,Required Level of Education,RL,7,46.03,N
29-1127.00,5.C.1,Required Level of Education,RL,8,41.81,N
29-1127.00,5.C.1,Required Level of Education,RL,9,61.28,N
29-1127.00,5.C.1,Required Level of Education,RL,10,15.96,N
29-1127.00,5.C.1,Required Level of Education,RL,11,10.98,N
29-1127.00,5.C.1,Required Level of Education,RL,12,5.12,N
29-1128.00,5.C.1,Required Level of Education,RL,1,22.31,N
29-1128.00,5.C.1,Required Level of Education,RL,2,5.07,N
29-1128.00,5.C.1,Required Level of Education,RL,3,12.12,N
29-1128.00,5.C.1,Required Level of Education,RL,4,40.61,N
29-1128.00,5.C.1,Required Level of Education,RL,5,58.33,N
29-1128.00,5.C.1,Required Level of Education,RL,6,38.11,N
29-1128.00,5.C.1,Required Level of Education,RL,7,21.07,N
29-1128.00,5.C.1,Required Level of Education,RL,8,21.73,N
29-1128.00,5.C.1,Required Level of Education,RL,9,15.25,N
29-1128.00,5.C.1,Required Level of Education,RL,10,5.22,N
29-1128.00,5.C.1,Required Level of Education,RL,11,4.80,N
29-1128.00,5.C.1,Required Level of Education,RL,12,4.78,N
29-1129.02,5.C.1,Required Level of Education,RL,1,13.82,N
29-1129.02,5.C.1,Required Level of Education,RL,2,7.74,N
29-1129.02,5.C.1,Required Level of Education,RL,3,6.67,N
29-1129.02,5.C.1,Required Level of Education,RL,4,53.38,N
29-1129.02,5.C.1,Required Level of Education,RL,5,34.25,N
29-1129.02,5.C.1,Required Level of Education,RL,6,56.79,N
29-1129.02,5.C.1,Required Level of Education,RL,7,17.91,N
29-1129.02,5.C.1,Required Level of Education,RL,8,21.69,N
29-1129.02,5.C.1,Required Level of Education,RL,9,13.65,N
29-1129.02,5.C.1,Required Level of Education,RL,10,3.88,N
29-1129.02,5.C.1,Required Level of Education,RL,11,3.27,N
29-1129.02,5.C.1,Required Level of Education,RL,12,4.39,N
29-1215.00,5.C.1,Required Level of Education,RL,1,5.77,N
29-1215.00,5.C.1,Required Level of Education,RL,2,7.06,N
29-1215.00,5.C.1,Required Level of Education,RL,3,2.56,N
29-1215.00,5.C.1,Required Level of Education,RL,4,21.72,N
29-1215.00,5.C.1,Required Level of Education,RL,5,22.79,N
29-1215.00,5.C.1,Required Level of Education,RL,6,14.86,N
29-1215.00,5.C.1,Required Level of Education,RL,7,51.18,N
29-1215.00,5.C.1,Required Level of Education,RL,8,67.29,N
29-1215.00,5.C.1,Required Level of Education,RL,9,53.14,N
29-1215.00,5.C.1,Required Level of Education,RL,10,8.29,N
29-1215.00,5.C.1,Required Level of Education,RL,11,22.07,N
29-1215.00,5.C.1,Required Level of Education,RL,12,12.84,N
25-1011.00,5.C.1,Required Level of Education,RL,1,2.24,N
25-1011.00,5.C.1,Required Level of Education,RL,2,6.23,N
25-1011.00,5.C.1,Required Level of Education,RL,3,3.44,N
25-1011.00,5.C.1,Required Level of Education,RL,4,23.57,N
25-1011.00,5.C.1,Required Level of Education,RL,5,12.88,N
25-1011.00,5.C.1,Required Level of Education,RL,6,10.86,N
25-1011.00,5.C.1,Required Level of Education,RL,7,37.57,N
25-1011.00,5.C.1,Required Level of Education,RL,8,60.81,N
25-1011.00,5.C.1,Required Level of Education,RL,9,38.88,N
25-1011.00,5.C.1,Required Level of Education,RL,10,8.14,N
25-1011.00,5.C.1,Required Level of Education,RL,11,12.66,N
25-1011.00,5.C.1,Required Level of Education,RL,12,19.34,N
25-1021.00,5.C.1,Required Level of Education,RL,1,7.98,N
25-1021.00,5.C.1,Required Level of Education,RL,2,7.94,N
25-1021.00,5.C.1,Required Level of Education,RL,3,6.42,N
25-1021.00,5.C.1,Required Level of Education,RL,4,21.77,N
25-1021.00,5.C.1,Required Level of Education,RL,5,15.96,N
25-1021.00,5.C.1,Required Level of Education,RL,6,14.65,N
25-1021.00,5.C.1,Required Level of Education,RL,7,42.44,N
25-1021.00,5.C.1,Required Level of Education,RL,8,68.12,N
25-1021.00,5.C.1,Required Level of Education,RL,9,62.27,N
25-1021.00,5.C.1,Required Level of Education,RL,10,5.22,N
25-1021.00,5.C.1,Required Level of Education,RL,11,8.02,N
25-1021.00,5.C.1,Required Level of Education,RL,12,23.51,N
25-1022.00,5.C.1,Required Level of Education,RL,1,7.30,N
25-1022.00,5.C.1,Required Level of Education,RL,2,8.00,N
25-1022.00,5.C.1,Required Level of Education,RL,3,3.00,N
25-1022.00,5.C.1,Required Level of Education,RL,4,14.64,N
25-1022.00,5.C.1,Required Level of Education,RL,5,21.27,N
25-1022.00,5.C.1,Required Level of Education,RL,6,9.77,N
25-1022.00,5.C.1,Required Level of Education,RL,7,51.66,N
25-1022.00,5.C.1,Required Level of Education,RL,8,34.75,N
25-1022.00,5.C.1,Required Level of Education,RL,9,36.11,N
25-1022.00,5.C.1,Required Level of Education,RL,10,12.65,N
25-1022.00,5.C.1,Required Level of Education,RL,11,19.73,N
25-1022.00,5.C.1,Required Level of Education,RL,12,5.30,N
25-1032.00,5.C.1,Required Level of Education,RL,1,14.59,N
25-1032.00,5.C.1,Required Level of Education,RL,2,6.59,N
25-1032.00,5.C.1,Required Level of Education,RL,3,10.18,N
25-1032.00,5.C.1,Required Level of Education,RL,4,65.63,N
25-1032.00,5.C.1,Required Level of Education,RL,5,69.88,N
25-1032.00,5.C.1,Required Level of Education,RL,6,34.76,N
25-1032.00,5.C.1,Required Level of Education,RL,7,9.76,N
25-1032.00,5.C.1,Required Level of Education,RL,8,8.79,N
25-1032.00,5.C.1,Required Level of Education,RL,9,9.91,N
25-1032.00,5.C.1,Required Level of Education,RL,10,3.12,N
25-1032.00,5.C.1,Required Level of Education,RL,11,1.58,N
25-1032.00,5.C.1,Required Level of Education,RL,12,5.10,N
25-1041.00,5.C.1,Required Level of Education,RL,1,3.79,N
25-1041.00,5.C.1,Required Level of Education,RL,2,5.51,N
25-1041.00,5.C.1,Required Level of Education,RL,3,6.96,N
25-1041.00,5.C.1,Required Level of Education,RL,4,24.47,N
25-1041.00,5.C.1,Required Level of Education,RL,5,22.85,N
25-1041.00,5.C.1,Required Level of Education,RL,6,6.14,N
25-1041.00,5.C.1,Required Level of Education,RL,7,64.93,N
25-1041.00,5.C.1,Required Level of Education,RL,8,33.89,N
25-1041.00,5.C.1,Required Level of Education,RL,9,54.01,N
25-1041.00,5.C.1,Required Level of Education,RL,10,19.59,N
25-1041.00,5.C.1,Required Level of Education,RL,11,12.54,N
25-1041.00,5.C.1,Required Level of Education,RL,12,20.76,N
25-1042.00,5.C.1,Required Level of Education,RL,1,5.15,N
25-1042.00,5.C.1,Required Level of Education,RL,2,7.56,N
25-1042.00,5.C.1,Required Level of Education,RL,3,2.97,N
25-1042.00,5.C.1,Required Level of Education,RL,4,15.48,N
25-1042.00,5.C.1,Required Level of Education,RL,5,15.11,N
25-1042.00,5.C.1,Required Level of Education,RL,6,9.85,N
25-1042.00,5.C.1,Required Level of Education,RL,7,58.41,N
25-1042.00,5.C.1,Required Level of Education,RL,8,67.76,N
25-1042.00,5.C.1,Required Level of Education,RL,9,59.26,N
25-1042.00,5.C.1,Required Level of Education,RL,10,14.16,N
25-1042.00,5.C.1,Required Level of Education,RL,11,12.84,N
25-1042.00,5.C.1,Required Level of Education,RL,12,10.81,N
25-1043.00,5.C.1,Required Level of Education,RL,1,7.86,N
25-1043.00,5.C.1,Required Level of Education,RL,2,7.01,N
25-1043.00,5.C.1,Required Level of Education,RL,3,2.11,N
25-1043.00,5.C.1,Required Level of Education,RL,4,5.38,N
25-1043.00,5.C.1,Required Level of Education,RL,5,13.50,N
25-1043.00,5.C.1,Required Level of Education,RL,6,23.26,N
25-1043.00,5.C.1,Required Level of Education,RL,7,38.78,N
25-1043.00,5.C.1,Required Level of Education,RL,8,59.37,N
25-1043.00,5.C.1,Required Level of Education,RL,9,64.69,N
25-1043.00,5.C.1,Required Level of Education,RL,10,11.65,N
25-1043.00,5.C.1,Required Level of Education,RL,11,17.58,N
25-1043.00,5.C.1,Required Level of Education,RL,12,17.73,N
25-1051.00,5.C.1,Required Level of Education,RL,1,1.69,N
25-1051.00,5.C.1,Required Level of Education,RL,2,5.87,N
25-1051.00,5.C.1,Required Level of Education,RL,3,2.90,N
25-1051.00,5.C.1,Required Level of Education,RL,4,5.41,N
25-1051.00,5.C.1,Required Level of Education,RL,5,10.03,N
25-1051.00,5.C.1,Required Level of Education,RL,6,24.17,N
25-1051.00,5.C.1,Required Level of Education,RL,7,32.90,N
25-1051.00,5.C.1,Required Level of Education,RL,8,38.57,N
25-1051.00,5.C.1,Required Level of Education,RL,9,54.56,N
25-1051.00,5.C.1,Required Level of Education,RL,10,8.71,N
25-1051.00,5.C.1,Required Level of Education,RL,11,17.76,N
25-1051.00,5.C.1,Required Level of Education,RL,12,19.96,N
25-1052.00,5.C.1,Required Level of Education,RL,1,4.54,N
25-1052.00,5.C.1,Required Level of Education,RL,2,5.77,N
25-1052.00,5.C.1,Required Level of Education,RL,3,6.02,N
25-1052.00,5.C.1,Required Level of Education,RL,4,18.49,N
25-1052.00,5.C.1,Required Level of Education,RL,5,24.58,N
25-1052.00,5.C.1,Required Level of Education,RL,6,9.88,N
25-1052.00,5.C.1,Required Level of Education,RL,7,31.79,N
25-1052.00,5.C.1,Required Level of Education,RL,8,41.59,N
25-1052.00,5.C.1,Required Level of Education,RL,9,68.98,N
25-1052.00,5.C.1,Required Level of Education,RL,10,13.43,N
25-1052.00,5.C.1,Required Level of Education,RL,11,14.96,N
25-1052.00,5.C.1,Required Level of Education,RL,12,16.92,N
25-1053.00,5.C.1,Required Level of Education,RL,1,5.67,N
25-1053.00,5.C.1,Required Level of Education,RL,2,1.01,N
25-1053.00,5.C.1,Required Level of Education,RL,3,4.72,N
25-1053.00,5.C.1,Required Level of Education,RL,4,5.77,N
25-1053.00,5.C.1,Required Level of Education,RL,5,14.81,N
25-1053.00,5.C.1,Required Level of Education,RL,6,5.24,N
25-1053.00,5.C.1,Required Level of Education,RL,7,34.87,N
25-1053.00,5.C.1,Required Level of Education,RL,8,52.79,N
25-1053.00,5.C.1,Required Level of Education,RL,9,48.59,N
25-1053.00,5.C.1,Required Level of Education,RL,10,9.70,N
25-1053.00,5.C.1,Required Level of Education,RL,11,21.24,N
25-1053.00,5.C.1,Required Level of Education,RL,12,9.04,N
25-1054.00,5.C.1,Required Level of Education,RL,1,1.97,N
25-1054.00,5.C.1,Required Level of Education,RL,2,2.40,N
25-1054.00,5.C.1,Required Level of Education,RL,3,3.49,N
25-1054.00,5.C.1,Required Level of Education,RL,4,14.63,N
25-1054.00,5.C.1,Required Level of Education,RL,5,22.32,N
25-1054.00,5.C.1,Required Level of Education,RL,6,10.67,N
25-1054.00,5.C.1,Required Level of Education,RL,7,60.52,N
25-1054.00,5.C.1,Required Level of Education,RL,8,58.17,N
25-1054.00,5.C.1,Required Level of Education,RL,9,54.17,N
25-1054.00,5.C.1,Required Level of Education,RL,10,9.14,N
25-1054.00,5.C.1,Required Level of Education,RL,11,8.84,N
25-1054.00,5.C.1,Required Level of Education,RL,12,23.14,N
25-1061.00,5.C.1,Required Level of Education,RL,1,3.90,N
25-1061.00,5.C.1,Required Level of Education,RL,2,6.48,N
25-1061.00,5.C.1,Required Level of Education,RL,3,1.82,N
25-1061.00,5.C.1,Required Level of Education,RL,4,23.74,N
25-1061.00,5.C.1,Required Level of Education,RL,5,6.69,N
25-1061.00,5.C.1,Required Level of Education,RL,6,10.68,N
25-1061.00,5.C.1,Required Level of Education,RL,7,52.29,N
25-1061.00,5.C.1,Required Level of Education,RL,8,63.40,N
25-1061.00,5.C.1,Required Level of Education,RL,9,68.25,N
25-1061.00,5.C.1,Required Level of Education,RL,10,7.78,N
25-1061.00,5.C.1,Required Level of Education,RL,11,6.17,N
25-1061.00,5.C.1,Required Level of Education,RL,12,11.46,N
25-1062.00,5.C.1,Required Level of Education,RL,1,4.67,N
25-1062.00,5.C.1,Required Level of Education,RL,2,5.28,N
25-1062.00,5.C.1,Required Level of Education,RL,3,6.98,N
25-1062.00,5.C.1,Required Level of Education,RL,4,22.22,N
25-1062.00,5.C.1,Required Level of Education,RL,5,18.96,N
25-1062.00,5.C.1,Required Level of Education,RL,6,23.90,N
25-1062.00,5.C.1,Required Level of Education,RL,7,64.22,N
25-1062.00,5.C.1,Required Level of Education,RL,8,31.92,N
25-1062.00,5.C.1,Required Level of Education,RL,9,43.69,N
25-1062.00,5.C.1,Required Level of Education,RL,10,5.87,N
25-1062.00,5.C.1,Required Level of Education,RL,11,9.97,N
25-1062.00,5.C.1,Required Level of Education,RL,12,15.44,N
25-1063.00,5.C.1,Required Level of Education,RL,1,4.45,N
25-1063.00,5.C.1,Required Level of Education,RL,2,6.46,N
25-1063.00,5.C.1,Required Level of Education,RL,3,7.07,N
25-1063.00,5.C.1,Required Level of Education,RL,4,16.98,N
25-1063.00,5.C.1,Required Level of Education,RL,5,14.43,N
25-1063.00,5.C.1,Required Level of Education,RL,6,6.45,N
25-1063.00,5.C.1,Required Level of Education,RL,7,39.21,N
25-1063.00,5.C.1,Required Level of Education,RL,8,66.96,N
25-1063.00,5.C.1,Required Level of Education,RL,9,67.86,N
25-1063.00,5.C.1,Required Level of Education,RL,10,21.79,N
25-1063.00,5.C.1,Required Level of Education,RL,11,21.03,N
25-1063.00,5.C.1,Required Level of Education,RL,12,20.49,N
25-1064.00,5.C.1,Required Level of Education,RL,1,1.95,N
25-1064.00,5.C.1,Required Level of Education,RL,2,4.23,N
25-1064.00,5.C.1,Required Level of Education,RL,3,1.04,N
25-1064.00,5.C.1,Required Level of Education,RL,4,21.13,N
25-1064.00,5.C.1,Required Level of Education,RL,5,20.84,N
25-1064.00,5.C.1,Required Level of Education,RL,6,21.53,N
25-1064.00,5.C.1,Required Level of Education,RL,7,55.40,N
25-1064.00,5.C.1,Required Level of Education,RL,8,41.55,N
25-1064.00,5.C.1,Required Level of Education,RL,9,46.60,N
25-1064.00,5.C.1,Required Level of Education,RL,10,5.11,N
25-1064.00,5.C.1,Required Level of Education,RL,11,10.21,N
25-1064.00,5.C.1,Required Level of Education,RL,12,19.10,N
25-1065.00,5.C.1,Required Level of Education,RL,1,4.08,N
25-1065.00,5.C.1,Required Level of Education,RL,2,2.24,N
25-1065.00,5.C.1,Required Level of Education,RL,3,6.94,N
25-1065.00,5.C.1,Required Level of Education,RL,4,13.51,N
25-1065.00,5.C.1,Required Level of Education,RL,5,14.27,N
25-1065.00,5.C.1,Required Level of Education,RL,6,8.41,N
25-1065.00,5.C.1,Required Level of Education,RL,7,46.69,N
25-1065.00,5.C.1,Required Level of Education,RL,8,69.29,N
25-1065.00,5.C.1,Required Level of Education,RL,9,45.91,N
25-1065.00,5.C.1,Required Level of Education,RL,10,8.31,N
25-1065.00,5.C.1,Required Level of Education,RL,11,22.96,N
25-1065.00,5.C.1,Required Level of Education,RL,12,19.37,N
25-1066.00,5.C.1,Required Level of Education,RL,1,1.31,N
25-1066.00,5.C.1,Required Level of Education,RL,2,1.16,N
25-1066.00,5.C.1,Required Level of Education,RL,3,3.24,N
25-1066.00,5.C.1,Required Level of Education,RL,4,13.10,N
25-1066.00,5.C.1,Required Level of Education,RL,5,21.16,N
25-1066.00,5.C.1,Required Level of Education,RL,6,5.96,N
25-1066.00,5.C.1,Required Level of Education,RL,7,59.29,N
25-1066.00,5.C.1,Required Level of Education,RL,8,48.12,N
25-1066.00,5.C.1,Required Level of Education,RL,9,38.54,N
25-1066.00,5.C.1,Required Level of Education,RL,10,7.28,N
25-1066.00,5.C.1,Required Level of Education,RL,11,14.18,N
25-1066.00,5.C.1,Required Level of Education,RL,12,8.01,N
25-1067.00,5.C.1,Required Level of Education,RL,1,1.34,N
25-1067.00,5.C.1,Required Level of Education,RL,2,8.00,N
25-1067.00,5.C.1,Required Level of Education,RL,3,6.13,N
25-1067.00,5.C.1,Required Level of Education,RL,4,18.95,N
25-1067.00,5.C.1,Required Level of Education,RL,5,20.50,N
25-1067.00,5.C.1,Required Level of Education,RL,6,7.16,N
25-1067.00,5.C.1,Required Level of Education,RL,7,60.70,N
25-1067.00,5.C.1,Required Level of Education,RL,8,39.72,N
25-1067.00,5.C.1,Required Level of Education,RL,9,52.15,N
25-1067.00,5.C.1,Required Level of Education,RL,10,14.74,N
25-1067.00,5.C.1,Required Level of Education,RL,11,7.05,N
25-1067.00,5.C.1,Required Level of Education,RL,12,23.23,N
25-1069.00,5.C.1,Required Level of Education,RL,1,6.82,N
25-1069.00,5.C.1,Required Level of Education,RL,2,5.62,N
25-1069.00,5.C.1,Required Level of Education,RL,3,4.41,N
25-1069.00,5.C.1,Required Level of Education,RL,4,7.30,N
25-1069.00,5.C.1,Required Level of Education,RL,5,7.59,N
25-1069.00,5.C.1,Required Level of Education,RL,6,5.66,N
25-1069.00,5.C.1,Required Level of Education,RL,7,64.00,N
25-1069.00,5.C.1,Required Level of Education,RL,8,67.79,N
25-1069.00,5.C.1,Required Level of Education,RL,9,59.41,N
25-1069.00,5.C.1,Required Level of Education,RL,10,9.88,N
25-1069.00,5.C.1,Required Level of Education,RL,11,21.76,N
25-1069.00,5.C.1,Required Level of Education,RL,12,24.84,N
25-1071.00,5.C.1,Required Level of Education,RL,1,1.35,N
25-1071.00,5.C.1,Required Level of Education,RL,2,5.18,N
25-1071.00,5.C.1,Required Level of Education,RL,3,2.29,N
25-1071.00,5.C.1,Required Level of Education,RL,4,14.38,N
25-1071.00,5.C.1,Required Level of Education,RL,5,7.25,N
25-1071.00,5.C.1,Required Level of Education,RL,6,18.05,N
25-1071.00,5.C.1,Required Level of Education,RL,7,58.19,N
25-1071.00,5.C.1,Required Level of Education,RL,8,56.75,N
25-1071.00,5.C.1,Required Level of Education,RL,9,46.34,N
25-1071.00,5.C.1,Required Level of Education,RL,10,15.69,N
25-1071.00,5.C.1,Required Level of Education,RL,11,7.42,N
25-1071.00,5.C.1,Required Level of Education,RL,12,23.97,N
25-1072.00,5.C.1,Required Level of Education,RL,1,5.77,N
25-1072.00,5.C.1,Required Level of Education,RL,2,4.64,N
25-1072.00,5.C.1,Required Level of Education,RL,3,5.79,N
25-1072.00,5.C.1,Required Level of Education,RL,4,23.56,N
25-1072.00,5.C.1,Required Level of Education,RL,5,8.91,N
25-1072.00,5.C.1,Required Level of Education,RL,6,12.05,N
25-1072.00,5.C.1,Required Level of Education,RL,7,39.55,N
25-1072.00,5.C.1,Required Level of Education,RL,8,41.82,N
25-1072.00,5.C.1,Required Level of Education,RL,9,64.34,N
25-1072.00,5.C.1,Required Level of Education,RL,10,15.49,N
25-1072.00,5.C.1,Required Level of Education,RL,11,8.73,N
25-1072.00,5.C.1,Required Level of Education,RL,12,14.27,N
25-1081.00,5.C.1,Required Level of Education,RL,1,4.12,N
25-1081.00,5.C.1,Required Level of Education,RL,2,7.49,N
25-1081.00,5.C.1,Required Level of Education,RL,3,7.54,N
25-1081.00,5.C.1,Required Level of Education,RL,4,20.14,N
25-1081.00,5.C.1,Required Level of Education,RL,5,8.16,N
25-1081.00,5.C.1,Required Level of Education,RL,6,22.46,N
25-1081.00,5.C.1,Required Level of Education,RL,7,66.27,N
25-1081.00,5.C.1,Required Level of Education,RL,8,48.46,N
25-1081.00,5.C.1,Required Level of Education,RL,9,37.60,N
25-1081.00,5.C.1,Required Level of Education,RL,10,13.80,N
25-1081.00,5.C.1,Required Level of Education,RL,11,18.37,N
25-1081.00,5.C.1,Required Level of Education,RL,12,20.57,N
25-1082.00,5.C.1,Required Level of Education,RL,1,1.50,N
25-1082.00,5.C.1,Required Level of Education,RL,2,7.23,N
25-1082.00,5.C.1,Required Level of Education,RL,3,2.12,N
25-1082.00,5.C.1,Required Level of Education,RL,4,13.08,N
25-1082.00,5.C.1,Required Level of Education,RL,5,9.49,N
25-1082.00,5.C.1,Required Level of Education,RL,6,24.73,N
25-1082.00,5.C.1,Required Level of Education,RL,7,49.23,N
25-1082.00,5.C.1,Required Level of Education,RL,8,37.56,N
25-1082.00,5.C.1,Required Level of Education,RL,9,35.64,N
25-1082.00,5.C.1,Required Level of Education,RL,10,5.15,N
25-1082.00,5.C.1,Required Level of Education,RL,11,7.51,N
25-1082.00,5.C.1,Required Level of Education,RL,12,20.41,N
25-1111.00,5.C.1,Required Level of Education,RL,1,1.77,N
25-1111.00,5.C.1,Required Level of Education,RL,2,6.65,N
25-1111.00,5.C.1,Required Level of Education,RL,3,6.62,N
25-1111.00,5.C.1,Required Level of Education,RL,4,15.00,N
25-1111.00,5.C.1,Required Level of Education,RL,5,16.65,N
25-1111.00,5.C.1,Required Level of Education,RL,6,8.81,N
25-1111.00,5.C.1,Required Level of Education,RL,7,60.77,N
25-1111.00,5.C.1,Required Level of Education,RL,8,58.86,N
25-1111.00,5.C.1,Required Level of Education,RL,9,50.65,N
25-1111.00,5.C.1,Required Level of Education,RL,10,15.17,N
25-1111.00,5.C.1,Required Level of Education,RL,11,10.78,N
25-1111.00,5.C.1,Required Level of Education,RL,12,8.14,N
25-1112.00,5.C.1,Required Level of Education,RL,1,3.48,N
25-1112.00,5.C.1,Required Level of Education,RL,2,7.70,N
25-1112.00,5.C.1,Required Level of Education,RL,3,5.02,N
25-1112.00,5.C.1,Required Level of Education,RL,4,5.69,N
25-1112.00,5.C.1,Required Level of Education,RL,5,1.73,N
25-1112.00,5.C.1,Required Level of Education,RL,6,7.29,N
25-1112.00,5.C.1,Required Level of Education,RL,7,16.30,N
25-1112.00,5.C.1,Required Level of Education,RL,8,13.36,N
25-1112.00,5.C.1,Required Level of Education,RL,9,8.23,N
25-1112.00,5.C.1,Required Level of Education,RL,10,30.86,N
25-1112.00,5.C.1,Required Level of Education,RL,11,47.63,N
25-1112.00,5.C.1,Required Level of Education,RL,12,43.34,N
25-1113.00,5.C.1,Required Level of Education,RL,1,6.41,N
25-1113.00,5.C.1,Required Level of Education,RL,2,7.39,N
25-1113.00,5.C.1,Required Level of Education,RL,3,4.92,N
25-1113.00,5.C.1,Required Level of Education,RL,4,23.74,N
25-1113.00,5.C.1,Required Level of Education,RL,5,6.36,N
25-1113.00,5.C.1,Required Level of Education,RL,6,22.91,N
25-1113.00,5.C.1,Required Level of Education,RL,7,50.57,N
25-1113.00,5.C.1,Required Level of Education,RL,8,68.91,N
25-1113.00,5.C.1,Required Level of Education,RL,9,64.85,N
25-1113.00,5.C.1,Required Level of Education,RL,10,14.48,N
25-1113.00,5.C.1,Required Level of Education,RL,11,18.93,N
25-1113.00,5.C.1,Required Level of Education,RL,12,9.56,N
25-1121.00,5.C.1,Required Level of Education,RL,1,2.45,N
25-1121.00,5.C.1,Required Level of Education,RL,2,6.97,N
25-1121.00,5.C.1,Required Level of Education,RL,3,4.78,N
25-1121.00,5.C.1,Required Level of Education,RL,4,13.34,N
25-1121.00,5.C.1,Required Level of Education,RL,5,24.35,N
25-1121.00,5.C.1,Required Level of Education,RL,6,8.14,N
25-1121.00,5.C.1,Required Level of Education,RL,7,31.46,N
25-1121.00,5.C.1,Required Level of Education,RL,8,47.99,N
25-1121.00,5.C.1,Required Level of Education,RL,9,48.07,N
25-1121.00,5.C.1,Required Level of Education,RL,10,22.77,N
25-1121.00,5.C.1,Required Level of Education,RL,11,17.68,N
25-1121.00,5.C.1,Required Level of Education,RL,12,8.09,N
25-1122.00,5.C.1,Required Level of Education,RL,1,6.12,N
25-1122.00,5.C.1,Required Level of Education,RL,2,4.44,N
25-1122.00,5.C.1,Required Level of Education,RL,3,7.76,N
25-1122.00,5.C.1,Required Level of Education,RL,4,10.08,N
25-1122.00,5.C.1,Required Level of Education,RL,5,7.93,N
25-1122.00,5.C.1,Required Level of Education,RL,6,9.38,N
25-1122.00,5.C.1,Required Level of Education,RL,7,36.94,N
25-1122.00,5.C.1,Required Level of Education,RL,8,52.57,N
25-1122.00,5.C.1,Required Level of Education,RL,9,46.17,N
25-1122.00,5.C.1,Required Level of Education,RL,10,14.94,N
25-1122.00,5.C.1,Required Level of Education,RL,11,14.26,N
25-1122.00,5.C.1,Required Level of Education,RL,12,20.41,N
25-1123.00,5.C.1,Required Level of Education,RL,1,4.02,N
25-1123.00,5.C.1,Required Level of Education,RL,2,1.25,N
25-1123.00,5.C.1,Required Level of Education,RL,3,1.49,N
25-1123.00,5.C.1,Required Level of Education,RL,4,8.32,N
25-1123.00,5.C.1,Required Level of Education,RL,5,12.04,N
25-1123.00,5.C.1,Required Level of Education,RL,6,22.92,N
25-1123.00,5.C.1,Required Level of Education,RL,7,49.01,N
25-1123.00,5.C.1,Required Level of Education,RL,8,46.89,N
25-1123.00,5.C.1,Required Level of Education,RL,9,38.02,N
25-1123.00,5.C.1,Required Level of Education,RL,10,5.96,N
25-1123.00,5.C.1,Required Level of Education,RL,11,5.92,N
25-1123.00,5.C.1,Required Level of Education,RL,12,9.88,N
25-1124.00,5.C.1,Required Level of Education,RL,1,3.18,N
25-1124.00,5.C.1,Required Level of Education,RL,2,5.90,N
25-1124.00,5.C.1,Required Level of Education,RL,3,6.72,N
25-1124.00,5.C.1,Required Level of Education,RL,4,12.84,N
25-1124.00,5.C.1,Required Level of Education,RL,5,21.71,N
25-1124.00,5.C.1,Required Level of Education,RL,6,10.53,N
25-1124.00,5.C.1,Required Level of Education,RL,7,61.78,N
25-1124.00,5.C.1,Required Level of Education,RL,8,45.64,N
25-1124.00,5.C.1,Required Level of Education,RL,9,37.60,N
25-1124.00,5.C.1,Required Level of Education,RL,10,23.07,N
25-1124.00,5.C.1,Required Level of Education,RL,11,24.47,N
25-1124.00,5.C.1,Required Level of Education,RL,12,12.53,N
25-1125.00,5.C.1,Required Level of Education,RL,1,5.80,N
25-1125.00,5.C.1,Required Level of Education,RL,2,4.96,N
25-1125.00,5.C.1,Required Level of Education,RL,3,3.11,N
25-1125.00,5.C.1,Required Level of Education,RL,4,10.52,N
25-1125.00,5.C.1,Required Level of Education,RL,5,6.64,N
25-1125.00,5.C.1,Required Level of Education,RL,6,12.42,N
25-1125.00,5.C.1,Required Level of Education,RL,7,53.11,N
25-1125.00,5.C.1,Required Level of Education,RL,8,38.90,N
25-1125.00,5.C.1,Required Level of Education,RL,9,65.22,N
25-1125.00,5.C.1,Required Level of Education,RL,10,7.32,N
25-1125.00,5.C.1,Required Level of Education,RL,11,16.78,N
25-1125.00,5.C.1,Required Level of Education,RL,12,14.65,N
25-1126.00,5.C.1,Required Level of Education,RL,1,5.29,N
25-1126.00,5.C.1,Required Level of Education,RL,2,4.55,N
25-1126.00,5.C.1,Required Level of Education,RL,3,1.01,N
25-1126.00,5.C.1,Required Level of Education,RL,4,10.03,N
25-1126.00,5.C.1,Required Level of Education,RL,5,21.27,N
25-1126.00,5.C.1,Required Level of Education,RL,6,24.12,N
25-1126.00,5.C.1,Required Level of Education,RL,7,41.68,N
25-1126.00,5.C.1,Required Level of Education,RL,8,67.12,N
25-1126.00,5.C.1,Required Level of Education,RL,9,38.92,N
25-1126.00,5.C.1,Required Level of Education,RL,10,20.33,N
25-1126.00,5.C.1,Required Level of Education,RL,11,8.67,N
25-1126.00,5.C.1,Required Level of Education,RL,12,9.83,N
25-1191.00,5.C.1,Required Level of Education,RL,1,18.44,N
25-1191.00,5.C.1,Required Level of Education,RL,2,17.20,N
25-1191.00,5.C.1,Required Level of Education,RL,3,18.45,N
25-1191.00,5.C.1,Required Level of Education,RL,4,50.66,N
25-1191.00,5.C.1,Required Level of Education,RL,5,43.94,N
25-1191.00,5.C.1,Required Level of Education,RL,6,61.79,N
25-1191.00,5.C.1,Required Level of Education,RL,7,16.76,N
25-1191.00,5.C.1,Required Level of Education,RL,8,9.90,N
25-1191.00,5.C.1,Required Level of Education,RL,9,10.45,N
25-1191.00,5.C.1,Required Level of Education,RL,10,5.09,N
25-1191.00,5.C.1,Required Level of Education,RL,11,2.25,N
25-1191.00,5.C.1,Required Level of Education,RL,12,7.13,N
25-1199.00,5.C.1,Required Level of Education,RL,1,3.62,N
25-1199.00,5.C.1,Required Level of Education,RL,2,6.83,N
25-1199.00,5.C.1,Required Level of Education,RL,3,4.78,N
25-1199.00,5.C.1,Required Level of Education,RL,4,12.03,N
25-1199.00,5.C.1,Required Level of Education,RL,5,9.52,N
25-1199.00,5.C.1,Required Level of Education,RL,6,24.61,N
25-1199.00,5.C.1,Required Level of Education,RL,7,37.74,N
25-1199.00,5.C.1,Required Level of Education,RL,8,53.68,N
25-1199.00,5.C.1,Required Level of Education,RL,9,52.55,N
25-1199.00,5.C.1,Required Level of Education,RL,10,24.53,N
25-1199.00,5.C.1,Required Level of Education,RL,11,13.35,N
25-1199.00,5.C.1,Required Level of Education,RL,12,9.05,N
25-2011.00,5.C.1,Required Level of Education,RL,1,14.13,N
25-2011.00,5.C.1,Required Level of Education,RL,2,14.57,N
25-2011.00,5.C.1,Required Level of Education,RL,3,10.43,N
25-2011.00,5.C.1,Required Level of Education,RL,4,53.70,N
25-2011.00,5.C.1,Required Level of Education,RL,5,31.21,N
25-2011.00,5.C.1,Required Level of Education,RL,6,30.12,N
25-2011.00,5.C.1,Required Level of Education,RL,7,14.86,N
25-2011.00,5.C.1,Required Level of Education,RL,8,22.11,N
25-2011.00,5.C.1,Required Level of Education,RL,9,23.44,N
25-2011.00,5.C.1,Required Level of Education,RL,10,3.82,N
25-2011.00,5.C.1,Required Level of Education,RL,11,5.69,N
25-2011.00,5.C.1,Required Level of Education,RL,12,3.55,N
25-2012.00,5.C.1,Required Level of Education,RL,1,7.59,N
25-2012.00,5.C.1,Required Level of Education,RL,2,20.85,N
25-2012.00,5.C.1,Required Level of Education,RL,3,14.12,N
25-2012.00,5.C.1,Required Level of Education,RL,4,67.78,N
25-2012.00,5.C.1,Required Level of Education,RL,5,48.53,N
25-2012.00,5.C.1,Required Level of Education,RL,6,50.00,N
25-2012.00,5.C.1,Required Level of Education,RL,7,18.58,N
25-2012.00,5.C.1,Required Level of Education,RL,8,11.90,N
25-2012.00,5.C.1,Required Level of Education,RL,9,16.05,N
25-2012.00,5.C.1,Required Level of Education,RL,10,7.61,N
25-2012.00,5.C.1,Required Level of Education,RL,11,3.92,N
25-2012.00,5.C.1,Required Level of Education,RL,12,1.77,N
25-2021.00,5.C.1,Required Level of Education,RL,1,16.21,N
25-2021.00,5.C.1,Required Level of Education,RL,2,16.84,N
25-2021.00,5.C.1,Required Level of Education,RL,3,17.43,N
25-2021.00,5.C.1,Required Level of Education,RL,4,69.34,N
25-2021.00,5.C.1,Required Level of Education,RL,5,56.18,N
25-2021.00,5.C.1,Required Level of Education,RL,6,57.14,N
25-2021.00,5.C.1,Required Level of Education,RL,7,6.46,N
25-2021.00,5.C.1,Required Level of Education,RL,8,9.28,N
25-2021.00,5.C.1,Required Level of Education,RL,9,20.31,N
25-2021.00,5.C.1,Required Level of Education,RL,10,2.64,N
25-2021.00,5.C.1,Required Level of Education,RL,11,2.16,N
25-2021.00,5.C.1,Required Level of Education,RL,12,6.26,N
25-2022.00,5.C.1,Required Level of Education,RL,1,11.11,N
25-2022.00,5.C.1,Required Level of Education,RL,2,6.60,N
25-2022.00,5.C.1,Required Level of Education,RL,3,19.52,N
25-2022.00,5.C.1,Required Level of Education,RL,4,42.87,N
25-2022.00,5.C.1,Required Level of Education,RL,5,58.73,N
25-2022.00,5.C.1,Required Level of Education,RL,6,69.37,N
25-2022.00,5.C.1,Required Level of Education,RL,7,6.59,N
25-2022.00,5.C.1,Required Level of Education,RL,8,5.45,N
25-2022.00,5.C.1,Required Level of Education,RL,9,16.42,N
25-2022.00,5.C.1,Required Level of Education,RL,10,6.98,N
25-2022.00,5.C.1,Required Level of Education,RL,11,5.10,N
25-2022.00,5.C.1,Required Level of Education,RL,12,4.86,N
25-2023.00,5.C.1,Required Level of Education,RL,1,6.44,N
25-2023.00,5.C.1,Required Level of Education,RL,2,10.60,N
25-2023.00,5.C.1,Required Level of Education,RL,3,17.05,N
25-2023.00,5.C.1,Required Level of Education,RL,4,56.33,N
25-2023.00,5.C.1,Required Level of Education,RL,5,53.57,N
25-2023.00,5.C.1,Required Level of Education,RL,6,48.89,N
25-2023.00,5.C.1,Required Level of Education,RL,7,10.86,N
25-2023.00,5.C.1,Required Level of Education,RL,8,19.85,N
25-2023.00,5.C.1,Required Level of Education,RL,9,15.83,N
25-2023.00,5.C.1,Required Level of Education,RL,10,2.46,N
25-2023.00,5.C.1,Required Level of Education,RL,11,2.63,N
25-2023.00,5.C.1,Required Level of Education,RL,12,1.29,N
25-2031.00,5.C.1,Required Level of Education,RL,1,23.69,N
25-2031.00,5.C.1,Required Level of Education,RL,2,12.39,N
25-2031.00,5.C.1,Required Level of Education,RL,3,10.05,N
25-2031.00,5.C.1,Required Level of Education,RL,4,55.23,N
25-2031.00,5.C.1,Required Level of Education,RL,5,32.56,N
25-2031.00,5.C.1,Required Level of Education,RL,6,65.66,N
25-2031.00,5.C.1,Required Level of Education,RL,7,5.57,N
25-2031.00,5.C.1,Required Level of Education,RL,8,11.00,N
25-2031.00,5.C.1,Required Level of Education,RL,9,11.41,N
25-2031.00,5.C.1,Required Level of Education,RL,10,7.76,N
25-2031.00,5.C.1,Required Level of Education,RL,11,4.76,N
25-2031.00,5.C.1,Required Level of Education,RL,12,2.48,N
25-2032.00,5.C.1,Required Level of Education,RL,1,24.98,N
25-2032.00,5.C.1,Required Level of Education,RL,2,19.27,N
25-2032.00,5.C.1,Required Level of Education,RL,3,5.09,N
25-2032.00,5.C.1,Required Level of Education,RL,4,68.67,N
25-2032.00,5.C.1,Required Level of Education,RL,5,44.33,N
25-2032.00,5.C.1,Required Level of Education,RL,6,46.68,N
25-2032.00,5.C.1,Required Level of Education,RL,7,21.17,N
25-2032.00,5.C.1,Required Level of Education,RL,8,21.68,N
25-2032.00,5.C.1,Required Level of Education,RL,9,18.13,N
25-2032.00,5.C.1,Required Level of Education,RL,10,1.86,N
25-2032.00,5.C.1,Required Level of Education,RL,11,3.23,N
25-2032.00,5.C.1,Required Level of Education,RL,12,4.80,N
25-2051.00,5.C.1,Required Level of Education,RL,1,15.90,N
25-2051.00,5.C.1,Required Level of Education,RL,2,18.85,N
25-2051.00,5.C.1,Required Level of Education,RL,3,7.69,N
25-2051.00,5.C.1,Required Level of Education,RL,4,58.97,N
25-2051.00,5.C.1,Required Level of Education,RL,5,67.74,N
25-2051.00,5.C.1,Required Level of Education,RL,6,33.69,N
25-2051.00,5.C.1,Required Level of Education,RL,7,10.97,N
25-2051.00,5.C.1,Required Level of Education,RL,8,11.60,N
25-2051.00,5.C.1,Required Level of Education,RL,9,13.44,N
25-2051.00,5.C.1,Required Level of Education,RL,10,5.52,N
25-2051.00,5.C.1,Required Level of Education,RL,11,1.27,N
25-2051.00,5.C.1,Required Level of Education,RL,12,1.36,N
25-2052.00,5.C.1,Required Level of Education,RL,1,11.04,N
25-2052.00,5.C.1,Required Level of Education,RL,2,6.93,N
25-2052.00,5.C.1,Required Level of Education,RL,3,24.73,N
25-2052.00,5.C.1,Required Level of Education,RL,4,53.80,N
25-2052.00,5.C.1,Required Level of Education,RL,5,32.47,N
25-2052.00,5.C.1,Required Level of Education,RL,6,65.86,N
25-2052.00,5.C.1,Required Level of Education,RL,7,22.85,N
25-2052.00,5.C.1,Required Level of Education,RL,8,8.25,N
25-2052.00,5.C.1,Required Level of Education,RL,9,19.92,N
25-2052.00,5.C.1,Required Level of Education,RL,10,1.17,N
25-2052.00,5.C.1,Required Level of Education,RL,11,2.34,N
25-2052.00,5.C.1,Required Level of Education,RL,12,7.59,N
25-2053.00,5.C.1,Required Level of Education,RL,1,24.53,N
25-2053.00,5.C.1,Required Level of Education,RL,2,14.32,N
25-2053.00,5.C.1,Required Level of Education,RL,3,23.43,N
25-2053.00,5.C.1,Required Level of Education,RL,4,47.39,N
25-2053.00,5.C.1,Required Level of Education,RL,5,46.52,N
25-2053.00,5.C.1,Required Level of Education,RL,6,53.76,N
25-2053.00,5.C.1,Required Level of Education,RL,7,5.61,N
25-2053.00,5.C.1,Required Level of Education,RL,8,10.28,N
25-2053.00,5.C.1,Required Level of Education,RL,9,7.26,N
25-2053.00,5.C.1,Required Level of Education,RL,10,1.07,N
25-2053.00,5.C.1,Required Level of Education,RL,11,6.90,N
25-2053.00,5.C.1,Required Level of Education,RL,12,1.83,N
25-2054.00,5.C.1,Required Level of Education,RL,1,15.54,N
25-2054.00,5.C.1,Required Level of Education,RL,2,20.35,N
25-2054.00,5.C.1,Required Level of Education,RL,3,20.68,N
25-2054.00,5.C.1,Required Level of Education,RL,4,59.01,N
25-2054.00,5.C.1,Required Level of Education,RL,5,66.36,N
25-2054.00,5.C.1,Required Level of Education,RL,6,49.51,N
25-2054.00,5.C.1,Required Level of Education,RL,7,11.74,N
25-2054.00,5.C.1,Required Level of Education,RL,8,23.14,N
25-2054.00,5.C.1,Required Level of Education,RL,9,6.14,N
25-2054.00,5.C.1,Required Level of Education,RL,10,3.41,N
25-2054.00,5.C.1,Required Level of Education,RL,11,4.47,N
25-2054.00,5.C.1,Required Level of Education,RL,12,7.25,N
25-2055.00,5.C.1,Required Level of Education,RL,1,11.00,N
25-2055.00,5.C.1,Required Level of Education,RL,2,18.84,N
25-2055.00,5.C.1,Required Level of Education,RL,3,9.08,N
25-2055.00,5.C.1,Required Level of Education,RL,4,65.78,N
25-2055.00,5.C.1,Required Level of Education,RL,5,41.28,N
25-2055.00,5.C.1,Required Level of Education,RL,6,44.77,N
25-2055.00,5.C.1,Required Level of Education,RL,7,21.74,N
25-2055.00,5.C.1,Required Level of Education,RL,8,21.31,N
25-2055.00,5.C.1,Required Level of Education,RL,9,14.46,N
25-2055.00,5.C.1,Required Level of Education,RL,10,2.17,N
25-2055.00,5.C.1,Required Level of Education,RL,11,1.75,N
25-2055.00,5.C.1,Required Level of Education,RL,12,4.36,N
25-2059.00,5.C.1,Required Level of Education,RL,1,22.32,N
25-2059.00,5.C.1,Required Level of Education,RL,2,11.10,N
25-2059.00,5.C.1,Required Level of Education,RL,3,7.48,N
25-2059.00,5.C.1,Required Level of Education,RL,4,33.93,N
25-2059.00,5.C.1,Required Level of Education,RL,5,59.10,N
25-2059.00,5.C.1,Required Level of Education,RL,6,34.50,N
25-2059.00,5.C.1,Required Level of Education,RL,7,10.77,N
25-2059.00,5.C.1,Required Level of Education,RL,8,7.94,N
25-2059.00,5.C.1,Required Level of Education,RL,9,8.02,N
25-2059.00,5.C.1,Required Level of Education,RL,10,5.69,N
25-2059.00,5.C.1,Required Level of Education,RL,11,6.74,N
25-2059.00,5.C.1,Required Level of Education,RL,12,7.70,N
25-3011.00,5.C.1,Required Level of Education,RL,1,21.40,N
25-3011.00,5.C.1,Required Level of Education,RL,2,19.49,N
25-3011.00,5.C.1,Required Level of Education,RL,3,16.51,N
25-3011.00,5.C.1,Required Level of Education,RL,4,32.18,N
25-3011.00,5.C.1,Required Level of Education,RL,5,40.06,N
25-3011.00,5.C.1,Required Level of Education,RL,6,46.32,N
25-3011.00,5.C.1,Required Level of Education,RL,7,13.55,N
25-3011.00,5.C.1,Required Level of Education,RL,8,11.52,N
25-3011.00,5.C.1,Required Level of Education,RL,9,13.42,N
25-3011.00,5.C.1,Required Level of Education,RL,10,4.19,N
25-3011.00,5.C.1,Required Level of Education,RL,11,3.80,N
25-3011.00,5.C.1,Required Level of Education,RL,12,4.20,N
25-3021.00,5.C.1,Required Level of Education,RL,1,55.15,N
25-3021.00,5.C.1,Required Level of Education,RL,2,60.92,N
25-3021.00,5.C.1,Required Level of Education,RL,3,46.72,N
25-3021.00,5.C.1,Required Level of Education,RL,4,21.60,N
25-3021.00,5.C.1,Required Level of Education,RL,5,24.41,N
25-3021.00,5.C.1,Required Level of Education,RL,6,19.90,N
25-3021.00,5.C.1,Required Level of Education,RL,7,5.31,N
25-3021.00,5.C.1,Required Level of Education,RL,8,1.34,N
25-3021.00,5.C.1,Required Level of Education,RL,9,4.63,N
25-3021.00,5.C.1,Required Level of Education,RL,10,4.55,N
25-3021.00,5.C.1,Required Level of Education,RL,11,5.92,N
25-3021.00,5.C.1,Required Level of Education,RL,12,4.19,N
25-3031.00,5.C.1,Required Level of Education,RL,1,40.88,N
25-3031.00,5.C.1,Required Level of Education,RL,2,59.59,N
25-3031.00,5.C.1,Required Level of Education,RL,3,43.75,N
25-3031.00,5.C.1,Required Level of Education,RL,4,15.16,N
25-3031.00,5.C.1,Required Level of Education,RL,5,21.11,N
25-3031.00,5.C.1,Required Level of Education,RL,6,17.74,N
25-3031.00,5.C.1,Required Level of Education,RL,7,2.49,N
25-3031.00,5.C.1,Required Level of Education,RL,8,6.89,N
25-3031.00,5.C.1,Required Level of Education,RL,9,5.40,N
25-3031.00,5.C.1,Required Level of Education,RL,10,6.56,N
25-3031.00,5.C.1,Required Level of Education,RL,11,3.40,N
25-3031.00,5.C.1,Required Level of Education,RL,12,6.90,N
25-3041.00,5.C.1,Required Level of Education,RL,1,12.05,N
25-3041.00,5.C.1,Required Level of Education,RL,2,24.52,N
25-3041.00,5.C.1,Required Level of Education,RL,3,6.71,N
25-3041.00,5.C.1,Required Level of Education,RL,4,46.00,N
25-3041.00,5.C.1,Required Level of Education,RL,5,47.29,N
25-3041.00,5.C.1,Required Level of Education,RL,6,44.87,N
25-3041.00,5.C.1,Required Level of Education,RL,7,23.41,N
25-3041.00,5.C.1,Required Level of Education,RL,8,20.33,N
25-3041.00,5.C.1,Required Level of Education,RL,9,22.47,N
25-3041.00,5.C.1,Required Level of Education,RL,10,3.34,N
25-3041.00,5.C.1,Required Level of Education,RL,11,7.78,N
25-3041.00,5.C.1,Required Level of Education,RL,12,3.73,N
25-4011.00,5.C.1,Required Level of Education,RL,1,2.15,N
25-4011.00,5.C.1,Required Level of Education,RL,2,7.29,N
25-4011.00,5.C.1,Required Level of Education,RL,3,7.64,N
25-4011.00,5.C.1,Required Level of Education,RL,4,24.96,N
25-4011.00,5.C.1,Required Level of Education,RL,5,12.23,N
25-4011.00,5.C.1,Required Level of Education,RL,6,18.38,N
25-4011.00,5.C.1,Required Level of Education,RL,7,58.68,N
25-4011.00,5.C.1,Required Level of Education,RL,8,40.58,N
25-4011.00,5.C.1,Required Level of Education,RL,9,32.90,N
25-4011.00,5.C.1,Required Level of Education,RL,10,15.07,N
25-4011.00,5.C.1,Required Level of Education,RL,11,11.67,N
25-4011.00,5.C.1,Required Level of Education,RL,12,17.86,N
25-4012.00,5.C.1,Required Level of Education,RL,1,2.78,N
25-4012.00,5.C.1,Required Level of Education,RL,2,4.41,N
25-4012.00,5.C.1,Required Level of Education,RL,3,3.69,N
25-4012.00,5.C.1,Required Level of Education,RL,4,9.26,N
25-4012.00,5.C.1,Required Level of Education,RL,5,23.57,N
25-4012.00,5.C.1,Required Level of Education,RL,6,9.26,N
25-4012.00,5.C.1,Required Level of Education,RL,7,42.89,N
25-4012.00,5.C.1,Required Level of Education,RL,8,43.03,N
25-4012.00,5.C.1,Required Level of Education,RL,9,68.05,N
25-4012.00,5.C.1,Required Level of Education,RL,10,17.77,N
25-4012.00,5.C.1,Required Level of Education,RL,11,21.90,N
25-4012.00,5.C.1,Required Level of Education,RL,12,10.19,N
25-4013.00,5.C.1,Required Level of Education,RL,1,9.32,N
25-4013.00,5.C.1,Required Level of Education,RL,2,23.95,N
25-4013.00,5.C.1,Required Level of Education,RL,3,6.16,N
25-4013.00,5.C.1,Required Level of Education,RL,4,67.55,N
25-4013.00,5.C.1,Required Level of Education,RL,5,66.90,N
25-4013.00,5.C.1,Required Level of Education,RL,6,68.30,N
25-4013.00,5.C.1,Required Level of Education,RL,7,16.09,N
25-4013.00,5.C.1,Required Level of Education,RL,8,17.26,N
25-4013.00,5.C.1,Required Level of Education,RL,9,10.68,N
25-4013.00,5.C.1,Required Level of Education,RL,10,3.77,N
25-4013.00,5.C.1,Required Level of Education,RL,11,2.62,N
25-4013.00,5.C.1,Required Level of Education,RL,12,1.69,N
25-4021.00,5.C.1,Required Level of Education,RL,1,3.42,N
25-4021.00,5.C.1,Required Level of Education,RL,2,1.84,N
25-4021.00,5.C.1,Required Level of Education,RL,3,5.22,N
25-4021.00,5.C.1,Required Level of Education,RL,4,5.07,N
25-4021.00,5.C.1,Required Level of Education,RL,5,15.82,N
25-4021.00,5.C.1,Required Level of Education,RL,6,8.09,N
25-4021.00,5.C.1,Required Level of Education,RL,7,50.00,N
25-4021.00,5.C.1,Required Level of Education,RL,8,62.16,N
25-4021.00,5.C.1,Required Level of Education,RL,9,36.10,N
25-4021.00,5.C.1,Required Level of Education,RL,10,11.58,N
25-4021.00,5.C.1,Required Level of Education,RL,11,19.48,N
25-4021.00,5.C.1,Required Level of Education,RL,12,24.08,N
25-4022.00,5.C.1,Required Level of Education,RL,1,55.15,N
25-4022.00,5.C.1,Required Level of Education,RL,2,58.39,N
25-4022.00,5.C.1,Required Level of Education,RL,3,45.43,N
25-4022.00,5.C.1,Required Level of Education,RL,4,19.10,N
25-4022.00,5.C.1,Required Level of Education,RL,5,6.75,N
25-4022.00,5.C.1,Required Level of Education,RL,6,23.03,N
25-4022.00,5.C.1,Required Level of Education,RL,7,4.92,N
25-4022.00,5.C.1,Required Level of Education,RL,8,5.40,N
25-4022.00,5.C.1,Required Level of Education,RL,9,6.40,N
25-4022.00,5.C.1,Required Level of Education,RL,10,4.87,N
25-4022.00,5.C.1,Required Level of Education,RL,11,6.52,N
25-4022.00,5.C.1,Required Level of Education,RL,12,3.10,N
25-9011.00,5.C.1,Required Level of Education,RL,1,61.12,N
25-9011.00,5.C.1,Required Level of Education,RL,2,46.92,N
25-9011.00,5.C.1,Required Level of Education,RL,3,35.71,N
25-9011.00,5.C.1,Required Level of Education,RL,4,18.29,N
25-9011.00,5.C.1,Required Level of Education,RL,5,21.76,N
25-9011.00,5.C.1,Required Level of Education,RL,6,21.29,N
25-9011.00,5.C.1,Required Level of Education,RL,7,5.31,N
25-9011.00,5.C.1,Required Level of Education,RL,8,6.46,N
25-9011.00,5.C.1,Required Level of Education,RL,9,3.70,N
25-9011.00,5.C.1,Required Level of Education,RL,10,2.95,N
25-9011.00,5.C.1,Required Level of Education,RL,11,5.72,N
25-9011.00,5.C.1,Required Level of Education,RL,12,1.23,N
25-9031.00,5.C.1,Required Level of Education,RL,1,2.98,N
25-9031.00,5.C.1,Required Level of Education,RL,2,1.36,N
25-9031.00,5.C.1,Required Level of Education,RL,3,7.59,N
25-9031.00,5.C.1,Required Level of Education,RL,4,16.21,N
25-9031.00,5.C.1,Required Level of Education,RL,5,22.01,N
25-9031.00,5.C.1,Required Level of Education,RL,6,18.67,N
25-9031.00,5.C.1,Required Level of Education,RL,7,61.85,N
25-9031.00,5.C.1,Required Level of Education,RL,8,51.03,N
25-9031.00,5.C.1,Required Level of Education,RL,9,66.11,N
25-9031.00,5.C.1,Required Level of Education,RL,10,17.94,N
25-9031.00,5.C.1,Required Level of Education,RL,11,18.21,N
25-9031.00,5.C.1,Required Level of Education,RL,12,9.56,N
25-9041.00,5.C.1,Required Level of Education,RL,1,45.74,N
25-9041.00,5.C.1,Required Level of Education,RL,2,42.65,N
25-9041.00,5.C.1,Required Level of Education,RL,3,38.79,N
25-9041.00,5.C.1,Required Level of Education,RL,4,18.61,N
25-9041.00,5.C.1,Required Level of Education,RL,5,19.10,N
25-9041.00,5.C.1,Required Level of Education,RL,6,24.63,N
25-9041.00,5.C.1,Required Level of Education,RL,7,2.04,N
25-9041.00,5.C.1,Required Level of Education,RL,8,2.29,N
25-9041.00,5.C.1,Required Level of Education,RL,9,3.90,N
25-9041.00,5.C.1,Required Level of Education,RL,10,5.58,N
25-9041.00,5.C.1,Required Level of Education,RL,11,6.42,N
25-9041.00,5.C.1,Required Level of Education,RL,12,4.50,N
11-1011.00,5.C.1,Required Level of Education,RL,1,4.98,N
11-1011.00,5.C.1,Required Level of Education,RL,2,2.41,N
11-1011.00,5.C.1,Required Level of Education,RL,3,2.47,N
11-1011.00,5.C.1,Required Level of Education,RL,4,15.42,N
11-1011.00,5.C.1,Required Level of Education,RL,5,8.62,N
11-1011.00,5.C.1,Required Level of Education,RL,6,15.36,N
11-1011.00,5.C.1,Required Level of Education,RL,7,56.27,N
11-1011.00,5.C.1,Required Level of Education,RL,8,49.09,N
11-1011.00,5.C.1,Required Level of Education,RL,9,64.04,N
11-1011.00,5.C.1,Required Level of Education,RL,10,18.75,N
11-1011.00,5.C.1,Required Level of Education,RL,11,24.49,N
11-1011.00,5.C.1,Required Level of Education,RL,12,21.90,N
11-1021.00,5.C.1,Required Level of Education,RL,1,24.81,N
11-1021.00,5.C.1,Required Level of Education,RL,2,22.16,N
11-1021.00,5.C.1,Required Level of Education,RL,3,19.66,N
11-1021.00,5.C.1,Required Level of Education,RL,4,59.91,N
11-1021.00,5.C.1,Required Level of Education,RL,5,52.26,N
11-1021.00,5.C.1,Required Level of Education,RL,6,61.33,N
11-1021.00,5.C.1,Required Level of Education,RL,7,24.71,N
11-1021.00,5.C.1,Required Level of Education,RL,8,12.17,N
11-1021.00,5.C.1,Required Level of Education,RL,9,22.09,N
11-1021.00,5.C.1,Required Level of Education,RL,10,5.63,N
11-1021.00,5.C.1,Required Level of Education,RL,11,2.53,N
11-1021.00,5.C.1,Required Level of Education,RL,12,1.96,N
11-1031.00,5.C.1,Required Level of Education,RL,1,9.89,N
11-1031.00,5.C.1,Required Level of Education,RL,2,23.04,N
11-1031.00,5.C.1,Required Level of Education,RL,3,15.68,N
11-1031.00,5.C.1,Required Level of Education,RL,4,55.75,N
11-1031.00,5.C.1,Required Level of Education,RL,5,47.41,N
11-1031.00,5.C.1,Required Level of Education,RL,6,35.74,N
11-1031.00,5.C.1,Required Level of Education,RL,7,7.25,N
11-1031.00,5.C.1,Required Level of Education,RL,8,14.86,N
11-1031.00,5.C.1,Required Level of Education,RL,9,6.53,N
11-1031.00,5.C.1,Required Level of Education,RL,10,7.69,N
11-1031.00,5.C.1,Required Level of Education,RL,11,5.55,N
11-1031.00,5.C.1,Required Level of Education,RL,12,1.80,N
11-2011.00,5.C.1,Required Level of Education,RL,1,16.56,N
11-2011.00,5.C.1,Required Level of Education,RL,2,18.33,N
11-2011.00,5.C.1,Required Level of Education,RL,3,10.38,N
11-2011.00,5.C.1,Required Level of Education,RL,4,62.58,N
11-2011.00,5.C.1,Required Level of Education,RL,5,41.41,N
11-2011.00,5.C.1,Required Level of Education,RL,6,30.06,N
11-2011.00,5.C.1,Required Level of Education,RL,7,12.58,N
11-2011.00,5.C.1,Required Level of Education,RL,8,14.54,N
11-2011.00,5.C.1,Required Level of Education,RL,9,6.14,N
11-2011.00,5.C.1,Required Level of Education,RL,10,6.92,N
11-2011.00,5.C.1,Required Level of Education,RL,11,1.60,N
11-2011.00,5.C.1,Required Level of Education,RL,12,5.04,N
11-2021.00,5.C.1,Required Level of Education,RL,1,13.52,N
11-2021.00,5.C.1,Required Level of Education,RL,2,7.13,N
11-2021.00,5.C.1,Required Level of Education,RL,3,8.49,N
11-2021.00,5.C.1,Required Level of Education,RL,4,41.21,N
11-2021.00,5.C.1,Required Level of Education,RL,5,36.31,N
11-2021.00,5.C.1,Required Level of Education,RL,6,34.90,N
11-2021.00,5.C.1,Required Level of Education,RL,7,24.93,N
11-2021.00,5.C.1,Required Level of Education,RL,8,14.37,N
11-2021.00,5.C.1,Required Level of Education,RL,9,5.48,N
11-2021.00,5.C.1,Required Level of Education,RL,10,7.21,N
11-2021.00,5.C.1,Required Level of Education,RL,11,2.21,N
11-2021.00,5.C.1,Required Level of Education,RL,12,5.51,N
11-2022.00,5.C.1,Required Level of Education,RL,1,16.04,N
11-2022.00,5.C.1,Required Level of Education,RL,2,17.56,N
11-2022.00,5.C.1,Required Level of Education,RL,3,8.77,N
11-2022.00,5.C.1,Required Level of Education,RL,4,64.04,N
11-2022.00,5.C.1,Required Level of Education,RL,5,52.18,N
11-2022.00,5.C.1,Required Level of Education,RL,6,34.83,N
11-2022.00,5.C.1,Required Level of Education,RL,7,7.41,N
11-2022.00,5.C.1,Required Level of Education,RL,8,7.62,N
11-2022.00,5.C.1,Required Level of Education,RL,9,9.84,N
11-2022.00,5.C.1,Required Level of Education,RL,10,7.43,N
11-2022.00,5.C.1,Required Level of Education,RL,11,6.01,N
11-2022.00,5.C.1,Required Level of Education,RL,12,1.25,N
11-2031.00,5.C.1,Required Level of Education,RL,1,13.76,N
11-2031.00,5.C.1,Required Level of Education,RL,2,14.94,N
11-2031.00,5.C.1,Required Level of Education,RL,3,12.30,N
11-2031.00,5.C.1,Required Level of Education,RL,4,55.36,N
11-2031.00,5.C.1,Required Level of Education,RL,5,47.63,N
11-2031.00,5.C.1,Required Level of Education,RL,6,60.28,N
11-2031.00,5.C.1,Required Level of Education,RL,7,9.85,N
11-2031.00,5.C.1,Required Level of Education,RL,8,21.61,N
11-2031.00,5.C.1,Required Level of Education,RL,9,5.29,N
11-2031.00,5.C.1,Required Level of Education,RL,10,4.23,N
11-2031.00,5.C.1,Required Level of Education,RL,11,3.67,N
11-2031.00,5.C.1,Required Level of Education,RL,12,1.68,N
11-3012.00,5.C.1,Required Level of Education,RL,1,13.79,N
11-3012.00,5.C.1,Required Level of Education,RL,2,8.51,N
11-3012.00,5.C.1,Required Level of Education,RL,3,15.34,N
11-3012.00,5.C.1,Required Level of Education,RL,4,60.66,N
11-3012.00,5.C.1,Required Level of Education,RL,5,51.81,N
11-3012.00,5.C.1,Required Level of Education,RL,6,69.08,N
11-3012.00,5.C.1,Required Level of Education,RL,7,5.27,N
11-3012.00,5.C.1,Required Level of Education,RL,8,20.28,N
11-3012.00,5.C.1,Required Level of Education,RL,9,10.83,N
11-3012.00,5.C.1,Required Level of Education,RL,10,6.12,N
11-3012.00,5.C.1,Required Level of Education,RL,11,6.73,N
11-3012.00,5.C.1,Required Level of Education,RL,12,2.13,N
11-3013.00,5.C.1,Required Level of Education,RL,1,17.46,N
11-3013.00,5.C.1,Required Level of Education,RL,2,11.62,N
11-3013.00,5.C.1,Required Level of Education,RL,3,21.66,N
11-3013.00,5.C.1,Required Level of Education,RL,4,42.52,N
11-3013.00,5.C.1,Required Level of Education,RL,5,63.63,N
11-3013.00,5.C.1,Required Level of Education,RL,6,33.74,N
11-3013.00,5.C.1,Required Level of Education,RL,7,20.70,N
11-3013.00,5.C.1,Required Level of Education,RL,8,17.99,N
11-3013.00,5.C.1,Required Level of Education,RL,9,24.27,N
11-3013.00,5.C.1,Required Level of Education,RL,10,7.76,N
11-3013.00,5.C.1,Required Level of Education,RL,11,2.61,N
11-3013.00,5.C.1,Required Level of Education,RL,12,5.90,N
11-3021.00,5.C.1,Required Level of Education,RL,1,7.25,N
11-3021.00,5.C.1,Required Level of Education,RL,2,4.23,N
11-3021.00,5.C.1,Required Level of Education,RL,3,2.15,N
11-3021.00,5.C.1,Required Level of Education,RL,4,15.56,N
11-3021.00,5.C.1,Required Level of Education,RL,5,19.96,N
11-3021.00,5.C.1,Required Level of Education,RL,6,8.17,N
11-3021.00,5.C.1,Required Level of Education,RL,7,59.71,N
11-3021.00,5.C.1,Required Level of Education,RL,8,64.45,N
11-3021.00,5.C.1,Required Level of Education,RL,9,59.89,N
11-3021.00,5.C.1,Required Level of Education,RL,10,15.69,N
11-3021.00,5.C.1,Required Level of Education,RL,11,18.61,N
11-3021.00,5.C.1,Required Level of Education,RL,12,24.00,N
11-3031.00,5.C.1,Required Level of Education,RL,1,13.04,N
11-3031.00,5.C.1,Required Level of Education,RL,2,9.00,N
11-3031.00,5.C.1,Required Level of Education,RL,3,8.39,N
11-3031.00,5.C.1,Required Level of Education,RL,4,33.00,N
11-3031.00,5.C.1,Required Level of Education,RL,5,42.31,N
11-3031.00,5.C.1,Required Level of Education,RL,6,51.19,N
11-3031.00,5.C.1,Required Level of Education,RL,7,12.73,N
11-3031.00,5.C.1,Required Level of Education,RL,8,16.66,N
11-3031.00,5.C.1,Required Level of Education,RL,9,15.98,N
11-3031.00,5.C.1,Required Level of Education,RL,10,6.38,N
11-3031.00,5.C.1,Required Level of Education,RL,11,3.04,N
11-3031.00,5.C.1,Required Level of Education,RL,12,7.95,N
11-3051.00,5.C.1,Required Level of Education,RL,1,21.11,N
11-3051.00,5.C.1,Required Level of Education,RL,2,23.98,N
11-3051.00,5.C.1,Required Level of Education,RL,3,5.82,N
11-3051.00,5.C.1,Required Level of Education,RL,4,57.55,N
11-3051.00,5.C.1,Required Level of Education,RL,5,48.11,N
11-3051.00,5.C.1,Required Level of Education,RL,6,45.55,N
11-3051.00,5.C.1,Required Level of Education,RL,7,19.17,N
11-3051.00,5.C.1,Required Level of Education,RL,8,7.31,N
11-3051.00,5.C.1,Required Level of Education,RL,9,13.73,N
11-3051.00,5.C.1,Required Level of Education,RL,10,1.05,N
11-3051.00,5.C.1,Required Level of Education,RL,11,7.35,N
11-3051.00,5.C.1,Required Level of Education,RL,12,3.82,N
11-3061.00,5.C.1,Required Level of Education,RL,1,15.12,N
11-3061.00,5.C.1,Required Level of Education,RL,2,24.59,N
11-3061.00,5.C.1,Required Level of Education,RL,3,14.47,N
11-3061.00,5.C.1,Required Level of Education,RL,4,52.75,N
11-3061.00,5.C.1,Required Level of Education,RL,5,39.29,N
11-3061.00,5.C.1,Required Level of Education,RL,6,69.48,N
11-3061.00,5.C.1,Required Level of Education,RL,7,19.43,N
11-3061.00,5.C.1,Required Level of Education,RL,8,24.31,N
11-3061.00,5.C.1,Required Level of Education,RL,9,11.14,N
11-3061.00,5.C.1,Required Level of Education,RL,10,2.11,N
11-3061.00,5.C.1,Required Level of Education,RL,11,6.59,N
11-3061.00,5.C.1,Required Level of Education,RL,12,2.42,N
11-3071.00,5.C.1,Required Level of Education,RL,1,18.67,N
11-3071.00,5.C.1,Required Level of Education,RL,2,19.60,N
11-3071.00,5.C.1,Required Level of Education,RL,3,19.12,N
11-3071.00,5.C.1,Required Level of Education,RL,4,61.89,N
11-3071.00,5.C.1,Required Level of Education,RL,5,42.25,N
11-3071.00,5.C.1,Required Level of Education,RL,6,39.48,N
11-3071.00,5.C.1,Required Level of Education,RL,7,8.25,N
11-3071.00,5.C.1,Required Level of Education,RL,8,23.45,N
11-3071.00,5.C.1,Required Level of Education,RL,9,13.94,N
11-3071.00,5.C.1,Required Level of Education,RL,10,1.31,N
11-3071.00,5.C.1,Required Level of Education,RL,11,5.46,N
11-3071.00,5.C.1,Required Level of Education,RL,12,3.75,N
11-3111.00,5.C.1,Required Level of Education,RL,1,24.49,N
11-3111.00,5.C.1,Required Level of Education,RL,2,16.80,N
11-3111.00,5.C.1,Required Level of Education,RL,3,17.62,N
11-3111.00,5.C.1,Required Level of Education,RL,4,40.34,N
11-3111.00,5.C.1,Required Level of Education,RL,5,33.59,N
11-3111.00,5.C.1,Required Level of Education,RL,6,35.03,N
11-3111.00,5.C.1,Required Level of Education,RL,7,7.45,N
11-3111.00,5.C.1,Required Level of Education,RL,8,7.01,N
11-3111.00,5.C.1,Required Level of Education,RL,9,10.55,N
11-3111.00,5.C.1,Required Level of Education,RL,10,5.67,N
11-3111.00,5.C.1,Required Level of Education,RL,11,6.34,N
11-3111.00,5.C.1,Required Level of Education,RL,12,3.37,N
11-3121.00,5.C.1,Required Level of Education,RL,1,18.52,N
11-3121.00,5.C.1,Required Level of Education,RL,2,7.00,N
11-3121.00,5.C.1,Required Level of Education,RL,3,7.97,N
11-3121.00,5.C.1,Required Level of Education,RL,4,43.64,N
11-3121.00,5.C.1,Required Level of Education,RL,5,39.08,N
11-3121.00,5.C.1,Required Level of Education,RL,6,41.59,N
11-3121.00,5.C.1,Required Level of Education,RL,7,7.95,N
11-3121.00,5.C.1,Required Level of Education,RL,8,5.39,N
11-3121.00,5.C.1,Required Level of Education,RL,9,24.94,N
11-3121.00,5.C.1,Required Level of Education,RL,10,1.25,N
11-3121.00,5.C.1,Required Level of Education,RL,11,1.90,N
11-3121.00,5.C.1,Required Level of Education,RL,12,3.93,N
11-3131.00,5.C.1,Required Level of Education,RL,1,19.48,N
11-3131.00,5.C.1,Required Level of Education,RL,2,17.73,N
11-3131.00,5.C.1,Required Level of Education,RL,3,20.61,N
11-3131.00,5.C.1,Required Level of Education,RL,4,49.96,N
11-3131.00,5.C.1,Required Level of Education,RL,5,45.75,N
11-3131.00,5.C.1,Required Level of Education,RL,6,51.96,N
11-3131.00,5.C.1,Required Level of Education,RL,7,6.22,N
11-3131.00,5.C.1,Required Level of Education,RL,8,12.44,N
11-3131.00,5.C.1,Required Level of Education,RL,9,12.79,N
11-3131.00,5.C.1,Required Level of Education,RL,10,2.67,N
11-3131.00,5.C.1,Required Level of Education,RL,11,1.98,N
11-3131.00,5.C.1,Required Level of Education,RL,12,5.89,N
11-9013.00,5.C.1,Required Level of Education,RL,1,34.86,N
11-9013.00,5.C.1,Required Level of Education,RL,2,33.46,N
11-9013.00,5.C.1,Required Level of Education,RL,3,44.35,N
11-9013.00,5.C.1,Required Level of Education,RL,4,8.21,N
11-9013.00,5.C.1,Required Level of Education,RL,5,11.63,N
11-9013.00,5.C.1,Required Level of Education,RL,6,17.31,N
11-9013.00,5.C.1,Required Level of Education,RL,7,6.55,N
11-9013.00,5.C.1,Required Level of Education,RL,8,1.33,N
11-9013.00,5.C.1,Required Level of Education,RL,9,1.80,N
11-9013.00,5.C.1,Required Level of Education,RL,10,2.94,N
11-9013.00,5.C.1,Required Level of Education,RL,11,1.28,N
11-9013.00,5.C.1,Required Level of Education,RL,12,1.67,N
11-9021.00,5.C.1,Required Level of Education,RL,1,23.46,N
11-9021.00,5.C.1,Required Level of Education,RL,2,13.84,N
11-9021.00,5.C.1,Required Level of Education,RL,3,23.09,N
11-9021.00,5.C.1,Required Level of Education,RL,4,34.16,N
11-9021.00,5.C.1,Required Level of Education,RL,5,64.54,N
11-9021.00,5.C.1,Required Level of Education,RL,6,58.04,N
11-9021.00,5.C.1,Required Level of Education,RL,7,21.20,N
11-9021.00,5.C.1,Required Level of Education,RL,8,10.47,N
11-9021.00,5.C.1,Required Level of Education,RL,9,10.35,N
11-9021.00,5.C.1,Required Level of Education,RL,10,5.19,N
11-9021.00,5.C.1,Required Level of Education,RL,11,6.63,N
11-9021.00,5.C.1,Required Level of Education,RL,12,5.16,N
11-9031.00,5.C.1,Required Level of Education,RL,1,2.85,N
11-9031.00,5.C.1,Required Level of Education,RL,2,5.37,N
11-9031.00,5.C.1,Required Level of Education,RL,3,2.03,N
11-9031.00,5.C.1,Required Level of Education,RL,4,24.96,N
11-9031.00,5.C.1,Required Level of Education,RL,5,18.79,N
11-9031.00,5.C.1,Required Level of Education,RL,6,7.68,N
11-9031.00,5.C.1,Required Level of Education,RL,7,61.14,N
11-9031.00,5.C.1,Required Level of Education,RL,8,31.53,N
11-9031.00,5.C.1,Required Level of Education,RL,9,45.31,N
11-9031.00,5.C.1,Required Level of Education,RL,10,14.65,N
11-9031.00,5.C.1,Required Level of Education,RL,11,9.23,N
11-9031.00,5.C.1,Required Level of Education,RL,12,24.20,N
11-9032.00,5.C.1,Required Level of Education,RL,1,7.67,N
11-9032.00,5.C.1,Required Level of Education,RL,2,1.99,N
11-9032.00,5.C.1,Required Level of Education,RL,3,5.62,N
11-9032.00,5.C.1,Required Level of Education,RL,4,12.93,N
11-9032.00,5.C.1,Required Level of Education,RL,5,18.67,N
11-9032.00,5.C.1,Required Level of Education,RL,6,18.64,N
11-9032.00,5.C.1,Required Level of Education,RL,7,67.62,N
11-9032.00,5.C.1,Required Level of Education,RL,8,42.48,N
11-9032.00,5.C.1,Required Level of Education,RL,9,46.84,N
11-9032.00,5.C.1,Required Level of Education,RL,10,16.82,N
11-9032.00,5.C.1,Required Level of Education,RL,11,17.94,N
11-9032.00,5.C.1,Required Level of Education,RL,12,8.64,N
11-9033.00,5.C.1,Required Level of Education,RL,1,3.76,N
11-9033.00,5.C.1,Required Level of Education,RL,2,1.23,N
11-9033.00,5.C.1,Required Level of Education,RL,3,4.27,N
11-9033.00,5.C.1,Required Level of Education,RL,4,15.22,N
11-9033.00,5.C.1,Required Level of Education,RL,5,20.27,N
11-9033.00,5.C.1,Required Level of Education,RL,6,24.59,N
11-9033.00,5.C.1,Required Level of Education,RL,7,59.13,N
11-9033.00,5.C.1,Required Level of Education,RL,8,32.51,N
11-9033.00,5.C.1,Required Level of Education,RL,9,32.46,N
11-9033.00,5.C.1,Required Level of Education,RL,10,19.20,N
11-9033.00,5.C.1,Required Level of Education,RL,11,15.95,N
11-9033.00,5.C.1,Required Level of Education,RL,12,20.41,N
11-9039.00,5.C.1,Required Level of Education,RL,1,6.30,N
11-9039.00,5.C.1,Required Level of Education,RL,2,3.40,N
11-9039.00,5.C.1,Required Level of Education,RL,3,5.53,N
11-9039.00,5.C.1,Required Level of Education,RL,4,5.02,N
11-9039.00,5.C.1,Required Level of Education,RL,5,18.20,N
11-9039.00,5.C.1,Required Level of Education,RL,6,13.55,N
11-9039.00,5.C.1,Required Level of Education,RL,7,39.57,N
11-9039.00,5.C.1,Required Level of Education,RL,8,50.87,N
11-9039.00,5.C.1,Required Level of Education,RL,9,68.57,N
11-9039.00,5.C.1,Required Level of Education,RL,10,23.66,N
11-9039.00,5.C.1,Required Level of Education,RL,11,20.78,N
11-9039.00,5.C.1,Required Level of Education,RL,12,14.76,N
11-9041.00,5.C.1,Required Level of Education,RL,1,1.60,N
11-9041.00,5.C.1,Required Level of Education,RL,2,2.42,N
11-9041.00,5.C.1,Required Level of Education,RL,3,2.45,N
11-9041.00,5.C.1,Required Level of Education,RL,4,15.31,N
11-9041.00,5.C.1,Required Level of Education,RL,5,9.42,N
11-9041.00,5.C.1,Required Level of Education,RL,6,11.82,N
11-9041.00,5.C.1,Required Level of Education,RL,7,54.55,N
11-9041.00,5.C.1,Required Level of Education,RL,8,53.40,N
11-9041.00,5.C.1,Required Level of Education,RL,9,42.62,N
11-9041.00,5.C.1,Required Level of Education,RL,10,24.25,N
11-9041.00,5.C.1,Required Level of Education,RL,11,17.58,N
11-9041.00,5.C.1,Required Level of Education,RL,12,10.05,N
11-9051.00,5.C.1,Required Level of Education,RL,1,40.45,N
11-9051.00,5.C.1,Required Level of Education,RL,2,58.57,N
11-9051.00,5.C.1,Required Level of Education,RL,3,50.61,N
11-9051.00,5.C.1,Required Level of Education,RL,4,14.50,N
11-9051.00,5.C.1,Required Level of Education,RL,5,16.41,N
11-9051.00,5.C.1,Required Level of Education,RL,6,14.47,N
11-9051.00,5.C.1,Required Level of Education,RL,7,7.05,N
11-9051.00,5.C.1,Required Level of Education,RL,8,2.18,N
11-9051.00,5.C.1,Required Level of Education,RL,9,4.01,N
11-9051.00,5.C.1,Required Level of Education,RL,10,7.21,N
11-9051.00,5.C.1,Required Level of Education,RL,11,2.62,N
11-9051.00,5.C.1,Required Level of Education,RL,12,3.84,N
11-9061.00,5.C.1,Required Level of Education,RL,1,24.34,N
11-9061.00,5.C.1,Required Level of Education,RL,2,18.77,N
11-9061.00,5.C.1,Required Level of Education,RL,3,11.42,N
11-9061.00,5.C.1,Required Level of Education,RL,4,66.34,N
11-9061.00,5.C.1,Required Level of Education,RL,5,51.19,N
11-9061.00,5.C.1,Required Level of Education,RL,6,65.10,N
11-9061.00,5.C.1,Required Level of Education,RL,7,18.88,N
11-9061.00,5.C.1,Required Level of Education,RL,8,10.49,N
11-9061.00,5.C.1,Required Level of Education,RL,9,20.45,N
11-9061.00,5.C.1,Required Level of Education,RL,10,3.85,N
11-9061.00,5.C.1,Required Level of Education,RL,11,7.06,N
11-9061.00,5.C.1,Required Level of Education,RL,12,7.19,N
11-9071.00,5.C.1,Required Level of Education,RL,1,18.50,N
11-9071.00,5.C.1,Required Level of Education,RL,2,19.06,N
11-9071.00,5.C.1,Required Level of Education,RL,3,12.18,N
11-9071.00,5.C.1,Required Level of Education,RL,4,34.25,N
11-9071.00,5.C.1,Required Level of Education,RL,5,59.65,N
11-9071.00,5.C.1,Required Level of Education,RL,6,48.00,N
11-9071.00,5.C.1,Required Level of Education,RL,7,23.42,N
11-9071.00,5.C.1,Required Level of Education,RL,8,9.79,N
11-9071.00,5.C.1,Required Level of Education,RL,9,19.77,N
11-9071.00,5.C.1,Required Level of Education,RL,10,4.64,N
11-9071.00,5.C.1,Required Level of Education,RL,11,1.53,N
11-9071.00,5.C.1,Required Level of Education,RL,12,1.49,N
11-9081.00,5.C.1,Required Level of Education,RL,1,9.00,N
11-9081.00,5.C.1,Required Level of Education,RL,2,13.31,N
11-9081.00,5.C.1,Required Level of Education,RL,3,13.92,N
11-9081.00,5.C.1,Required Level of Education,RL,4,35.31,N
11-9081.00,5.C.1,Required Level of Education,RL,5,51.85,N
11-9081.00,5.C.1,Required Level of Education,RL,6,66.95,N
11-9081.00,5.C.1,Required Level of Education,RL,7,23.50,N
11-9081.00,5.C.1,Required Level of Education,RL,8,18.48,N
11-9081.00,5.C.1,Required Level of Education,RL,9,12.71,N
11-9081.00,5.C.1,Required Level of Education,RL,10,7.55,N
11-9081.00,5.C.1,Required Level of Education,RL,11,1.37,N
11-9081.00,5.C.1,Required Level of Education,RL,12,7.67,N
11-9111.00,5.C.1,Required Level of Education,RL,1,5.69,N
11-9111.00,5.C.1,Required Level of Education,RL,2,3.60,N
11-9111.00,5.C.1,Required Level of Education,RL,3,5.25,N
11-9111.00,5.C.1,Required Level of Education,RL,4,13.02,N
11-9111.00,5.C.1,Required Level of Education,RL,5,18.65,N
11-9111.00,5.C.1,Required Level of Education,RL,6,8.59,N
11-9111.00,5.C.1,Required Level of Education,RL,7,41.02,N
11-9111.00,5.C.1,Required Level of Education,RL,8,37.53,N
11-9111.00,5.C.1,Required Level of Education,RL,9,55.79,N
11-9111.00,5.C.1,Required Level of Education,RL,10,5.57,N
11-9111.00,5.C.1,Required Level of Education,RL,11,12.40,N
11-9111.00,5.C.1,Required Level of Education,RL,12,16.21,N
11-9121.00,5.C.1,Required Level of Education,RL,1,7.47,N
11-9121.00,5.C.1,Required Level of Education,RL,2,7.56,N
11-9121.00,5.C.1,Required Level of Education,RL,3,1.16,N
11-9121.00,5.C.1,Required Level of Education,RL,4,15.75,N
11-9121.00,5.C.1,Required Level of Education,RL,5,8.11,N
11-9121.00,5.C.1,Required Level of Education,RL,6,22.14,N
11-9121.00,5.C.1,Required Level of Education,RL,7,68.78,N
11-9121.00,5.C.1,Required Level of Education,RL,8,48.98,N
11-9121.00,5.C.1,Required Level of Education,RL,9,69.13,N
11-9121.00,5.C.1,Required Level of Education,RL,10,20.78,N
11-9121.00,5.C.1,Required Level of Education,RL,11,5.51,N
11-9121.00,5.C.1,Required Level of Education,RL,12,20.63,N
11-9131.00,5.C.1,Required Level of Education,RL,1,15.48,N
11-9131.00,5.C.1,Required Level of Education,RL,2,12.43,N
11-9131.00,5.C.1,Required Level of Education,RL,3,22.43,N
11-9131.00,5.C.1,Required Level of Education,RL,4,66.55,N
11-9131.00,5.C.1,Required Level of Education,RL,5,34.54,N
11-9131.00,5.C.1,Required Level of Education,RL,6,41.56,N
11-9131.00,5.C.1,Required Level of Education,RL,7,21.99,N
11-9131.00,5.C.1,Required Level of Education,RL,8,13.87,N
11-9131.00,5.C.1,Required Level of Education,RL,9,12.44,N
11-9131.00,5.C.1,Required Level of Education,RL,10,6.80,N
11-9131.00,5.C.1,Required Level of Education,RL,11,6.20,N
11-9131.00,5.C.1,Required Level of Education,RL,12,7.67,N
11-9141.00,5.C.1,Required Level of Education,RL,1,18.15,N
11-9141.00,5.C.1,Required Level of Education,RL,2,23.92,N
11-9141.00,5.C.1,Required Level of Education,RL,3,21.94,N
11-9141.00,5.C.1,Required Level of Education,RL,4,65.48,N
11-9141.00,5.C.1,Required Level of Education,RL,5,50.65,N
11-9141.00,5.C.1,Required Level of Education,RL,6,65.52,N
11-9141.00,5.C.1,Required Level of Education,RL,7,9.42,N
11-9141.00,5.C.1,Required Level of Education,RL,8,24.66,N
11-9141.00,5.C.1,Required Level of Education,RL,9,16.38,N
11-9141.00,5.C.1,Required Level of Education,RL,10,7.94,N
11-9141.00,5.C.1,Required Level of Education,RL,11,6.11,N
11-9141.00,5.C.1,Required Level of Education,RL,12,3.40,N
11-9151.00,5.C.1,Required Level of Education,RL,1,17.05,N
11-9151.00,5.C.1,Required Level of Education,RL,2,23.23,N
11-9151.00,5.C.1,Required Level of Education,RL,3,12.41,N
11-9151.00,5.C.1,Required Level of Education,RL,4,30.79,N
11-9151.00,5.C.1,Required Level of Education,RL,5,40.51,N
11-9151.00,5.C.1,Required Level of Education,RL,6,39.88,N
11-9151.00,5.C.1,Required Level of Education,RL,7,15.71,N
11-9151.00,5.C.1,Required Level of Education,RL,8,18.40,N
11-9151.00,5.C.1,Required Level of Education,RL,9,12.92,N
11-9151.00,5.C.1,Required Level of Education,RL,10,5.65,N
11-9151.00,5.C.1,Required Level of Education,RL,11,3.35,N
11-9151.00,5.C.1,Required Level of Education,RL,12,4.51,N
11-9161.00,5.C.1,Required Level of Education,RL,1,13.82,N
11-9161.00,5.C.1,Required Level of Education,RL,2,8.58,N
11-9161.00,5.C.1,Required Level of Education,RL,3,19.57,N
11-9161.00,5.C.1,Required Level of Education,RL,4,62.93,N
11-9161.00,5.C.1,Required Level of Education,RL,5,69.16,N
11-9161.00,5.C.1,Required Level of Education,RL,6,60.78,N
11-9161.00,5.C.1,Required Level of Education,RL,7,6.34,N
11-9161.00,5.C.1,Required Level of Education,RL,8,6.92,N
11-9161.00,5.C.1,Required Level of Education,RL,9,7.98,N
11-9161.00,5.C.1,Required Level of Education,RL,10,1.31,N
11-9161.00,5.C.1,Required Level of Education,RL,11,4.84,N
11-9161.00,5.C.1,Required Level of Education,RL,12,5.33,N
11-9171.00,5.C.1,Required Level of Education,RL,1,11.98,N
11-9171.00,5.C.1,Required Level of Education,RL,2,21.71,N
11-9171.00,5.C.1,Required Level of Education,RL,3,16.42,N
11-9171.00,5.C.1,Required Level of Education,RL,4,65.02,N
11-9171.00,5.C.1,Required Level of Education,RL,5,41.99,N
11-9171.00,5.C.1,Required Level of Education,RL,6,65.72,N
11-9171.00,5.C.1,Required Level of Education,RL,7,15.74,N
11-9171.00,5.C.1,Required Level of Education,RL,8,22.80,N
11-9171.00,5.C.1,Required Level of Education,RL,9,9.90,N
11-9171.00,5.C.1,Required Level of Education,RL,10,6.29,N
11-9171.00,5.C.1,Required Level of Education,RL,11,1.58,N
11-9171.00,5.C.1,Required Level of Education,RL,12,4.07,N
11-9199.00,5.C.1,Required Level of Education,RL,1,6.54,N
11-9199.00,5.C.1,Required Level of Education,RL,2,6.94,N
11-9199.00,5.C.1,Required Level of Education,RL,3,21.90,N
11-9199.00,5.C.1,Required Level of Education,RL,4,60.34,N
11-9199.00,5.C.1,Required Level of Education,RL,5,63.90,N
11-9199.00,5.C.1,Required Level of Education,RL,6,51.32,N
11-9199.00,5.C.1,Required Level of Education,RL,7,8.64,N
11-9199.00,5.C.1,Required Level of Education,RL,8,9.00,N
11-9199.00,5.C.1,Required Level of Education,RL,9,9.98,N
11-9199.00,5.C.1,Required Level of Education,RL,10,4.88,N
11-9199.00,5.C.1,Required Level of Education,RL,11,3.11,N
11-9199.00,5.C.1,Required Level of Education,RL,12,7.04,N
13-1011.00,5.C.1,Required Level of Education,RL,1,16.08,N
13-1011.00,5.C.1,Required Level of Education,RL,2,20.82,N
13-1011.00,5.C.1,Required Level of Education,RL,3,14.57,N
13-1011.00,5.C.1,Required Level of Education,RL,4,51.59,N
13-1011.00,5.C.1,Required Level of Education,RL,5,30.06,N
13-1011.00,5.C.1,Required Level of Education,RL,6,66.54,N
13-1011.00,5.C.1,Required Level of Education,RL,7,22.40,N
13-1011.00,5.C.1,Required Level of Education,RL,8,17.66,N
13-1011.00,5.C.1,Required Level of Education,RL,9,14.44,N
13-1011.00,5.C.1,Required Level of Education,RL,10,3.55,N
13-1011.00,5.C.1,Required Level of Education,RL,11,7.75,N
13-1011.00,5.C.1,Required Level of Education,RL,12,4.50,N
13-1021.00,5.C.1,Required Level of Education,RL,1,8.22,N
13-1021.00,5.C.1,Required Level of Education,RL,2,16.94,N
13-1021.00,5.C.1,Required Level of Education,RL,3,7.49,N
13-1021.00,5.C.1,Required Level of Education,RL,4,60.76,N
13-1021.00,5.C.1,Required Level of Education,RL,5,51.66,N
13-1021.00,5.C.1,Required Level of Education,RL,6,31.46,N
13-1021.00,5.C.1,Required Level of Education,RL,7,7.02,N
13-1021.00,5.C.1,Required Level of Education,RL,8,23.97,N
13-1021.00,5.C.1,Required Level of Education,RL,9,14.00,N
13-1021.00,5.C.1,Required Level of Education,RL,10,7.51,N
13-1021.00,5.C.1,Required Level of Education,RL,11,2.59,N
13-1021.00,5.C.1,Required Level of Education,RL,12,5.79,N
13-1022.00,5.C.1,Required Level of Education,RL,1,6.07,N
13-1022.00,5.C.1,Required Level of Education,RL,2,18.44,N
13-1022.00,5.C.1,Required Level of Education,RL,3,17.35,N
13-1022.00,5.C.1,Required Level of Education,RL,4,42.58,N
13-1022.00,5.C.1,Required Level of Education,RL,5,44.51,N
13-1022.00,5.C.1,Required Level of Education,RL,6,34.00,N
13-1022.00,5.C.1,Required Level of Education,RL,7,20.51,N
13-1022.00,5.C.1,Required Level of Education,RL,8,22.83,N
13-1022.00,5.C.1,Required Level of Education,RL,9,10.38,N
13-1022.00,5.C.1,Required Level of Education,RL,10,7.28,N
13-1022.00,5.C.1,Required Level of Education,RL,11,1.52,N
13-1022.00,5.C.1,Required Level of Education,RL,12,4.83,N
13-1023.00,5.C.1,Required Level of Education,RL,1,6.65,N
13-1023.00,5.C.1,Required Level of Education,RL,2,22.79,N
13-1023.00,5.C.1,Required Level of Education,RL,3,19.62,N
13-1023.00,5.C.1,Required Level of Education,RL,4,66.45,N
13-1023.00,5.C.1,Required Level of Education,RL,5,64.01,N
13-1023.00,5.C.1,Required Level of Education,RL,6,37.60,N
13-1023.00,5.C.1,Required Level of Education,RL,7,16.21,N
13-1023.00,5.C.1,Required Level of Education,RL,8,9.70,N
13-1023.00,5.C.1,Required Level of Education,RL,9,18.58,N
13-1023.00,5.C.1,Required Level of Education,RL,10,4.32,N
13-1023.00,5.C.1,Required Level of Education,RL,11,6.69,N
13-1023.00,5.C.1,Required Level of Education,RL,12,5.35,N
13-1031.00,5.C.1,Required Level of Education,RL,1,7.48,N
13-1031.00,5.C.1,Required Level of Education,RL,2,13.97,N
13-1031.00,5.C.1,Required Level of Education,RL,3,5.46,N
13-1031.00,5.C.1,Required Level of Education,RL,4,62.36,N
13-1031.00,5.C.1,Required Level of Education,RL,5,56.30,N
13-1031.00,5.C.1,Required Level of Education,RL,6,35.80,N
13-1031.00,5.C.1,Required Level of Education,RL,7,10.73,N
13-1031.00,5.C.1,Required Level of Education,RL,8,18.23,N
13-1031.00,5.C.1,Required Level of Education,RL,9,22.27,N
13-1031.00,5.C.1,Required Level of Education,RL,10,3.77,N
13-1031.00,5.C.1,Required Level of Education,RL,11,5.97,N
13-1031.00,5.C.1,Required Level of Education,RL,12,4.57,N
13-1041.00,5.C.1,Required Level of Education,RL,1,6.80,N
13-1041.00,5.C.1,Required Level of Education,RL,2,15.29,N
13-1041.00,5.C.1,Required Level of Education,RL,3,15.93,N
13-1041.00,5.C.1,Required Level of Education,RL,4,49.87,N
13-1041.00,5.C.1,Required Level of Education,RL,5,45.70,N
13-1041.00,5.C.1,Required Level of Education,RL,6,62.48,N
13-1041.00,5.C.1,Required Level of Education,RL,7,11.26,N
13-1041.00,5.C.1,Required Level of Education,RL,8,10.91,N
13-1041.00,5.C.1,Required Level of Education,RL,9,11.37,N
13-1041.00,5.C.1,Required Level of Education,RL,10,3.77,N
13-1041.00,5.C.1,Required Level of Education,RL,11,7.20,N
13-1041.00,5.C.1,Required Level of Education,RL,12,1.06,N
13-1051.00,5.C.1,Required Level of Education,RL,1,6.51,N
13-1051.00,5.C.1,Required Level of Education,RL,2,11.20,N
13-1051.00,5.C.1,Required Level of Education,RL,3,11.45,N
13-1051.00,5.C.1,Required Level of Education,RL,4,50.40,N
13-1051.00,5.C.1,Required Level of Education,RL,5,59.91,N
13-1051.00,5.C.1,Required Level of Education,RL,6,65.35,N
13-1051.00,5.C.1,Required Level of Education,RL,7,22.29,N
13-1051.00,5.C.1,Required Level of Education,RL,8,15.82,N
13-1051.00,5.C.1,Required Level of Education,RL,9,6.02,N
13-1051.00,5.C.1,Required Level of Education,RL,10,2.57,N
13-1051.00,5.C.1,Required Level of Education,RL,11,7.37,N
13-1051.00,5.C.1,Required Level of Education,RL,12,6.01,N
13-1061.00,5.C.1,Required Level of Education,RL,1,11.01,N
13-1061.00,5.C.1,Required Level of Education,RL,2,16.90,N
13-1061.00,5.C.1,Required Level of Education,RL,3,19.13,N
13-1061.00,5.C.1,Required Level of Education,RL,4,30.27,N
13-1061.00,5.C.1,Required Level of Education,RL,5,48.73,N
13-1061.00,5.C.1,Required Level of Education,RL,6,43.17,N
13-1061.00,5.C.1,Required Level of Education,RL,7,22.07,N
13-1061.00,5.C.1,Required Level of Education,RL,8,15.99,N
13-1061.00,5.C.1,Required Level of Education,RL,9,10.20,N
13-1061.00,5.C.1,Required Level of Education,RL,10,2.65,N
13-1061.00,5.C.1,Required Level of Education,RL,11,4.75,N
13-1061.00,5.C.1,Required Level of Education,RL,12,3.73,N
13-1071.00,5.C.1,Required Level of Education,RL,1,5.24,N
13-1071.00,5.C.1,Required Level of Education,RL,2,7.48,N
13-1071.00,5.C.1,Required Level of Education,RL,3,8.52,N
13-1071.00,5.C.1,Required Level of Education,RL,4,34.96,N
13-1071.00,5.C.1,Required Level of Education,RL,5,54.48,N
13-1071.00,5.C.1,Required Level of Education,RL,6,35.27,N
13-1071.00,5.C.1,Required Level of Education,RL,7,12.92,N
13-1071.00,5.C.1,Required Level of Education,RL,8,9.95,N
13-1071.00,5.C.1,Required Level of Education,RL,9,8.34,N
13-1071.00,5.C.1,Required Level of Education,RL,10,1.42,N
13-1071.00,5.C.1,Required Level of Education,RL,11,6.59,N
13-1071.00,5.C.1,Required Level of Education,RL,12,5.47,N
13-1075.00,5.C.1,Required Level of Education,RL,1,8.99,N
13-1075.00,5.C.1,Required Level of Education,RL,2,23.01,N
13-1075.00,5.C.1,Required Level of Education,RL,3,15.31,N
13-1075.00,5.C.1,Required Level of Education,RL,4,62.05,N
13-1075.00,5.C.1,Required Level of Education,RL,5,52.74,N
13-1075.00,5.C.1,Required Level of Education,RL,6,30.39,N
13-1075.00,5.C.1,Required Level of Education,RL,7,17.17,N
13-1075.00,5.C.1,Required Level of Education,RL,8,21.15,N
13-1075.00,5.C.1,Required Level of Education,RL,9,24.16,N
13-1075.00,5.C.1,Required Level of Education,RL,10,4.75,N
13-1075.00,5.C.1,Required Level of Education,RL,11,3.99,N
13-1075.00,5.C.1,Required Level of Education,RL,12,5.09,N
13-1081.00,5.C.1,Required Level of Education,RL,1,13.57,N
13-1081.00,5.C.1,Required Level of Education,RL,2,8.52,N
13-1081.00,5.C.1,Required Level of Education,RL,3,5.44,N
13-1081.00,5.C.1,Required Level of Education,RL,4,66.51,N
13-1081.00,5.C.1,Required Level of Education,RL,5,37.98,N
13-1081.00,5.C.1,Required Level of Education,RL,6,41.69,N
13-1081.00,5.C.1,Required Level of Education,RL,7,7.74,N
13-1081.00,5.C.1,Required Level of Education,RL,8,21.92,N
13-1081.00,5.C.1,Required Level of Education,RL,9,12.68,N
13-1081.00,5.C.1,Required Level of Education,RL,10,2.64,N
13-1081.00,5.C.1,Required Level of Education,RL,11,5.22,N
13-1081.00,5.C.1,Required Level of Education,RL,12,1.41,N
13-1082.00,5.C.1,Required Level of Education,RL,1,11.43,N
13-1082.00,5.C.1,Required Level of Education,RL,2,10.67,N
13-1082.00,5.C.1,Required Level of Education,RL,3,12.23,N
13-1082.00,5.C.1,Required Level of Education,RL,4,46.11,N
13-1082.00,5.C.1,Required Level of Education,RL,5,47.96,N
13-1082.00,5.C.1,Required Level of Education,RL,6,31.09,N
13-1082.00,5.C.1,Required Level of Education,RL,7,19.35,N
13-1082.00,5.C.1,Required Level of Education,RL,8,5.83,N
13-1082.00,5.C.1,Required Level of Education,RL,9,16.82,N
13-1082.00,5.C.1,Required Level of Education,RL,10,1.27,N
13-1082.00,5.C.1,Required Level of Education,RL,11,4.79,N
13-1082.00,5.C.1,Required Level of Education,RL,12,7.18,N
13-1111.00,5.C.1,Required Level of Education,RL,1,15.08,N
13-1111.00,5.C.1,Required Level of Education,RL,2,17.78,N
13-1111.00,5.C.1,Required Level of Education,RL,3,6.67,N
13-1111.00,5.C.1,Required Level of Education,RL,4,46.77,N
13-1111.00,5.C.1,Required Level of Education,RL,5,43.83,N
13-1111.00,5.C.1,Required Level of Education,RL,6,62.06,N
13-1111.00,5.C.1,Required Level of Education,RL,7,15.99,N
13-1111.00,5.C.1,Required Level of Education,RL,8,10.75,N
13-1111.00,5.C.1,Required Level of Education,RL,9,19.20,N
13-1111.00,5.C.1,Required Level of Education,RL,10,5.75,N
13-1111.00,5.C.1,Required Level of Education,RL,11,6.44,N
13-1111.00,5.C.1,Required Level of Education,RL,12,6.82,N
13-1121.00,5.C.1,Required Level of Education,RL,1,9.43,N
13-1121.00,5.C.1,Required Level of Education,RL,2,16.50,N
13-1121.00,5.C.1,Required Level of Education,RL,3,24.87,N
13-1121.00,5.C.1,Required Level of Education,RL,4,39.92,N
13-1121.00,5.C.1,Required Level of Education,RL,5,59.18,N
13-1121.00,5.C.1,Required Level of Education,RL,6,66.11,N
13-1121.00,5.C.1,Required Level of Education,RL,7,9.15,N
13-1121.00,5.C.1,Required Level of Education,RL,8,22.69,N
13-1121.00,5.C.1,Required Level of Education,RL,9,8.82,N
13-1121.00,5.C.1,Required Level of Education,RL,10,6.99,N
13-1121.00,5.C.1,Required Level of Education,RL,11,1.58,N
13-1121.00,5.C.1,Required Level of Education,RL,12,1.11,N
13-1131.00,5.C.1,Required Level of Education,RL,1,6.91,N
13-1131.00,5.C.1,Required Level of Education,RL,2,8.19,N
13-1131.00,5.C.1,Required Level of Education,RL,3,19.43,N
13-1131.00,5.C.1,Required Level of Education,RL,4,44.05,N
13-1131.00,5.C.1,Required Level of Education,RL,5,39.50,N
13-1131.00,5.C.1,Required Level of Education,RL,6,44.79,N
13-1131.00,5.C.1,Required Level of Education,RL,7,5.14,N
13-1131.00,5.C.1,Required Level of Education,RL,8,16.33,N
13-1131.00,5.C.1,Required Level of Education,RL,9,24.11,N
13-1131.00,5.C.1,Required Level of Education,RL,10,1.46,N
13-1131.00,5.C.1,Required Level of Education,RL,11,1.38,N
13-1131.00,5.C.1,Required Level of Education,RL,12,7.17,N
13-1141.00,5.C.1,Required Level of Education,RL,1,21.27,N
13-1141.00,5.C.1,Required Level of Education,RL,2,5.66,N
13-1141.00,5.C.1,Required Level of Education,RL,3,6.07,N
13-1141.00,5.C.1,Required Level of Education,RL,4,50.77,N
13-1141.00,5.C.1,Required Level of Education,RL,5,57.41,N
13-1141.00,5.C.1,Required Level of Education,RL,6,61.59,N
13-1141.00,5.C.1,Required Level of Education,RL,7,24.33,N
13-1141.00,5.C.1,Required Level of Education,RL,8,24.54,N
13-1141.00,5.C.1,Required Level of Education,RL,9,12.76,N
13-1141.00,5.C.1,Required Level of Education,RL,10,1.20,N
13-1141.00,5.C.1,Required Level of Education,RL,11,2.77,N
13-1141.00,5.C.1,Required Level of Education,RL,12,6.59,N
13-1151.00,5.C.1,Required Level of Education,RL,1,7.42,N
13-1151.00,5.C.1,Required Level of Education,RL,2,10.27,N
13-1151.00,5.C.1,Required Level of Education,RL,3,12.85,N
13-1151.00,5.C.1,Required Level of Education,RL,4,36.43,N
13-1151.00,5.C.1,Required Level of Education,RL,5,48.67,N
13-1151.00,5.C.1,Required Level of Education,RL,6,53.79,N
13-1151.00,5.C.1,Required Level of Education,RL,7,20.99,N
13-1151.00,5.C.1,Required Level of Education,RL,8,22.01,N
13-1151.00,5.C.1,Required Level of Education,RL,9,24.83,N
13-1151.00,5.C.1,Required Level of Education,RL,10,2.97,N
13-1151.00,5.C.1,Required Level of Education,RL,11,7.74,N
13-1151.00,5.C.1,Required Level of Education,RL,12,4.30,N
13-1161.00,5.C.1,Required Level of Education,RL,1,19.49,N
13-1161.00,5.C.1,Required Level of Education,RL,2,10.27,N
13-1161.00,5.C.1,Required Level of Education,RL,3,10.61,N
13-1161.00,5.C.1,Required Level of Education,RL,4,56.86,N
13-1161.00,5.C.1,Required Level of Education,RL,5,52.75,N
13-1161.00,5.C.1,Required Level of Education,RL,6,55.41,N
13-1161.00,5.C.1,Required Level of Education,RL,7,10.35,N
13-1161.00,5.C.1,Required Level of Education,RL,8,19.06,N
13-1161.00,5.C.1,Required Level of Education,RL,9,17.47,N
13-1161.00,5.C.1,Required Level of Education,RL,10,5.29,N
13-1161.00,5.C.1,Required Level of Education,RL,11,4.66,N
13-1161.00,5.C.1,Required Level of Education,RL,12,3.14,N
13-1199.00,5.C.1,Required Level of Education,RL,1,17.01,N
13-1199.00,5.C.1,Required Level of Education,RL,2,19.24,N
13-1199.00,5.C.1,Required Level of Education,RL,3,16.90,N
13-1199.00,5.C.1,Required Level of Education,RL,4,53.93,N
13-1199.00,5.C.1,Required Level of Education,RL,5,56.58,N
13-1199.00,5.C.1,Required Level of Education,RL,6,40.00,N
13-1199.00,5.C.1,Required Level of Education,RL,7,22.29,N
13-1199.00,5.C.1,Required Level of Education,RL,8,7.20,N
13-1199.00,5.C.1,Required Level of Education,RL,9,8.82,N
13-1199.00,5.C.1,Required Level of Education,RL,10,1.68,N
13-1199.00,5.C.1,Required Level of Education,RL,11,6.44,N
13-1199.00,5.C.1,Required Level of Education,RL,12,1.81,N
13-2011.00,5.C.1,Required Level of Education,RL,1,17.91,N
13-2011.00,5.C.1,Required Level of Education,RL,2,5.75,N
13-2011.00,5.C.1,Required Level of Education,RL,3,13.84,N
13-2011.00,5.C.1,Required Level of Education,RL,4,58.82,N
13-2011.00,5.C.1,Required Level of Education,RL,5,34.21,N
13-2011.00,5.C.1,Required Level of Education,RL,6,65.97,N
13-2011.00,5.C.1,Required Level of Education,RL,7,5.82,N
13-2011.00,5.C.1,Required Level of Education,RL,8,5.60,N
13-2011.00,5.C.1,Required Level of Education,RL,9,21.81,N
13-2011.00,5.C.1,Required Level of Education,RL,10,3.91,N
13-2011.00,5.C.1,Required Level of Education,RL,11,5.43,N
13-2011.00,5.C.1,Required Level of Education,RL,12,1.82,N
13-2021.00,5.C.1,Required Level of Education,RL,1,10.39,N
13-2021.00,5.C.1,Required Level of Education,RL,2,15.80,N
13-2021.00,5.C.1,Required Level of Education,RL,3,5.89,N
13-2021.00,5.C.1,Required Level of Education,RL,4,54.55,N
13-2021.00,5.C.1,Required Level of Education,RL,5,36.39,N
13-2021.00,5.C.1,Required Level of Education,RL,6,56.16,N
13-2021.00,5.C.1,Required Level of Education,RL,7,15.58,N
13-2021.00,5.C.1,Required Level of Education,RL,8,7.13,N
13-2021.00,5.C.1,Required Level of Education,RL,9,5.16,N
13-2021.00,5.C.1,Required Level of Education,RL,10,5.38,N
13-2021.00,5.C.1,Required Level of Education,RL,11,1.29,N
13-2021.00,5.C.1,Required Level of Education,RL,12,6.62,N
13-2031.00,5.C.1,Required Level of Education,RL,1,24.18,N
13-2031.00,5.C.1,Required Level of Education,RL,2,16.61,N
13-2031.00,5.C.1,Required Level of Education,RL,3,7.42,N
13-2031.00,5.C.1,Required Level of Education,RL,4,53.46,N
13-2031.00,5.C.1,Required Level of Education,RL,5,38.17,N
13-2031.00,5.C.1,Required Level of Education,RL,6,31.01,N
13-2031.00,5.C.1,Required Level of Education,RL,7,5.34,N
13-2031.00,5.C.1,Required Level of Education,RL,8,20.78,N
13-2031.00,5.C.1,Required Level of Education,RL,9,14.48,N
13-2031.00,5.C.1,Required Level of Education,RL,10,7.46,N
13-2031.00,5.C.1,Required Level of Education,RL,11,2.56,N
13-2031.00,5.C.1,Required Level of Education,RL,12,7.37,N
13-2041.00,5.C.1,Required Level of Education,RL,1,5.39,N
13-2041.00,5.C.1,Required Level of Education,RL,2,14.40,N
13-2041.00,5.C.1,Required Level of Education,RL,3,6.61,N
13-2041.00,5.C.1,Required Level of Education,RL,4,32.57,N
13-2041.00,5.C.1,Required Level of Education,RL,5,52.82,N
13-2041.00,5.C.1,Required Level of Education,RL,6,56.99,N
13-2041.00,5.C.1,Required Level of Education,RL,7,12.34,N
13-2041.00,5.C.1,Required Level of Education,RL,8,16.48,N
13-2041.00,5.C.1,Required Level of Education,RL,9,14.82,N
13-2041.00,5.C.1,Required Level of Education,RL,10,1.51,N
13-2041.00,5.C.1,Required Level of Education,RL,11,1.81,N
13-2041.00,5.C.1,Required Level of Education,RL,12,1.89,N
13-2051.00,5.C.1,Required Level of Education,RL,1,19.65,N
13-2051.00,5.C.1,Required Level of Education,RL,2,14.39,N
13-2051.00,5.C.1,Required Level of Education,RL,3,6.98,N
13-2051.00,5.C.1,Required Level of Education,RL,4,35.56,N
13-2051.00,5.C.1,Required Level of Education,RL,5,52.96,N
13-2051.00,5.C.1,Required Level of Education,RL,6,57.85,N
13-2051.00,5.C.1,Required Level of Education,RL,7,20.74,N
13-2051.00,5.C.1,Required Level of Education,RL,8,12.62,N
13-2051.00,5.C.1,Required Level of Education,RL,9,16.12,N
13-2051.00,5.C.1,Required Level of Education,RL,10,6.42,N
13-2051.00,5.C.1,Required Level of Education,RL,11,7.06,N
13-2051.00,5.C.1,Required Level of Education,RL,12,3.74,N
13-2052.00,5.C.1,Required Level of Education,RL,1,15.04,N
13-2052.00,5.C.1,Required Level of Education,RL,2,20.75,N
13-2052.00,5.C.1,Required Level of Education,RL,3,16.77,N
13-2052.00,5.C.1,Required Level of Education,RL,4,37.82,N
13-2052.00,5.C.1,Required Level of Education,RL,5,48.69,N
13-2052.00,5.C.1,Required Level of Education,RL,6,45.16,N
13-2052.00,5.C.1,Required Level of Education,RL,7,12.31,N
13-2052.00,5.C.1,Required Level of Education,RL,8,14.99,N
13-2052.00,5.C.1,Required Level of Education,RL,9,14.18,N
13-2052.00,5.C.1,Required Level of Education,RL,10,5.43,N
13-2052.00,5.C.1,Required Level of Education,RL,11,7.17,N
13-2052.00,5.C.1,Required Level of Education,RL,12,7.57,N
13-2053.00,5.C.1,Required Level of Education,RL,1,8.61,N
13-2053.00,5.C.1,Required Level of Education,RL,2,17.30,N
13-2053.00,5.C.1,Required Level of Education,RL,3,19.00,N
13-2053.00,5.C.1,Required Level of Education,RL,4,61.40,N
13-2053.00,5.C.1,Required Level of Education,RL,5,60.92,N
13-2053.00,5.C.1,Required Level of Education,RL,6,59.76,N
13-2053.00,5.C.1,Required Level of Education,RL,7,9.51,N
13-2053.00,5.C.1,Required Level of Education,RL,8,9.86,N
13-2053.00,5.C.1,Required Level of Education,RL,9,15.98,N
13-2053.00,5.C.1,Required Level of Education,RL,10,3.51,N
13-2053.00,5.C.1,Required Level of Education,RL,11,6.06,N
13-2053.00,5.C.1,Required Level of Education,RL,12,7.85,N
13-2061.00,5.C.1,Required Level of Education,RL,1,18.12,N
13-2061.00,5.C.1,Required Level of Education,RL,2,20.87,N
13-2061.00,5.C.1,Required Level of Education,RL,3,6.09,N
13-2061.00,5.C.1,Required Level of Education,RL,4,42.45,N
13-2061.00,5.C.1,Required Level of Education,RL,5,61.04,N
13-2061.00,5.C.1,Required Level of Education,RL,6,34.17,N
13-2061.00,5.C.1,Required Level of Education,RL,7,10.44,N
13-2061.00,5.C.1,Required Level of Education,RL,8,10.23,N
13-2061.00,5.C.1,Required Level of Education,RL,9,15.73,N
13-2061.00,5.C.1,Required Level of Education,RL,10,3.09,N
13-2061.00,5.C.1,Required Level of Education,RL,11,2.21,N
13-2061.00,5.C.1,Required Level of Education,RL,12,4.33,N
13-2071.00,5.C.1,Required Level of Education,RL,1,14.88,N
13-2071.00,5.C.1,Required Level of Education,RL,2,9.20,N
13-2071.00,5.C.1,Required Level of Education,RL,3,14.72,N
13-2071.00,5.C.1,Required Level of Education,RL,4,65.85,N
13-2071.00,5.C.1,Required Level of Education,RL,5,36.62,N
13-2071.00,5.C.1,Required Level of Education,RL,6,64.11,N
13-2071.00,5.C.1,Required Level of Education,RL,7,13.20,N
13-2071.00,5.C.1,Required Level of Education,RL,8,21.84,N
13-2071.00,5.C.1,Required Level of Education,RL,9,16.96,N
13-2071.00,5.C.1,Required Level of Education,RL,10,1.27,N
13-2071.00,5.C.1,Required Level of Education,RL,11,6.03,N
13-2071.00,5.C.1,Required Level of Education,RL,12,6.89,N
13-2072.00,5.C.1,Required Level of Education,RL,1,14.58,N
13-2072.00,5.C.1,Required Level of Education,RL,2,5.12,N
13-2072.00,5.C.1,Required Level of Education,RL,3,20.53,N
13-2072.00,5.C.1,Required Level of Education,RL,4,58.34,N
13-2072.00,5.C.1,Required Level of Education,RL,5,31.23,N
13-2072.00,5.C.1,Required Level of Education,RL,6,38.18,N
13-2072.00,5.C.1,Required Level of Education,RL,7,5.87,N
13-2072.00,5.C.1,Required Level of Education,RL,8,14.97,N
13-2072.00,5.C.1,Required Level of Education,RL,9,17.97,N
13-2072.00,5.C.1,Required Level of Education,RL,10,5.05,N
13-2072.00,5.C.1,Required Level of Education,RL,11,2.26,N
13-2072.00,5.C.1,Required Level of Education,RL,12,4.78,N
13-2081.00,5.C.1,Required Level of Education,RL,1,6.32,N
13-2081.00,5.C.1,Required Level of Education,RL,2,13.90,N
13-2081.00,5.C.1,Required Level of Education,RL,3,24.60,N
13-2081.00,5.C.1,Required Level of Education,RL,4,37.15,N
13-2081.00,5.C.1,Required Level of Education,RL,5,52.12,N
13-2081.00,5.C.1,Required Level of Education,RL,6,35.77,N
13-2081.00,5.C.1,Required Level of Education,RL,7,20.57,N
13-2081.00,5.C.1,Required Level of Education,RL,8,21.09,N
13-2081.00,5.C.1,Required Level of Education,RL,9,17.77,N
13-2081.00,5.C.1,Required Level of Education,RL,10,3.99,N
13-2081.00,5.C.1,Required Level of Education,RL,11,3.71,N
13-2081.00,5.C.1,Required Level of Education,RL,12,5.84,N
13-2082.00,5.C.1,Required Level of Education,RL,1,37.36,N
13-2082.00,5.C.1,Required Level of Education,RL,2,34.41,N
13-2082.00,5.C.1,Required Level of Education,RL,3,30.12,N
13-2082.00,5.C.1,Required Level of Education,RL,4,19.95,N
13-2082.00,5.C.1,Required Level of Education,RL,5,20.78,N
13-2082.00,5.C.1,Required Level of Education,RL,6,21.75,N
13-2082.00,5.C.1,Required Level of Education,RL,7,7.80,N
13-2082.00,5.C.1,Required Level of Education,RL,8,5.03,N
13-2082.00,5.C.1,Required Level of Education,RL,9,5.29,N
13-2082.00,5.C.1,Required Level of Education,RL,10,6.64,N
13-2082.00,5.C.1,Required Level of Education,RL,11,1.74,N
13-2082.00,5.C.1,Required Level of Education,RL,12,7.39,N
13-2099.00,5.C.1,Required Level of Education,RL,1,22.43,N
13-2099.00,5.C.1,Required Level of Education,RL,2,9.93,N
13-2099.00,5.C.1,Required Level of Education,RL,3,14.44,N
13-2099.00,5.C.1,Required Level of Education,RL,4,60.73,N
13-2099.00,5.C.1,Required Level of Education,RL,5,33.72,N
13-2099.00,5.C.1,Required Level of Education,RL,6,32.74,N
13-2099.00,5.C.1,Required Level of Education,RL,7,10.24,N
13-2099.00,5.C.1,Required Level of Education,RL,8,8.43,N
13-2099.00,5.C.1,Required Level of Education,RL,9,21.76,N
13-2099.00,5.C.1,Required Level of Education,RL,10,5.99,N
13-2099.00,5.C.1,Required Level of Education,RL,11,3.00,N
13-2099.00,5.C.1,Required Level of Education,RL,12,5.74,N
99-1218.21,5.C.1,Required Level of Education,RL,1,20.34,N
99-1218.21,5.C.1,Required Level of Education,RL,2,19.46,N
99-1218.21,5.C.1,Required Level of Education,RL,3,22.86,N
99-1218.21,5.C.1,Required Level of Education,RL,4,33.43,N
99-1218.21,5.C.1,Required Level of Education,RL,5,43.78,N
99-1218.21,5.C.1,Required Level of Education,RL,6,56.84,N
99-1218.21,5.C.1,Required Level of Education,RL,7,18.60,N
99-1218.21,5.C.1,Required Level of Education,RL,8,5.03,N
99-1218.21,5.C.1,Required Level of Education,RL,9,8.60,N
99-1218.21,5.C.1,Required Level of Education,RL,10,5.10,N
99-1218.21,5.C.1,Required Level of Education,RL,11,2.46,N
99-1218.21,5.C.1,Required Level of Education,RL,12,1.83,N
99-1219.22,5.C.1,Required Level of Education,RL,1,2.97,N
99-1219.22,5.C.1,Required Level of Education,RL,2,2.27,N
99-1219.22,5.C.1,Required Level of Education,RL,3,1.33,N
99-1219.22,5.C.1,Required Level of Education,RL,4,7.10,N
99-1219.22,5.C.1,Required Level of Education,RL,5,9.24,N
99-1219.22,5.C.1,Required Level of Education,RL,6,5.37,N
99-1219.22,5.C.1,Required Level of Education,RL,7,44.70,N
99-1219.22,5.C.1,Required Level of Education,RL,8,57.10,N
99-1219.22,5.C.1,Required Level of Education,RL,9,44.67,N
99-1219.22,5.C.1,Required Level of Education,RL,10,10.60,N
99-1219.22,5.C.1,Required Level of Education,RL,11,9.85,N
99-1219.22,5.C.1,Required Level of Education,RL,12,23.32,N
99-1220.23,5.C.1,Required Level of Education,RL,1,2.61,N
99-1220.23,5.C.1,Required Level of Education,RL,2,2.19,N
99-1220.23,5.C.1,Required Level of Education,RL,3,1.54,N
99-1220.23,5.C.1,Required Level of Education,RL,4,15.37,N
99-1220.23,5.C.1,Required Level of Education,RL,5,7.00,N
99-1220.23,5.C.1,Required Level of Education,RL,6,6.37,N
99-1220.23,5.C.1,Required Level of Education,RL,7,63.13,N
99-1220.23,5.C.1,Required Level of Education,RL,8,67.10,N
99-1220.23,5.C.1,Required Level of Education,RL,9,44.53,N
99-1220.23,5.C.1,Required Level of Education,RL,10,9.02,N
99-1220.23,5.C.1,Required Level of Education,RL,11,22.85,N
99-1220.23,5.C.1,Required Level of Education,RL,12,16.80,N
99-1221.24,5.C.1,Required Level of Education,RL,1,20.03,N
99-1221.24,5.C.1,Required Level of Education,RL,2,5.55,N
99-1221.24,5.C.1,Required Level of Education,RL,3,9.41,N
99-1221.24,5.C.1,Required Level of Education,RL,4,37.84,N
99-1221.24,5.C.1,Required Level of Education,RL,5,58.96,N
99-1221.24,5.C.1,Required Level of Education,RL,6,42.59,N
99-1221.24,5.C.1,Required Level of Education,RL,7,19.25,N
99-1221.24,5.C.1,Required Level of Education,RL,8,20.51,N
99-1221.24,5.C.1,Required Level of Education,RL,9,23.21,N
99-1221.24,5.C.1,Required Level of Education,RL,10,5.62,N
99-1221.24,5.C.1,Required Level of Education,RL,11,7.27,N
99-1221.24,5.C.1,Required Level of Education,RL,12,2.41,N
99-1222.25,5.C.1,Required Level of Education,RL,1,46.53,N
99-1222.25,5.C.1,Required Level of Education,RL,2,49.97,N
99-1222.25,5.C.1,Required Level of Education,RL,3,31.81,N
99-1222.25,5.C.1,Required Level of Education,RL,4,10.46,N
99-1222.25,5.C.1,Required Level of Education,RL,5,20.68,N
99-1222.25,5.C.1,Required Level of Education,RL,6,16.75,N
99-1222.25,5.C.1,Required Level of Education,RL,7,1.81,N
99-1222.25,5.C.1,Required Level of Education,RL,8,2.27,N
99-1222.25,5.C.1,Required Level of Education,RL,9,6.85,N
99-1222.25,5.C.1,Required Level of Education,RL,10,6.13,N
99-1222.25,5.C.1,Required Level of Education,RL,11,6.28,N
99-1222.25,5.C.1,Required Level of Education,RL,12,1.44,N
99-1223.26,5.C.1,Required Level of Education,RL,1,68.42,N
99-1223.26,5.C.1,Required Level of Education,RL,2,59.62,N
99-1223.26,5.C.1,Required Level of Education,RL,3,56.13,N
99-1223.26,5.C.1,Required Level of Education,RL,4,7.11,N
99-1223.26,5.C.1,Required Level of Education,RL,5,10.78,N
99-1223.26,5.C.1,Required Level of Education,RL,6,10.28,N
99-1223.26,5.C.1,Required Level of Education,RL,7,2.67,N
99-1223.26,5.C.1,Required Level of Education,RL,8,2.74,N
99-1223.26,5.C.1,Required Level of Education,RL,9,3.74,N
99-1223.26,5.C.1,Required Level of Education,RL,10,4.63,N
99-1223.26,5.C.1,Required Level of Education,RL,11,6.64,N
99-1223.26,5.C.1,Required Level of Education,RL,12,5.68,N
99-1224.27,5.C.1,Required Level of Education,RL,1,30.99,N
99-1224.27,5.C.1,Required Level of Education,RL,2,41.18,N
99-1224.27,5.C.1,Required Level of Education,RL,3,38.23,N
99-1224.27,5.C.1,Required Level of Education,RL,4,13.09,N
99-1224.27,5.C.1,Required Level of Education,RL,5,13.66,N
99-1224.27,5.C.1,Required Level of Education,RL,6,22.54,N
99-1224.27,5.C.1,Required Level of Education,RL,7,7.52,N
99-1224.27,5.C.1,Required Level of Education,RL,8,6.97,N
99-1224.27,5.C.1,Required Level of Education,RL,9,1.39,N
99-1224.27,5.C.1,Required Level of Education,RL,10,2.22,N
99-1224.27,5.C.1,Required Level of Education,RL,11,1.41,N
99-1224.27,5.C.1,Required Level of Education,RL,12,3.67,N
99-1225.28,5.C.1,Required Level of Education,RL,1,54.59,N
99-1225.28,5.C.1,Required Level of Education,RL,2,65.00,N
99-1225.28,5.C.1,Required Level of Education,RL,3,33.51,N
99-1225.28,5.C.1,Required Level of Education,RL,4,22.79,N
99-1225.28,5.C.1,Required Level of Education,RL,5,11.96,N
99-1225.28,5.C.1,Required Level of Education,RL,6,11.55,N
99-1225.28,5.C.1,Required Level of Education,RL,7,3.67,N
99-1225.28,5.C.1,Required Level of Education,RL,8,1.98,N
99-1225.28,5.C.1,Required Level of Education,RL,9,2.46,N
99-1225.28,5.C.1,Required Level of Education,RL,10,1.02,N
99-1225.28,5.C.1,Required Level of Education,RL,11,3.70,N
99-1225.28,5.C.1,Required Level of Education,RL,12,5.85,N
99-1226.29,5.C.1,Required Level of Education,RL,1,34.61,N
99-1226.29,5.C.1,Required Level of Education,RL,2,40.96,N
99-1226.29,5.C.1,Required Level of Education,RL,3,58.34,N
99-1226.29,5.C.1,Required Level of Education,RL,4,20.25,N
99-1226.29,5.C.1,Required Level of Education,RL,5,13.36,N
99-1226.29,5.C.1,Required Level of Education,RL,6,23.55,N
99-1226.29,5.C.1,Required Level of Education,RL,7,4.91,N
99-1226.29,5.C.1,Required Level of Education,RL,8,6.20,N
99-1226.29,5.C.1,Required Level of Education,RL,9,2.82,N
99-1226.29,5.C.1,Required Level of Education,RL,10,2.50,N
99-1226.29,5.C.1,Required Level of Education,RL,11,3.98,N
99-1226.29,5.C.1,Required Level of Education,RL,12,1.94,N
99-1227.30,5.C.1,Required Level of Education,RL,1,19.56,N
99-1227.30,5.C.1,Required Level of Education,RL,2,21.01,N
99-1227.30,5.C.1,Required Level of Education,RL,3,12.40,N
99-1227.30,5.C.1,Required Level of Education,RL,4,56.16,N
99-1227.30,5.C.1,Required Level of Education,RL,5,65.46,N
99-1227.30,5.C.1,Required Level of Education,RL,6,50.17,N
99-1227.30,5.C.1,Required Level of Education,RL,7,12.87,N
99-1227.30,5.C.1,Required Level of Education,RL,8,5.12,N
99-1227.30,5.C.1,Required Level of Education,RL,9,7.51,N
99-1227.30,5.C.1,Required Level of Education,RL,10,5.99,N
99-1227.30,5.C.1,Required Level of Education,RL,11,5.36,N
99-1227.30,5.C.1,Required Level of Education,RL,12,2.62,N
99-1228.31,5.C.1,Required Level of Education,RL,1,3.48,N
99-1228.31,5.C.1,Required Level of Education,RL,2,1.03,N
99-1228.31,5.C.1,Required Level of Education,RL,3,5.28,N
99-1228.31,5.C.1,Required Level of Education,RL,4,19.89,N
99-1228.31,5.C.1,Required Level of Education,RL,5,5.23,N
99-1228.31,5.C.1,Required Level of Education,RL,6,12.83,N
99-1228.31,5.C.1,Required Level of Education,RL,7,48.35,N
99-1228.31,5.C.1,Required Level of Education,RL,8,61.71,N
99-1228.31,5.C.1,Required Level of Education,RL,9,56.50,N
99-1228.31,5.C.1,Required Level of Education,RL,10,12.26,N
99-1228.31,5.C.1,Required Level of Education,RL,11,16.83,N
99-1228.31,5.C.1,Required Level of Education,RL,12,12.96,N
99-1229.32,5.C.1,Required Level of Education,RL,1,3.76,N
99-1229.32,5.C.1,Required Level of Education,RL,2,3.54,N
99-1229.32,5.C.1,Required Level of Education,RL,3,3.04,N
99-1229.32,5.C.1,Required Level of Education,RL,4,15.88,N
99-1229.32,5.C.1,Required Level of Education,RL,5,15.83,N
99-1229.32,5.C.1,Required Level of Education,RL,6,19.29,N
99-1229.32,5.C.1,Required Level of Education,RL,7,30.58,N
99-1229.32,5.C.1,Required Level of Education,RL,8,40.24,N
99-1229.32,5.C.1,Required Level of Education,RL,9,46.14,N
99-1229.32,5.C.1,Required Level of Education,RL,10,9.30,N
99-1229.32,5.C.1,Required Level of Education,RL,11,7.16,N
99-1229.32,5.C.1,Required Level of Education,RL,12,23.85,N
99-1230.33,5.C.1,Required Level of Education,RL,1,23.81,N
99-1230.33,5.C.1,Required Level of Education,RL,2,24.99,N
99-1230.33,5.C.1,Required Level of Education,RL,3,6.81,N
99-1230.33,5.C.1,Required Level of Education,RL,4,66.38,N
99-1230.33,5.C.1,Required Level of Education,RL,5,50.95,N
99-1230.33,5.C.1,Required Level of Education,RL,6,37.69,N
99-1230.33,5.C.1,Required Level of Education,RL,7,20.22,N
99-1230.33,5.C.1,Required Level of Education,RL,8,14.72,N
99-1230.33,5.C.1,Required Level of Education,RL,9,6.21,N
99-1230.33,5.C.1,Required Level of Education,RL,10,2.61,N
99-1230.33,5.C.1,Required Level of Education,RL,11,2.96,N
99-1230.33,5.C.1,Required Level of Education,RL,12,5.79,N
99-1231.34,5.C.1,Required Level of Education,RL,1,32.57,N
99-1231.34,5.C.1,Required Level of Education,RL,2,58.22,N
99-1231.34,5.C.1,Required Level of Education,RL,3,32.95,N
99-1231.34,5.C.1,Required Level of Education,RL,4,15.14,N
99-1231.34,5.C.1,Required Level of Education,RL,5,16.12,N
99-1231.34,5.C.1,Required Level of Education,RL,6,14.91,N
99-1231.34,5.C.1,Required Level of Education,RL,7,4.64,N
99-1231.34,5.C.1,Required Level of Education,RL,8,5.89,N
99-1231.34,5.C.1,Required Level of Education,RL,9,6.52,N
99-1231.34,5.C.1,Required Level of Education,RL,10,3.21,N
99-1231.34,5.C.1,Required Level of Education,RL,11,5.79,N
99-1231.34,5.C.1,Required Level of Education,RL,12,2.36,N
99-1232.35,5.C.1,Required Level of Education,RL,1,67.02,N
99-1232.35,5.C.1,Required Level of Education,RL,2,55.72,N
99-1232.35,5.C.1,Required Level of Education,RL,3,58.61,N
99-1232.35,5.C.1,Required Level of Education,RL,4,21.78,N
99-1232.35,5.C.1,Required Level of Education,RL,5,24.28,N
99-1232.35,5.C.1,Required Level of Education,RL,6,16.52,N
99-1232.35,5.C.1,Required Level of Education,RL,7,7.32,N
99-1232.35,5.C.1,Required Level of Education,RL,8,6.29,N
99-1232.35,5.C.1,Required Level of Education,RL,9,5.70,N
99-1232.35,5.C.1,Required Level of Education,RL,10,3.57,N
99-1232.35,5.C.1,Required Level of Education,RL,11,6.39,N
99-1232.35,5.C.1,Required Level of Education,RL,12,2.19,N
99-1233.36,5.C.1,Required Level of Education,RL,1,69.94,N
99-1233.36,5.C.1,Required Level of Education,RL,2,40.59,N
99-1233.36,5.C.1,Required Level of Education,RL,3,31.10,N
99-1233.36,5.C.1,Required Level of Education,RL,4,10.07,N
99-1233.36,5.C.1,Required Level of Education,RL,5,14.07,N
99-1233.36,5.C.1,Required Level of Education,RL,6,9.44,N
99-1233.36,5.C.1,Required Level of Education,RL,7,4.87,N
99-1233.36,5.C.1,Required Level of Education,RL,8,3.59,N
99-1233.36,5.C.1,Required Level of Education,RL,9,4.50,N
99-1233.36,5.C.1,Required Level of Education,RL,10,7.49,N
99-1233.36,5.C.1,Required Level of Education,RL,11,7.56,N
99-1233.36,5.C.1,Required Level of Education,RL,12,6.14,N
99-1234.37,5.C.1,Required Level of Education,RL,1,63.88,N
99-1234.37,5.C.1,Required Level of Education,RL,2,58.00,N
99-1234.37,5.C.1,Required Level of Education,RL,3,58.87,N
99-1234.37,5.C.1,Required Level of Education,RL,4,9.99,N
99-1234.37,5.C.1,Required Level of Education,RL,5,23.62,N
99-1234.37,5.C.1,Required Level of Education,RL,6,5.45,N
99-1234.37,5.C.1,Required Level of Education,RL,7,7.86,N
99-1234.37,5.C.1,Required Level of Education,RL,8,4.62,N
99-1234.37,5.C.1,Required Level of Education,RL,9,1.29,N
99-1234.37,5.C.1,Required Level of Education,RL,10,3.98,N
99-1234.37,5.C.1,Required Level of Education,RL,11,4.64,N
99-1234.37,5.C.1,Required Level of Education,RL,12,1.84,N
99-1235.38,5.C.1,Required Level of Education,RL,1,65.04,N
99-1235.38,5.C.1,Required Level of Education,RL,2,38.95,N
99-1235.38,5.C.1,Required Level of Education,RL,3,50.78,N
99-1235.38,5.C.1,Required Level of Education,RL,4,12.72,N
99-1235.38,5.C.1,Required Level of Education,RL,5,15.01,N
99-1235.38,5.C.1,Required Level of Education,RL,6,5.89,N
99-1235.38,5.C.1,Required Level of Education,RL,7,6.26,N
99-1235.38,5.C.1,Required Level of Education,RL,8,1.34,N
99-1235.38,5.C.1,Required Level of Education,RL,9,1.75,N
99-1235.38,5.C.1,Required Level of Education,RL,10,4.71,N
99-1235.38,5.C.1,Required Level of Education,RL,11,7.64,N
99-1235.38,5.C.1,Required Level of Education,RL,12,5.78,N
99-1236.39,5.C.1,Required Level of Education,RL,1,10.52,N
99-1236.39,5.C.1,Required Level of Education,RL,2,17.08,N
99-1236.39,5.C.1,Required Level of Education,RL,3,13.14,N
99-1236.39,5.C.1,Required Level of Education,RL,4,49.30,N
99-1236.39,5.C.1,Required Level of Education,RL,5,36.43,N
99-1236.39,5.C.1,Required Level of Education,RL,6,51.81,N
99-1236.39,5.C.1,Required Level of Education,RL,7,7.02,N
99-1236.39,5.C.1,Required Level of Education,RL,8,22.40,N
99-1236.39,5.C.1,Required Level of Education,RL,9,6.21,N
99-1236.39,5.C.1,Required Level of Education,RL,10,7.69,N
99-1236.39,5.C.1,Required Level of Education,RL,11,7.40,N
99-1236.39,5.C.1,Required Level of Education,RL,12,6.33,N
99-1237.40,5.C.1,Required Level of Education,RL,1,4.29,N
99-1237.40,5.C.1,Required Level of Education,RL,2,3.97,N
99-1237.40,5.C.1,Required Level of Education,RL,3,4.71,N
99-1237.40,5.C.1,Required Level of Education,RL,4,7.28,N
99-1237.40,5.C.1,Required Level of Education,RL,5,20.07,N
99-1237.40,5.C.1,Required Level of Education,RL,6,18.63,N
99-1237.40,5.C.1,Required Level of Education,RL,7,67.86,N
99-1237.40,5.C.1,Required Level of Education,RL,8,41.23,N
99-1237.40,5.C.1,Required Level of Education,RL,9,35.40,N
99-1237.40,5.C.1,Required Level of Education,RL,10,15.61,N
99-1237.40,5.C.1,Required Level of Education,RL,11,24.62,N
99-1237.40,5.C.1,Required Level of Education,RL,12,19.36,N
99-1238.41,5.C.1,Required Level of Education,RL,1,1.69,N
99-1238.41,5.C.1,Required Level of Education,RL,2,7.04,N
99-1238.41,5.C.1,Required Level of Education,RL,3,4.65,N
99-1238.41,5.C.1,Required Level of Education,RL,4,24.96,N
99-1238.41,5.C.1,Required Level of Education,RL,5,21.68,N
99-1238.41,5.C.1,Required Level of Education,RL,6,24.83,N
99-1238.41,5.C.1,Required Level of Education,RL,7,43.10,N
99-1238.41,5.C.1,Required Level of Education,RL,8,67.05,N
99-1238.41,5.C.1,Required Level of Education,RL,9,66.70,N
99-1238.41,5.C.1,Required Level of Education,RL,10,7.09,N
99-1238.41,5.C.1,Required Level of Education,RL,11,12.51,N
99-1238.41,5.C.1,Required Level of Education,RL,12,6.83,N
99-1239.42,5.C.1,Required Level of Education,RL,1,7.28,N
99-1239.42,5.C.1,Required Level of Education,RL,2,16.36,N
99-1239.42,5.C.1,Required Level of Education,RL,3,6.29,N
99-1239.42,5.C.1,Required Level of Education,RL,4,57.62,N
99-1239.42,5.C.1,Required Level of Education,RL,5,41.24,N
99-1239.42,5.C.1,Required Level of Education,RL,6,68.28,N
99-1239.42,5.C.1,Required Level of Education,RL,7,7.18,N
99-1239.42,5.C.1,Required Level of Education,RL,8,6.41,N
99-1239.42,5.C.1,Required Level of Education,RL,9,16.07,N
99-1239.42,5.C.1,Required Level of Education,RL,10,4.54,N
99-1239.42,5.C.1,Required Level of Education,RL,11,2.54,N
99-1239.42,5.C.1,Required Level of Education,RL,12,5.80,N
99-1240.43,5.C.1,Required Level of Education,RL,1,59.77,N
99-1240.43,5.C.1,Required Level of Education,RL,2,38.11,N
99-1240.43,5.C.1,Required Level of Education,RL,3,44.45,N
99-1240.43,5.C.1,Required Level of Education,RL,4,10.16,N
99-1240.43,5.C.1,Required Level of Education,RL,5,20.53,N
99-1240.43,5.C.1,Required Level of Education,RL,6,19.18,N
99-1240.43,5.C.1,Required Level of Education,RL,7,3.14,N
99-1240.43,5.C.1,Required Level of Education,RL,8,7.17,N
99-1240.43,5.C.1,Required Level of Education,RL,9,3.51,N
99-1240.43,5.C.1,Required Level of Education,RL,10,7.49,N
99-1240.43,5.C.1,Required Level of Education,RL,11,6.57,N
99-1240.43,5.C.1,Required Level of Education,RL,12,6.86,N
99-1241.44,5.C.1,Required Level of Education,RL,1,49.08,N
99-1241.44,5.C.1,Required Level of Education,RL,2,62.53,N
99-1241.44,5.C.1,Required Level of Education,RL,3,40.30,N
99-1241.44,5.C.1,Required Level of Education,RL,4,9.05,N
99-1241.44,5.C.1,Required Level of Education,RL,5,24.80,N
99-1241.44,5.C.1,Required Level of Education,RL,6,13.27,N
99-1241.44,5.C.1,Required Level of Education,RL,7,7.38,N
99-1241.44,5.C.1,Required Level of Education,RL,8,2.58,N
99-1241.44,5.C.1,Required Level of Education,RL,9,3.17,N
99-1241.44,5.C.1,Required Level of Education,RL,10,7.66,N
99-1241.44,5.C.1,Required Level of Education,RL,11,5.11,N
99-1241.44,5.C.1,Required Level of Education,RL,12,5.11,N
99-1242.45,5.C.1,Required Level of Education,RL,1,38.14,N
99-1242.45,5.C.1,Required Level of Education,RL,2,39.22,N
99-1242.45,5.C.1,Required Level of Education,RL,3,64.67,N
99-1242.45,5.C.1,Required Level of Education,RL,4,14.62,N
99-1242.45,5.C.1,Required Level of Education,RL,5,7.25,N
99-1242.45,5.C.1,Required Level of Education,RL,6,8.66,N
99-1242.45,5.C.1,Required Level of Education,RL,7,1.80,N
99-1242.45,5.C.1,Required Level of Education,RL,8,5.24,N
99-1242.45,5.C.1,Required Level of Education,RL,9,1.66,N
99-1242.45,5.C.1,Required Level of Education,RL,10,4.07,N
99-1242.45,5.C.1,Required Level of Education,RL,11,5.19,N
99-1242.45,5.C.1,Required Level of Education,RL,12,4.00,N
99-1243.46,5.C.1,Required Level of Education,RL,1,45.65,N
99-1243.46,5.C.1,Required Level of Education,RL,2,54.53,N
99-1243.46,5.C.1,Required Level of Education,RL,3,51.35,N
99-1243.46,5.C.1,Required Level of Education,RL,4,7.96,N
99-1243.46,5.C.1,Required Level of Education,RL,5,21.60,N
99-1243.46,5.C.1,Required Level of Education,RL,6,5.76,N
99-1243.46,5.C.1,Required Level of Education,RL,7,2.85,N
99-1243.46,5.C.1,Required Level of Education,RL,8,5.39,N
99-1243.46,5.C.1,Required Level of Education,RL,9,7.48,N
99-1243.46,5.C.1,Required Level of Education,RL,10,5.26,N
99-1243.46,5.C.1,Required Level of Education,RL,11,2.95,N
99-1243.46,5.C.1,Required Level of Education,RL,12,3.61,N
99-1244.47,5.C.1,Required Level of Education,RL,1,66.44,N
99-1244.47,5.C.1,Required Level of Education,RL,2,34.79,N
99-1244.47,5.C.1,Required Level of Education,RL,3,68.93,N
99-1244.47,5.C.1,Required Level of Education,RL,4,7.00,N
99-1244.47,5.C.1,Required Level of Education,RL,5,9.36,N
99-1244.47,5.C.1,Required Level of Education,RL,6,24.74,N
99-1244.47,5.C.1,Required Level of Education,RL,7,2.62,N
99-1244.47,5.C.1,Required Level of Education,RL,8,4.74,N
99-1244.47,5.C.1,Required Level of Education,RL,9,4.82,N
99-1244.47,5.C.1,Required Level of Education,RL,10,2.67,N
99-1244.47,5.C.1,Required Level of Education,RL,11,3.41,N
99-1244.47,5.C.1,Required Level of Education,RL,12,1.85,N
99-1245.48,5.C.1,Required Level of Education,RL,1,23.60,N
99-1245.48,5.C.1,Required Level of Education,RL,2,18.04,N
99-1245.48,5.C.1,Required Level of Education,RL,3,16.56,N
99-1245.48,5.C.1,Required Level of Education,RL,4,32.61,N
99-1245.48,5.C.1,Required Level of Education,RL,5,67.31,N
99-1245.48,5.C.1,Required Level of Education,RL,6,41.49,N
99-1245.48,5.C.1,Required Level of Education,RL,7,11.12,N
99-1245.48,5.C.1,Required Level of Education,RL,8,18.92,N
99-1245.48,5.C.1,Required Level of Education,RL,9,13.71,N
99-1245.48,5.C.1,Required Level of Education,RL,10,1.64,N
99-1245.48,5.C.1,Required Level of Education,RL,11,1.46,N
99-1245.48,5.C.1,Required Level of Education,RL,12,3.51,N
99-1246.49,5.C.1,Required Level of Education,RL,1,6.29,N
99-1246.49,5.C.1,Required Level of Education,RL,2,3.77,N
99-1246.49,5.C.1,Required Level of Education,RL,3,2.36,N
99-1246.49,5.C.1,Required Level of Education,RL,4,22.21,N
99-1246.49,5.C.1,Required Level of Education,RL,5,8.12,N
99-1246.49,5.C.1,Required Level of Education,RL,6,6.74,N
99-1246.49,5.C.1,Required Level of Education,RL,7,54.21,N
99-1246.49,5.C.1,Required Level of Education,RL,8,45.49,N
99-1246.49,5.C.1,Required Level of Education,RL,9,46.14,N
99-1246.49,5.C.1,Required Level of Education,RL,10,11.19,N
99-1246.49,5.C.1,Required Level of Education,RL,11,18.48,N
99-1246.49,5.C.1,Required Level of Education,RL,12,14.25,N
99-1247.50,5.C.1,Required Level of Education,RL,1,4.85,N
99-1247.50,5.C.1,Required Level of Education,RL,2,5.65,N
99-1247.50,5.C.1,Required Level of Education,RL,3,4.57,N
99-1247.50,5.C.1,Required Level of Education,RL,4,5.31,N
99-1247.50,5.C.1,Required Level of Education,RL,5,11.90,N
99-1247.50,5.C.1,Required Level of Education,RL,6,21.18,N
99-1247.50,5.C.1,Required Level of Education,RL,7,35.28,N
99-1247.50,5.C.1,Required Level of Education,RL,8,47.79,N
99-1247.50,5.C.1,Required Level of Education,RL,9,40.88,N
99-1247.50,5.C.1,Required Level of Education,RL,10,13.76,N
99-1247.50,5.C.1,Required Level of Education,RL,11,5.98,N
99-1247.50,5.C.1,Required Level of Education,RL,12,13.20,N
99-1248.51,5.C.1,Required Level of Education,RL,1,8.67,N
99-1248.51,5.C.1,Required Level of Education,RL,2,11.99,N
99-1248.51,5.C.1,Required Level of Education,RL,3,20.98,N
99-1248.51,5.C.1,Required Level of Education,RL,4,49.47,N
99-1248.51,5.C.1,Required Level of Education,RL,5,35.87,N
99-1248.51,5.C.1,Required Level of Education,RL,6,57.70,N
99-1248.51,5.C.1,Required Level of Education,RL,7,22.91,N
99-1248.51,5.C.1,Required Level of Education,RL,8,8.49,N
99-1248.51,5.C.1,Required Level of Education,RL,9,22.66,N
99-1248.51,5.C.1,Required Level of Education,RL,10,7.40,N
99-1248.51,5.C.1,Required Level of Education,RL,11,5.94,N
99-1248.51,5.C.1,Required Level of Education,RL,12,3.53,N
99-1249.52,5.C.1,Required Level of Education,RL,1,69.72,N
99-1249.52,5.C.1,Required Level of Education,RL,2,64.50,N
99-1249.52,5.C.1,Required Level of Education,RL,3,61.87,N
99-1249.52,5.C.1,Required Level of Education,RL,4,12.27,N
99-1249.52,5.C.1,Required Level of Education,RL,5,12.40,N
99-1249.52,5.C.1,Required Level of Education,RL,6,12.57,N
99-1249.52,5.C.1,Required Level of Education,RL,7,6.47,N
99-1249.52,5.C.1,Required Level of Education,RL,8,6.97,N
99-1249.52,5.C.1,Required Level of Education,RL,9,7.89,N
99-1249.52,5.C.1,Required Level of Education,RL,10,6.41,N
99-1249.52,5.C.1,Required Level of Education,RL,11,3.67,N
99-1249.52,5.C.1,Required Level of Education,RL,12,1.96,N
99-1250.53,5.C.1,Required Level of Education,RL,1,37.21,N
99-1250.53,5.C.1,Required Level of Education,RL,2,48.56,N
99-1250.53,5.C.1,Required Level of Education,RL,3,47.58,N
99-1250.53,5.C.1,Required Level of Education,RL,4,22.54,N
99-1250.53,5.C.1,Required Level of Education,RL,5,7.44,N
99-1250.53,5.C.1,Required Level of Education,RL,6,5.11,N
99-1250.53,5.C.1,Required Level of Education,RL,7,4.64,N
99-1250.53,5.C.1,Required Level of Education,RL,8,1.39,N
99-1250.53,5.C.1,Required Level of Education,RL,9,6.57,N
99-1250.53,5.C.1,Required Level of Education,RL,10,3.36,N
99-1250.53,5.C.1,Required Level of Education,RL,11,2.17,N
99-1250.53,5.C.1,Required Level of Education,RL,12,2.62,N
99-1251.54,5.C.1,Required Level of Education,RL,1,36.07,N
99-1251.54,5.C.1,Required Level of Education,RL,2,51.28,N
99-1251.54,5.C.1,Required Level of Education,RL,3,39.44,N
99-1251.54,5.C.1,Required Level of Education,RL,4,10.38,N
99-1251.54,5.C.1,Required Level of Education,RL,5,13.82,N
99-1251.54,5.C.1,Required Level of Education,RL,6,24.03,N
99-1251.54,5.C.1,Required Level of Education,RL,7,1.17,N
99-1251.54,5.C.1,Required Level of Education,RL,8,4.49,N
99-1251.54,5.C.1,Required Level of Education,RL,9,4.45,N
99-1251.54,5.C.1,Required Level of Education,RL,10,5.55,N
99-1251.54,5.C.1,Required Level of Education,RL,11,2.69,N
99-1251.54,5.C.1,Required Level of Education,RL,12,3.16,N
99-1252.55,5.C.1,Required Level of Education,RL,1,38.24,N
99-1252.55,5.C.1,Required Level of Education,RL,2,55.60,N
99-1252.55,5.C.1,Required Level of Education,RL,3,46.07,N
99-1252.55,5.C.1,Required Level of Education,RL,4,7.97,N
99-1252.55,5.C.1,Required Level of Education,RL,5,9.01,N
99-1252.55,5.C.1,Required Level of Education,RL,6,23.61,N
99-1252.55,5.C.1,Required Level of Education,RL,7,5.88,N
99-1252.55,5.C.1,Required Level of Education,RL,8,3.29,N
99-1252.55,5.C.1,Required Level of Education,RL,9,4.17,N
99-1252.55,5.C.1,Required Level of Education,RL,10,4.48,N
99-1252.55,5.C.1,Required Level of Education,RL,11,1.16,N
99-1252.55,5.C.1,Required Level of Education,RL,12,6.71,N
99-1253.56,5.C.1,Required Level of Education,RL,1,35.53,N
99-1253.56,5.C.1,Required Level of Education,RL,2,33.59,N
99-1253.56,5.C.1,Required Level of Education,RL,3,62.68,N
99-1253.56,5.C.1,Required Level of Education,RL,4,24.24,N
99-1253.56,5.C.1,Required Level of Education,RL,5,7.18,N
99-1253.56,5.C.1,Required Level of Education,RL,6,22.60,N
99-1253.56,5.C.1,Required Level of Education,RL,7,4.67,N
99-1253.56,5.C.1,Required Level of Education,RL,8,1.96,N
99-1253.56,5.C.1,Required Level of Education,RL,9,5.54,N
99-1253.56,5.C.1,Required Level of Education,RL,10,5.79,N
99-1253.56,5.C.1,Required Level of Education,RL,11,6.09,N
99-1253.56,5.C.1,Required Level of Education,RL,12,4.69,N
99-1254.57,5.C.1,Required Level of Education,RL,1,22.18,N
99-1254.57,5.C.1,Required Level of Education,RL,2,6.14,N
99-1254.57,5.C.1,Required Level of Education,RL,3,11.27,N
99-1254.57,5.C.1,Required Level of Education,RL,4,47.63,N
99-1254.57,5.C.1,Required Level of Education,RL,5,48.19,N
99-1254.57,5.C.1,Required Level of Education,RL,6,36.90,N
99-1254.57,5.C.1,Required Level of Education,RL,7,11.70,N
99-1254.57,5.C.1,Required Level of Education,RL,8,16.43,N
99-1254.57,5.C.1,Required Level of Education,RL,9,13.43,N
99-1254.57,5.C.1,Required Level of Education,RL,10,4.83,N
99-1254.57,5.C.1,Required Level of Education,RL,11,2.26,N
99-1254.57,5.C.1,Required Level of Education,RL,12,3.45,N
99-1255.58,5.C.1,Required Level of Education,RL,1,4.99,N
99-1255.58,5.C.1,Required Level of Education,RL,2,3.41,N
99-1255.58,5.C.1,Required Level of Education,RL,3,4.88,N
99-1255.58,5.C.1,Required Level of Education,RL,4,11.58,N
99-1255.58,5.C.1,Required Level of Education,RL,5,21.64,N
99-1255.58,5.C.1,Required Level of Education,RL,6,17.68,N
99-1255.58,5.C.1,Required Level of Education,RL,7,68.73,N
99-1255.58,5.C.1,Required Level of Education,RL,8,42.01,N
99-1255.58,5.C.1,Required Level of Education,RL,9,47.74,N
99-1255.58,5.C.1,Required Level of Education,RL,10,20.78,N
99-1255.58,5.C.1,Required Level of Education,RL,11,16.33,N
99-1255.58,5.C.1,Required Level of Education,RL,12,14.13,N
99-1256.59,5.C.1,Required Level of Education,RL,1,1.53,N
99-1256.59,5.C.1,Required Level of Education,RL,2,6.97,N
99-1256.59,5.C.1,Required Level of Education,RL,3,7.02,N
99-1256.59,5.C.1,Required Level of Education,RL,4,15.53,N
99-1256.59,5.C.1,Required Level of Education,RL,5,10.23,N
99-1256.59,5.C.1,Required Level of Education,RL,6,6.39,N
99-1256.59,5.C.1,Required Level of Education,RL,7,47.31,N
99-1256.59,5.C.1,Required Level of Education,RL,8,59.46,N
99-1256.59,5.C.1,Required Level of Education,RL,9,44.42,N
99-1256.59,5.C.1,Required Level of Education,RL,10,15.49,N
99-1256.59,5.C.1,Required Level of Education,RL,11,7.95,N
99-1256.59,5.C.1,Required Level of Education,RL,12,13.79,N
99-1257.60,5.C.1,Required Level of Education,RL,1,11.20,N
99-1257.60,5.C.1,Required Level of Education,RL,2,10.43,N
99-1257.60,5.C.1,Required Level of Education,RL,3,23.46,N
99-1257.60,5.C.1,Required Level of Education,RL,4,44.45,N
99-1257.60,5.C.1,Required Level of Education,RL,5,56.62,N
99-1257.60,5.C.1,Required Level of Education,RL,6,67.91,N
99-1257.60,5.C.1,Required Level of Education,RL,7,5.13,N
99-1257.60,5.C.1,Required Level of Education,RL,8,5.64,N
99-1257.60,5.C.1,Required Level of Education,RL,9,17.74,N
99-1257.60,5.C.1,Required Level of Education,RL,10,2.11,N
99-1257.60,5.C.1,Required Level of Education,RL,11,3.29,N
99-1257.60,5.C.1,Required Level of Education,RL,12,4.65,N
99-1258.61,5.C.1,Required Level of Education,RL,1,66.07,N
99-1258.61,5.C.1,Required Level of Education,RL,2,40.58,N
99-1258.61,5.C.1,Required Level of Education,RL,3,66.31,N
99-1258.61,5.C.1,Required Level of Education,RL,4,9.59,N
99-1258.61,5.C.1,Required Level of Education,RL,5,15.73,N
99-1258.61,5.C.1,Required Level of Education,RL,6,8.30,N
99-1258.61,5.C.1,Required Level of Education,RL,7,4.73,N
99-1258.61,5.C.1,Required Level of Education,RL,8,5.05,N
99-1258.61,5.C.1,Required Level of Education,RL,9,7.33,N
99-1258.61,5.C.1,Required Level of Education,RL,10,6.21,N
99-1258.61,5.C.1,Required Level of Education,RL,11,2.25,N
99-1258.61,5.C.1,Required Level of Education,RL,12,6.21,N
99-1259.62,5.C.1,Required Level of Education,RL,1,61.72,N
99-1259.62,5.C.1,Required Level of Education,RL,2,59.57,N
99-1259.62,5.C.1,Required Level of Education,RL,3,55.28,N
99-1259.62,5.C.1,Required Level of Education,RL,4,14.73,N
99-1259.62,5.C.1,Required Level of Education,RL,5,18.70,N
99-1259.62,5.C.1,Required Level of Education,RL,6,18.25,N
99-1259.62,5.C.1,Required Level of Education,RL,7,6.61,N
99-1259.62,5.C.1,Required Level of Education,RL,8,4.08,N
99-1259.62,5.C.1,Required Level of Education,RL,9,5.27,N
99-1259.62,5.C.1,Required Level of Education,RL,10,5.66,N
99-1259.62,5.C.1,Required Level of Education,RL,11,5.94,N
99-1259.62,5.C.1,Required Level of Education,RL,12,2.84,N
99-1260.63,5.C.1,Required Level of Education,RL,1,55.78,N
99-1260.63,5.C.1,Required Level of Education,RL,2,64.77,N
99-1260.63,5.C.1,Required Level of Education,RL,3,40.53,N
99-1260.63,5.C.1,Required Level of Education,RL,4,9.32,N
99-1260.63,5.C.1,Required Level of Education,RL,5,21.89,N
99-1260.63,5.C.1,Required Level of Education,RL,6,15.80,N
99-1260.63,5.C.1,Required Level of Education,RL,7,1.30,N
99-1260.63,5.C.1,Required Level of Education,RL,8,1.95,N
99-1260.63,5.C.1,Required Level of Education,RL,9,5.56,N
99-1260.63,5.C.1,Required Level of Education,RL,10,2.19,N
99-1260.63,5.C.1,Required Level of Education,RL,11,5.84,N
99-1260.63,5.C.1,Required Level of Education,RL,12,7.31,N
99-1261.64,5.C.1,Required Level of Education,RL,1,30.67,N
99-1261.64,5.C.1,Required Level of Education,RL,2,46.00,N
99-1261.64,5.C.1,Required Level of Education,RL,3,61.13,N
99-1261.64,5.C.1,Required Level of Education,RL,4,8.80,N
99-1261.64,5.C.1,Required Level of Education,RL,5,22.65,N
99-1261.64,5.C.1,Required Level of Education,RL,6,10.84,N
99-1261.64,5.C.1,Required Level of Education,RL,7,7.90,N
99-1261.64,5.C.1,Required Level of Education,RL,8,4.46,N
99-1261.64,5.C.1,Required Level of Education,RL,9,4.45,N
99-1261.64,5.C.1,Required Level of Education,RL,10,5.44,N
99-1261.64,5.C.1,Required Level of Education,RL,11,4.31,N
99-1261.64,5.C.1,Required Level of Education,RL,12,7.33,N
99-1262.65,5.C.1,Required Level of Education,RL,1,41.55,N
99-1262.65,5.C.1,Required Level of Education,RL,2,37.56,N
99-1262.65,5.C.1,Required Level of Education,RL,3,69.76,N
99-1262.65,5.C.1,Required Level of Education,RL,4,15.33,N
99-1262.65,5.C.1,Required Level of Education,RL,5,17.14,N
99-1262.65,5.C.1,Required Level of Education,RL,6,19.54,N
99-1262.65,5.C.1,Required Level of Education,RL,7,7.64,N
99-1262.65,5.C.1,Required Level of Education,RL,8,7.23,N
99-1262.65,5.C.1,Required Level of Education,RL,9,1.30,N
99-1262.65,5.C.1,Required Level of Education,RL,10,3.18,N
99-1262.65,5.C.1,Required Level of Education,RL,11,7.77,N
99-1262.65,5.C.1,Required Level of Education,RL,12,4.58,N
99-1263.66,5.C.1,Required Level of Education,RL,1,9.07,N
99-1263.66,5.C.1,Required Level of Education,RL,2,14.79,N
99-1263.66,5.C.1,Required Level of Education,RL,3,15.03,N
99-1263.66,5.C.1,Required Level of Education,RL,4,34.79,N
99-1263.66,5.C.1,Required Level of Education,RL,5,69.13,N
99-1263.66,5.C.1,Required Level of Education,RL,6,50.57,N
99-1263.66,5.C.1,Required Level of Education,RL,7,5.85,N
99-1263.66,5.C.1,Required Level of Education,RL,8,10.74,N
99-1263.66,5.C.1,Required Level of Education,RL,9,18.77,N
99-1263.66,5.C.1,Required Level of Education,RL,10,7.51,N
99-1263.66,5.C.1,Required Level of Education,RL,11,1.76,N
99-1263.66,5.C.1,Required Level of Education,RL,12,6.87,N
99-1264.67,5.C.1,Required Level of Education,RL,1,2.04,N
99-1264.67,5.C.1,Required Level of Education,RL,2,5.65,N
99-1264.67,5.C.1,Required Level of Education,RL,3,3.22,N
99-1264.67,5.C.1,Required Level of Education,RL,4,9.24,N
99-1264.67,5.C.1,Required Level of Education,RL,5,12.61,N
99-1264.67,5.C.1,Required Level of Education,RL,6,12.18,N
99-1264.67,5.C.1,Required Level of Education,RL,7,38.29,N
99-1264.67,5.C.1,Required Level of Education,RL,8,42.68,N
99-1264.67,5.C.1,Required Level of Education,RL,9,64.99,N
99-1264.67,5.C.1,Required Level of Education,RL,10,21.82,N
99-1264.67,5.C.1,Required Level of Education,RL,11,5.04,N
99-1264.67,5.C.1,Required Level of Education,RL,12,8.82,N
99-1265.68,5.C.1,Required Level of Education,RL,1,2.52,N
99-1265.68,5.C.1,Required Level of Education,RL,2,5.71,N
99-1265.68,5.C.1,Required Level of Education,RL,3,7.64,N
99-1265.68,5.C.1,Required Level of Education,RL,4,17.66,N
99-1265.68,5.C.1,Required Level of Education,RL,5,14.78,N
99-1265.68,5.C.1,Required Level of Education,RL,6,24.99,N
99-1265.68,5.C.1,Required Level of Education,RL,7,34.77,N
99-1265.68,5.C.1,Required Level of Education,RL,8,64.55,N
99-1265.68,5.C.1,Required Level of Education,RL,9,48.74,N
99-1265.68,5.C.1,Required Level of Education,RL,10,8.37,N
99-1265.68,5.C.1,Required Level of Education,RL,11,18.71,N
99-1265.68,5.C.1,Required Level of Education,RL,12,7.89,N
99-1266.69,5.C.1,Required Level of Education,RL,1,12.21,N
99-1266.69,5.C.1,Required Level of Education,RL,2,10.81,N
99-1266.69,5.C.1,Required Level of Education,RL,3,16.18,N
99-1266.69,5.C.1,Required Level of Education,RL,4,65.64,N
99-1266.69,5.C.1,Required Level of Education,RL,5,33.04,N
99-1266.69,5.C.1,Required Level of Education,RL,6,30.05,N
99-1266.69,5.C.1,Required Level of Education,RL,7,15.11,N
99-1266.69,5.C.1,Required Level of Education,RL,8,19.21,N
99-1266.69,5.C.1,Required Level of Education,RL,9,24.75,N
99-1266.69,5.C.1,Required Level of Education,RL,10,4.73,N
99-1266.69,5.C.1,Required Level of Education,RL,11,4.77,N
99-1266.69,5.C.1,Required Level of Education,RL,12,2.62,N
99-1267.70,5.C.1,Required Level of Education,RL,1,36.63,N
99-1267.70,5.C.1,Required Level of Education,RL,2,67.67,N
99-1267.70,5.C.1,Required Level of Education,RL,3,46.63,N
99-1267.70,5.C.1,Required Level of Education,RL,4,17.17,N
99-1267.70,5.C.1,Required Level of Education,RL,5,13.80,N
99-1267.70,5.C.1,Required Level of Education,RL,6,21.28,N
99-1267.70,5.C.1,Required Level of Education,RL,7,7.07,N
99-1267.70,5.C.1,Required Level of Education,RL,8,6.63,N
99-1267.70,5.C.1,Required Level of Education,RL,9,1.31,N
99-1267.70,5.C.1,Required Level of Education,RL,10,5.29,N
99-1267.70,5.C.1,Required Level of Education,RL,11,6.31,N
99-1267.70,5.C.1,Required Level of Education,RL,12,7.09,N
99-1268.71,5.C.1,Required Level of Education,RL,1,60.01,N
99-1268.71,5.C.1,Required Level of Education,RL,2,50.12,N
99-1268.71,5.C.1,Required Level of Education,RL,3,43.18,N
99-1268.71,5.C.1,Required Level of Education,RL,4,17.67,N
99-1268.71,5.C.1,Required Level of Education,RL,5,10.95,N
99-1268.71,5.C.1,Required Level of Education,RL,6,13.44,N
99-1268.71,5.C.1,Required Level of Education,RL,7,4.91,N
99-1268.71,5.C.1,Required Level of Education,RL,8,5.53,N
99-1268.71,5.C.1,Required Level of Education,RL,9,7.01,N
99-1268.71,5.C.1,Required Level of Education,RL,10,4.53,N
99-1268.71,5.C.1,Required Level of Education,RL,11,7.23,N
99-1268.71,5.C.1,Required Level of Education,RL,12,5.76,N
99-1269.72,5.C.1,Required Level of Education,RL,1,46.71,N
99-1269.72,5.C.1,Required Level of Education,RL,2,58.00,N
99-1269.72,5.C.1,Required Level of Education,RL,3,61.00,N
99-1269.72,5.C.1,Required Level of Education,RL,4,16.76,N
99-1269.72,5.C.1,Required Level of Education,RL,5,24.41,N
99-1269.72,5.C.1,Required Level of Education,RL,6,18.14,N
99-1269.72,5.C.1,Required Level of Education,RL,7,1.31,N
99-1269.72,5.C.1,Required Level of Education,RL,8,6.44,N
99-1269.72,5.C.1,Required Level of Education,RL,9,7.42,N
99-1269.72,5.C.1,Required Level of Education,RL,10,6.57,N
99-1269.72,5.C.1,Required Level of Education,RL,11,2.95,N
99-1269.72,5.C.1,Required Level of Education,RL,12,3.95,N
99-1270.73,5.C.1,Required Level of Education,RL,1,65.89,N
99-1270.73,5.C.1,Required Level of Education,RL,2,47.47,N
99-1270.73,5.C.1,Required Level of Education,RL,3,59.97,N
99-1270.73,5.C.1,Required Level of Education,RL,4,12.15,N
99-1270.73,5.C.1,Required Level of Education,RL,5,11.26,N
99-1270.73,5.C.1,Required Level of Education,RL,6,8.32,N
99-1270.73,5.C.1,Required Level of Education,RL,7,6.27,N
99-1270.73,5.C.1,Required Level of Education,RL,8,1.56,N
99-1270.73,5.C.1,Required Level of Education,RL,9,6.35,N
99-1270.73,5.C.1,Required Level of Education,RL,10,1.46,N
99-1270.73,5.C.1,Required Level of Education,RL,11,3.70,N
99-1270.73,5.C.1,Required Level of Education,RL,12,7.08,N
99-1271.74,5.C.1,Required Level of Education,RL,1,53.70,N
99-1271.74,5.C.1,Required Level of Education,RL,2,62.44,N
99-1271.74,5.C.1,Required Level of Education,RL,3,56.91,N
99-1271.74,5.C.1,Required Level of Education,RL,4,15.66,N
99-1271.74,5.C.1,Required Level of Education,RL,5,6.78,N
99-1271.74,5.C.1,Required Level of Education,RL,6,15.09,N
99-1271.74,5.C.1,Required Level of Education,RL,7,4.78,N
99-1271.74,5.C.1,Required Level of Education,RL,8,2.47,N
99-1271.74,5.C.1,Required Level of Education,RL,9,5.54,N
99-1271.74,5.C.1,Required Level of Education,RL,10,6.88,N
99-1271.74,5.C.1,Required Level of Education,RL,11,6.32,N
99-1271.74,5.C.1,Required Level of Education,RL,12,1.35,N
99-1272.75,5.C.1,Required Level of Education,RL,1,9.08,N
99-1272.75,5.C.1,Required Level of Education,RL,2,17.18,N
99-1272.75,5.C.1,Required Level of Education,RL,3,20.99,N
99-1272.75,5.C.1,Required Level of Education,RL,4,38.22,N
99-1272.75,5.C.1,Required Level of Education,RL,5,56.73,N
99-1272.75,5.C.1,Required Level of Education,RL,6,52.70,N
99-1272.75,5.C.1,Required Level of Education,RL,7,23.04,N
99-1272.75,5.C.1,Required Level of Education,RL,8,18.60,N
99-1272.75,5.C.1,Required Level of Education,RL,9,21.08,N
99-1272.75,5.C.1,Required Level of Education,RL,10,4.63,N
99-1272.75,5.C.1,Required Level of Education,RL,11,6.72,N
99-1272.75,5.C.1,Required Level of Education,RL,12,6.60,N
99-1273.76,5.C.1,Required Level of Education,RL,1,1.88,N
99-1273.76,5.C.1,Required Level of Education,RL,2,2.84,N
99-1273.76,5.C.1,Required Level of Education,RL,3,1.71,N
99-1273.76,5.C.1,Required Level of Education,RL,4,12.06,N
99-1273.76,5.C.1,Required Level of Education,RL,5,13.39,N
99-1273.76,5.C.1,Required Level of Education,RL,6,23.67,N
99-1273.76,5.C.1,Required Level of Education,RL,7,56.47,N
99-1273.76,5.C.1,Required Level of Education,RL,8,48.41,N
99-1273.76,5.C.1,Required Level of Education,RL,9,34.21,N
99-1273.76,5.C.1,Required Level of Education,RL,10,14.02,N
99-1273.76,5.C.1,Required Level of Education,RL,11,11.15,N
99-1273.76,5.C.1,Required Level of Education,RL,12,20.91,N
99-1274.77,5.C.1,Required Level of Education,RL,1,7.72,N
99-1274.77,5.C.1,Required Level of Education,RL,2,6.40,N
99-1274.77,5.C.1,Required Level of Education,RL,3,6.47,N
99-1274.77,5.C.1,Required Level of Education,RL,4,24.94,N
99-1274.77,5.C.1,Required Level of Education,RL,5,7.31,N
99-1274.77,5.C.1,Required Level of Education,RL,6,15.55,N
99-1274.77,5.C.1,Required Level of Education,RL,7,34.64,N
99-1274.77,5.C.1,Required Level of Education,RL,8,59.56,N
99-1274.77,5.C.1,Required Level of Education,RL,9,30.87,N
99-1274.77,5.C.1,Required Level of Education,RL,10,20.11,N
99-1274.77,5.C.1,Required Level of Education,RL,11,17.08,N
99-1274.77,5.C.1,Required Level of Education,RL,12,16.51,N
99-1275.78,5.C.1,Required Level of Education,RL,1,5.75,N
99-1275.78,5.C.1,Required Level of Education,RL,2,18.59,N
99-1275.78,5.C.1,Required Level of Education,RL,3,15.13,N
99-1275.78,5.C.1,Required Level of Education,RL,4,37.60,N
99-1275.78,5.C.1,Required Level of Education,RL,5,69.05,N
99-1275.78,5.C.1,Required Level of Education,RL,6,61.67,N
99-1275.78,5.C.1,Required Level of Education,RL,7,21.10,N
99-1275.78,5.C.1,Required Level of Education,RL,8,23.22,N
99-1275.78,5.C.1,Required Level of Education,RL,9,14.50,N
99-1275.78,5.C.1,Required Level of Education,RL,10,6.47,N
99-1275.78,5.C.1,Required Level of Education,RL,11,6.98,N
99-1275.78,5.C.1,Required Level of Education,RL,12,2.42,N
99-1276.79,5.C.1,Required Level of Education,RL,1,42.88,N
99-1276.79,5.C.1,Required Level of Education,RL,2,36.69,N
99-1276.79,5.C.1,Required Level of Education,RL,3,35.56,N
99-1276.79,5.C.1,Required Level of Education,RL,4,16.87,N
99-1276.79,5.C.1,Required Level of Education,RL,5,9.75,N
99-1276.79,5.C.1,Required Level of Education,RL,6,16.52,N
99-1276.79,5.C.1,Required Level of Education,RL,7,4.72,N
99-1276.79,5.C.1,Required Level of Education,RL,8,4.58,N
99-1276.79,5.C.1,Required Level of Education,RL,9,3.80,N
99-1276.79,5.C.1,Required Level of Education,RL,10,5.89,N
99-1276.79,5.C.1,Required Level of Education,RL,11,5.93,N
99-1276.79,5.C.1,Required Level of Education,RL,12,4.78,N
99-1277.80,5.C.1,Required Level of Education,RL,1,50.99,N
99-1277.80,5.C.1,Required Level of Education,RL,2,54.76,N
99-1277.80,5.C.1,Required Level of Education,RL,3,30.82,N
99-1277.80,5.C.1,Required Level of Education,RL,4,11.00,N
99-1277.80,5.C.1,Required Level of Education,RL,5,18.93,N
99-1277.80,5.C.1,Required Level of Education,RL,6,11.19,N
99-1277.80,5.C.1,Required Level of Education,RL,7,2.20,N
99-1277.80,5.C.1,Required Level of Education,RL,8,3.09,N
99-1277.80,5.C.1,Required Level of Education,RL,9,7.32,N
99-1277.80,5.C.1,Required Level of Education,RL,10,7.00,N
99-1277.80,5.C.1,Required Level of Education,RL,11,5.91,N
99-1277.80,5.C.1,Required Level of Education,RL,12,5.80,N
99-1278.81,5.C.1,Required Level of Education,RL,1,30.90,N
99-1278.81,5.C.1,Required Level of Education,RL,2,49.42,N
99-1278.81,5.C.1,Required Level of Education,RL,3,60.65,N
99-1278.81,5.C.1,Required Level of Education,RL,4,11.51,N
99-1278.81,5.C.1,Required Level of Education,RL,5,16.21,N
99-1278.81,5.C.1,Required Level of Education,RL,6,19.65,N
99-1278.81,5.C.1,Required Level of Education,RL,7,3.23,N
99-1278.81,5.C.1,Required Level of Education,RL,8,6.38,N
99-1278.81,5.C.1,Required Level of Education,RL,9,2.31,N
99-1278.81,5.C.1,Required Level of Education,RL,10,2.71,N
99-1278.81,5.C.1,Required Level of Education,RL,11,2.95,N
99-1278.81,5.C.1,Required Level of Education,RL,12,6.55,N
99-1279.82,5.C.1,Required Level of Education,RL,1,44.30,N
99-1279.82,5.C.1,Required Level of Education,RL,2,40.31,N
99-1279.82,5.C.1,Required Level of Education,RL,3,62.37,N
99-1279.82,5.C.1,Required Level of Education,RL,4,21.32,N
99-1279.82,5.C.1,Required Level of Education,RL,5,15.15,N
99-1279.82,5.C.1,Required Level of Education,RL,6,15.69,N
99-1279.82,5.C.1,Required Level of Education,RL,7,1.07,N
99-1279.82,5.C.1,Required Level of Education,RL,8,4.95,N
99-1279.82,5.C.1,Required Level of Education,RL,9,4.72,N
99-1279.82,5.C.1,Required Level of Education,RL,10,4.08,N
99-1279.82,5.C.1,Required Level of Education,RL,11,6.17,N
99-1279.82,5.C.1,Required Level of Education,RL,12,2.77,N
99-1280.83,5.C.1,Required Level of Education,RL,1,34.32,N
99-1280.83,5.C.1,Required Level of Education,RL,2,47.71,N
99-1280.83,5.C.1,Required Level of Education,RL,3,51.04,N
99-1280.83,5.C.1,Required Level of Education,RL,4,6.49,N
99-1280.83,5.C.1,Required Level of Education,RL,5,7.44,N
99-1280.83,5.C.1,Required Level of Education,RL,6,5.71,N
99-1280.83,5.C.1,Required Level of Education,RL,7,1.95,N
99-1280.83,5.C.1,Required Level of Education,RL,8,7.19,N
99-1280.83,5.C.1,Required Level of Education,RL,9,2.76,N
99-1280.83,5.C.1,Required Level of Education,RL,10,7.83,N
99-1280.83,5.C.1,Required Level of Education,RL,11,3.11,N
99-1280.83,5.C.1,Required Level of Education,RL,12,1.63,N
99-1281.84,5.C.1,Required Level of Education,RL,1,6.30,N
99-1281.84,5.C.1,Required Level of Education,RL,2,24.40,N
99-1281.84,5.C.1,Required Level of Education,RL,3,8.21,N
99-1281.84,5.C.1,Required Level of Education,RL,4,51.67,N
99-1281.84,5.C.1,Required Level of Education,RL,5,65.55,N
99-1281.84,5.C.1,Required Level of Education,RL,6,34.01,N
99-1281.84,5.C.1,Required Level of Education,RL,7,5.77,N
99-1281.84,5.C.1,Required Level of Education,RL,8,19.89,N
99-1281.84,5.C.1,Required Level of Education,RL,9,12.12,N
99-1281.84,5.C.1,Required Level of Education,RL,10,6.66,N
99-1281.84,5.C.1,Required Level of Education,RL,11,5.18,N
99-1281.84,5.C.1,Required Level of Education,RL,12,2.24,N
99-1282.85,5.C.1,Required Level of Education,RL,1,1.47,N
99-1282.85,5.C.1,Required Level of Education,RL,2,7.25,N
99-1282.85,5.C.1,Required Level of Education,RL,3,4.92,N
99-1282.85,5.C.1,Required Level of Education,RL,4,8.35,N
99-1282.85,5.C.1,Required Level of Education,RL,5,17.30,N
99-1282.85,5.C.1,Required Level of Education,RL,6,16.98,N
99-1282.85,5.C.1,Required Level of Education,RL,7,50.86,N
99-1282.85,5.C.1,Required Level of Education,RL,8,41.02,N
99-1282.85,5.C.1,Required Level of Education,RL,9,31.18,N
99-1282.85,5.C.1,Required Level of Education,RL,10,23.15,N
99-1282.85,5.C.1,Required Level of Education,RL,11,6.27,N
99-1282.85,5.C.1,Required Level of Education,RL,12,7.61,N
99-1283.86,5.C.1,Required Level of Education,RL,1,3.96,N
99-1283.86,5.C.1,Required Level of Education,RL,2,6.10,N
99-1283.86,5.C.1,Required Level of Education,RL,3,6.91,N
99-1283.86,5.C.1,Required Level of Education,RL,4,19.44,N
99-1283.86,5.C.1,Required Level of Education,RL,5,18.63,N
99-1283.86,5.C.1,Required Level of Education,RL,6,18.48,N
99-1283.86,5.C.1,Required Level of Education,RL,7,62.83,N
99-1283.86,5.C.1,Required Level of Education,RL,8,30.03,N
99-1283.86,5.C.1,Required Level of Education,RL,9,44.98,N
99-1283.86,5.C.1,Required Level of Education,RL,10,8.12,N
99-1283.86,5.C.1,Required Level of Education,RL,11,8.02,N
99-1283.86,5.C.1,Required Level of Education,RL,12,11.48,N
99-1284.87,5.C.1,Required Level of Education,RL,1,16.27,N
99-1284.87,5.C.1,Required Level of Education,RL,2,23.92,N
99-1284.87,5.C.1,Required Level of Education,RL,3,18.91,N
99-1284.87,5.C.1,Required Level of Education,RL,4,42.00,N
99-1284.87,5.C.1,Required Level of Education,RL,5,61.75,N
99-1284.87,5.C.1,Required Level of Education,RL,6,47.94,N
99-1284.87,5.C.1,Required Level of Education,RL,7,16.63,N
99-1284.87,5.C.1,Required Level of Education,RL,8,8.57,N
99-1284.87,5.C.1,Required Level of Education,RL,9,10.75,N
99-1284.87,5.C.1,Required Level of Education,RL,10,5.55,N
99-1284.87,5.C.1,Required Level of Education,RL,11,7.20,N
99-1284.87,5.C.1,Required Level of Education,RL,12,6.38,N
99-1285.88,5.C.1,Required Level of Education,RL,1,56.32,N
99-1285.88,5.C.1,Required Level of Education,RL,2,53.67,N
99-1285.88,5.C.1,Required Level of Education,RL,3,39.61,N
99-1285.88,5.C.1,Required Level of Education,RL,4,17.20,N
99-1285.88,5.C.1,Required Level of Education,RL,5,20.25,N
99-1285.88,5.C.1,Required Level of Education,RL,6,19.38,N
99-1285.88,5.C.1,Required Level of Education,RL,7,1.84,N
99-1285.88,5.C.1,Required Level of Education,RL,8,1.60,N
99-1285.88,5.C.1,Required Level of Education,RL,9,2.23,N
99-1285.88,5.C.1,Required Level of Education,RL,10,1.80,N
99-1285.88,5.C.1,Required Level of Education,RL,11,2.84,N
99-1285.88,5.C.1,Required Level of Education,RL,12,7.44,N
99-1286.89,5.C.1,Required Level of Education,RL,1,36.85,N
99-1286.89,5.C.1,Required Level of Education,RL,2,42.17,N
99-1286.89,5.C.1,Required Level of Education,RL,3,64.84,N
99-1286.89,5.C.1,Required Level of Education,RL,4,17.67,N
99-1286.89,5.C.1,Required Level of Education,RL,5,8.03,N
99-1286.89,5.C.1,Required Level of Education,RL,6,15.24,N
99-1286.89,5.C.1,Required Level of Education,RL,7,5.25,N
99-1286.89,5.C.1,Required Level of Education,RL,8,5.70,N
99-1286.89,5.C.1,Required Level of Education,RL,9,3.83,N
99-1286.89,5.C.1,Required Level of Education,RL,10,5.24,N
99-1286.89,5.C.1,Required Level of Education,RL,11,1.41,N
99-1286.89,5.C.1,Required Level of Education,RL,12,5.20,N
99-1287.90,5.C.1,Required Level of Education,RL,1,69.50,N
99-1287.90,5.C.1,Required Level of Education,RL,2,37.71,N
99-1287.90,5.C.1,Required Level of Education,RL,3,38.27,N
99-1287.90,5.C.1,Required Level of Education,RL,4,22.63,N
99-1287.90,5.C.1,Required Level of Education,RL,5,12.88,N
99-1287.90,5.C.1,Required Level of Education,RL,6,16.15,N
99-1287.90,5.C.1,Required Level of Education,RL,7,6.28,N
99-1287.90,5.C.1,Required Level of Education,RL,8,2.78,N
99-1287.90,5.C.1,Required Level of Education,RL,9,6.09,N
99-1287.90,5.C.1,Required Level of Education,RL,10,3.21,N
99-1287.90,5.C.1,Required Level of Education,RL,11,4.19,N
99-1287.90,5.C.1,Required Level of Education,RL,12,2.21,N
99-1288.91,5.C.1,Required Level of Education,RL,1,56.94,N
99-1288.91,5.C.1,Required Level of Education,RL,2,58.30,N
99-1288.91,5.C.1,Required Level of Education,RL,3,67.14,N
99-1288.91,5.C.1,Required Level of Education,RL,4,24.74,N
99-1288.91,5.C.1,Required Level of Education,RL,5,15.28,N
99-1288.91,5.C.1,Required Level of Education,RL,6,9.30,N
99-1288.91,5.C.1,Required Level of Education,RL,7,4.37,N
99-1288.91,5.C.1,Required Level of Education,RL,8,7.54,N
99-1288.91,5.C.1,Required Level of Education,RL,9,2.30,N
99-1288.91,5.C.1,Required Level of Education,RL,10,7.42,N
99-1288.91,5.C.1,Required Level of Education,RL,11,1.89,N
99-1288.91,5.C.1,Required Level of Education,RL,12,2.46,N
99-1289.92,5.C.1,Required Level of Education,RL,1,63.83,N
99-1289.92,5.C.1,Required Level of Education,RL,2,57.67,N
99-1289.92,5.C.1,Required Level of Education,RL,3,39.81,N
99-1289.92,5.C.1,Required Level of Education,RL,4,19.72,N
99-1289.92,5.C.1,Required Level of Education,RL,5,24.86,N
99-1289.92,5.C.1,Required Level of Education,RL,6,20.97,N
99-1289.92,5.C.1,Required Level of Education,RL,7,3.92,N
99-1289.92,5.C.1,Required Level of Education,RL,8,1.04,N
99-1289.92,5.C.1,Required Level of Education,RL,9,2.77,N
99-1289.92,5.C.1,Required Level of Education,RL,10,2.68,N
99-1289.92,5.C.1,Required Level of Education,RL,11,5.40,N
99-1289.92,5.C.1,Required Level of Education,RL,12,5.34,N
99-1290.93,5.C.1,Required Level of Education,RL,1,20.45,N
99-1290.93,5.C.1,Required Level of Education,RL,2,10.62,N
99-1290.93,5.C.1,Required Level of Education,RL,3,19.66,N
99-1290.93,5.C.1,Required Level of Education,RL,4,37.97,N
99-1290.93,5.C.1,Required Level of Education,RL,5,43.81,N
99-1290.93,5.C.1,Required Level of Education,RL,6,53.61,N
99-1290.93,5.C.1,Required Level of Education,RL,7,19.23,N
99-1290.93,5.C.1,Required Level of Education,RL,8,21.04,N
99-1290.93,5.C.1,Required Level of Education,RL,9,23.28,N
99-1290.93,5.C.1,Required Level of Education,RL,10,6.53,N
99-1290.93,5.C.1,Required Level of Education,RL,11,1.11,N
99-1290.93,5.C.1,Required Level of Education,RL,12,4.91,N
99-1291.94,5.C.1,Required Level of Education,RL,1,6.57,N
99-1291.94,5.C.1,Required Level of Education,RL,2,6.27,N
99-1291.94,5.C.1,Required Level of Education,RL,3,5.47,N
99-1291.94,5.C.1,Required Level of Education,RL,4,18.21,N
99-1291.94,5.C.1,Required Level of Education,RL,5,20.24,N
99-1291.94,5.C.1,Required Level of Education,RL,6,18.45,N
99-1291.94,5.C.1,Required Level of Education,RL,7,63.80,N
99-1291.94,5.C.1,Required Level of Education,RL,8,56.75,N
99-1291.94,5.C.1,Required Level of Education,RL,9,39.88,N
99-1291.94,5.C.1,Required Level of Education,RL,10,20.00,N
99-1291.94,5.C.1,Required Level of Education,RL,11,20.22,N
99-1291.94,5.C.1,Required Level of Education,RL,12,24.87,N
99-1292.95,5.C.1,Required Level of Education,RL,1,6.12,N
99-1292.95,5.C.1,Required Level of Education,RL,2,6.83,N
99-1292.95,5.C.1,Required Level of Education,RL,3,2.10,N
99-1292.95,5.C.1,Required Level of Education,RL,4,8.03,N
99-1292.95,5.C.1,Required Level of Education,RL,5,14.37,N
99-1292.95,5.C.1,Required Level of Education,RL,6,20.21,N
99-1292.95,5.C.1,Required Level of Education,RL,7,31.93,N
99-1292.95,5.C.1,Required Level of Education,RL,8,40.39,N
99-1292.95,5.C.1,Required Level of Education,RL,9,48.16,N
99-1292.95,5.C.1,Required Level of Education,RL,10,17.36,N
99-1292.95,5.C.1,Required Level of Education,RL,11,19.95,N
99-1292.95,5.C.1,Required Level of Education,RL,12,7.66,N
99-1293.96,5.C.1,Required Level of Education,RL,1,7.37,N
99-1293.96,5.C.1,Required Level of Education,RL,2,20.83,N
99-1293.96,5.C.1,Required Level of Education,RL,3,17.29,N
99-1293.96,5.C.1,Required Level of Education,RL,4,51.24,N
99-1293.96,5.C.1,Required Level of Education,RL,5,67.17,N
99-1293.96,5.C.1,Required Level of Education,RL,6,58.54,N
99-1293.96,5.C.1,Required Level of Education,RL,7,22.04,N
99-1293.96,5.C.1,Required Level of Education,RL,8,20.08,N
99-1293.96,5.C.1,Required Level of Education,RL,9,6.64,N
99-1293.96,5.C.1,Required Level of Education,RL,10,2.98,N
99-1293.96,5.C.1,Required Level of Education,RL,11,1.55,N
99-1293.96,5.C.1,Required Level of Education,RL,12,3.34,N
99-1294.97,5.C.1,Required Level of Education,RL,1,57.72,N
99-1294.97,5.C.1,Required Level of Education,RL,2,60.79,N
99-1294.97,5.C.1,Required Level of Education,RL,3,30.01,N
99-1294.97,5.C.1,Required Level of Education,RL,4,8.18,N
99-1294.97,5.C.1,Required Level of Education,RL,5,15.96,N
99-1294.97,5.C.1,Required Level of Education,RL,6,21.50,N
99-1294.97,5.C.1,Required Level of Education,RL,7,3.90,N
99-1294.97,5.C.1,Required Level of Education,RL,8,2.00,N
99-1294.97,5.C.1,Required Level of Education,RL,9,2.73,N
99-1294.97,5.C.1,Required Level of Education,RL,10,1.83,N
99-1294.97,5.C.1,Required Level of Education,RL,11,2.03,N
99-1294.97,5.C.1,Required Level of Education,RL,12,3.99,N
99-1295.98,5.C.1,Required Level of Education,RL,1,36.68,N
99-1295.98,5.C.1,Required Level of Education,RL,2,56.15,N
99-1295.98,5.C.1,Required Level of Education,RL,3,59.04,N
99-1295.98,5.C.1,Required Level of Education,RL,4,17.25,N
99-1295.98,5.C.1,Required Level of Education,RL,5,20.79,N
99-1295.98,5.C.1,Required Level of Education,RL,6,17.98,N
99-1295.98,5.C.1,Required Level of Education,RL,7,2.37,N
99-1295.98,5.C.1,Required Level of Education,RL,8,4.67,N
99-1295.98,5.C.1,Required Level of Education,RL,9,4.55,N
99-1295.98,5.C.1,Required Level of Education,RL,10,5.26,N
99-1295.98,5.C.1,Required Level of Education,RL,11,3.12,N
99-1295.98,5.C.1,Required Level of Education,RL,12,2.85,N
99-1296.99,5.C.1,Required Level of Education,RL,1,46.56,N
99-1296.99,5.C.1,Required Level of Education,RL,2,55.76,N
99-1296.99,5.C.1,Required Level of Education,RL,3,43.68,N
99-1296.99,5.C.1,Required Level of Education,RL,4,7.00,N
99-1296.99,5.C.1,Required Level of Education,RL,5,15.80,N
99-1296.99,5.C.1,Required Level of Education,RL,6,23.73,N
99-1296.99,5.C.1,Required Level of Education,RL,7,7.46,N
99-1296.99,5.C.1,Required Level of Education,RL,8,5.07,N
99-1296.99,5.C.1,Required Level of Education,RL,9,2.62,N
99-1296.99,5.C.1,Required Level of Education,RL,10,6.61,N
99-1296.99,5.C.1,Required Level of Education,RL,11,4.75,N
99-1296.99,5.C.1,Required Level of Education,RL,12,1.56,N
99-1297.01,5.C.1,Required Level of Education,RL,1,49.43,N
99-1297.01,5.C.1,Required Level of Education,RL,2,52.93,N
99-1297.01,5.C.1,Required Level of Education,RL,3,40.02,N
99-1297.01,5.C.1,Required Level of Education,RL,4,16.21,N
99-1297.01,5.C.1,Required Level of Education,RL,5,8.74,N
99-1297.01,5.C.1,Required Level of Education,RL,6,13.62,N
99-1297.01,5.C.1,Required Level of Education,RL,7,5.34,N
99-1297.01,5.C.1,Required Level of Education,RL,8,7.32,N
99-1297.01,5.C.1,Required Level of Education,RL,9,5.04,N
99-1297.01,5.C.1,Required Level of Education,RL,10,4.44,N
99-1297.01,5.C.1,Required Level of Education,RL,11,3.94,N
99-1297.01,5.C.1,Required Level of Education,RL,12,1.50,N
99-1298.02,5.C.1,Required Level of Education,RL,1,35.48,N
99-1298.02,5.C.1,Required Level of Education,RL,2,32.95,N
99-1298.02,5.C.1,Required Level of Education,RL,3,69.91,N
99-1298.02,5.C.1,Required Level of Education,RL,4,9.94,N
99-1298.02,5.C.1,Required Level of Education,RL,5,13.36,N
99-1298.02,5.C.1,Required Level of Education,RL,6,5.41,N
99-1298.02,5.C.1,Required Level of Education,RL,7,7.79,N
99-1298.02,5.C.1,Required Level of Education,RL,8,4.21,N
99-1298.02,5.C.1,Required Level of Education,RL,9,5.88,N
99-1298.02,5.C.1,Required Level of Education,RL,10,5.84,N
99-1298.02,5.C.1,Required Level of Education,RL,11,3.67,N
99-1298.02,5.C.1,Required Level of Education,RL,12,5.93,N
99-1299.03,5.C.1,Required Level of Education,RL,1,14.53,N
99-1299.03,5.C.1,Required Level of Education,RL,2,16.99,N
99-1299.03,5.C.1,Required Level of Education,RL,3,8.02,N
99-1299.03,5.C.1,Required Level of Education,RL,4,54.04,N
99-1299.03,5.C.1,Required Level of Education,RL,5,39.38,N
99-1299.03,5.C.1,Required Level of Education,RL,6,64.54,N
99-1299.03,5.C.1,Required Level of Education,RL,7,19.87,N
99-1299.03,5.C.1,Required Level of Education,RL,8,23.41,N
99-1299.03,5.C.1,Required Level of Education,RL,9,23.32,N
99-1299.03,5.C.1,Required Level of Education,RL,10,7.06,N
99-1299.03,5.C.1,Required Level of Education,RL,11,1.40,N
99-1299.03,5.C.1,Required Level of Education,RL,12,1.41,N
99-1300.04,5.C.1,Required Level of Education,RL,1,3.22,N
99-1300.04,5.C.1,Required Level of Education,RL,2,1.82,N
99-1300.04,5.C.1,Required Level of Education,RL,3,2.66,N
99-1300.04,5.C.1,Required Level of Education,RL,4,8.16,N
99-1300.04,5.C.1,Required Level of Education,RL,5,17.75,N
99-1300.04,5.C.1,Required Level of Education,RL,6,24.61,N
99-1300.04,5.C.1,Required Level of Education,RL,7,36.98,N
99-1300.04,5.C.1,Required Level of Education,RL,8,62.45,N
99-1300.04,5.C.1,Required Level of Education,RL,9,30.88,N
99-1300.04,5.C.1,Required Level of Education,RL,10,12.02,N
99-1300.04,5.C.1,Required Level of Education,RL,11,16.00,N
99-1300.04,5.C.1,Required Level of Education,RL,12,18.31,N
99-1301.05,5.C.1,Required Level of Education,RL,1,2.41,N
99-1301.05,5.C.1,Required Level of Education,RL,2,6.65,N
99-1301.05,5.C.1,Required Level of Education,RL,3,2.97,N
99-1301.05,5.C.1,Required Level of Education,RL,4,19.33,N
99-1301.05,5.C.1,Required Level of Education,RL,5,22.83,N
99-1301.05,5.C.1,Required Level of Education,RL,6,24.69,N
99-1301.05,5.C.1,Required Level of Education,RL,7,50.00,N
99-1301.05,5.C.1,Required Level of Education,RL,8,35.11,N
99-1301.05,5.C.1,Required Level of Education,RL,9,58.99,N
99-1301.05,5.C.1,Required Level of Education,RL,10,13.26,N
99-1301.05,5.C.1,Required Level of Education,RL,11,15.25,N
99-1301.05,5.C.1,Required Level of Education,RL,12,20.68,N
99-1302.06,5.C.1,Required Level of Education,RL,1,22.56,N
99-1302.06,5.C.1,Required Level of Education,RL,2,15.90,N
99-1302.06,5.C.1,Required Level of Education,RL,3,10.27,N
99-1302.06,5.C.1,Required Level of Education,RL,4,30.28,N
99-1302.06,5.C.1,Required Level of Education,RL,5,39.61,N
99-1302.06,5.C.1,Required Level of Education,RL,6,53.62,N
99-1302.06,5.C.1,Required Level of Education,RL,7,23.01,N
99-1302.06,5.C.1,Required Level of Education,RL,8,22.12,N
99-1302.06,5.C.1,Required Level of Education,RL,9,24.30,N
99-1302.06,5.C.1,Required Level of Education,RL,10,1.78,N
99-1302.06,5.C.1,Required Level of Education,RL,11,5.00,N
99-1302.06,5.C.1,Required Level of Education,RL,12,2.23,N
99-1303.07,5.C.1,Required Level of Education,RL,1,49.86,N
99-1303.07,5.C.1,Required Level of Education,RL,2,36.00,N
99-1303.07,5.C.1,Required Level of Education,RL,3,39.03,N
99-1303.07,5.C.1,Required Level of Education,RL,4,6.19,N
99-1303.07,5.C.1,Required Level of Education,RL,5,12.42,N
99-1303.07,5.C.1,Required Level of Education,RL,6,11.11,N
99-1303.07,5.C.1,Required Level of Education,RL,7,3.02,N
99-1303.07,5.C.1,Required Level of Education,RL,8,2.23,N
99-1303.07,5.C.1,Required Level of Education,RL,9,7.83,N
99-1303.07,5.C.1,Required Level of Education,RL,10,1.10,N
99-1303.07,5.C.1,Required Level of Education,RL,11,5.59,N
99-1303.07,5.C.1,Required Level of Education,RL,12,1.86,N
99-1304.08,5.C.1,Required Level of Education,RL,1,42.72,N
99-1304.08,5.C.1,Required Level of Education,RL,2,64.55,N
99-1304.08,5.C.1,Required Level of Education,RL,3,38.68,N
99-1304.08,5.C.1,Required Level of Education,RL,4,5.34,N
99-1304.08,5.C.1,Required Level of Education,RL,5,23.89,N
99-1304.08,5.C.1,Required Level of Education,RL,6,10.39,N
99-1304.08,5.C.1,Required Level of Education,RL,7,3.15,N
99-1304.08,5.C.1,Required Level of Education,RL,8,3.55,N
99-1304.08,5.C.1,Required Level of Education,RL,9,2.54,N
99-1304.08,5.C.1,Required Level of Education,RL,10,2.75,N
99-1304.08,5.C.1,Required Level of Education,RL,11,3.09,N
99-1304.08,5.C.1,Required Level of Education,RL,12,3.88,N
99-1305.09,5.C.1,Required Level of Education,RL,1,30.33,N
99-1305.09,5.C.1,Required Level of Education,RL,2,38.83,N
99-1305.09,5.C.1,Required Level of Education,RL,3,38.81,N
99-1305.09,5.C.1,Required Level of Education,RL,4,15.00,N
99-1305.09,5.C.1,Required Level of Education,RL,5,5.85,N
99-1305.09,5.C.1,Required Level of Education,RL,6,15.80,N
99-1305.09,5.C.1,Required Level of Education,RL,7,6.06,N
99-1305.09,5.C.1,Required Level of Education,RL,8,6.66,N
99-1305.09,5.C.1,Required Level of Education,RL,9,3.47,N
99-1305.09,5.C.1,Required Level of Education,RL,10,1.00,N
99-1305.09,5.C.1,Required Level of Education,RL,11,7.64,N
99-1305.09,5.C.1,Required Level of Education,RL,12,3.67,N
99-1306.10,5.C.1,Required Level of Education,RL,1,61.74,N
99-1306.10,5.C.1,Required Level of Education,RL,2,37.12,N
99-1306.10,5.C.1,Required Level of Education,RL,3,53.21,N
99-1306.10,5.C.1,Required Level of Education,RL,4,7.02,N
99-1306.10,5.C.1,Required Level of Education,RL,5,11.09,N
99-1306.10,5.C.1,Required Level of Education,RL,6,21.23,N
99-1306.10,5.C.1,Required Level of Education,RL,7,4.99,N
99-1306.10,5.C.1,Required Level of Education,RL,8,6.03,N
99-1306.10,5.C.1,Required Level of Education,RL,9,7.93,N
99-1306.10,5.C.1,Required Level of Education,RL,10,4.34,N
99-1306.10,5.C.1,Required Level of Education,RL,11,5.30,N
99-1306.10,5.C.1,Required Level of Education,RL,12,7.46,N
99-1307.11,5.C.1,Required Level of Education,RL,1,60.66,N
99-1307.11,5.C.1,Required Level of Education,RL,2,31.56,N
99-1307.11,5.C.1,Required Level of Education,RL,3,61.67,N
99-1307.11,5.C.1,Required Level of Education,RL,4,24.32,N
99-1307.11,5.C.1,Required Level of Education,RL,5,22.78,N
99-1307.11,5.C.1,Required Level of Education,RL,6,11.12,N
99-1307.11,5.C.1,Required Level of Education,RL,7,5.31,N
99-1307.11,5.C.1,Required Level of Education,RL,8,5.90,N
99-1307.11,5.C.1,Required Level of Education,RL,9,2.32,N
99-1307.11,5.C.1,Required Level of Education,RL,10,6.12,N
99-1307.11,5.C.1,Required Level of Education,RL,11,7.73,N
99-1307.11,5.C.1,Required Level of Education,RL,12,7.52,N
99-1308.12,5.C.1,Required Level of Education,RL,1,24.28,N
99-1308.12,5.C.1,Required Level of Education,RL,2,15.35,N
99-1308.12,5.C.1,Required Level of Education,RL,3,18.73,N
99-1308.12,5.C.1,Required Level of Education,RL,4,67.86,N
99-1308.12,5.C.1,Required Level of Education,RL,5,32.01,N
99-1308.12,5.C.1,Required Level of Education,RL,6,35.74,N
99-1308.12,5.C.1,Required Level of Education,RL,7,24.78,N
99-1308.12,5.C.1,Required Level of Education,RL,8,11.84,N
99-1308.12,5.C.1,Required Level of Education,RL,9,13.08,N
99-1308.12,5.C.1,Required Level of Education,RL,10,7.17,N
99-1308.12,5.C.1,Required Level of Education,RL,11,2.95,N
99-1308.12,5.C.1,Required Level of Education,RL,12,1.74,N
99-1309.13,5.C.1,Required Level of Education,RL,1,7.87,N
99-1309.13,5.C.1,Required Level of Education,RL,2,5.33,N
99-1309.13,5.C.1,Required Level of Education,RL,3,5.90,N
99-1309.13,5.C.1,Required Level of Education,RL,4,19.31,N
99-1309.13,5.C.1,Required Level of Education,RL,5,18.35,N
99-1309.13,5.C.1,Required Level of Education,RL,6,20.44,N
99-1309.13,5.C.1,Required Level of Education,RL,7,65.04,N
99-1309.13,5.C.1,Required Level of Education,RL,8,38.88,N
99-1309.13,5.C.1,Required Level of Education,RL,9,61.49,N
99-1309.13,5.C.1,Required Level of Education,RL,10,7.03,N
99-1309.13,5.C.1,Required Level of Education,RL,11,14.44,N
99-1309.13,5.C.1,Required Level of Education,RL,12,24.67,N
99-1310.14,5.C.1,Required Level of Education,RL,1,2.20,N
99-1310.14,5.C.1,Required Level of Education,RL,2,1.85,N
99-1310.14,5.C.1,Required Level of Education,RL,3,5.87,N
99-1310.14,5.C.1,Required Level of Education,RL,4,12.08,N
99-1310.14,5.C.1,Required Level of Education,RL,5,5.32,N
99-1310.14,5.C.1,Required Level of Education,RL,6,15.38,N
99-1310.14,5.C.1,Required Level of Education,RL,7,66.30,N
99-1310.14,5.C.1,Required Level of Education,RL,8,52.36,N
99-1310.14,5.C.1,Required Level of Education,RL,9,47.67,N
99-1310.14,5.C.1,Required Level of Education,RL,10,21.05,N
99-1310.14,5.C.1,Required Level of Education,RL,11,17.10,N
99-1310.14,5.C.1,Required Level of Education,RL,12,19.98,N
99-1311.15,5.C.1,Required Level of Education,RL,1,9.83,N
99-1311.15,5.C.1,Required Level of Education,RL,2,6.25,N
99-1311.15,5.C.1,Required Level of Education,RL,3,14.50,N
99-1311.15,5.C.1,Required Level of Education,RL,4,46.85,N
99-1311.15,5.C.1,Required Level of Education,RL,5,52.25,N
99-1311.15,5.C.1,Required Level of Education,RL,6,52.53,N
99-1311.15,5.C.1,Required Level of Education,RL,7,21.38,N
99-1311.15,5.C.1,Required Level of Education,RL,8,23.23,N
99-1311.15,5.C.1,Required Level of Education,RL,9,20.61,N
99-1311.15,5.C.1,Required Level of Education,RL,10,7.06,N
99-1311.15,5.C.1,Required Level of Education,RL,11,4.25,N
99-1311.15,5.C.1,Required Level of Education,RL,12,1.07,N
99-1312.16,5.C.1,Required Level of Education,RL,1,31.59,N
99-1312.16,5.C.1,Required Level of Education,RL,2,55.73,N
99-1312.16,5.C.1,Required Level of Education,RL,3,43.59,N
99-1312.16,5.C.1,Required Level of Education,RL,4,13.11,N
99-1312.16,5.C.1,Required Level of Education,RL,5,15.43,N
99-1312.16,5.C.1,Required Level of Education,RL,6,24.62,N
99-1312.16,5.C.1,Required Level of Education,RL,7,6.10,N
99-1312.16,5.C.1,Required Level of Education,RL,8,5.47,N
99-1312.16,5.C.1,Required Level of Education,RL,9,4.56,N
99-1312.16,5.C.1,Required Level of Education,RL,10,3.53,N
99-1312.16,5.C.1,Required Level of Education,RL,11,7.91,N
99-1312.16,5.C.1,Required Level of Education,RL,12,6.25,N
99-1313.17,5.C.1,Required Level of Education,RL,1,60.81,N
99-1313.17,5.C.1,Required Level of Education,RL,2,39.01,N
99-1313.17,5.C.1,Required Level of Education,RL,3,39.36,N
99-1313.17,5.C.1,Required Level of Education,RL,4,19.36,N
99-1313.17,5.C.1,Required Level of Education,RL,5,19.35,N
99-1313.17,5.C.1,Required Level of Education,RL,6,7.98,N
99-1313.17,5.C.1,Required Level of Education,RL,7,6.35,N
99-1313.17,5.C.1,Required Level of Education,RL,8,5.72,N
99-1313.17,5.C.1,Required Level of Education,RL,9,5.49,N
99-1313.17,5.C.1,Required Level of Education,RL,10,8.00,N
99-1313.17,5.C.1,Required Level of Education,RL,11,5.66,N
99-1313.17,5.C.1,Required Level of Education,RL,12,2.50,N
99-1314.18,5.C.1,Required Level of Education,RL,1,53.07,N
99-1314.18,5.C.1,Required Level of Education,RL,2,62.39,N
99-1314.18,5.C.1,Required Level of Education,RL,3,62.12,N
99-1314.18,5.C.1,Required Level of Education,RL,4,20.24,N
99-1314.18,5.C.1,Required Level of Education,RL,5,9.00,N
99-1314.18,5.C.1,Required Level of Education,RL,6,19.54,N
99-1314.18,5.C.1,Required Level of Education,RL,7,3.03,N
99-1314.18,5.C.1,Required Level of Education,RL,8,7.12,N
99-1314.18,5.C.1,Required Level of Education,RL,9,6.07,N
99-1314.18,5.C.1,Required Level of Education,RL,10,2.33,N
99-1314.18,5.C.1,Required Level of Education,RL,11,1.71,N
99-1314.18,5.C.1,Required Level of Education,RL,12,3.63,N
99-1315.19,5.C.1,Required Level of Education,RL,1,59.58,N
99-1315.19,5.C.1,Required Level of Education,RL,2,69.77,N
99-1315.19,5.C.1,Required Level of Education,RL,3,61.50,N
99-1315.19,5.C.1,Required Level of Education,RL,4,21.67,N
99-1315.19,5.C.1,Required Level of Education,RL,5,24.92,N
99-1315.19,5.C.1,Required Level of Education,RL,6,16.06,N
99-1315.19,5.C.1,Required Level of Education,RL,7,5.21,N
99-1315.19,5.C.1,Required Level of Education,RL,8,1.15,N
99-1315.19,5.C.1,Required Level of Education,RL,9,5.54,N
99-1315.19,5.C.1,Required Level of Education,RL,10,2.23,N
99-1315.19,5.C.1,Required Level of Education,RL,11,1.26,N
99-1315.19,5.C.1,Required Level of Education,RL,12,4.83,N
99-1316.20,5.C.1,Required Level of Education,RL,1,48.63,N
99-1316.20,5.C.1,Required Level of Education,RL,2,36.32,N
99-1316.20,5.C.1,Required Level of Education,RL,3,36.11,N
99-1316.20,5.C.1,Required Level of Education,RL,4,15.62,N
99-1316.20,5.C.1,Required Level of Education,RL,5,8.66,N
99-1316.20,5.C.1,Required Level of Education,RL,6,16.15,N
99-1316.20,5.C.1,Required Level of Education,RL,7,2.95,N
99-1316.20,5.C.1,Required Level of Education,RL,8,5.17,N
99-1316.20,5.C.1,Required Level of Education,RL,9,7.08,N
99-1316.20,5.C.1,Required Level of Education,RL,10,5.20,N
99-1316.20,5.C.1,Required Level of Education,RL,11,1.18,N
99-1316.20,5.C.1,Required Level of Education,RL,12,3.53,N
99-1317.21,5.C.1,Required Level of Education,RL,1,23.44,N
99-1317.21,5.C.1,Required Level of Education,RL,2,17.46,N
99-1317.21,5.C.1,Required Level of Education,RL,3,24.50,N
99-1317.21,5.C.1,Required Level of Education,RL,4,52.09,N
99-1317.21,5.C.1,Required Level of Education,RL,5,47.82,N
99-1317.21,5.C.1,Required Level of Education,RL,6,36.48,N
99-1317.21,5.C.1,Required Level of Education,RL,7,17.43,N
99-1317.21,5.C.1,Required Level of Education,RL,8,14.36,N
99-1317.21,5.C.1,Required Level of Education,RL,9,21.76,N
99-1317.21,5.C.1,Required Level of Education,RL,10,3.57,N
99-1317.21,5.C.1,Required Level of Education,RL,11,2.47,N
99-1317.21,5.C.1,Required Level of Education,RL,12,6.04,N
99-1318.22,5.C.1,Required Level of Education,RL,1,7.71,N
99-1318.22,5.C.1,Required Level of Education,RL,2,2.66,N
99-1318.22,5.C.1,Required Level of Education,RL,3,4.52,N
99-1318.22,5.C.1,Required Level of Education,RL,4,17.64,N
99-1318.22,5.C.1,Required Level of Education,RL,5,15.78,N
99-1318.22,5.C.1,Required Level of Education,RL,6,11.32,N
99-1318.22,5.C.1,Required Level of Education,RL,7,34.28,N
99-1318.22,5.C.1,Required Level of Education,RL,8,52.16,N
99-1318.22,5.C.1,Required Level of Education,RL,9,58.57,N
99-1318.22,5.C.1,Required Level of Education,RL,10,6.62,N
99-1318.22,5.C.1,Required Level of Education,RL,11,20.37,N
99-1318.22,5.C.1,Required Level of Education,RL,12,16.42,N
99-1319.23,5.C.1,Required Level of Education,RL,1,3.31,N
99-1319.23,5.C.1,Required Level of Education,RL,2,2.34,N
99-1319.23,5.C.1,Required Level of Education,RL,3,5.79,N
99-1319.23,5.C.1,Required Level of Education,RL,4,15.79,N
99-1319.23,5.C.1,Required Level of Education,RL,5,8.74,N
99-1319.23,5.C.1,Required Level of Education,RL,6,23.52,N
99-1319.23,5.C.1,Required Level of Education,RL,7,45.13,N
99-1319.23,5.C.1,Required Level of Education,RL,8,45.48,N
99-1319.23,5.C.1,Required Level of Education,RL,9,59.73,N
99-1319.23,5.C.1,Required Level of Education,RL,10,12.79,N
99-1319.23,5.C.1,Required Level of Education,RL,11,16.31,N
99-1319.23,5.C.1,Required Level of Education,RL,12,19.56,N
99-1320.24,5.C.1,Required Level of Education,RL,1,12.30,N
99-1320.24,5.C.1,Required Level of Education,RL,2,15.58,N
99-1320.24,5.C.1,Required Level of Education,RL,3,20.07,N
99-1320.24,5.C.1,Required Level of Education,RL,4,56.54,N
99-1320.24,5.C.1,Required Level of Education,RL,5,35.85,N
99-1320.24,5.C.1,Required Level of Education,RL,6,40.26,N
99-1320.24,5.C.1,Required Level of Education,RL,7,17.12,N
99-1320.24,5.C.1,Required Level of Education,RL,8,8.59,N
99-1320.24,5.C.1,Required Level of Education,RL,9,14.16,N
99-1320.24,5.C.1,Required Level of Education,RL,10,1.83,N
99-1320.24,5.C.1,Required Level of Education,RL,11,7.33,N
99-1320.24,5.C.1,Required Level of Education,RL,12,3.76,N
99-1321.25,5.C.1,Required Level of Education,RL,1,40.13,N
99-1321.25,5.C.1,Required Level of Education,RL,2,65.69,N
99-1321.25,5.C.1,Required Level of Education,RL,3,38.78,N
99-1321.25,5.C.1,Required Level of Education,RL,4,15.65,N
99-1321.25,5.C.1,Required Level of Education,RL,5,17.37,N
99-1321.25,5.C.1,Required Level of Education,RL,6,22.64,N
99-1321.25,5.C.1,Required Level of Education,RL,7,1.82,N
99-1321.25,5.C.1,Required Level of Education,RL,8,7.04,N
99-1321.25,5.C.1,Required Level of Education,RL,9,1.73,N
99-1321.25,5.C.1,Required Level of Education,RL,10,1.09,N
99-1321.25,5.C.1,Required Level of Education,RL,11,7.15,N
99-1321.25,5.C.1,Required Level of Education,RL,12,4.17,N
99-1322.26,5.C.1,Required Level of Education,RL,1,36.35,N
99-1322.26,5.C.1,Required Level of Education,RL,2,59.59,N
99-1322.26,5.C.1,Required Level of Education,RL,3,56.65,N
99-1322.26,5.C.1,Required Level of Education,RL,4,11.69,N
99-1322.26,5.C.1,Required Level of Education,RL,5,20.56,N
99-1322.26,5.C.1,Required Level of Education,RL,6,23.14,N
99-1322.26,5.C.1,Required Level of Education,RL,7,7.60,N
99-1322.26,5.C.1,Required Level of Education,RL,8,2.74,N
99-1322.26,5.C.1,Required Level of Education,RL,9,1.25,N
99-1322.26,5.C.1,Required Level of Education,RL,10,2.17,N
99-1322.26,5.C.1,Required Level of Education,RL,11,6.75,N
99-1322.26,5.C.1,Required Level of Education,RL,12,7.35,N
99-1323.27,5.C.1,Required Level of Education,RL,1,51.76,N
99-1323.27,5.C.1,Required Level of Education,RL,2,64.33,N
99-1323.27,5.C.1,Required Level of Education,RL,3,30.40,N
99-1323.27,5.C.1,Required Level of Education,RL,4,18.33,N
99-1323.27,5.C.1,Required Level of Education,RL,5,14.07,N
99-1323.27,5.C.1,Required Level of Education,RL,6,6.63,N
99-1323.27,5.C.1,Required Level of Education,RL,7,3.62,N
99-1323.27,5.C.1,Required Level of Education,RL,8,3.80,N
99-1323.27,5.C.1,Required Level of Education,RL,9,6.95,N
99-1323.27,5.C.1,Required Level of Education,RL,10,5.02,N
99-1323.27,5.C.1,Required Level of Education,RL,11,1.48,N
99-1323.27,5.C.1,Required Level of Education,RL,12,6.92,N
99-1324.28,5.C.1,Required Level of Education,RL,1,47.01,N
99-1324.28,5.C.1,Required Level of Education,RL,2,32.59,N
99-1324.28,5.C.1,Required Level of Education,RL,3,39.01,N
99-1324.28,5.C.1,Required Level of Education,RL,4,8.88,N
99-1324.28,5.C.1,Required Level of Education,RL,5,8.14,N
99-1324.28,5.C.1,Required Level of Education,RL,6,21.62,N
99-1324.28,5.C.1,Required Level of Education,RL,7,5.71,N
99-1324.28,5.C.1,Required Level of Education,RL,8,7.90,N
99-1324.28,5.C.1,Required Level of Education,RL,9,4.58,N
99-1324.28,5.C.1,Required Level of Education,RL,10,6.95,N
99-1324.28,5.C.1,Required Level of Education,RL,11,2.60,N
99-1324.28,5.C.1,Required Level of Education,RL,12,7.84,N
99-1325.29,5.C.1,Required Level of Education,RL,1,52.62,N
99-1325.29,5.C.1,Required Level of Education,RL,2,55.30,N
99-1325.29,5.C.1,Required Level of Education,RL,3,43.97,N
99-1325.29,5.C.1,Required Level of Education,RL,4,19.43,N
99-1325.29,5.C.1,Required Level of Education,RL,5,11.58,N
99-1325.29,5.C.1,Required Level of Education,RL,6,13.87,N
99-1325.29,5.C.1,Required Level of Education,RL,7,1.34,N
99-1325.29,5.C.1,Required Level of Education,RL,8,5.67,N
99-1325.29,5.C.1,Required Level of Education,RL,9,6.47,N
99-1325.29,5.C.1,Required Level of Education,RL,10,4.00,N
99-1325.29,5.C.1,Required Level of Education,RL,11,1.74,N
99-1325.29,5.C.1,Required Level of Education,RL,12,6.33,N
99-1326.30,5.C.1,Required Level of Education,RL,1,24.40,N
99-1326.30,5.C.1,Required Level of Education,RL,2,23.55,N
99-1326.30,5.C.1,Required Level of Education,RL,3,16.86,N
99-1326.30,5.C.1,Required Level of Education,RL,4,63.67,N
99-1326.30,5.C.1,Required Level of Education,RL,5,52.44,N
99-1326.30,5.C.1,Required Level of Education,RL,6,49.45,N
99-1326.30,5.C.1,Required Level of Education,RL,7,18.44,N
99-1326.30,5.C.1,Required Level of Education,RL,8,11.01,N
99-1326.30,5.C.1,Required Level of Education,RL,9,17.40,N
99-1326.30,5.C.1,Required Level of Education,RL,10,7.98,N
99-1326.30,5.C.1,Required Level of Education,RL,11,6.68,N
99-1326.30,5.C.1,Required Level of Education,RL,12,2.29,N
99-1327.31,5.C.1,Required Level of Education,RL,1,3.06,N
99-1327.31,5.C.1,Required Level of Education,RL,2,2.60,N
99-1327.31,5.C.1,Required Level of Education,RL,3,5.98,N
99-1327.31,5.C.1,Required Level of Education,RL,4,16.80,N
99-1327.31,5.C.1,Required Level of Education,RL,5,12.42,N
99-1327.31,5.C.1,Required Level of Education,RL,6,14.17,N
99-1327.31,5.C.1,Required Level of Education,RL,7,50.65,N
99-1327.31,5.C.1,Required Level of Education,RL,8,38.90,N
99-1327.31,5.C.1,Required Level of Education,RL,9,62.27,N
99-1327.31,5.C.1,Required Level of Education,RL,10,24.08,N
99-1327.31,5.C.1,Required Level of Education,RL,11,11.71,N
99-1327.31,5.C.1,Required Level of Education,RL,12,14.03,N
99-1328.32,5.C.1,Required Level of Education,RL,1,1.50,N
99-1328.32,5.C.1,Required Level of Education,RL,2,4.59,N
99-1328.32,5.C.1,Required Level of Education,RL,3,1.26,N
99-1328.32,5.C.1,Required Level of Education,RL,4,15.87,N
99-1328.32,5.C.1,Required Level of Education,RL,5,15.52,N
99-1328.32,5.C.1,Required Level of Education,RL,6,20.06,N
99-1328.32,5.C.1,Required Level of Education,RL,7,34.58,N
99-1328.32,5.C.1,Required Level of Education,RL,8,60.51,N
99-1328.32,5.C.1,Required Level of Education,RL,9,49.09,N
99-1328.32,5.C.1,Required Level of Education,RL,10,14.81,N
99-1328.32,5.C.1,Required Level of Education,RL,11,9.77,N
99-1328.32,5.C.1,Required Level of Education,RL,12,13.41,N
99-1329.33,5.C.1,Required Level of Education,RL,1,14.92,N
99-1329.33,5.C.1,Required Level of Education,RL,2,16.01,N
99-1329.33,5.C.1,Required Level of Education,RL,3,24.97,N
99-1329.33,5.C.1,Required Level of Education,RL,4,45.92,N
99-1329.33,5.C.1,Required Level of Education,RL,5,35.78,N
99-1329.33,5.C.1,Required Level of Education,RL,6,59.09,N
99-1329.33,5.C.1,Required Level of Education,RL,7,14.27,N
99-1329.33,5.C.1,Required Level of Education,RL,8,5.27,N
99-1329.33,5.C.1,Required Level of Education,RL,9,21.51,N
99-1329.33,5.C.1,Required Level of Education,RL,10,1.20,N
99-1329.33,5.C.1,Required Level of Education,RL,11,1.26,N
99-1329.33,5.C.1,Required Level of Education,RL,12,1.89,N
99-1330.34,5.C.1,Required Level of Education,RL,1,36.40,N
99-1330.34,5.C.1,Required Level of Education,RL,2,69.54,N
99-1330.34,5.C.1,Required Level of Education,RL,3,30.65,N
99-1330.34,5.C.1,Required Level of Education,RL,4,18.31,N
99-1330.34,5.C.1,Required Level of Education,RL,5,22.76,N
99-1330.34,5.C.1,Required Level of Education,RL,6,19.03,N
99-1330.34,5.C.1,Required Level of Education,RL,7,5.01,N
99-1330.34,5.C.1,Required Level of Education,RL,8,7.30,N
99-1330.34,5.C.1,Required Level of Education,RL,9,7.22,N
99-1330.34,5.C.1,Required Level of Education,RL,10,1.31,N
99-1330.34,5.C.1,Required Level of Education,RL,11,2.77,N
99-1330.34,5.C.1,Required Level of Education,RL,12,7.04,N
99-1331.35,5.C.1,Required Level of Education,RL,1,34.53,N
99-1331.35,5.C.1,Required Level of Education,RL,2,51.11,N
99-1331.35,5.C.1,Required Level of Education,RL,3,37.49,N
99-1331.35,5.C.1,Required Level of Education,RL,4,6.14,N
99-1331.35,5.C.1,Required Level of Education,RL,5,6.98,N
99-1331.35,5.C.1,Required Level of Education,RL,6,10.23,N
99-1331.35,5.C.1,Required Level of Education,RL,7,7.60,N
99-1331.35,5.C.1,Required Level of Education,RL,8,2.19,N
99-1331.35,5.C.1,Required Level of Education,RL,9,4.89,N
99-1331.35,5.C.1,Required Level of Education,RL,10,2.74,N
99-1331.35,5.C.1,Required Level of Education,RL,11,6.63,N
99-1331.35,5.C.1,Required Level of Education,RL,12,6.40,N
99-1332.36,5.C.1,Required Level of Education,RL,1,51.70,N
99-1332.36,5.C.1,Required Level of Education,RL,2,69.75,N
99-1332.36,5.C.1,Required Level of Education,RL,3,37.82,N
99-1332.36,5.C.1,Required Level of Education,RL,4,20.25,N
99-1332.36,5.C.1,Required Level of Education,RL,5,14.24,N
99-1332.36,5.C.1,Required Level of Education,RL,6,11.81,N
99-1332.36,5.C.1,Required Level of Education,RL,7,2.92,N
99-1332.36,5.C.1,Required Level of Education,RL,8,2.24,N
99-1332.36,5.C.1,Required Level of Education,RL,9,4.94,N
99-1332.36,5.C.1,Required Level of Education,RL,10,4.88,N
99-1332.36,5.C.1,Required Level of Education,RL,11,1.37,N
99-1332.36,5.C.1,Required Level of Education,RL,12,5.73,N
99-1333.37,5.C.1,Required Level of Education,RL,1,57.38,N
99-1333.37,5.C.1,Required Level of Education,RL,2,31.70,N
99-1333.37,5.C.1,Required Level of Education,RL,3,34.71,N
99-1333.37,5.C.1,Required Level of Education,RL,4,15.57,N
99-1333.37,5.C.1,Required Level of Education,RL,5,8.14,N
99-1333.37,5.C.1,Required Level of Education,RL,6,22.17,N
99-1333.37,5.C.1,Required Level of Education,RL,7,4.43,N
99-1333.37,5.C.1,Required Level of Education,RL,8,3.32,N
99-1333.37,5.C.1,Required Level of Education,RL,9,3.87,N
99-1333.37,5.C.1,Required Level of Education,RL,10,3.68,N
99-1333.37,5.C.1,Required Level of Education,RL,11,5.09,N
99-1333.37,5.C.1,Required Level of Education,RL,12,2.35,N
99-1334.38,5.C.1,Required Level of Education,RL,1,34.66,N
99-1334.38,5.C.1,Required Level of Education,RL,2,40.92,N
99-1334.38,5.C.1,Required Level of Education,RL,3,51.21,N
99-1334.38,5.C.1,Required Level of Education,RL,4,14.60,N
99-1334.38,5.C.1,Required Level of Education,RL,5,24.56,N
99-1334.38,5.C.1,Required Level of Education,RL,6,16.81,N
99-1334.38,5.C.1,Required Level of Education,RL,7,6.66,N
99-1334.38,5.C.1,Required Level of Education,RL,8,7.26,N
99-1334.38,5.C.1,Required Level of Education,RL,9,3.82,N
99-1334.38,5.C.1,Required Level of Education,RL,10,1.61,N
99-1334.38,5.C.1,Required Level of Education,RL,11,4.23,N
99-1334.38,5.C.1,Required Level of Education,RL,12,1.25,N
99-1335.39,5.C.1,Required Level of Education,RL,1,13.09,N
99-1335.39,5.C.1,Required Level of Education,RL,2,18.21,N
99-1335.39,5.C.1,Required Level of Education,RL,3,9.50,N
99-1335.39,5.C.1,Required Level of Education,RL,4,41.05,N
99-1335.39,5.C.1,Required Level of Education,RL,5,67.80,N
99-1335.39,5.C.1,Required Level of Education,RL,6,31.61,N
99-1335.39,5.C.1,Required Level of Education,RL,7,6.35,N
99-1335.39,5.C.1,Required Level of Education,RL,8,20.42,N
99-1335.39,5.C.1,Required Level of Education,RL,9,23.36,N
99-1335.39,5.C.1,Required Level of Education,RL,10,7.94,N
99-1335.39,5.C.1,Required Level of Education,RL,11,1.13,N
99-1335.39,5.C.1,Required Level of Education,RL,12,7.55,N
99-1336.40,5.C.1,Required Level of Education,RL,1,6.13,N
99-1336.40,5.C.1,Required Level of Education,RL,2,1.07,N
99-1336.40,5.C.1,Required Level of Education,RL,3,3.06,N
99-1336.40,5.C.1,Required Level of Education,RL,4,12.48,N
99-1336.40,5.C.1,Required Level of Education,RL,5,9.15,N
99-1336.40,5.C.1,Required Level of Education,RL,6,6.49,N
99-1336.40,5.C.1,Required Level of Education,RL,7,41.94,N
99-1336.40,5.C.1,Required Level of Education,RL,8,52.88,N
99-1336.40,5.C.1,Required Level of Education,RL,9,65.05,N
99-1336.40,5.C.1,Required Level of Education,RL,10,19.19,N
99-1336.40,5.C.1,Required Level of Education,RL,11,11.35,N
99-1336.40,5.C.1,Required Level of Education,RL,12,14.76,N
99-1337.41,5.C.1,Required Level of Education,RL,1,5.24,N
99-1337.41,5.C.1,Required Level of Education,RL,2,2.93,N
99-1337.41,5.C.1,Required Level of Education,RL,3,1.58,N
99-1337.41,5.C.1,Required Level of Education,RL,4,24.72,N
99-1337.41,5.C.1,Required Level of Education,RL,5,20.40,N
99-1337.41,5.C.1,Required Level of Education,RL,6,8.81,N
99-1337.41,5.C.1,Required Level of Education,RL,7,42.54,N
99-1337.41,5.C.1,Required Level of Education,RL,8,43.86,N
99-1337.41,5.C.1,Required Level of Education,RL,9,44.15,N
99-1337.41,5.C.1,Required Level of Education,RL,10,7.93,N
99-1337.41,5.C.1,Required Level of Education,RL,11,18.38,N
99-1337.41,5.C.1,Required Level of Education,RL,12,23.62,N
99-1338.42,5.C.1,Required Level of Education,RL,1,8.96,N
99-1338.42,5.C.1,Required Level of Education,RL,2,15.92,N
99-1338.42,5.C.1,Required Level of Education,RL,3,19.86,N
99-1338.42,5.C.1,Required Level of Education,RL,4,58.96,N
99-1338.42,5.C.1,Required Level of Education,RL,5,53.04,N
99-1338.42,5.C.1,Required Level of Education,RL,6,58.86,N
99-1338.42,5.C.1,Required Level of Education,RL,7,8.89,N
99-1338.42,5.C.1,Required Level of Education,RL,8,24.08,N
99-1338.42,5.C.1,Required Level of Education,RL,9,18.07,N
99-1338.42,5.C.1,Required Level of Education,RL,10,4.66,N
99-1338.42,5.C.1,Required Level of Education,RL,11,6.52,N
99-1338.42,5.C.1,Required Level of Education,RL,12,6.65,N
99-1339.43,5.C.1,Required Level of Education,RL,1,49.40,N
99-1339.43,5.C.1,Required Level of Education,RL,2,69.59,N
99-1339.43,5.C.1,Required Level of Education,RL,3,39.68,N
99-1339.43,5.C.1,Required Level of Education,RL,4,24.45,N
99-1339.43,5.C.1,Required Level of Education,RL,5,19.19,N
99-1339.43,5.C.1,Required Level of Education,RL,6,20.60,N
99-1339.43,5.C.1,Required Level of Education,RL,7,3.58,N
99-1339.43,5.C.1,Required Level of Education,RL,8,1.31,N
99-1339.43,5.C.1,Required Level of Education,RL,9,7.70,N
99-1339.43,5.C.1,Required Level of Education,RL,10,5.93,N
99-1339.43,5.C.1,Required Level of Education,RL,11,7.36,N
99-1339.43,5.C.1,Required Level of Education,RL,12,7.55,N
99-1340.44,5.C.1,Required Level of Education,RL,1,47.83,N
99-1340.44,5.C.1,Required Level of Education,RL,2,64.41,N
99-1340.44,5.C.1,Required Level of Education,RL,3,42.96,N
99-1340.44,5.C.1,Required Level of Education,RL,4,19.69,N
99-1340.44,5.C.1,Required Level of Education,RL,5,6.20,N
99-1340.44,5.C.1,Required Level of Education,RL,6,12.84,N
99-1340.44,5.C.1,Required Level of Education,RL,7,3.00,N
99-1340.44,5.C.1,Required Level of Education,RL,8,2.92,N
99-1340.44,5.C.1,Required Level of Education,RL,9,7.88,N
99-1340.44,5.C.1,Required Level of Education,RL,10,5.89,N
99-1340.44,5.C.1,Required Level of Education,RL,11,4.89,N
99-1340.44,5.C.1,Required Level of Education,RL,12,7.45,N
99-1341.45,5.C.1,Required Level of Education,RL,1,43.60,N
99-1341.45,5.C.1,Required Level of Education,RL,2,47.97,N
99-1341.45,5.C.1,Required Level of Education,RL,3,31.35,N
99-1341.45,5.C.1,Required Level of Education,RL,4,5.71,N
99-1341.45,5.C.1,Required Level of Education,RL,5,24.25,N
99-1341.45,5.C.1,Required Level of Education,RL,6,22.06,N
99-1341.45,5.C.1,Required Level of Education,RL,7,2.07,N
99-1341.45,5.C.1,Required Level of Education,RL,8,2.95,N
99-1341.45,5.C.1,Required Level of Education,RL,9,3.41,N
99-1341.45,5.C.1,Required Level of Education,RL,10,1.03,N
99-1341.45,5.C.1,Required Level of Education,RL,11,1.86,N
99-1341.45,5.C.1,Required Level of Education,RL,12,3.64,N
99-1342.46,5.C.1,Required Level of Education,RL,1,34.71,N
99-1342.46,5.C.1,Required Level of Education,RL,2,46.16,N
99-1342.46,5.C.1,Required Level of Education,RL,3,37.72,N
99-1342.46,5.C.1,Required Level of Education,RL,4,23.73,N
99-1342.46,5.C.1,Required Level of Education,RL,5,15.96,N
99-1342.46,5.C.1,Required Level of Education,RL,6,15.29,N
99-1342.46,5.C.1,Required Level of Education,RL,7,3.77,N
99-1342.46,5.C.1,Required Level of Education,RL,8,6.17,N
99-1342.46,5.C.1,Required Level of Education,RL,9,1.24,N
99-1342.46,5.C.1,Required Level of Education,RL,10,7.13,N
99-1342.46,5.C.1,Required Level of Education,RL,11,4.20,N
99-1342.46,5.C.1,Required Level of Education,RL,12,7.19,N
99-1343.47,5.C.1,Required Level of Education,RL,1,66.90,N
99-1343.47,5.C.1,Required Level of Education,RL,2,42.03,N
99-1343.47,5.C.1,Required Level of Education,RL,3,33.51,N
99-1343.47,5.C.1,Required Level of Education,RL,4,6.28,N
99-1343.47,5.C.1,Required Level of Education,RL,5,24.55,N
99-1343.47,5.C.1,Required Level of Education,RL,6,5.46,N
99-1343.47,5.C.1,Required Level of Education,RL,7,1.58,N
99-1343.47,5.C.1,Required Level of Education,RL,8,3.82,N
99-1343.47,5.C.1,Required Level of Education,RL,9,3.55,N
99-1343.47,5.C.1,Required Level of Education,RL,10,4.18,N
99-1343.47,5.C.1,Required Level of Education,RL,11,6.58,N
99-1343.47,5.C.1,Required Level of Education,RL,12,1.34,N
99-1344.48,5.C.1,Required Level of Education,RL,1,10.48,N
99-1344.48,5.C.1,Required Level of Education,RL,2,10.61,N
99-1344.48,5.C.1,Required Level of Education,RL,3,15.74,N
99-1344.48,5.C.1,Required Level of Education,RL,4,47.41,N
99-1344.48,5.C.1,Required Level of Education,RL,5,35.55,N
99-1344.48,5.C.1,Required Level of Education,RL,6,33.43,N
99-1344.48,5.C.1,Required Level of Education,RL,7,9.53,N
99-1344.48,5.C.1,Required Level of Education,RL,8,16.96,N
99-1344.48,5.C.1,Required Level of Education,RL,9,17.80,N
99-1344.48,5.C.1,Required Level of Education,RL,10,7.92,N
99-1344.48,5.C.1,Required Level of Education,RL,11,2.50,N
99-1344.48,5.C.1,Required Level of Education,RL,12,5.15,N
99-1345.49,5.C.1,Required Level of Education,RL,1,6.28,N
99-1345.49,5.C.1,Required Level of Education,RL,2,1.60,N
99-1345.49,5.C.1,Required Level of Education,RL,3,6.33,N
99-1345.49,5.C.1,Required Level of Education,RL,4,12.81,N
99-1345.49,5.C.1,Required Level of Education,RL,5,11.03,N
99-1345.49,5.C.1,Required Level of Education,RL,6,19.49,N
99-1345.49,5.C.1,Required Level of Education,RL,7,68.67,N
99-1345.49,5.C.1,Required Level of Education,RL,8,68.49,N
99-1345.49,5.C.1,Required Level of Education,RL,9,41.33,N
99-1345.49,5.C.1,Required Level of Education,RL,10,10.16,N
99-1345.49,5.C.1,Required Level of Education,RL,11,23.71,N
99-1345.49,5.C.1,Required Level of Education,RL,12,12.34,N
99-1346.50,5.C.1,Required Level of Education,RL,1,5.86,N
99-1346.50,5.C.1,Required Level of Education,RL,2,5.88,N
99-1346.50,5.C.1,Required Level of Education,RL,3,4.21,N
99-1346.50,5.C.1,Required Level of Education,RL,4,10.75,N
99-1346.50,5.C.1,Required Level of Education,RL,5,18.18,N
99-1346.50,5.C.1,Required Level of Education,RL,6,20.64,N
99-1346.50,5.C.1,Required Level of Education,RL,7,66.19,N
99-1346.50,5.C.1,Required Level of Education,RL,8,63.43,N
99-1346.50,5.C.1,Required Level of Education,RL,9,65.17,N
99-1346.50,5.C.1,Required Level of Education,RL,10,15.98,N
99-1346.50,5.C.1,Required Level of Education,RL,11,10.69,N
99-1346.50,5.C.1,Required Level of Education,RL,12,24.56,N
99-1347.51,5.C.1,Required Level of Education,RL,1,14.21,N
99-1347.51,5.C.1,Required Level of Education,RL,2,6.68,N
99-1347.51,5.C.1,Required Level of Education,RL,3,13.16,N
99-1347.51,5.C.1,Required Level of Education,RL,4,63.92,N
99-1347.51,5.C.1,Required Level of Education,RL,5,49.69,N
99-1347.51,5.C.1,Required Level of Education,RL,6,47.46,N
99-1347.51,5.C.1,Required Level of Education,RL,7,16.24,N
99-1347.51,5.C.1,Required Level of Education,RL,8,14.75,N
99-1347.51,5.C.1,Required Level of Education,RL,9,6.39,N
99-1347.51,5.C.1,Required Level of Education,RL,10,7.13,N
99-1347.51,5.C.1,Required Level of Education,RL,11,1.93,N
99-1347.51,5.C.1,Required Level of Education,RL,12,7.72,N
99-1348.52,5.C.1,Required Level of Education,RL,1,66.76,N
99-1348.52,5.C.1,Required Level of Education,RL,2,60.93,N
99-1348.52,5.C.1,Required Level of Education,RL,3,64.64,N
99-1348.52,5.C.1,Required Level of Education,RL,4,17.32,N
99-1348.52,5.C.1,Required Level of Education,RL,5,5.81,N
99-1348.52,5.C.1,Required Level of Education,RL,6,15.01,N
99-1348.52,5.C.1,Required Level of Education,RL,7,1.27,N
99-1348.52,5.C.1,Required Level of Education,RL,8,4.64,N
99-1348.52,5.C.1,Required Level of Education,RL,9,1.65,N
99-1348.52,5.C.1,Required Level of Education,RL,10,3.77,N
99-1348.52,5.C.1,Required Level of Education,RL,11,2.06,N
99-1348.52,5.C.1,Required Level of Education,RL,12,7.90,N
99-1349.53,5.C.1,Required Level of Education,RL,1,32.43,N
99-1349.53,5.C.1,Required Level of Education,RL,2,46.17,N
99-1349.53,5.C.1,Required Level of Education,RL,3,51.32,N
99-1349.53,5.C.1,Required Level of Education,RL,4,18.62,N
99-1349.53,5.C.1,Required Level of Education,RL,5,17.28,N
99-1349.53,5.C.1,Required Level of Education,RL,6,19.56,N
99-1349.53,5.C.1,Required Level of Education,RL,7,2.86,N
99-1349.53,5.C.1,Required Level of Education,RL,8,3.54,N
99-1349.53,5.C.1,Required Level of Education,RL,9,2.73,N
99-1349.53,5.C.1,Required Level of Education,RL,10,4.00,N
99-1349.53,5.C.1,Required Level of Education,RL,11,1.28,N
99-1349.53,5.C.1,Required Level of Education,RL,12,1.99,N
99-1350.54,5.C.1,Required Level of Education,RL,1,52.40,N
99-1350.54,5.C.1,Required Level of Education,RL,2,57.62,N
99-1350.54,5.C.1,Required Level of Education,RL,3,35.54,N
99-1350.54,5.C.1,Required Level of Education,RL,4,24.77,N
99-1350.54,5.C.1,Required Level of Education,RL,5,5.45,N
99-1350.54,5.C.1,Required Level of Education,RL,6,17.99,N
99-1350.54,5.C.1,Required Level of Education,RL,7,4.96,N
99-1350.54,5.C.1,Required Level of Education,RL,8,4.26,N
99-1350.54,5.C.1,Required Level of Education,RL,9,5.45,N
99-1350.54,5.C.1,Required Level of Education,RL,10,2.86,N
99-1350.54,5.C.1,Required Level of Education,RL,11,4.98,N
99-1350.54,5.C.1,Required Level of Education,RL,12,6.41,N
99-1351.55,5.C.1,Required Level of Education,RL,1,65.62,N
99-1351.55,5.C.1,Required Level of Education,RL,2,50.83,N
99-1351.55,5.C.1,Required Level of Education,RL,3,45.18,N
99-1351.55,5.C.1,Required Level of Education,RL,4,9.94,N
99-1351.55,5.C.1,Required Level of Education,RL,5,24.78,N
99-1351.55,5.C.1,Required Level of Education,RL,6,9.95,N
99-1351.55,5.C.1,Required Level of Education,RL,7,5.03,N
99-1351.55,5.C.1,Required Level of Education,RL,8,6.22,N
99-1351.55,5.C.1,Required Level of Education,RL,9,1.25,N
99-1351.55,5.C.1,Required Level of Education,RL,10,2.93,N
99-1351.55,5.C.1,Required Level of Education,RL,11,2.96,N
99-1351.55,5.C.1,Required Level of Education,RL,12,7.19,N
99-1352.56,5.C.1,Required Level of Education,RL,1,64.26,N
99-1352.56,5.C.1,Required Level of Education,RL,2,57.62,N
99-1352.56,5.C.1,Required Level of Education,RL,3,44.68,N
99-1352.56,5.C.1,Required Level of Education,RL,4,9.74,N
99-1352.56,5.C.1,Required Level of Education,RL,5,17.05,N
99-1352.56,5.C.1,Required Level of Education,RL,6,19.13,N
99-1352.56,5.C.1,Required Level of Education,RL,7,6.81,N
99-1352.56,5.C.1,Required Level of Education,RL,8,6.46,N
99-1352.56,5.C.1,Required Level of Education,RL,9,5.69,N
99-1352.56,5.C.1,Required Level of Education,RL,10,1.46,N
99-1352.56,5.C.1,Required Level of Education,RL,11,7.04,N
99-1352.56,5.C.1,Required Level of Education,RL,12,6.01,N
99-1353.57,5.C.1,Required Level of Education,RL,1,6.77,N
99-1353.57,5.C.1,Required Level of Education,RL,2,12.74,N
99-1353.57,5.C.1,Required Level of Education,RL,3,11.88,N
99-1353.57,5.C.1,Required Level of Education,RL,4,69.79,N
99-1353.57,5.C.1,Required Level of Education,RL,5,35.80,N
99-1353.57,5.C.1,Required Level of Education,RL,6,30.49,N
99-1353.57,5.C.1,Required Level of Education,RL,7,6.05,N
99-1353.57,5.C.1,Required Level of Education,RL,8,18.26,N
99-1353.57,5.C.1,Required Level of Education,RL,9,14.62,N
99-1353.57,5.C.1,Required Level of Education,RL,10,5.32,N
99-1353.57,5.C.1,Required Level of Education,RL,11,1.78,N
99-1353.57,5.C.1,Required Level of Education,RL,12,6.15,N
99-1354.58,5.C.1,Required Level of Education,RL,1,1.79,N
99-1354.58,5.C.1,Required Level of Education,RL,2,2.73,N
99-1354.58,5.C.1,Required Level of Education,RL,3,2.18,N
99-1354.58,5.C.1,Required Level of Education,RL,4,18.88,N
99-1354.58,5.C.1,Required Level of Education,RL,5,11.61,N
99-1354.58,5.C.1,Required Level of Education,RL,6,15.56,N
99-1354.58,5.C.1,Required Level of Education,RL,7,63.63,N
99-1354.58,5.C.1,Required Level of Education,RL,8,35.85,N
99-1354.58,5.C.1,Required Level of Education,RL,9,43.81,N
99-1354.58,5.C.1,Required Level of Education,RL,10,19.43,N
99-1354.58,5.C.1,Required Level of Education,RL,11,23.84,N
99-1354.58,5.C.1,Required Level of Education,RL,12,14.70,N
99-1355.59,5.C.1,Required Level of Education,RL,1,6.80,N
99-1355.59,5.C.1,Required Level of Education,RL,2,5.54,N
99-1355.59,5.C.1,Required Level of Education,RL,3,1.73,N
99-1355.59,5.C.1,Required Level of Education,RL,4,21.08,N
99-1355.59,5.C.1,Required Level of Education,RL,5,20.69,N
99-1355.59,5.C.1,Required Level of Education,RL,6,8.77,N
99-1355.59,5.C.1,Required Level of Education,RL,7,30.87,N
99-1355.59,5.C.1,Required Level of Education,RL,8,33.82,N
99-1355.59,5.C.1,Required Level of Education,RL,9,56.69,N
99-1355.59,5.C.1,Required Level of Education,RL,10,9.25,N
99-1355.59,5.C.1,Required Level of Education,RL,11,15.87,N
99-1355.59,5.C.1,Required Level of Education,RL,12,19.97,N
99-1356.60,5.C.1,Required Level of Education,RL,1,15.22,N
99-1356.60,5.C.1,Required Level of Education,RL,2,13.43,N
99-1356.60,5.C.1,Required Level of Education,RL,3,9.25,N
99-1356.60,5.C.1,Required Level of Education,RL,4,68.14,N
99-1356.60,5.C.1,Required Level of Education,RL,5,49.48,N
99-1356.60,5.C.1,Required Level of Education,RL,6,33.64,N
99-1356.60,5.C.1,Required Level of Education,RL,7,6.77,N
99-1356.60,5.C.1,Required Level of Education,RL,8,14.27,N
99-1356.60,5.C.1,Required Level of Education,RL,9,21.15,N
99-1356.60,5.C.1,Required Level of Education,RL,10,2.53,N
99-1356.60,5.C.1,Required Level of Education,RL,11,5.88,N
99-1356.60,5.C.1,Required Level of Education,RL,12,5.56,N
99-1357.61,5.C.1,Required Level of Education,RL,1,60.45,N
99-1357.61,5.C.1,Required Level of Education,RL,2,69.42,N
99-1357.61,5.C.1,Required Level of Education,RL,3,62.93,N
99-1357.61,5.C.1,Required Level of Education,RL,4,22.35,N
99-1357.61,5.C.1,Required Level of Education,RL,5,10.16,N
99-1357.61,5.C.1,Required Level of Education,RL,6,15.57,N
99-1357.61,5.C.1,Required Level of Education,RL,7,4.85,N
99-1357.61,5.C.1,Required Level of Education,RL,8,3.95,N
99-1357.61,5.C.1,Required Level of Education,RL,9,5.49,N
99-1357.61,5.C.1,Required Level of Education,RL,10,6.93,N
99-1357.61,5.C.1,Required Level of Education,RL,11,3.05,N
99-1357.61,5.C.1,Required Level of Education,RL,12,2.12,N
99-1358.62,5.C.1,Required Level of Education,RL,1,62.92,N
99-1358.62,5.C.1,Required Level of Education,RL,2,54.78,N
99-1358.62,5.C.1,Required Level of Education,RL,3,63.14,N
99-1358.62,5.C.1,Required Level of Education,RL,4,7.27,N
99-1358.62,5.C.1,Required Level of Education,RL,5,13.45,N
99-1358.62,5.C.1,Required Level of Education,RL,6,15.40,N
99-1358.62,5.C.1,Required Level of Education,RL,7,6.42,N
99-1358.62,5.C.1,Required Level of Education,RL,8,2.02,N
99-1358.62,5.C.1,Required Level of Education,RL,9,6.22,N
99-1358.62,5.C.1,Required Level of Education,RL,10,7.30,N
99-1358.62,5.C.1,Required Level of Education,RL,11,4.26,N
99-1358.62,5.C.1,Required Level of Education,RL,12,2.13,N
99-1359.63,5.C.1,Required Level of Education,RL,1,61.00,N
99-1359.63,5.C.1,Required Level of Education,RL,2,54.28,N
99-1359.63,5.C.1,Required Level of Education,RL,3,38.03,N
99-1359.63,5.C.1,Required Level of Education,RL,4,9.31,N
99-1359.63,5.C.1,Required Level of Education,RL,5,16.54,N
99-1359.63,5.C.1,Required Level of Education,RL,6,18.56,N
99-1359.63,5.C.1,Required Level of Education,RL,7,6.27,N
99-1359.63,5.C.1,Required Level of Education,RL,8,4.18,N
99-1359.63,5.C.1,Required Level of Education,RL,9,4.44,N
99-1359.63,5.C.1,Required Level of Education,RL,10,5.07,N
99-1359.63,5.C.1,Required Level of Education,RL,11,2.10,N
99-1359.63,5.C.1,Required Level of Education,RL,12,3.34,N
99-1360.64,5.C.1,Required Level of Education,RL,1,57.07,N
99-1360.64,5.C.1,Required Level of Education,RL,2,57.61,N
99-1360.64,5.C.1,Required Level of Education,RL,3,39.09,N
99-1360.64,5.C.1,Required Level of Education,RL,4,11.69,N
99-1360.64,5.C.1,Required Level of Education,RL,5,24.29,N
99-1360.64,5.C.1,Required Level of Education,RL,6,5.38,N
99-1360.64,5.C.1,Required Level of Education,RL,7,2.06,N
99-1360.64,5.C.1,Required Level of Education,RL,8,6.99,N
99-1360.64,5.C.1,Required Level of Education,RL,9,5.84,N
99-1360.64,5.C.1,Required Level of Education,RL,10,6.56,N
99-1360.64,5.C.1,Required Level of Education,RL,11,3.54,N
99-1360.64,5.C.1,Required Level of Education,RL,12,7.04,N
99-1361.65,5.C.1,Required Level of Education,RL,1,49.14,N
99-1361.65,5.C.1,Required Level of Education,RL,2,43.75,N
99-1361.65,5.C.1,Required Level of Education,RL,3,61.27,N
99-1361.65,5.C.1,Required Level of Education,RL,4,6.96,N
99-1361.65,5.C.1,Required Level of Education,RL,5,21.36,N
99-1361.65,5.C.1,Required Level of Education,RL,6,13.16,N
99-1361.65,5.C.1,Required Level of Education,RL,7,5.22,N
99-1361.65,5.C.1,Required Level of Education,RL,8,4.68,N
99-1361.65,5.C.1,Required Level of Education,RL,9,3.63,N
99-1361.65,5.C.1,Required Level of Education,RL,10,7.00,N
99-1361.65,5.C.1,Required Level of Education,RL,11,1.89,N
99-1361.65,5.C.1,Required Level of Education,RL,12,5.66,N
99-1362.66,5.C.1,Required Level of Education,RL,1,19.14,N
99-1362.66,5.C.1,Required Level of Education,RL,2,7.09,N
99-1362.66,5.C.1,Required Level of Education,RL,3,5.53,N
99-1362.66,5.C.1,Required Level of Education,RL,4,47.98,N
99-1362.66,5.C.1,Required Level of Education,RL,5,63.48,N
99-1362.66,5.C.1,Required Level of Education,RL,6,61.15,N
99-1362.66,5.C.1,Required Level of Education,RL,7,19.95,N
99-1362.66,5.C.1,Required Level of Education,RL,8,15.63,N
99-1362.66,5.C.1,Required Level of Education,RL,9,20.14,N
99-1362.66,5.C.1,Required Level of Education,RL,10,5.74,N
99-1362.66,5.C.1,Required Level of Education,RL,11,4.34,N
99-1362.66,5.C.1,Required Level of Education,RL,12,1.72,N
99-1363.67,5.C.1,Required Level of Education,RL,1,6.49,N
99-1363.67,5.C.1,Required Level of Education,RL,2,7.85,N
99-1363.67,5.C.1,Required Level of Education,RL,3,6.03,N
99-1363.67,5.C.1,Required Level of Education,RL,4,22.36,N
99-1363.67,5.C.1,Required Level of Education,RL,5,19.53,N
99-1363.67,5.C.1,Required Level of Education,RL,6,10.28,N
99-1363.67,5.C.1,Required Level of Education,RL,7,51.55,N
99-1363.67,5.C.1,Required Level of Education,RL,8,67.27,N
99-1363.67,5.C.1,Required Level of Education,RL,9,52.46,N
99-1363.67,5.C.1,Required Level of Education,RL,10,21.81,N
99-1363.67,5.C.1,Required Level of Education,RL,11,23.45,N
99-1363.67,5.C.1,Required Level of Education,RL,12,11.59,N
99-1364.68,5.C.1,Required Level of Education,RL,1,4.63,N
99-1364.68,5.C.1,Required Level of Education,RL,2,7.60,N
99-1364.68,5.C.1,Required Level of Education,RL,3,4.05,N
99-1364.68,5.C.1,Required Level of Education,RL,4,24.82,N
99-1364.68,5.C.1,Required Level of Education,RL,5,7.81,N
99-1364.68,5.C.1,Required Level of Education,RL,6,13.43,N
99-1364.68,5.C.1,Required Level of Education,RL,7,62.04,N
99-1364.68,5.C.1,Required Level of Education,RL,8,45.21,N
99-1364.68,5.C.1,Required Level of Education,RL,9,33.41,N
99-1364.68,5.C.1,Required Level of Education,RL,10,11.04,N
99-1364.68,5.C.1,Required Level of Education,RL,11,22.89,N
99-1364.68,5.C.1,Required Level of Education,RL,12,19.20,N
99-1365.69,5.C.1,Required Level of Education,RL,1,8.59,N
99-1365.69,5.C.1,Required Level of Education,RL,2,20.95,N
99-1365.69,5.C.1,Required Level of Education,RL,3,9.09,N
99-1365.69,5.C.1,Required Level of Education,RL,4,59.69,N
99-1365.69,5.C.1,Required Level of Education,RL,5,57.78,N
99-1365.69,5.C.1,Required Level of Education,RL,6,66.16,N
99-1365.69,5.C.1,Required Level of Education,RL,7,24.51,N
99-1365.69,5.C.1,Required Level of Education,RL,8,6.31,N
99-1365.69,5.C.1,Required Level of Education,RL,9,22.04,N
99-1365.69,5.C.1,Required Level of Education,RL,10,5.71,N
99-1365.69,5.C.1,Required Level of Education,RL,11,5.84,N
99-1365.69,5.C.1,Required Level of Education,RL,12,1.79,N
99-1366.70,5.C.1,Required Level of Education,RL,1,66.08,N
99-1366.70,5.C.1,Required Level of Education,RL,2,47.17,N
99-1366.70,5.C.1,Required Level of Education,RL,3,60.94,N
99-1366.70,5.C.1,Required Level of Education,RL,4,12.58,N
99-1366.70,5.C.1,Required Level of Education,RL,5,8.31,N
99-1366.70,5.C.1,Required Level of Education,RL,6,19.07,N
99-1366.70,5.C.1,Required Level of Education,RL,7,3.69,N
99-1366.70,5.C.1,Required Level of Education,RL,8,2.55,N
99-1366.70,5.C.1,Required Level of Education,RL,9,5.00,N
99-1366.70,5.C.1,Required Level of Education,RL,10,5.21,N
99-1366.70,5.C.1,Required Level of Education,RL,11,1.60,N
99-1366.70,5.C.1,Required Level of Education,RL,12,5.28,N
99-1367.71,5.C.1,Required Level of Education,RL,1,63.91,N
99-1367.71,5.C.1,Required Level of Education,RL,2,52.82,N
99-1367.71,5.C.1,Required Level of Education,RL,3,30.22,N
99-1367.71,5.C.1,Required Level of Education,RL,4,6.20,N
99-1367.71,5.C.1,Required Level of Education,RL,5,20.00,N
99-1367.71,5.C.1,Required Level of Education,RL,6,8.20,N
99-1367.71,5.C.1,Required Level of Education,RL,7,5.28,N
99-1367.71,5.C.1,Required Level of Education,RL,8,6.40,N
99-1367.71,5.C.1,Required Level of Education,RL,9,3.09,N
99-1367.71,5.C.1,Required Level of Education,RL,10,6.88,N
99-1367.71,5.C.1,Required Level of Education,RL,11,1.89,N
99-1367.71,5.C.1,Required Level of Education,RL,12,1.78,N
99-1368.72,5.C.1,Required Level of Education,RL,1,59.62,N
99-1368.72,5.C.1,Required Level of Education,RL,2,39.87,N
99-1368.72,5.C.1,Required Level of Education,RL,3,46.04,N
99-1368.72,5.C.1,Required Level of Education,RL,4,15.73,N
99-1368.72,5.C.1,Required Level of Education,RL,5,6.10,N
99-1368.72,5.C.1,Required Level of Education,RL,6,13.80,N
99-1368.72,5.C.1,Required Level of Education,RL,7,2.74,N
99-1368.72,5.C.1,Required Level of Education,RL,8,2.73,N
99-1368.72,5.C.1,Required Level of Education,RL,9,1.72,N
99-1368.72,5.C.1,Required Level of Education,RL,10,6.53,N
99-1368.72,5.C.1,Required Level of Education,RL,11,5.74,N
99-1368.72,5.C.1,Required Level of Education,RL,12,5.77,N
99-1369.73,5.C.1,Required Level of Education,RL,1,41.93,N
99-1369.73,5.C.1,Required Level of Education,RL,2,60.32,N
99-1369.73,5.C.1,Required Level of Education,RL,3,37.84,N
99-1369.73,5.C.1,Required Level of Education,RL,4,5.38,N
99-1369.73,5.C.1,Required Level of Education,RL,5,14.52,N
99-1369.73,5.C.1,Required Level of Education,RL,6,16.04,N
99-1369.73,5.C.1,Required Level of Education,RL,7,5.12,N
99-1369.73,5.C.1,Required Level of Education,RL,8,3.37,N
99-1369.73,5.C.1,Required Level of Education,RL,9,1.53,N
99-1369.73,5.C.1,Required Level of Education,RL,10,3.39,N
99-1369.73,5.C.1,Required Level of Education,RL,11,3.98,N
99-1369.73,5.C.1,Required Level of Education,RL,12,1.62,N
99-1370.74,5.C.1,Required Level of Education,RL,1,30.31,N
99-1370.74,5.C.1,Required Level of Education,RL,2,68.34,N
99-1370.74,5.C.1,Required Level of Education,RL,3,47.25,N
99-1370.74,5.C.1,Required Level of Education,RL,4,13.53,N
99-1370.74,5.C.1,Required Level of Education,RL,5,16.33,N
99-1370.74,5.C.1,Required Level of Education,RL,6,13.63,N
99-1370.74,5.C.1,Required Level of Education,RL,7,7.30,N
99-1370.74,5.C.1,Required Level of Education,RL,8,7.63,N
99-1370.74,5.C.1,Required Level of Education,RL,9,7.19,N
99-1370.74,5.C.1,Required Level of Education,RL,10,5.71,N
99-1370.74,5.C.1,Required Level of Education,RL,11,6.93,N
99-1370.74,5.C.1,Required Level of Education,RL,12,2.09,N
99-1371.75,5.C.1,Required Level of Education,RL,1,9.57,N
99-1371.75,5.C.1,Required Level of Education,RL,2,13.89,N
99-1371.75,5.C.1,Required Level of Education,RL,3,16.52,N
99-1371.75,5.C.1,Required Level of Education,RL,4,45.04,N
99-1371.75,5.C.1,Required Level of Education,RL,5,61.88,N
99-1371.75,5.C.1,Required Level of Education,RL,6,59.12,N
99-1371.75,5.C.1,Required Level of Education,RL,7,22.31,N
99-1371.75,5.C.1,Required Level of Education,RL,8,5.30,N
99-1371.75,5.C.1,Required Level of Education,RL,9,12.28,N
99-1371.75,5.C.1,Required Level of Education,RL,10,3.77,N
99-1371.75,5.C.1,Required Level of Education,RL,11,7.90,N
99-1371.75,5.C.1,Required Level of Education,RL,12,1.11,N
99-1372.76,5.C.1,Required Level of Education,RL,1,6.69,N
99-1372.76,5.C.1,Required Level of Education,RL,2,6.73,N
99-1372.76,5.C.1,Required Level of Education,RL,3,5.36,N
99-1372.76,5.C.1,Required Level of Education,RL,4,21.48,N
99-1372.76,5.C.1,Required Level of Education,RL,5,12.46,N
99-1372.76,5.C.1,Required Level of Education,RL,6,17.14,N
99-1372.76,5.C.1,Required Level of Education,RL,7,33.55,N
99-1372.76,5.C.1,Required Level of Education,RL,8,45.66,N
99-1372.76,5.C.1,Required Level of Education,RL,9,65.59,N
99-1372.76,5.C.1,Required Level of Education,RL,10,5.94,N
99-1372.76,5.C.1,Required Level of Education,RL,11,17.47,N
99-1372.76,5.C.1,Required Level of Education,RL,12,6.16,N
99-1373.77,5.C.1,Required Level of Education,RL,1,6.88,N
99-1373.77,5.C.1,Required Level of Education,RL,2,6.75,N
99-1373.77,5.C.1,Required Level of Education,RL,3,7.23,N
99-1373.77,5.C.1,Required Level of Education,RL,4,5.48,N
99-1373.77,5.C.1,Required Level of Education,RL,5,7.98,N
99-1373.77,5.C.1,Required Level of Education,RL,6,23.03,N
99-1373.77,5.C.1,Required Level of Education,RL,7,51.13,N
99-1373.77,5.C.1,Required Level of Education,RL,8,52.58,N
99-1373.77,5.C.1,Required Level of Education,RL,9,45.04,N
99-1373.77,5.C.1,Required Level of Education,RL,10,17.67,N
99-1373.77,5.C.1,Required Level of Education,RL,11,13.04,N
99-1373.77,5.C.1,Required Level of Education,RL,12,8.03,N
99-1374.78,5.C.1,Required Level of Education,RL,1,17.85,N
99-1374.78,5.C.1,Required Level of Education,RL,2,16.56,N
99-1374.78,5.C.1,Required Level of Education,RL,3,7.90,N
99-1374.78,5.C.1,Required Level of Education,RL,4,41.30,N
99-1374.78,5.C.1,Required Level of Education,RL,5,62.68,N
99-1374.78,5.C.1,Required Level of Education,RL,6,38.65,N
99-1374.78,5.C.1,Required Level of Education,RL,7,9.76,N
99-1374.78,5.C.1,Required Level of Education,RL,8,7.94,N
99-1374.78,5.C.1,Required Level of Education,RL,9,15.95,N
99-1374.78,5.C.1,Required Level of Education,RL,10,2.30,N
99-1374.78,5.C.1,Required Level of Education,RL,11,2.72,N
99-1374.78,5.C.1,Required Level of Education,RL,12,4.04,N
99-1375.79,5.C.1,Required Level of Education,RL,1,60.12,N
99-1375.79,5.C.1,Required Level of Education,RL,2,43.76,N
99-1375.79,5.C.1,Required Level of Education,RL,3,53.09,N
99-1375.79,5.C.1,Required Level of Education,RL,4,24.78,N
99-1375.79,5.C.1,Required Level of Education,RL,5,23.48,N
99-1375.79,5.C.1,Required Level of Education,RL,6,8.67,N
99-1375.79,5.C.1,Required Level of Education,RL,7,1.27,N
99-1375.79,5.C.1,Required Level of Education,RL,8,4.96,N
99-1375.79,5.C.1,Required Level of Education,RL,9,7.86,N
99-1375.79,5.C.1,Required Level of Education,RL,10,5.10,N
99-1375.79,5.C.1,Required Level of Education,RL,11,3.10,N
99-1375.79,5.C.1,Required Level of Education,RL,12,1.54,N
99-1376.80,5.C.1,Required Level of Education,RL,1,48.70,N
99-1376.80,5.C.1,Required Level of Education,RL,2,51.04,N
99-1376.80,5.C.1,Required Level of Education,RL,3,42.80,N
99-1376.80,5.C.1,Required Level of Education,RL,4,24.58,N
99-1376.80,5.C.1,Required Level of Education,RL,5,22.39,N
99-1376.80,5.C.1,Required Level of Education,RL,6,22.65,N
99-1376.80,5.C.1,Required Level of Education,RL,7,3.79,N
99-1376.80,5.C.1,Required Level of Education,RL,8,7.55,N
99-1376.80,5.C.1,Required Level of Education,RL,9,2.09,N
99-1376.80,5.C.1,Required Level of Education,RL,10,5.82,N
99-1376.80,5.C.1,Required Level of Education,RL,11,4.76,N
99-1376.80,5.C.1,Required Level of Education,RL,12,4.15,N
99-1377.81,5.C.1,Required Level of Education,RL,1,40.29,N
99-1377.81,5.C.1,Required Level of Education,RL,2,47.85,N
99-1377.81,5.C.1,Required Level of Education,RL,3,40.47,N
99-1377.81,5.C.1,Required Level of Education,RL,4,5.40,N
99-1377.81,5.C.1,Required Level of Education,RL,5,19.48,N
99-1377.81,5.C.1,Required Level of Education,RL,6,19.62,N
99-1377.81,5.C.1,Required Level of Education,RL,7,7.25,N
99-1377.81,5.C.1,Required Level of Education,RL,8,7.25,N
99-1377.81,5.C.1,Required Level of Education,RL,9,4.22,N
99-1377.81,5.C.1,Required Level of Education,RL,10,2.11,N
99-1377.81,5.C.1,Required Level of Education,RL,11,6.38,N
99-1377.81,5.C.1,Required Level of Education,RL,12,5.53,N
99-1378.82,5.C.1,Required Level of Education,RL,1,64.68,N
99-1378.82,5.C.1,Required Level of Education,RL,2,66.52,N
99-1378.82,5.C.1,Required Level of Education,RL,3,61.25,N
99-1378.82,5.C.1,Required Level of Education,RL,4,5.05,N
99-1378.82,5.C.1,Required Level of Education,RL,5,8.73,N
99-1378.82,5.C.1,Required Level of Education,RL,6,21.39,N
99-1378.82,5.C.1,Required Level of Education,RL,7,7.05,N
99-1378.82,5.C.1,Required Level of Education,RL,8,1.15,N
99-1378.82,5.C.1,Required Level of Education,RL,9,1.56,N
99-1378.82,5.C.1,Required Level of Education,RL,10,1.73,N
99-1378.82,5.C.1,Required Level of Education,RL,11,5.42,N
99-1378.82,5.C.1,Required Level of Education,RL,12,2.06,N
99-1379.83,5.C.1,Required Level of Education,RL,1,62.38,N
99-1379.83,5.C.1,Required Level of Education,RL,2,65.22,N
99-1379.83,5.C.1,Required Level of Education,RL,3,49.91,N
99-1379.83,5.C.1,Required Level of Education,RL,4,6.95,N
99-1379.83,5.C.1,Required Level of Education,RL,5,19.19,N
99-1379.83,5.C.1,Required Level of Education,RL,6,18.36,N
99-1379.83,5.C.1,Required Level of Education,RL,7,3.05,N
99-1379.83,5.C.1,Required Level of Education,RL,8,7.99,N
99-1379.83,5.C.1,Required Level of Education,RL,9,6.33,N
99-1379.83,5.C.1,Required Level of Education,RL,10,6.96,N
99-1379.83,5.C.1,Required Level of Education,RL,11,7.85,N
99-1379.83,5.C.1,Required Level of Education,RL,12,5.75,N
99-1380.84,5.C.1,Required Level of Education,RL,1,15.37,N
99-1380.84,5.C.1,Required Level of Education,RL,2,24.00,N
99-1380.84,5.C.1,Required Level of Education,RL,3,8.85,N
99-1380.84,5.C.1,Required Level of Education,RL,4,68.09,N
99-1380.84,5.C.1,Required Level of Education,RL,5,40.60,N
99-1380.84,5.C.1,Required Level of Education,RL,6,38.73,N
99-1380.84,5.C.1,Required Level of Education,RL,7,13.82,N
99-1380.84,5.C.1,Required Level of Education,RL,8,14.27,N
99-1380.84,5.C.1,Required Level of Education,RL,9,15.18,N
99-1380.84,5.C.1,Required Level of Education,RL,10,3.34,N
99-1380.84,5.C.1,Required Level of Education,RL,11,6.93,N
99-1380.84,5.C.1,Required Level of Education,RL,12,1.06,N
99-1381.85,5.C.1,Required Level of Education,RL,1,3.01,N
99-1381.85,5.C.1,Required Level of Education,RL,2,7.31,N
99-1381.85,5.C.1,Required Level of Education,RL,3,1.76,N
99-1381.85,5.C.1,Required Level of Education,RL,4,9.53,N
99-1381.85,5.C.1,Required Level of Education,RL,5,20.85,N
99-1381.85,5.C.1,Required Level of Education,RL,6,19.61,N
99-1381.85,5.C.1,Required Level of Education,RL,7,64.92,N
99-1381.85,5.C.1,Required Level of Education,RL,8,53.47,N
99-1381.85,5.C.1,Required Level of Education,RL,9,31.63,N
99-1381.85,5.C.1,Required Level of Education,RL,10,11.99,N
99-1381.85,5.C.1,Required Level of Education,RL,11,17.06,N
99-1381.85,5.C.1,Required Level of Education,RL,12,8.35,N
99-1382.86,5.C.1,Required Level of Education,RL,1,7.90,N
99-1382.86,5.C.1,Required Level of Education,RL,2,4.91,N
99-1382.86,5.C.1,Required Level of Education,RL,3,4.34,N
99-1382.86,5.C.1,Required Level of Education,RL,4,24.19,N
99-1382.86,5.C.1,Required Level of Education,RL,5,6.87,N
99-1382.86,5.C.1,Required Level of Education,RL,6,5.95,N
99-1382.86,5.C.1,Required Level of Education,RL,7,52.32,N
99-1382.86,5.C.1,Required Level of Education,RL,8,47.04,N
99-1382.86,5.C.1,Required Level of Education,RL,9,30.45,N
99-1382.86,5.C.1,Required Level of Education,RL,10,24.35,N
99-1382.86,5.C.1,Required Level of Education,RL,11,17.40,N
99-1382.86,5.C.1,Required Level of Education,RL,12,24.69,N
99-1383.87,5.C.1,Required Level of Education,RL,1,22.64,N
99-1383.87,5.C.1,Required Level of Education,RL,2,23.56,N
99-1383.87,5.C.1,Required Level of Education,RL,3,7.08,N
99-1383.87,5.C.1,Required Level of Education,RL,4,55.71,N
99-1383.87,5.C.1,Required Level of Education,RL,5,53.80,N
99-1383.87,5.C.1,Required Level of Education,RL,6,50.92,N
99-1383.87,5.C.1,Required Level of Education,RL,7,18.02,N
99-1383.87,5.C.1,Required Level of Education,RL,8,15.31,N
99-1383.87,5.C.1,Required Level of Education,RL,9,5.02,N
99-1383.87,5.C.1,Required Level of Education,RL,10,6.61,N
99-1383.87,5.C.1,Required Level of Education,RL,11,4.37,N
99-1383.87,5.C.1,Required Level of Education,RL,12,3.08,N
99-1384.88,5.C.1,Required Level of Education,RL,1,47.06,N
99-1384.88,5.C.1,Required Level of Education,RL,2,50.25,N
99-1384.88,5.C.1,Required Level of Education,RL,3,38.14,N
99-1384.88,5.C.1,Required Level of Education,RL,4,19.54,N
99-1384.88,5.C.1,Required Level of Education,RL,5,24.17,N
99-1384.88,5.C.1,Required Level of Education,RL,6,7.16,N
99-1384.88,5.C.1,Required Level of Education,RL,7,3.59,N
99-1384.88,5.C.1,Required Level of Education,RL,8,1.78,N
99-1384.88,5.C.1,Required Level of Education,RL,9,2.98,N
99-1384.88,5.C.1,Required Level of Education,RL,10,7.30,N
99-1384.88,5.C.1,Required Level of Education,RL,11,6.88,N
99-1384.88,5.C.1,Required Level of Education,RL,12,4.48,N
99-1385.89,5.C.1,Required Level of Education,RL,1,31.16,N
99-1385.89,5.C.1,Required Level of Education,RL,2,46.50,N
99-1385.89,5.C.1,Required Level of Education,RL,3,36.11,N
99-1385.89,5.C.1,Required Level of Education,RL,4,13.72,N
99-1385.89,5.C.1,Required Level of Education,RL,5,5.32,N
99-1385.89,5.C.1,Required Level of Education,RL,6,17.89,N
99-1385.89,5.C.1,Required Level of Education,RL,7,7.58,N
99-1385.89,5.C.1,Required Level of Education,RL,8,5.04,N
99-1385.89,5.C.1,Required Level of Education,RL,9,4.86,N
99-1385.89,5.C.1,Required Level of Education,RL,10,3.51,N
99-1385.89,5.C.1,Required Level of Education,RL,11,2.13,N
99-1385.89,5.C.1,Required Level of Education,RL,12,7.21,N
99-1386.90,5.C.1,Required Level of Education,RL,1,33.73,N
99-1386.90,5.C.1,Required Level of Education,RL,2,37.36,N
99-1386.90,5.C.1,Required Level of Education,RL,3,30.97,N
99-1386.90,5.C.1,Required Level of Education,RL,4,19.94,N
99-1386.90,5.C.1,Required Level of Education,RL,5,18.07,N
99-1386.90,5.C.1,Required Level of Education,RL,6,10.04,N
99-1386.90,5.C.1,Required Level of Education,RL,7,5.25,N
99-1386.90,5.C.1,Required Level of Education,RL,8,7.88,N
99-1386.90,5.C.1,Required Level of Education,RL,9,2.57,N
99-1386.90,5.C.1,Required Level of Education,RL,10,5.70,N
99-1386.90,5.C.1,Required Level of Education,RL,11,7.99,N
99-1386.90,5.C.1,Required Level of Education,RL,12,3.94,N
99-1387.91,5.C.1,Required Level of Education,RL,1,38.72,N
99-1387.91,5.C.1,Required Level of Education,RL,2,68.83,N
99-1387.91,5.C.1,Required Level of Education,RL,3,36.02,N
99-1387.91,5.C.1,Required Level of Education,RL,4,17.63,N
99-1387.91,5.C.1,Required Level of Education,RL,5,9.12,N
99-1387.91,5.C.1,Required Level of Education,RL,6,23.62,N
99-1387.91,5.C.1,Required Level of Education,RL,7,7.05,N
99-1387.91,5.C.1,Required Level of Education,RL,8,5.69,N
99-1387.91,5.C.1,Required Level of Education,RL,9,6.48,N
99-1387.91,5.C.1,Required Level of Education,RL,10,1.04,N
99-1387.91,5.C.1,Required Level of Education,RL,11,7.71,N
99-1387.91,5.C.1,Required Level of Education,RL,12,4.12,N
99-1388.92,5.C.1,Required Level of Education,RL,1,30.89,N
99-1388.92,5.C.1,Required Level of Education,RL,2,37.74,N
99-1388.92,5.C.1,Required Level of Education,RL,3,64.49,N
99-1388.92,5.C.1,Required Level of Education,RL,4,12.60,N
99-1388.92,5.C.1,Required Level of Education,RL,5,22.32,N
99-1388.92,5.C.1,Required Level of Education,RL,6,11.03,N
99-1388.92,5.C.1,Required Level of Education,RL,7,3.09,N
99-1388.92,5.C.1,Required Level of Education,RL,8,3.47,N
99-1388.92,5.C.1,Required Level of Education,RL,9,6.19,N
99-1388.92,5.C.1,Required Level of Education,RL,10,5.32,N
99-1388.92,5.C.1,Required Level of Education,RL,11,2.38,N
99-1388.92,5.C.1,Required Level of Education,RL,12,2.41,N
99-1389.93,5.C.1,Required Level of Education,RL,1,14.95,N
99-1389.93,5.C.1,Required Level of Education,RL,2,24.69,N
99-1389.93,5.C.1,Required Level of Education,RL,3,20.99,N
99-1389.93,5.C.1,Required Level of Education,RL,4,48.61,N
99-1389.93,5.C.1,Required Level of Education,RL,5,39.69,N
99-1389.93,5.C.1,Required Level of Education,RL,6,66.56,N
99-1389.93,5.C.1,Required Level of Education,RL,7,7.61,N
99-1389.93,5.C.1,Required Level of Education,RL,8,11.31,N
99-1389.93,5.C.1,Required Level of Education,RL,9,10.08,N
99-1389.93,5.C.1,Required Level of Education,RL,10,4.23,N
99-1389.93,5.C.1,Required Level of Education,RL,11,6.46,N
99-1389.93,5.C.1,Required Level of Education,RL,12,3.75,N
99-1390.94,5.C.1,Required Level of Education,RL,1,7.75,N
99-1390.94,5.C.1,Required Level of Education,RL,2,6.77,N
99-1390.94,5.C.1,Required Level of Education,RL,3,4.64,N
99-1390.94,5.C.1,Required Level of Education,RL,4,17.10,N
99-1390.94,5.C.1,Required Level of Education,RL,5,14.84,N
99-1390.94,5.C.1,Required Level of Education,RL,6,6.81,N
99-1390.94,5.C.1,Required Level of Education,RL,7,44.51,N
99-1390.94,5.C.1,Required Level of Education,RL,8,66.56,N
99-1390.94,5.C.1,Required Level of Education,RL,9,69.98,N
99-1390.94,5.C.1,Required Level of Education,RL,10,13.15,N
99-1390.94,5.C.1,Required Level of Education,RL,11,6.22,N
99-1390.94,5.C.1,Required Level of Education,RL,12,8.87,N
99-1391.95,5.C.1,Required Level of Education,RL,1,1.93,N
99-1391.95,5.C.1,Required Level of Education,RL,2,3.04,N
99-1391.95,5.C.1,Required Level of Education,RL,3,6.91,N
99-1391.95,5.C.1,Required Level of Education,RL,4,8.24,N
99-1391.95,5.C.1,Required Level of Education,RL,5,7.22,N
99-1391.95,5.C.1,Required Level of Education,RL,6,13.46,N
99-1391.95,5.C.1,Required Level of Education,RL,7,64.67,N
99-1391.95,5.C.1,Required Level of Education,RL,8,67.73,N
99-1391.95,5.C.1,Required Level of Education,RL,9,61.20,N
99-1391.95,5.C.1,Required Level of Education,RL,10,10.51,N
99-1391.95,5.C.1,Required Level of Education,RL,11,5.37,N
99-1391.95,5.C.1,Required Level of Education,RL,12,19.80,N
99-1392.96,5.C.1,Required Level of Education,RL,1,7.79,N
99-1392.96,5.C.1,Required Level of Education,RL,2,21.07,N
99-1392.96,5.C.1,Required Level of Education,RL,3,7.39,N
99-1392.96,5.C.1,Required Level of Education,RL,4,44.82,N
99-1392.96,5.C.1,Required Level of Education,RL,5,43.64,N
99-1392.96,5.C.1,Required Level of Education,RL,6,61.34,N
99-1392.96,5.C.1,Required Level of Education,RL,7,12.65,N
99-1392.96,5.C.1,Required Level of Education,RL,8,14.07,N
99-1392.96,5.C.1,Required Level of Education,RL,9,17.96,N
99-1392.96,5.C.1,Required Level of Education,RL,10,6.04,N
99-1392.96,5.C.1,Required Level of Education,RL,11,3.02,N
99-1392.96,5.C.1,Required Level of Education,RL,12,5.30,N
99-1393.97,5.C.1,Required Level of Education,RL,1,52.05,N
99-1393.97,5.C.1,Required Level of Education,RL,2,55.19,N
99-1393.97,5.C.1,Required Level of Education,RL,3,59.25,N
99-1393.97,5.C.1,Required Level of Education,RL,4,6.63,N
99-1393.97,5.C.1,Required Level of Education,RL,5,19.01,N
99-1393.97,5.C.1,Required Level of Education,RL,6,6.56,N
99-1393.97,5.C.1,Required Level of Education,RL,7,2.93,N
99-1393.97,5.C.1,Required Level of Education,RL,8,6.72,N
99-1393.97,5.C.1,Required Level of Education,RL,9,4.83,N
99-1393.97,5.C.1,Required Level of Education,RL,10,6.19,N
99-1393.97,5.C.1,Required Level of Education,RL,11,6.53,N
99-1393.97,5.C.1,Required Level of Education,RL,12,2.12,N
99-1394.98,5.C.1,Required Level of Education,RL,1,60.55,N
99-1394.98,5.C.1,Required Level of Education,RL,2,59.46,N
99-1394.98,5.C.1,Required Level of Education,RL,3,43.34,N
99-1394.98,5.C.1,Required Level of Education,RL,4,22.39,N
99-1394.98,5.C.1,Required Level of Education,RL,5,9.45,N
99-1394.98,5.C.1,Required Level of Education,RL,6,17.90,N
99-1394.98,5.C.1,Required Level of Education,RL,7,7.28,N
99-1394.98,5.C.1,Required Level of Education,RL,8,3.79,N
99-1394.98,5.C.1,Required Level of Education,RL,9,3.82,N
99-1394.98,5.C.1,Required Level of Education,RL,10,7.56,N
99-1394.98,5.C.1,Required Level of Education,RL,11,2.82,N
99-1394.98,5.C.1,Required Level of Education,RL,12,6.93,N
99-1395.99,5.C.1,Required Level of Education,RL,1,34.60,N
99-1395.99,5.C.1,Required Level of Education,RL,2,38.62,N
99-1395.99,5.C.1,Required Level of Education,RL,3,47.96,N
99-1395.99,5.C.1,Required Level of Education,RL,4,23.70,N
99-1395.99,5.C.1,Required Level of Education,RL,5,13.43,N
99-1395.99,5.C.1,Required Level of Education,RL,6,18.86,N
99-1395.99,5.C.1,Required Level of Education,RL,7,6.01,N
99-1395.99,5.C.1,Required Level of Education,RL,8,6.34,N
99-1395.99,5.C.1,Required Level of Education,RL,9,5.16,N
99-1395.99,5.C.1,Required Level of Education,RL,10,7.61,N
99-1395.99,5.C.1,Required Level of Education,RL,11,5.96,N
99-1395.99,5.C.1,Required Level of Education,RL,12,4.26,N
99-1396.01,5.C.1,Required Level of Education,RL,1,68.68,N
99-1396.01,5.C.1,Required Level of Education,RL,2,60.74,N
99-1396.01,5.C.1,Required Level of Education,RL,3,51.53,N
99-1396.01,5.C.1,Required Level of Education,RL,4,10.01,N
99-1396.01,5.C.1,Required Level of Education,RL,5,9.85,N
99-1396.01,5.C.1,Required Level of Education,RL,6,13.08,N
99-1396.01,5.C.1,Required Level of Education,RL,7,3.35,N
99-1396.01,5.C.1,Required Level of Education,RL,8,2.99,N
99-1396.01,5.C.1,Required Level of Education,RL,9,6.75,N
99-1396.01,5.C.1,Required Level of Education,RL,10,5.41,N
99-1396.01,5.C.1,Required Level of Education,RL,11,2.09,N
99-1396.01,5.C.1,Required Level of Education,RL,12,6.72,N
99-1397.02,5.C.1,Required Level of Education,RL,1,35.56,N
99-1397.02,5.C.1,Required Level of Education,RL,2,31.31,N
99-1397.02,5.C.1,Required Level of Education,RL,3,34.30,N
99-1397.02,5.C.1,Required Level of Education,RL,4,11.52,N
99-1397.02,5.C.1,Required Level of Education,RL,5,6.27,N
99-1397.02,5.C.1,Required Level of Education,RL,6,19.61,N
99-1397.02,5.C.1,Required Level of Education,RL,7,3.40,N
99-1397.02,5.C.1,Required Level of Education,RL,8,5.52,N
99-1397.02,5.C.1,Required Level of Education,RL,9,5.93,N
99-1397.02,5.C.1,Required Level of Education,RL,10,4.63,N
99-1397.02,5.C.1,Required Level of Education,RL,11,5.90,N
99-1397.02,5.C.1,Required Level of Education,RL,12,3.61,N
99-1398.03,5.C.1,Required Level of Education,RL,1,19.08,N
99-1398.03,5.C.1,Required Level of Education,RL,2,12.57,N
99-1398.03,5.C.1,Required Level of Education,RL,3,18.57,N
99-1398.03,5.C.1,Required Level of Education,RL,4,68.08,N
99-1398.03,5.C.1,Required Level of Education,RL,5,35.17,N
99-1398.03,5.C.1,Required Level of Education,RL,6,62.09,N
99-1398.03,5.C.1,Required Level of Education,RL,7,15.20,N
99-1398.03,5.C.1,Required Level of Education,RL,8,24.59,N
99-1398.03,5.C.1,Required Level of Education,RL,9,9.88,N
99-1398.03,5.C.1,Required Level of Education,RL,10,5.53,N
99-1398.03,5.C.1,Required Level of Education,RL,11,3.23,N
99-1398.03,5.C.1,Required Level of Education,RL,12,4.62,N
99-1399.04,5.C.1,Required Level of Education,RL,1,3.70,N
99-1399.04,5.C.1,Required Level of Education,RL,2,5.14,N
99-1399.04,5.C.1,Required Level of Education,RL,3,7.40,N
99-1399.04,5.C.1,Required Level of Education,RL,4,13.78,N
99-1399.04,5.C.1,Required Level of Education,RL,5,21.66,N
99-1399.04,5.C.1,Required Level of Education,RL,6,12.16,N
99-1399.04,5.C.1,Required Level of Education,RL,7,64.64,N
99-1399.04,5.C.1,Required Level of Education,RL,8,35.90,N
99-1399.04,5.C.1,Required Level of Education,RL,9,53.67,N
99-1399.04,5.C.1,Required Level of Education,RL,10,24.25,N
99-1399.04,5.C.1,Required Level of Education,RL,11,7.33,N
99-1399.04,5.C.1,Required Level of Education,RL,12,20.61,N
99-1400.05,5.C.1,Required Level of Education,RL,1,1.66,N
99-1400.05,5.C.1,Required Level of Education,RL,2,5.36,N
99-1400.05,5.C.1,Required Level of Education,RL,3,2.67,N
99-1400.05,5.C.1,Required Level of Education,RL,4,16.25,N
99-1400.05,5.C.1,Required Level of Education,RL,5,24.59,N
99-1400.05,5.C.1,Required Level of Education,RL,6,10.38,N
99-1400.05,5.C.1,Required Level of Education,RL,7,60.60,N
99-1400.05,5.C.1,Required Level of Education,RL,8,65.07,N
99-1400.05,5.C.1,Required Level of Education,RL,9,68.22,N
99-1400.05,5.C.1,Required Level of Education,RL,10,14.72,N
99-1400.05,5.C.1,Required Level of Education,RL,11,5.63,N
99-1400.05,5.C.1,Required Level of Education,RL,12,22.79,N
99-1401.06,5.C.1,Required Level of Education,RL,1,11.28,N
99-1401.06,5.C.1,Required Level of Education,RL,2,20.69,N
99-1401.06,5.C.1,Required Level of Education,RL,3,19.17,N
99-1401.06,5.C.1,Required Level of Education,RL,4,44.02,N
99-1401.06,5.C.1,Required Level of Education,RL,5,49.94,N
99-1401.06,5.C.1,Required Level of Education,RL,6,42.57,N
99-1401.06,5.C.1,Required Level of Education,RL,7,12.67,N
99-1401.06,5.C.1,Required Level of Education,RL,8,8.02,N
99-1401.06,5.C.1,Required Level of Education,RL,9,19.43,N
99-1401.06,5.C.1,Required Level of Education,RL,10,4.70,N
99-1401.06,5.C.1,Required Level of Education,RL,11,3.12,N
99-1401.06,5.C.1,Required Level of Education,RL,12,1.07,N
99-1402.07,5.C.1,Required Level of Education,RL,1,40.75,N
99-1402.07,5.C.1,Required Level of Education,RL,2,39.82,N
99-1402.07,5.C.1,Required Level of Education,RL,3,64.06,N
99-1402.07,5.C.1,Required Level of Education,RL,4,6.38,N
99-1402.07,5.C.1,Required Level of Education,RL,5,11.76,N
99-1402.07,5.C.1,Required Level of Education,RL,6,21.71,N
99-1402.07,5.C.1,Required Level of Education,RL,7,1.67,N
99-1402.07,5.C.1,Required Level of Education,RL,8,5.56,N
99-1402.07,5.C.1,Required Level of Education,RL,9,3.81,N
99-1402.07,5.C.1,Required Level of Education,RL,10,3.89,N
99-1402.07,5.C.1,Required Level of Education,RL,11,4.58,N
99-1402.07,5.C.1,Required Level of Education,RL,12,3.10,N
99-1403.08,5.C.1,Required Level of Education,RL,1,40.66,N
99-1403.08,5.C.1,Required Level of Education,RL,2,54.58,N
99-1403.08,5.C.1,Required Level of Education,RL,3,38.39,N
99-1403.08,5.C.1,Required Level of Education,RL,4,11.73,N
99-1403.08,5.C.1,Required Level of Education,RL,5,20.07,N
99-1403.08,5.C.1,Required Level of Education,RL,6,19.12,N
99-1403.08,5.C.1,Required Level of Education,RL,7,5.38,N
99-1403.08,5.C.1,Required Level of Education,RL,8,2.27,N
99-1403.08,5.C.1,Required Level of Education,RL,9,5.01,N
99-1403.08,5.C.1,Required Level of Education,RL,10,2.19,N
99-1403.08,5.C.1,Required Level of Education,RL,11,1.78,N
99-1403.08,5.C.1,Required Level of Education,RL,12,6.98,N
99-1404.09,5.C.1,Required Level of Education,RL,1,34.36,N
99-1404.09,5.C.1,Required Level of Education,RL,2,62.54,N
99-1404.09,5.C.1,Required Level of Education,RL,3,34.93,N
99-1404.09,5.C.1,Required Level of Education,RL,4,16.87,N
99-1404.09,5.C.1,Required Level of Education,RL,5,13.70,N
99-1404.09,5.C.1,Required Level of Education,RL,6,11.41,N
99-1404.09,5.C.1,Required Level of Education,RL,7,4.31,N
99-1404.09,5.C.1,Required Level of Education,RL,8,5.37,N
99-1404.09,5.C.1,Required Level of Education,RL,9,7.70,N
99-1404.09,5.C.1,Required Level of Education,RL,10,5.56,N
99-1404.09,5.C.1,Required Level of Education,RL,11,5.75,N
99-1404.09,5.C.1,Required Level of Education,RL,12,5.80,N
99-1405.10,5.C.1,Required Level of Education,RL,1,38.55,N
99-1405.10,5.C.1,Required Level of Education,RL,2,42.27,N
99-1405.10,5.C.1,Required Level of Education,RL,3,46.97,N
99-1405.10,5.C.1,Required Level of Education,RL,4,8.02,N
99-1405.10,5.C.1,Required Level of Education,RL,5,23.28,N
99-1405.10,5.C.1,Required Level of Education,RL,6,10.40,N
99-1405.10,5.C.1,Required Level of Education,RL,7,6.64,N
99-1405.10,5.C.1,Required Level of Education,RL,8,2.34,N
99-1405.10,5.C.1,Required Level of Education,RL,9,7.07,N
99-1405.10,5.C.1,Required Level of Education,RL,10,2.96,N
99-1405.10,5.C.1,Required Level of Education,RL,11,1.69,N
99-1405.10,5.C.1,Required Level of Education,RL,12,4.44,N
99-1406.11,5.C.1,Required Level of Education,RL,1,33.38,N
99-1406.11,5.C.1,Required Level of Education,RL,2,58.47,N
99-1406.11,5.C.1,Required Level of Education,RL,3,58.31,N
99-1406.11,5.C.1,Required Level of Education,RL,4,18.21,N
99-1406.11,5.C.1,Required Level of Education,RL,5,13.16,N
99-1406.11,5.C.1,Required Level of Education,RL,6,19.68,N
99-1406.11,5.C.1,Required Level of Education,RL,7,7.41,N
99-1406.11,5.C.1,Required Level of Education,RL,8,5.75,N
99-1406.11,5.C.1,Required Level of Education,RL,9,5.56,N
99-1406.11,5.C.1,Required Level of Education,RL,10,6.41,N
99-1406.11,5.C.1,Required Level of Education,RL,11,5.77,N
99-1406.11,5.C.1,Required Level of Education,RL,12,7.42,N
99-1407.12,5.C.1,Required Level of Education,RL,1,22.87,N
99-1407.12,5.C.1,Required Level of Education,RL,2,17.77,N
99-1407.12,5.C.1,Required Level of Education,RL,3,17.66,N
99-1407.12,5.C.1,Required Level of Education,RL,4,50.96,N
99-1407.12,5.C.1,Required Level of Education,RL,5,34.95,N
99-1407.12,5.C.1,Required Level of Education,RL,6,53.70,N
99-1407.12,5.C.1,Required Level of Education,RL,7,13.06,N
99-1407.12,5.C.1,Required Level of Education,RL,8,15.71,N
99-1407.12,5.C.1,Required Level of Education,RL,9,20.63,N
99-1407.12,5.C.1,Required Level of Education,RL,10,1.96,N
99-1407.12,5.C.1,Required Level of Education,RL,11,6.09,N
99-1407.12,5.C.1,Required Level of Education,RL,12,2.63,N
99-1408.13,5.C.1,Required Level of Education,RL,1,4.80,N
99-1408.13,5.C.1,Required Level of Education,RL,2,6.84,N
99-1408.13,5.C.1,Required Level of Education,RL,3,1.47,N
99-1408.13,5.C.1,Required Level of Education,RL,4,16.74,N
99-1408.13,5.C.1,Required Level of Education,RL,5,20.29,N
99-1408.13,5.C.1,Required Level of Education,RL,6,17.47,N
99-1408.13,5.C.1,Required Level of Education,RL,7,32.45,N
99-1408.13,5.C.1,Required Level of Education,RL,8,54.24,N
99-1408.13,5.C.1,Required Level of Education,RL,9,32.38,N
99-1408.13,5.C.1,Required Level of Education,RL,10,12.86,N
99-1408.13,5.C.1,Required Level of Education,RL,11,15.22,N
99-1408.13,5.C.1,Required Level of Education,RL,12,22.88,N
99-1409.14,5.C.1,Required Level of Education,RL,1,1.46,N
99-1409.14,5.C.1,Required Level of Education,RL,2,3.52,N
99-1409.14,5.C.1,Required Level of Education,RL,3,2.87,N
99-1409.14,5.C.1,Required Level of Education,RL,4,20.12,N
99-1409.14,5.C.1,Required Level of Education,RL,5,21.67,N
99-1409.14,5.C.1,Required Level of Education,RL,6,20.91,N
99-1409.14,5.C.1,Required Level of Education,RL,7,33.61,N
99-1409.14,5.C.1,Required Level of Education,RL,8,40.47,N
99-1409.14,5.C.1,Required Level of Education,RL,9,46.65,N
99-1409.14,5.C.1,Required Level of Education,RL,10,7.25,N
99-1409.14,5.C.1,Required Level of Education,RL,11,16.59,N
99-1409.14,5.C.1,Required Level of Education,RL,12,20.53,N
99-1410.15,5.C.1,Required Level of Education,RL,1,12.30,N
99-1410.15,5.C.1,Required Level of Education,RL,2,9.55,N
99-1410.15,5.C.1,Required Level of Education,RL,3,20.34,N
99-1410.15,5.C.1,Required Level of Education,RL,4,68.77,N
99-1410.15,5.C.1,Required Level of Education,RL,5,45.19,N
99-1410.15,5.C.1,Required Level of Education,RL,6,50.42,N
99-1410.15,5.C.1,Required Level of Education,RL,7,24.00,N
99-1410.15,5.C.1,Required Level of Education,RL,8,10.74,N
99-1410.15,5.C.1,Required Level of Education,RL,9,9.43,N
99-1410.15,5.C.1,Required Level of Education,RL,10,5.96,N
99-1410.15,5.C.1,Required Level of Education,RL,11,4.74,N
99-1410.15,5.C.1,Required Level of Education,RL,12,3.85,N
99-1411.16,5.C.1,Required Level of Education,RL,1,58.67,N
99-1411.16,5.C.1,Required Level of Education,RL,2,56.03,N
99-1411.16,5.C.1,Required Level of Education,RL,3,39.29,N
99-1411.16,5.C.1,Required Level of Education,RL,4,19.33,N
99-1411.16,5.C.1,Required Level of Education,RL,5,6.76,N
99-1411.16,5.C.1,Required Level of Education,RL,6,14.29,N
99-1411.16,5.C.1,Required Level of Education,RL,7,7.48,N
99-1411.16,5.C.1,Required Level of Education,RL,8,4.87,N
99-1411.16,5.C.1,Required Level of Education,RL,9,3.09,N
99-1411.16,5.C.1,Required Level of Education,RL,10,3.42,N
99-1411.16,5.C.1,Required Level of Education,RL,11,1.18,N
99-1411.16,5.C.1,Required Level of Education,RL,12,6.65,N
99-1412.17,5.C.1,Required Level of Education,RL,1,57.48,N
99-1412.17,5.C.1,Required Level of Education,RL,2,57.65,N
99-1412.17,5.C.1,Required Level of Education,RL,3,59.75,N
99-1412.17,5.C.1,Required Level of Education,RL,4,22.40,N
99-1412.17,5.C.1,Required Level of Education,RL,5,17.16,N
99-1412.17,5.C.1,Required Level of Education,RL,6,14.05,N
99-1412.17,5.C.1,Required Level of Education,RL,7,5.26,N
99-1412.17,5.C.1,Required Level of Education,RL,8,6.92,N
99-1412.17,5.C.1,Required Level of Education,RL,9,4.00,N
99-1412.17,5.C.1,Required Level of Education,RL,10,7.94,N
99-1412.17,5.C.1,Required Level of Education,RL,11,7.17,N
99-1412.17,5.C.1,Required Level of Education,RL,12,6.04,N
99-1413.18,5.C.1,Required Level of Education,RL,1,58.18,N
99-1413.18,5.C.1,Required Level of Education,RL,2,44.10,N
99-1413.18,5.C.1,Required Level of Education,RL,3,32.24,N
99-1413.18,5.C.1,Required Level of Education,RL,4,17.70,N
99-1413.18,5.C.1,Required Level of Education,RL,5,9.68,N
99-1413.18,5.C.1,Required Level of Education,RL,6,17.17,N
99-1413.18,5.C.1,Required Level of Education,RL,7,2.52,N
99-1413.18,5.C.1,Required Level of Education,RL,8,5.96,N
99-1413.18,5.C.1,Required Level of Education,RL,9,3.80,N
99-1413.18,5.C.1,Required Level of Education,RL,10,6.55,N
99-1413.18,5.C.1,Required Level of Education,RL,11,4.46,N
99-1413.18,5.C.1,Required Level of Education,RL,12,6.29,N
99-1414.19,5.C.1,Required Level of Education,RL,1,65.69,N
99-1414.19,5.C.1,Required Level of Education,RL,2,35.00,N
99-1414.19,5.C.1,Required Level of Education,RL,3,30.23,N
99-1414.19,5.C.1,Required Level of Education,RL,4,7.97,N
99-1414.19,5.C.1,Required Level of Education,RL,5,22.76,N
99-1414.19,5.C.1,Required Level of Education,RL,6,6.70,N
99-1414.19,5.C.1,Required Level of Education,RL,7,5.89,N
99-1414.19,5.C.1,Required Level of Education,RL,8,5.30,N
99-1414.19,5.C.1,Required Level of Education,RL,9,6.58,N
99-1414.19,5.C.1,Required Level of Education,RL,10,6.36,N
99-1414.19,5.C.1,Required Level of Education,RL,11,3.95,N
99-1414.19,5.C.1,Required Level of Education,RL,12,3.66,N
99-1415.20,5.C.1,Required Level of Education,RL,1,40.37,N
99-1415.20,5.C.1,Required Level of Education,RL,2,31.50,N
99-1415.20,5.C.1,Required Level of Education,RL,3,65.46,N
99-1415.20,5.C.1,Required Level of Education,RL,4,20.02,N
99-1415.20,5.C.1,Required Level of Education,RL,5,17.78,N
99-1415.20,5.C.1,Required Level of Education,RL,6,18.72,N
99-1415.20,5.C.1,Required Level of Education,RL,7,1.69,N
99-1415.20,5.C.1,Required Level of Education,RL,8,4.78,N
99-1415.20,5.C.1,Required Level of Education,RL,9,5.61,N
99-1415.20,5.C.1,Required Level of Education,RL,10,4.50,N
99-1415.20,5.C.1,Required Level of Education,RL,11,4.14,N
99-1415.20,5.C.1,Required Level of Education,RL,12,2.15,N
99-1416.21,5.C.1,Required Level of Education,RL,1,17.91,N
99-1416.21,5.C.1,Required Level of Education,RL,2,16.56,N
99-1416.21,5.C.1,Required Level of Education,RL,3,6.11,N
99-1416.21,5.C.1,Required Level of Education,RL,4,34.74,N
99-1416.21,5.C.1,Required Level of Education,RL,5,33.57,N
99-1416.21,5.C.1,Required Level of Education,RL,6,59.58,N
99-1416.21,5.C.1,Required Level of Education,RL,7,24.41,N
99-1416.21,5.C.1,Required Level of Education,RL,8,21.85,N
99-1416.21,5.C.1,Required Level of Education,RL,9,23.80,N
99-1416.21,5.C.1,Required Level of Education,RL,10,4.48,N
99-1416.21,5.C.1,Required Level of Education,RL,11,3.34,N
99-1416.21,5.C.1,Required Level of Education,RL,12,5.81,N
99-1417.22,5.C.1,Required Level of Education,RL,1,4.12,N
99-1417.22,5.C.1,Required Level of Education,RL,2,4.92,N
99-1417.22,5.C.1,Required Level of Education,RL,3,1.66,N
99-1417.22,5.C.1,Required Level of Education,RL,4,19.05,N
99-1417.22,5.C.1,Required Level of Education,RL,5,13.30,N
99-1417.22,5.C.1,Required Level of Education,RL,6,11.25,N
99-1417.22,5.C.1,Required Level of Education,RL,7,45.90,N
99-1417.22,5.C.1,Required Level of Education,RL,8,57.08,N
99-1417.22,5.C.1,Required Level of Education,RL,9,65.93,N
99-1417.22,5.C.1,Required Level of Education,RL,10,11.11,N
99-1417.22,5.C.1,Required Level of Education,RL,11,15.74,N
99-1417.22,5.C.1,Required Level of Education,RL,12,8.89,N
99-1418.23,5.C.1,Required Level of Education,RL,1,7.96,N
99-1418.23,5.C.1,Required Level of Education,RL,2,7.85,N
99-1418.23,5.C.1,Required Level of Education,RL,3,4.66,N
99-1418.23,5.C.1,Required Level of Education,RL,4,8.01,N
99-1418.23,5.C.1,Required Level of Education,RL,5,10.76,N
99-1418.23,5.C.1,Required Level of Education,RL,6,18.37,N
99-1418.23,5.C.1,Required Level of Education,RL,7,34.78,N
99-1418.23,5.C.1,Required Level of Education,RL,8,60.13,N
99-1418.23,5.C.1,Required Level of Education,RL,9,53.90,N
99-1418.23,5.C.1,Required Level of Education,RL,10,19.19,N
99-1418.23,5.C.1,Required Level of Education,RL,11,23.99,N
99-1418.23,5.C.1,Required Level of Education,RL,12,8.94,N
99-1419.24,5.C.1,Required Level of Education,RL,1,10.16,N
99-1419.24,5.C.1,Required Level of Education,RL,2,19.69,N
99-1419.24,5.C.1,Required Level of Education,RL,3,11.65,N
99-1419.24,5.C.1,Required Level of Education,RL,4,60.74,N
99-1419.24,5.C.1,Required Level of Education,RL,5,50.90,N
99-1419.24,5.C.1,Required Level of Education,RL,6,53.94,N
99-1419.24,5.C.1,Required Level of Education,RL,7,8.56,N
99-1419.24,5.C.1,Required Level of Education,RL,8,5.74,N
99-1419.24,5.C.1,Required Level of Education,RL,9,6.57,N
99-1419.24,5.C.1,Required Level of Education,RL,10,5.06,N
99-1419.24,5.C.1,Required Level of Education,RL,11,6.74,N
99-1419.24,5.C.1,Required Level of Education,RL,12,5.48,N
99-1420.25,5.C.1,Required Level of Education,RL,1,40.73,N
99-1420.25,5.C.1,Required Level of Education,RL,2,47.82,N
99-1420.25,5.C.1,Required Level of Education,RL,3,59.04,N
99-1420.25,5.C.1,Required Level of Education,RL,4,9.19,N
99-1420.25,5.C.1,Required Level of Education,RL,5,17.87,N
99-1420.25,5.C.1,Required Level of Education,RL,6,21.72,N
99-1420.25,5.C.1,Required Level of Education,RL,7,6.49,N
99-1420.25,5.C.1,Required Level of Education,RL,8,2.30,N
99-1420.25,5.C.1,Required Level of Education,RL,9,5.77,N
99-1420.25,5.C.1,Required Level of Education,RL,10,5.32,N
99-1420.25,5.C.1,Required Level of Education,RL,11,7.58,N
99-1420.25,5.C.1,Required Level of Education,RL,12,6.92,N
99-1421.26,5.C.1,Required Level of Education,RL,1,59.12,N
99-1421.26,5.C.1,Required Level of Education,RL,2,65.58,N
99-1421.26,5.C.1,Required Level of Education,RL,3,61.95,N
99-1421.26,5.C.1,Required Level of Education,RL,4,18.83,N
99-1421.26,5.C.1,Required Level of Education,RL,5,5.86,N
99-1421.26,5.C.1,Required Level of Education,RL,6,18.72,N
99-1421.26,5.C.1,Required Level of Education,RL,7,5.56,N
99-1421.26,5.C.1,Required Level of Education,RL,8,1.98,N
99-1421.26,5.C.1,Required Level of Education,RL,9,1.89,N
99-1421.26,5.C.1,Required Level of Education,RL,10,2.02,N
99-1421.26,5.C.1,Required Level of Education,RL,11,7.57,N
99-1421.26,5.C.1,Required Level of Education,RL,12,2.09,N
99-1422.27,5.C.1,Required Level of Education,RL,1,66.72,N
99-1422.27,5.C.1,Required Level of Education,RL,2,41.86,N
99-1422.27,5.C.1,Required Level of Education,RL,3,54.06,N
99-1422.27,5.C.1,Required Level of Education,RL,4,18.93,N
99-1422.27,5.C.1,Required Level of Education,RL,5,17.62,N
99-1422.27,5.C.1,Required Level of Education,RL,6,21.02,N
99-1422.27,5.C.1,Required Level of Education,RL,7,3.86,N
99-1422.27,5.C.1,Required Level of Education,RL,8,2.90,N
99-1422.27,5.C.1,Required Level of Education,RL,9,7.18,N
99-1422.27,5.C.1,Required Level of Education,RL,10,3.13,N
99-1422.27,5.C.1,Required Level of Education,RL,11,1.18,N
99-1422.27,5.C.1,Required Level of Education,RL,12,4.39,N
99-1423.28,5.C.1,Required Level of Education,RL,1,32.69,N
99-1423.28,5.C.1,Required Level of Education,RL,2,62.48,N
99-1423.28,5.C.1,Required Level of Education,RL,3,51.60,N
99-1423.28,5.C.1,Required Level of Education,RL,4,7.77,N
99-1423.28,5.C.1,Required Level of Education,RL,5,17.98,N
99-1423.28,5.C.1,Required Level of Education,RL,6,8.09,N
99-1423.28,5.C.1,Required Level of Education,RL,7,7.95,N
99-1423.28,5.C.1,Required Level of Education,RL,8,3.76,N
99-1423.28,5.C.1,Required Level of Education,RL,9,6.64,N
99-1423.28,5.C.1,Required Level of Education,RL,10,3.13,N
99-1423.28,5.C.1,Required Level of Education,RL,11,1.76,N
99-1423.28,5.C.1,Required Level of Education,RL,12,4.11,N
99-1424.29,5.C.1,Required Level of Education,RL,1,33.72,N
99-1424.29,5.C.1,Required Level of Education,RL,2,68.48,N
99-1424.29,5.C.1,Required Level of Education,RL,3,41.51,N
99-1424.29,5.C.1,Required Level of Education,RL,4,12.05,N
99-1424.29,5.C.1,Required Level of Education,RL,5,11.72,N
99-1424.29,5.C.1,Required Level of Education,RL,6,19.66,N
99-1424.29,5.C.1,Required Level of Education,RL,7,5.40,N
99-1424.29,5.C.1,Required Level of Education,RL,8,6.86,N
99-1424.29,5.C.1,Required Level of Education,RL,9,6.00,N
99-1424.29,5.C.1,Required Level of Education,RL,10,1.46,N
99-1424.29,5.C.1,Required Level of Education,RL,11,3.82,N
99-1424.29,5.C.1,Required Level of Education,RL,12,5.89,N
99-1425.30,5.C.1,Required Level of Education,RL,1,5.57,N
99-1425.30,5.C.1,Required Level of Education,RL,2,24.44,N
99-1425.30,5.C.1,Required Level of Education,RL,3,7.84,N
99-1425.30,5.C.1,Required Level of Education,RL,4,56.58,N
99-1425.30,5.C.1,Required Level of Education,RL,5,68.06,N
99-1425.30,5.C.1,Required Level of Education,RL,6,51.80,N
99-1425.30,5.C.1,Required Level of Education,RL,7,10.75,N
99-1425.30,5.C.1,Required Level of Education,RL,8,9.92,N
99-1425.30,5.C.1,Required Level of Education,RL,9,16.87,N
99-1425.30,5.C.1,Required Level of Education,RL,10,7.00,N
99-1425.30,5.C.1,Required Level of Education,RL,11,5.39,N
99-1425.30,5.C.1,Required Level of Education,RL,12,7.73,N
99-1426.31,5.C.1,Required Level of Education,RL,1,7.28,N
99-1426.31,5.C.1,Required Level of Education,RL,2,6.67,N
99-1426.31,5.C.1,Required Level of Education,RL,3,7.88,N
99-1426.31,5.C.1,Required Level of Education,RL,4,17.17,N
99-1426.31,5.C.1,Required Level of Education,RL,5,20.67,N
99-1426.31,5.C.1,Required Level of Education,RL,6,23.41,N
99-1426.31,5.C.1,Required Level of Education,RL,7,49.39,N
99-1426.31,5.C.1,Required Level of Education,RL,8,67.49,N
99-1426.31,5.C.1,Required Level of Education,RL,9,38.05,N
99-1426.31,5.C.1,Required Level of Education,RL,10,22.59,N
99-1426.31,5.C.1,Required Level of Education,RL,11,12.61,N
99-1426.31,5.C.1,Required Level of Education,RL,12,15.42,N
99-1427.32,5.C.1,Required Level of Education,RL,1,7.82,N
99-1427.32,5.C.1,Required Level of Education,RL,2,6.64,N
99-1427.32,5.C.1,Required Level of Education,RL,3,4.05,N
99-1427.32,5.C.1,Required Level of Education,RL,4,8.16,N
99-1427.32,5.C.1,Required Level of Education,RL,5,6.10,N
99-1427.32,5.C.1,Required Level of Education,RL,6,6.92,N
99-1427.32,5.C.1,Required Level of Education,RL,7,61.57,N
99-1427.32,5.C.1,Required Level of Education,RL,8,67.40,N
99-1427.32,5.C.1,Required Level of Education,RL,9,33.25,N
99-1427.32,5.C.1,Required Level of Education,RL,10,24.00,N
99-1427.32,5.C.1,Required Level of Education,RL,11,13.63,N
99-1427.32,5.C.1,Required Level of Education,RL,12,5.88,N
99-1428.33,5.C.1,Required Level of Education,RL,1,16.86,N
99-1428.33,5.C.1,Required Level of Education,RL,2,17.36,N
99-1428.33,5.C.1,Required Level of Education,RL,3,17.43,N
99-1428.33,5.C.1,Required Level of Education,RL,4,55.88,N
99-1428.33,5.C.1,Required Level of Education,RL,5,68.59,N
99-1428.33,5.C.1,Required Level of Education,RL,6,65.58,N
99-1428.33,5.C.1,Required Level of Education,RL,7,7.46,N
99-1428.33,5.C.1,Required Level of Education,RL,8,17.14,N
99-1428.33,5.C.1,Required Level of Education,RL,9,23.50,N
99-1428.33,5.C.1,Required Level of Education,RL,10,2.75,N
99-1428.33,5.C.1,Required Level of Education,RL,11,2.61,N
99-1428.33,5.C.1,Required Level of Education,RL,12,2.39,N
99-1429.34,5.C.1,Required Level of Education,RL,1,54.13,N
99-1429.34,5.C.1,Required Level of Education,RL,2,37.64,N
99-1429.34,5.C.1,Required Level of Education,RL,3,45.82,N
99-1429.34,5.C.1,Required Level of Education,RL,4,16.69,N
99-1429.34,5.C.1,Required Level of Education,RL,5,12.77,N
99-1429.34,5.C.1,Required Level of Education,RL,6,12.46,N
99-1429.34,5.C.1,Required Level of Education,RL,7,5.38,N
99-1429.34,5.C.1,Required Level of Education,RL,8,1.08,N
99-1429.34,5.C.1,Required Level of Education,RL,9,5.27,N
99-1429.34,5.C.1,Required Level of Education,RL,10,4.57,N
99-1429.34,5.C.1,Required Level of Education,RL,11,5.80,N
99-1429.34,5.C.1,Required Level of Education,RL,12,5.57,N
99-1430.35,5.C.1,Required Level of Education,RL,1,30.73,N
99-1430.35,5.C.1,Required Level of Education,RL,2,63.62,N
99-1430.35,5.C.1,Required Level of Education,RL,3,57.36,N
99-1430.35,5.C.1,Required Level of Education,RL,4,21.41,N
99-1430.35,5.C.1,Required Level of Education,RL,5,9.01,N
99-1430.35,5.C.1,Required Level of Education,RL,6,24.81,N
99-1430.35,5.C.1,Required Level of Education,RL,7,3.29,N
99-1430.35,5.C.1,Required Level of Education,RL,8,1.79,N
99-1430.35,5.C.1,Required Level of Education,RL,9,7.19,N
99-1430.35,5.C.1,Required Level of Education,RL,10,6.69,N
99-1430.35,5.C.1,Required Level of Education,RL,11,1.95,N
99-1430.35,5.C.1,Required Level of Education,RL,12,2.37,N
99-1431.36,5.C.1,Required Level of Education,RL,1,42.06,N
99-1431.36,5.C.1,Required Level of Education,RL,2,67.24,N
99-1431.36,5.C.1,Required Level of Education,RL,3,61.38,N
99-1431.36,5.C.1,Required Level of Education,RL,4,13.41,N
99-1431.36,5.C.1,Required Level of Education,RL,5,24.64,N
99-1431.36,5.C.1,Required Level of Education,RL,6,13.56,N
99-1431.36,5.C.1,Required Level of Education,RL,7,6.72,N
99-1431.36,5.C.1,Required Level of Education,RL,8,7.23,N
99-1431.36,5.C.1,Required Level of Education,RL,9,5.81,N
99-1431.36,5.C.1,Required Level of Education,RL,10,7.67,N
99-1431.36,5.C.1,Required Level of Education,RL,11,6.78,N
99-1431.36,5.C.1,Required Level of Education,RL,12,6.36,N
99-1432.37,5.C.1,Required Level of Education,RL,1,61.12,N
99-1432.37,5.C.1,Required Level of Education,RL,2,58.98,N
99-1432.37,5.C.1,Required Level of Education,RL,3,33.30,N
99-1432.37,5.C.1,Required Level of Education,RL,4,16.88,N
99-1432.37,5.C.1,Required Level of Education,RL,5,24.10,N
99-1432.37,5.C.1,Required Level of Education,RL,6,21.95,N
99-1432.37,5.C.1,Required Level of Education,RL,7,1.26,N
99-1432.37,5.C.1,Required Level of Education,RL,8,4.29,N
99-1432.37,5.C.1,Required Level of Education,RL,9,4.23,N
99-1432.37,5.C.1,Required Level of Education,RL,10,5.33,N
99-1432.37,5.C.1,Required Level of Education,RL,11,6.94,N
99-1432.37,5.C.1,Required Level of Education,RL,12,7.98,N
99-1433.38,5.C.1,Required Level of Education,RL,1,41.80,N
99-1433.38,5.C.1,Required Level of Education,RL,2,46.74,N
99-1433.38,5.C.1,Required Level of Education,RL,3,39.31,N
99-1433.38,5.C.1,Required Level of Education,RL,4,21.37,N
99-1433.38,5.C.1,Required Level of Education,RL,5,8.13,N
99-1433.38,5.C.1,Required Level of Education,RL,6,5.60,N
99-1433.38,5.C.1,Required Level of Education,RL,7,6.94,N
99-1433.38,5.C.1,Required Level of Education,RL,8,7.87,N
99-1433.38,5.C.1,Required Level of Education,RL,9,5.88,N
99-1433.38,5.C.1,Required Level of Education,RL,10,4.70,N
99-1433.38,5.C.1,Required Level of Education,RL,11,4.28,N
99-1433.38,5.C.1,Required Level of Education,RL,12,1.58,N
99-1434.39,5.C.1,Required Level of Education,RL,1,7.50,N
99-1434.39,5.C.1,Required Level of Education,RL,2,8.55,N
99-1434.39,5.C.1,Required Level of Education,RL,3,14.18,N
99-1434.39,5.C.1,Required Level of Education,RL,4,66.68,N
99-1434.39,5.C.1,Required Level of Education,RL,5,42.21,N
99-1434.39,5.C.1,Required Level of Education,RL,6,31.43,N
99-1434.39,5.C.1,Required Level of Education,RL,7,15.05,N
99-1434.39,5.C.1,Required Level of Education,RL,8,6.16,N
99-1434.39,5.C.1,Required Level of Education,RL,9,12.03,N
99-1434.39,5.C.1,Required Level of Education,RL,10,4.21,N
99-1434.39,5.C.1,Required Level of Education,RL,11,3.15,N
99-1434.39,5.C.1,Required Level of Education,RL,12,7.08,N
99-1435.40,5.C.1,Required Level of Education,RL,1,4.28,N
99-1435.40,5.C.1,Required Level of Education,RL,2,4.65,N
99-1435.40,5.C.1,Required Level of Education,RL,3,1.97,N
99-1435.40,5.C.1,Required Level of Education,RL,4,20.57,N
99-1435.40,5.C.1,Required Level of Education,RL,5,7.75,N
99-1435.40,5.C.1,Required Level of Education,RL,6,14.15,N
99-1435.40,5.C.1,Required Level of Education,RL,7,38.18,N
99-1435.40,5.C.1,Required Level of Education,RL,8,38.20,N
99-1435.40,5.C.1,Required Level of Education,RL,9,46.35,N
99-1435.40,5.C.1,Required Level of Education,RL,10,8.64,N
99-1435.40,5.C.1,Required Level of Education,RL,11,11.69,N
99-1435.40,5.C.1,Required Level of Education,RL,12,20.31,N
99-1436.41,5.C.1,Required Level of Education,RL,1,4.69,N
99-1436.41,5.C.1,Required Level of Education,RL,2,6.87,N
99-1436.41,5.C.1,Required Level of Education,RL,3,2.00,N
99-1436.41,5.C.1,Required Level of Education,RL,4,15.55,N
99-1436.41,5.C.1,Required Level of Education,RL,5,24.57,N
99-1436.41,5.C.1,Required Level of Education,RL,6,23.26,N
99-1436.41,5.C.1,Required Level of Education,RL,7,60.43,N
99-1436.41,5.C.1,Required Level of Education,RL,8,37.19,N
99-1436.41,5.C.1,Required Level of Education,RL,9,53.58,N
99-1436.41,5.C.1,Required Level of Education,RL,10,13.88,N
99-1436.41,5.C.1,Required Level of Education,RL,11,6.45,N
99-1436.41,5.C.1,Required Level of Education,RL,12,22.85,N
99-1437.42,5.C.1,Required Level of Education,RL,1,11.73,N
99-1437.42,5.C.1,Required Level of Education,RL,2,8.78,N
99-1437.42,5.C.1,Required Level of Education,RL,3,8.00,N
99-1437.42,5.C.1,Required Level of Education,RL,4,45.80,N
99-1437.42,5.C.1,Required Level of Education,RL,5,33.36,N
99-1437.42,5.C.1,Required Level of Education,RL,6,44.10,N
99-1437.42,5.C.1,Required Level of Education,RL,7,20.44,N
99-1437.42,5.C.1,Required Level of Education,RL,8,19.85,N
99-1437.42,5.C.1,Required Level of Education,RL,9,12.05,N
99-1437.42,5.C.1,Required Level of Education,RL,10,3.34,N
99-1437.42,5.C.1,Required Level of Education,RL,11,4.00,N
99-1437.42,5.C.1,Required Level of Education,RL,12,7.38,N
99-1438.43,5.C.1,Required Level of Education,RL,1,47.89,N
99-1438.43,5.C.1,Required Level of Education,RL,2,49.41,N
99-1438.43,5.C.1,Required Level of Education,RL,3,41.60,N
99-1438.43,5.C.1,Required Level of Education,RL,4,21.05,N
99-1438.43,5.C.1,Required Level of Education,RL,5,6.27,N
99-1438.43,5.C.1,Required Level of Education,RL,6,22.67,N
99-1438.43,5.C.1,Required Level of Education,RL,7,5.67,N
99-1438.43,5.C.1,Required Level of Education,RL,8,2.64,N
99-1438.43,5.C.1,Required Level of Education,RL,9,5.13,N
99-1438.43,5.C.1,Required Level of Education,RL,10,6.35,N
99-1438.43,5.C.1,Required Level of Education,RL,11,4.94,N
99-1438.43,5.C.1,Required Level of Education,RL,12,3.82,N
99-1439.44,5.C.1,Required Level of Education,RL,1,30.05,N
99-1439.44,5.C.1,Required Level of Education,RL,2,52.79,N
99-1439.44,5.C.1,Required Level of Education,RL,3,65.99,N
99-1439.44,5.C.1,Required Level of Education,RL,4,6.72,N
99-1439.44,5.C.1,Required Level of Education,RL,5,17.10,N
99-1439.44,5.C.1,Required Level of Education,RL,6,11.34,N
99-1439.44,5.C.1,Required Level of Education,RL,7,4.82,N
99-1439.44,5.C.1,Required Level of Education,RL,8,3.14,N
99-1439.44,5.C.1,Required Level of Education,RL,9,2.05,N
99-1439.44,5.C.1,Required Level of Education,RL,10,3.90,N
99-1439.44,5.C.1,Required Level of Education,RL,11,6.27,N
99-1439.44,5.C.1,Required Level of Education,RL,12,6.07,N
99-1440.45,5.C.1,Required Level of Education,RL,1,46.34,N
99-1440.45,5.C.1,Required Level of Education,RL,2,43.56,N
99-1440.45,5.C.1,Required Level of Education,RL,3,40.10,N
99-1440.45,5.C.1,Required Level of Education,RL,4,15.96,N
99-1440.45,5.C.1,Required Level of Education,RL,5,9.50,N
99-1440.45,5.C.1,Required Level of Education,RL,6,20.17,N
99-1440.45,5.C.1,Required Level of Education,RL,7,5.09,N
99-1440.45,5.C.1,Required Level of Education,RL,8,4.60,N
99-1440.45,5.C.1,Required Level of Education,RL,9,3.22,N
99-1440.45,5.C.1,Required Level of Education,RL,10,1.95,N
99-1440.45,5.C.1,Required Level of Education,RL,11,6.90,N
99-1440.45,5.C.1,Required Level of Education,RL,12,6.75,N
99-1441.46,5.C.1,Required Level of Education,RL,1,35.65,N
99-1441.46,5.C.1,Required Level of Education,RL,2,36.77,N
99-1441.46,5.C.1,Required Level of Education,RL,3,30.33,N
99-1441.46,5.C.1,Required Level of Education,RL,4,7.38,N
99-1441.46,5.C.1,Required Level of Education,RL,5,6.55,N
99-1441.46,5.C.1,Required Level of Education,RL,6,24.61,N
99-1441.46,5.C.1,Required Level of Education,RL,7,1.91,N
99-1441.46,5.C.1,Required Level of Education,RL,8,5.13,N
99-1441.46,5.C.1,Required Level of Education,RL,9,5.64,N
99-1441.46,5.C.1,Required Level of Education,RL,10,6.56,N
99-1441.46,5.C.1,Required Level of Education,RL,11,5.69,N
99-1441.46,5.C.1,Required Level of Education,RL,12,2.46,N
99-1442.47,5.C.1,Required Level of Education,RL,1,60.27,N
99-1442.47,5.C.1,Required Level of Education,RL,2,39.03,N
99-1442.47,5.C.1,Required Level of Education,RL,3,62.06,N
99-1442.47,5.C.1,Required Level of Education,RL,4,15.94,N
99-1442.47,5.C.1,Required Level of Education,RL,5,9.94,N
99-1442.47,5.C.1,Required Level of Education,RL,6,17.02,N
99-1442.47,5.C.1,Required Level of Education,RL,7,5.50,N
99-1442.47,5.C.1,Required Level of Education,RL,8,3.78,N
99-1442.47,5.C.1,Required Level of Education,RL,9,2.95,N
99-1442.47,5.C.1,Required Level of Education,RL,10,1.95,N
99-1442.47,5.C.1,Required Level of Education,RL,11,6.91,N
99-1442.47,5.C.1,Required Level of Education,RL,12,3.66,N
99-1443.48,5.C.1,Required Level of Education,RL,1,21.18,N
99-1443.48,5.C.1,Required Level of Education,RL,2,24.91,N
99-1443.48,5.C.1,Required Level of Education,RL,3,23.69,N
99-1443.48,5.C.1,Required Level of Education,RL,4,50.10,N
99-1443.48,5.C.1,Required Level of Education,RL,5,67.23,N
99-1443.48,5.C.1,Required Level of Education,RL,6,52.87,N
99-1443.48,5.C.1,Required Level of Education,RL,7,17.27,N
99-1443.48,5.C.1,Required Level of Education,RL,8,12.07,N
99-1443.48,5.C.1,Required Level of Education,RL,9,8.23,N
99-1443.48,5.C.1,Required Level of Education,RL,10,1.96,N
99-1443.48,5.C.1,Required Level of Education,RL,11,1.12,N
99-1443.48,5.C.1,Required Level of Education,RL,12,3.69,N
99-1444.49,5.C.1,Required Level of Education,RL,1,7.03,N
99-1444.49,5.C.1,Required Level of Education,RL,2,7.09,N
99-1444.49,5.C.1,Required Level of Education,RL,3,5.23,N
99-1444.49,5.C.1,Required Level of Education,RL,4,17.58,N
99-1444.49,5.C.1,Required Level of Education,RL,5,19.54,N
99-1444.49,5.C.1,Required Level of Education,RL,6,21.50,N
99-1444.49,5.C.1,Required Level of Education,RL,7,67.99,N
99-1444.49,5.C.1,Required Level of Education,RL,8,61.08,N
99-1444.49,5.C.1,Required Level of Education,RL,9,37.47,N
99-1444.49,5.C.1,Required Level of Education,RL,10,16.10,N
99-1444.49,5.C.1,Required Level of Education,RL,11,21.37,N
99-1444.49,5.C.1,Required Level of Education,RL,12,14.78,N
99-1445.50,5.C.1,Required Level of Education,RL,1,4.33,N
99-1445.50,5.C.1,Required Level of Education,RL,2,7.32,N
99-1445.50,5.C.1,Required Level of Education,RL,3,3.93,N
99-1445.50,5.C.1,Required Level of Education,RL,4,22.58,N
99-1445.50,5.C.1,Required Level of Education,RL,5,17.26,N
99-1445.50,5.C.1,Required Level of Education,RL,6,6.27,N
99-1445.50,5.C.1,Required Level of Education,RL,7,43.82,N
99-1445.50,5.C.1,Required Level of Education,RL,8,62.85,N
99-1445.50,5.C.1,Required Level of Education,RL,9,51.54,N
99-1445.50,5.C.1,Required Level of Education,RL,10,13.40,N
99-1445.50,5.C.1,Required Level of Education,RL,11,8.71,N
99-1445.50,5.C.1,Required Level of Education,RL,12,15.66,N
99-1446.51,5.C.1,Required Level of Education,RL,1,12.66,N
99-1446.51,5.C.1,Required Level of Education,RL,2,23.90,N
99-1446.51,5.C.1,Required Level of Education,RL,3,11.63,N
99-1446.51,5.C.1,Required Level of Education,RL,4,36.65,N
99-1446.51,5.C.1,Required Level of Education,RL,5,51.94,N
99-1446.51,5.C.1,Required Level of Education,RL,6,38.31,N
99-1446.51,5.C.1,Required Level of Education,RL,7,8.77,N
99-1446.51,5.C.1,Required Level of Education,RL,8,20.22,N
99-1446.51,5.C.1,Required Level of Education,RL,9,10.29,N
99-1446.51,5.C.1,Required Level of Education,RL,10,4.73,N
99-1446.51,5.C.1,Required Level of Education,RL,11,4.89,N
99-1446.51,5.C.1,Required Level of Education,RL,12,2.89,N
99-1447.52,5.C.1,Required Level of Education,RL,1,46.65,N
99-1447.52,5.C.1,Required Level of Education,RL,2,57.20,N
99-1447.52,5.C.1,Required Level of Education,RL,3,66.03,N
99-1447.52,5.C.1,Required Level of Education,RL,4,8.18,N
99-1447.52,5.C.1,Required Level of Education,RL,5,5.61,N
99-1447.52,5.C.1,Required Level of Education,RL,6,7.17,N
99-1447.52,5.C.1,Required Level of Education,RL,7,5.37,N
99-1447.52,5.C.1,Required Level of Education,RL,8,5.22,N
99-1447.52,5.C.1,Required Level of Education,RL,9,1.42,N
99-1447.52,5.C.1,Required Level of Education,RL,10,2.77,N
99-1447.52,5.C.1,Required Level of Education,RL,11,7.74,N
99-1447.52,5.C.1,Required Level of Education,RL,12,2.99,N
99-1448.53,5.C.1,Required Level of Education,RL,1,33.94,N
99-1448.53,5.C.1,Required Level of Education,RL,2,53.71,N
99-1448.53,5.C.1,Required Level of Education,RL,3,43.96,N
99-1448.53,5.C.1,Required Level of Education,RL,4,18.81,N
99-1448.53,5.C.1,Required Level of Education,RL,5,13.14,N
99-1448.53,5.C.1,Required Level of Education,RL,6,16.87,N
99-1448.53,5.C.1,Required Level of Education,RL,7,3.89,N
99-1448.53,5.C.1,Required Level of Education,RL,8,4.57,N
99-1448.53,5.C.1,Required Level of Education,RL,9,3.92,N
99-1448.53,5.C.1,Required Level of Education,RL,10,1.21,N
99-1448.53,5.C.1,Required Level of Education,RL,11,6.81,N
99-1448.53,5.C.1,Required Level of Education,RL,12,3.48,N
99-1449.54,5.C.1,Required Level of Education,RL,1,52.10,N
99-1449.54,5.C.1,Required Level of Education,RL,2,53.45,N
99-1449.54,5.C.1,Required Level of Education,RL,3,53.34,N
99-1449.54,5.C.1,Required Level of Education,RL,4,18.39,N
99-1449.54,5.C.1,Required Level of Education,RL,5,23.22,N
99-1449.54,5.C.1,Required Level of Education,RL,6,8.31,N
99-1449.54,5.C.1,Required Level of Education,RL,7,2.17,N
99-1449.54,5.C.1,Required Level of Education,RL,8,6.97,N
99-1449.54,5.C.1,Required Level of Education,RL,9,6.97,N
99-1449.54,5.C.1,Required Level of Education,RL,10,3.55,N
99-1449.54,5.C.1,Required Level of Education,RL,11,5.83,N
99-1449.54,5.C.1,Required Level of Education,RL,12,7.47,N
99-1450.55,5.C.1,Required Level of Education,RL,1,42.61,N
99-1450.55,5.C.1,Required Level of Education,RL,2,63.77,N
99-1450.55,5.C.1,Required Level of Education,RL,3,52.58,N
99-1450.55,5.C.1,Required Level of Education,RL,4,19.92,N
99-1450.55,5.C.1,Required Level of Education,RL,5,15.23,N
99-1450.55,5.C.1,Required Level of Education,RL,6,24.88,N
99-1450.55,5.C.1,Required Level of Education,RL,7,6.75,N
99-1450.55,5.C.1,Required Level of Education,RL,8,1.81,N
99-1450.55,5.C.1,Required Level of Education,RL,9,4.54,N
99-1450.55,5.C.1,Required Level of Education,RL,10,4.28,N
99-1450.55,5.C.1,Required Level of Education,RL,11,2.52,N
99-1450.55,5.C.1,Required Level of Education,RL,12,2.91,N
99-1451.56,5.C.1,Required Level of Education,RL,1,69.38,N
99-1451.56,5.C.1,Required Level of Education,RL,2,31.83,N
99-1451.56,5.C.1,Required Level of Education,RL,3,46.20,N
99-1451.56,5.C.1,Required Level of Education,RL,4,18.10,N
99-1451.56,5.C.1,Required Level of Education,RL,5,18.65,N
99-1451.56,5.C.1,Required Level of Education,RL,6,17.03,N
99-1451.56,5.C.1,Required Level of Education,RL,7,7.63,N
99-1451.56,5.C.1,Required Level of Education,RL,8,6.13,N
99-1451.56,5.C.1,Required Level of Education,RL,9,3.25,N
99-1451.56,5.C.1,Required Level of Education,RL,10,6.98,N
99-1451.56,5.C.1,Required Level of Education,RL,11,1.60,N
99-1451.56,5.C.1,Required Level of Education,RL,12,4.75,N
99-1452.57,5.C.1,Required Level of Education,RL,1,6.02,N
99-1452.57,5.C.1,Required Level of Education,RL,2,20.92,N
99-1452.57,5.C.1,Required Level of Education,RL,3,18.97,N
99-1452.57,5.C.1,Required Level of Education,RL,4,31.73,N
99-1452.57,5.C.1,Required Level of Education,RL,5,59.86,N
99-1452.57,5.C.1,Required Level of Education,RL,6,56.66,N
99-1452.57,5.C.1,Required Level of Education,RL,7,7.24,N
99-1452.57,5.C.1,Required Level of Education,RL,8,18.10,N
99-1452.57,5.C.1,Required Level of Education,RL,9,16.20,N
99-1452.57,5.C.1,Required Level of Education,RL,10,5.28,N
99-1452.57,5.C.1,Required Level of Education,RL,11,5.53,N
99-1452.57,5.C.1,Required Level of Education,RL,12,5.18,N
99-1453.58,5.C.1,Required Level of Education,RL,1,4.84,N
99-1453.58,5.C.1,Required Level of Education,RL,2,6.96,N
99-1453.58,5.C.1,Required Level of Education,RL,3,4.31,N
99-1453.58,5.C.1,Required Level of Education,RL,4,11.99,N
99-1453.58,5.C.1,Required Level of Education,RL,5,10.83,N
99-1453.58,5.C.1,Required Level of Education,RL,6,21.29,N
99-1453.58,5.C.1,Required Level of Education,RL,7,34.21,N
99-1453.58,5.C.1,Required Level of Education,RL,8,32.75,N
99-1453.58,5.C.1,Required Level of Education,RL,9,32.60,N
99-1453.58,5.C.1,Required Level of Education,RL,10,14.53,N
99-1453.58,5.C.1,Required Level of Education,RL,11,22.30,N
99-1453.58,5.C.1,Required Level of Education,RL,12,5.73,N
99-1454.59,5.C.1,Required Level of Education,RL,1,5.30,N
99-1454.59,5.C.1,Required Level of Education,RL,2,6.34,N
99-1454.59,5.C.1,Required Level of Education,RL,3,1.58,N
99-1454.59,5.C.1,Required Level of Education,RL,4,21.44,N
99-1454.59,5.C.1,Required Level of Education,RL,5,22.14,N
99-1454.59,5.C.1,Required Level of Education,RL,6,14.63,N
99-1454.59,5.C.1,Required Level of Education,RL,7,62.36,N
99-1454.59,5.C.1,Required Level of Education,RL,8,67.30,N
99-1454.59,5.C.1,Required Level of Education,RL,9,37.97,N
99-1454.59,5.C.1,Required Level of Education,RL,10,21.72,N
99-1454.59,5.C.1,Required Level of Education,RL,11,20.67,N
99-1454.59,5.C.1,Required Level of Education,RL,12,18.50,N
99-1455.60,5.C.1,Required Level of Education,RL,1,6.49,N
99-1455.60,5.C.1,Required Level of Education,RL,2,23.87,N
99-1455.60,5.C.1,Required Level of Education,RL,3,9.25,N
99-1455.60,5.C.1,Required Level of Education,RL,4,43.50,N
99-1455.60,5.C.1,Required Level of Education,RL,5,47.83,N
99-1455.60,5.C.1,Required Level of Education,RL,6,37.94,N
99-1455.60,5.C.1,Required Level of Education,RL,7,17.82,N
99-1455.60,5.C.1,Required Level of Education,RL,8,16.14,N
99-1455.60,5.C.1,Required Level of Education,RL,9,12.36,N
99-1455.60,5.C.1,Required Level of Education,RL,10,3.89,N
99-1455.60,5.C.1,Required Level of Education,RL,11,1.26,N
99-1455.60,5.C.1,Required Level of Education,RL,12,4.70,N
99-1456.61,5.C.1,Required Level of Education,RL,1,47.14,N
99-1456.61,5.C.1,Required Level of Education,RL,2,44.26,N
99-1456.61,5.C.1,Required Level of Education,RL,3,64.89,N
99-1456.61,5.C.1,Required Level of Education,RL,4,12.72,N
99-1456.61,5.C.1,Required Level of Education,RL,5,8.97,N
99-1456.61,5.C.1,Required Level of Education,RL,6,6.84,N
99-1456.61,5.C.1,Required Level of Education,RL,7,4.68,N
99-1456.61,5.C.1,Required Level of Education,RL,8,1.16,N
99-1456.61,5.C.1,Required Level of Education,RL,9,3.15,N
99-1456.61,5.C.1,Required Level of Education,RL,10,6.75,N
99-1456.61,5.C.1,Required Level of Education,RL,11,1.29,N
99-1456.61,5.C.1,Required Level of Education,RL,12,3.83,N
99-1457.62,5.C.1,Required Level of Education,RL,1,55.13,N
99-1457.62,5.C.1,Required Level of Education,RL,2,41.05,N
99-1457.62,5.C.1,Required Level of Education,RL,3,60.59,N
99-1457.62,5.C.1,Required Level of Education,RL,4,17.55,N
99-1457.62,5.C.1,Required Level of Education,RL,5,19.90,N
99-1457.62,5.C.1,Required Level of Education,RL,6,17.13,N
99-1457.62,5.C.1,Required Level of Education,RL,7,1.34,N
99-1457.62,5.C.1,Required Level of Education,RL,8,4.62,N
99-1457.62,5.C.1,Required Level of Education,RL,9,6.62,N
99-1457.62,5.C.1,Required Level of Education,RL,10,3.29,N
99-1457.62,5.C.1,Required Level of Education,RL,11,3.68,N
99-1457.62,5.C.1,Required Level of Education,RL,12,1.66,N
99-1458.63,5.C.1,Required Level of Education,RL,1,56.27,N
99-1458.63,5.C.1,Required Level of Education,RL,2,46.00,N
99-1458.63,5.C.1,Required Level of Education,RL,3,43.53,N
99-1458.63,5.C.1,Required Level of Education,RL,4,7.93,N
99-1458.63,5.C.1,Required Level of Education,RL,5,13.39,N
99-1458.63,5.C.1,Required Level of Education,RL,6,5.13,N
99-1458.63,5.C.1,Required Level of Education,RL,7,6.04,N
99-1458.63,5.C.1,Required Level of Education,RL,8,6.55,N
99-1458.63,5.C.1,Required Level of Education,RL,9,2.61,N
99-1458.63,5.C.1,Required Level of Education,RL,10,4.67,N
99-1458.63,5.C.1,Required Level of Education,RL,11,5.50,N
99-1458.63,5.C.1,Required Level of Education,RL,12,2.67,N
99-1459.64,5.C.1,Required Level of Education,RL,1,39.24,N
99-1459.64,5.C.1,Required Level of Education,RL,2,48.38,N
99-1459.64,5.C.1,Required Level of Education,RL,3,47.34,N
99-1459.64,5.C.1,Required Level of Education,RL,4,5.83,N
99-1459.64,5.C.1,Required Level of Education,RL,5,24.65,N
99-1459.64,5.C.1,Required Level of Education,RL,6,24.84,N
99-1459.64,5.C.1,Required Level of Education,RL,7,4.06,N
99-1459.64,5.C.1,Required Level of Education,RL,8,6.22,N
99-1459.64,5.C.1,Required Level of Education,RL,9,2.25,N
99-1459.64,5.C.1,Required Level of Education,RL,10,1.47,N
99-1459.64,5.C.1,Required Level of Education,RL,11,3.64,N
99-1459.64,5.C.1,Required Level of Education,RL,12,2.62,N
99-1460.65,5.C.1,Required Level of Education,RL,1,66.82,N
99-1460.65,5.C.1,Required Level of Education,RL,2,48.28,N
99-1460.65,5.C.1,Required Level of Education,RL,3,32.25,N
99-1460.65,5.C.1,Required Level of Education,RL,4,13.84,N
99-1460.65,5.C.1,Required Level of Education,RL,5,20.14,N
99-1460.65,5.C.1,Required Level of Education,RL,6,9.38,N
99-1460.65,5.C.1,Required Level of Education,RL,7,3.87,N
99-1460.65,5.C.1,Required Level of Education,RL,8,6.16,N
99-1460.65,5.C.1,Required Level of Education,RL,9,6.56,N
99-1460.65,5.C.1,Required Level of Education,RL,10,2.40,N
99-1460.65,5.C.1,Required Level of Education,RL,11,6.75,N
99-1460.65,5.C.1,Required Level of Education,RL,12,5.91,N
99-1461.66,5.C.1,Required Level of Education,RL,1,17.41,N
99-1461.66,5.C.1,Required Level of Education,RL,2,24.06,N
99-1461.66,5.C.1,Required Level of Education,RL,3,17.92,N
99-1461.66,5.C.1,Required Level of Education,RL,4,49.20,N
99-1461.66,5.C.1,Required Level of Education,RL,5,45.25,N
99-1461.66,5.C.1,Required Level of Education,RL,6,35.60,N
99-1461.66,5.C.1,Required Level of Education,RL,7,8.20,N
99-1461.66,5.C.1,Required Level of Education,RL,8,11.67,N
99-1461.66,5.C.1,Required Level of Education,RL,9,9.96,N
99-1461.66,5.C.1,Required Level of Education,RL,10,7.59,N
99-1461.66,5.C.1,Required Level of Education,RL,11,5.59,N
99-1461.66,5.C.1,Required Level of Education,RL,12,7.69,N
99-1462.67,5.C.1,Required Level of Education,RL,1,1.09,N
99-1462.67,5.C.1,Required Level of Education,RL,2,4.56,N
99-1462.67,5.C.1,Required Level of Education,RL,3,3.91,N
99-1462.67,5.C.1,Required Level of Education,RL,4,6.48,N
99-1462.67,5.C.1,Required Level of Education,RL,5,8.40,N
99-1462.67,5.C.1,Required Level of Education,RL,6,8.82,N
99-1462.67,5.C.1,Required Level of Education,RL,7,55.97,N
99-1462.67,5.C.1,Required Level of Education,RL,8,54.35,N
99-1462.67,5.C.1,Required Level of Education,RL,9,52.44,N
99-1462.67,5.C.1,Required Level of Education,RL,10,10.32,N
99-1462.67,5.C.1,Required Level of Education,RL,11,19.90,N
99-1462.67,5.C.1,Required Level of Education,RL,12,23.87,N
99-1463.68,5.C.1,Required Level of Education,RL,1,4.09,N
99-1463.68,5.C.1,Required Level of Education,RL,2,6.66,N
99-1463.68,5.C.1,Required Level of Education,RL,3,6.13,N
99-1463.68,5.C.1,Required Level of Education,RL,4,10.98,N
99-1463.68,5.C.1,Required Level of Education,RL,5,7.68,N
99-1463.68,5.C.1,Required Level of Education,RL,6,22.34,N
99-1463.68,5.C.1,Required Level of Education,RL,7,30.57,N
99-1463.68,5.C.1,Required Level of Education,RL,8,50.92,N
99-1463.68,5.C.1,Required Level of Education,RL,9,49.50,N
99-1463.68,5.C.1,Required Level of Education,RL,10,6.57,N
99-1463.68,5.C.1,Required Level of Education,RL,11,24.03,N
99-1463.68,5.C.1,Required Level of Education,RL,12,15.45,N
99-1464.69,5.C.1,Required Level of Education,RL,1,16.55,N
99-1464.69,5.C.1,Required Level of Education,RL,2,10.38,N
99-1464.69,5.C.1,Required Level of Education,RL,3,13.99,N
99-1464.69,5.C.1,Required Level of Education,RL,4,57.33,N
99-1464.69,5.C.1,Required Level of Education,RL,5,40.36,N
99-1464.69,5.C.1,Required Level of Education,RL,6,42.46,N
99-1464.69,5.C.1,Required Level of Education,RL,7,19.95,N
99-1464.69,5.C.1,Required Level of Education,RL,8,10.92,N
99-1464.69,5.C.1,Required Level of Education,RL,9,13.30,N
99-1464.69,5.C.1,Required Level of Education,RL,10,3.99,N
99-1464.69,5.C.1,Required Level of Education,RL,11,2.16,N
99-1464.69,5.C.1,Required Level of Education,RL,12,5.17,N
99-1465.70,5.C.1,Required Level of Education,RL,1,32.71,N
99-1465.70,5.C.1,Required Level of Education,RL,2,32.92,N
99-1465.70,5.C.1,Required Level of Education,RL,3,41.35,N
99-1465.70,5.C.1,Required Level of Education,RL,4,22.92,N
99-1465.70,5.C.1,Required Level of Education,RL,5,15.39,N
99-1465.70,5.C.1,Required Level of Education,RL,6,24.90,N
99-1465.70,5.C.1,Required Level of Education,RL,7,7.67,N
99-1465.70,5.C.1,Required Level of Education,RL,8,6.11,N
99-1465.70,5.C.1,Required Level of Education,RL,9,7.71,N
99-1465.70,5.C.1,Required Level of Education,RL,10,7.12,N
99-1465.70,5.C.1,Required Level of Education,RL,11,7.30,N
99-1465.70,5.C.1,Required Level of Education,RL,12,3.99,N
99-1466.71,5.C.1,Required Level of Education,RL,1,31.09,N
99-1466.71,5.C.1,Required Level of Education,RL,2,46.98,N
99-1466.71,5.C.1,Required Level of Education,RL,3,30.47,N
99-1466.71,5.C.1,Required Level of Education,RL,4,14.02,N
99-1466.71,5.C.1,Required Level of Education,RL,5,20.96,N
99-1466.71,5.C.1,Required Level of Education,RL,6,13.55,N
99-1466.71,5.C.1,Required Level of Education,RL,7,5.56,N
99-1466.71,5.C.1,Required Level of Education,RL,8,1.95,N
99-1466.71,5.C.1,Required Level of Education,RL,9,4.84,N
99-1466.71,5.C.1,Required Level of Education,RL,10,7.96,N
99-1466.71,5.C.1,Required Level of Education,RL,11,5.41,N
99-1466.71,5.C.1,Required Level of Education,RL,12,6.37,N
99-1467.72,5.C.1,Required Level of Education,RL,1,46.66,N
99-1467.72,5.C.1,Required Level of Education,RL,2,56.51,N
99-1467.72,5.C.1,Required Level of Education,RL,3,68.87,N
99-1467.72,5.C.1,Required Level of Education,RL,4,11.03,N
99-1467.72,5.C.1,Required Level of Education,RL,5,17.48,N
99-1467.72,5.C.1,Required Level of Education,RL,6,8.85,N
99-1467.72,5.C.1,Required Level of Education,RL,7,6.91,N
99-1467.72,5.C.1,Required Level of Education,RL,8,7.92,N
99-1467.72,5.C.1,Required Level of Education,RL,9,5.76,N
99-1467.72,5.C.1,Required Level of Education,RL,10,7.56,N
99-1467.72,5.C.1,Required Level of Education,RL,11,2.42,N
99-1467.72,5.C.1,Required Level of Education,RL,12,3.50,N
99-1468.73,5.C.1,Required Level of Education,RL,1,39.13,N
99-1468.73,5.C.1,Required Level of Education,RL,2,64.01,N
99-1468.73,5.C.1,Required Level of Education,RL,3,66.27,N
99-1468.73,5.C.1,Required Level of Education,RL,4,8.81,N
99-1468.73,5.C.1,Required Level of Education,RL,5,19.04,N
99-1468.73,5.C.1,Required Level of Education,RL,6,15.28,N
99-1468.73,5.C.1,Required Level of Education,RL,7,2.38,N
99-1468.73,5.C.1,Required Level of Education,RL,8,5.88,N
99-1468.73,5.C.1,Required Level of Education,RL,9,6.43,N
99-1468.73,5.C.1,Required Level of Education,RL,10,1.08,N
99-1468.73,5.C.1,Required Level of Education,RL,11,4.41,N
99-1468.73,5.C.1,Required Level of Education,RL,12,5.64,N
99-1469.74,5.C.1,Required Level of Education,RL,1,31.37,N
99-1469.74,5.C.1,Required Level of Education,RL,2,51.50,N
99-1469.74,5.C.1,Required Level of Education,RL,3,52.53,N
99-1469.74,5.C.1,Required Level of Education,RL,4,12.74,N
99-1469.74,5.C.1,Required Level of Education,RL,5,8.20,N
99-1469.74,5.C.1,Required Level of Education,RL,6,13.07,N
99-1469.74,5.C.1,Required Level of Education,RL,7,2.88,N
99-1469.74,5.C.1,Required Level of Education,RL,8,4.05,N
99-1469.74,5.C.1,Required Level of Education,RL,9,5.29,N
99-1469.74,5.C.1,Required Level of Education,RL,10,1.90,N
99-1469.74,5.C.1,Required Level of Education,RL,11,2.29,N
99-1469.74,5.C.1,Required Level of Education,RL,12,7.60,N
99-1470.75,5.C.1,Required Level of Education,RL,1,8.42,N
99-1470.75,5.C.1,Required Level of Education,RL,2,23.07,N
99-1470.75,5.C.1,Required Level of Education,RL,3,5.37,N
99-1470.75,5.C.1,Required Level of Education,RL,4,53.97,N
99-1470.75,5.C.1,Required Level of Education,RL,5,33.98,N
99-1470.75,5.C.1,Required Level of Education,RL,6,32.33,N
99-1470.75,5.C.1,Required Level of Education,RL,7,23.04,N
99-1470.75,5.C.1,Required Level of Education,RL,8,11.10,N
99-1470.75,5.C.1,Required Level of Education,RL,9,24.09,N
99-1470.75,5.C.1,Required Level of Education,RL,10,6.82,N
99-1470.75,5.C.1,Required Level of Education,RL,11,7.56,N
99-1470.75,5.C.1,Required Level of Education,RL,12,6.33,N
99-1471.76,5.C.1,Required Level of Education,RL,1,4.15,N
99-1471.76,5.C.1,Required Level of Education,RL,2,3.07,N
99-1471.76,5.C.1,Required Level of Education,RL,3,7.16,N
99-1471.76,5.C.1,Required Level of Education,RL,4,23.93,N
99-1471.76,5.C.1,Required Level of Education,RL,5,24.88,N
99-1471.76,5.C.1,Required Level of Education,RL,6,12.06,N
99-1471.76,5.C.1,Required Level of Education,RL,7,35.48,N
99-1471.76,5.C.1,Required Level of Education,RL,8,65.02,N
99-1471.76,5.C.1,Required Level of Education,RL,9,38.44,N
99-1471.76,5.C.1,Required Level of Education,RL,10,17.07,N
99-1471.76,5.C.1,Required Level of Education,RL,11,24.62,N
99-1471.76,5.C.1,Required Level of Education,RL,12,12.00,N
99-1472.77,5.C.1,Required Level of Education,RL,1,7.20,N
99-1472.77,5.C.1,Required Level of Education,RL,2,6.33,N
99-1472.77,5.C.1,Required Level of Education,RL,3,4.78,N
99-1472.77,5.C.1,Required Level of Education,RL,4,5.01,N
99-1472.77,5.C.1,Required Level of Education,RL,5,20.24,N
99-1472.77,5.C.1,Required Level of Education,RL,6,23.61,N
99-1472.77,5.C.1,Required Level of Education,RL,7,69.21,N
99-1472.77,5.C.1,Required Level of Education,RL,8,67.55,N
99-1472.77,5.C.1,Required Level of Education,RL,9,55.10,N
99-1472.77,5.C.1,Required Level of Education,RL,10,19.76,N
99-1472.77,5.C.1,Required Level of Education,RL,11,13.37,N
99-1472.77,5.C.1,Required Level of Education,RL,12,12.89,N
99-1473.78,5.C.1,Required Level of Education,RL,1,15.31,N
99-1473.78,5.C.1,Required Level of Education,RL,2,9.72,N
99-1473.78,5.C.1,Required Level of Education,RL,3,23.77,N
99-1473.78,5.C.1,Required Level of Education,RL,4,38.29,N
99-1473.78,5.C.1,Required Level of Education,RL,5,51.50,N
99-1473.78,5.C.1,Required Level of Education,RL,6,66.85,N
99-1473.78,5.C.1,Required Level of Education,RL,7,10.13,N
99-1473.78,5.C.1,Required Level of Education,RL,8,24.46,N
99-1473.78,5.C.1,Required Level of Education,RL,9,20.54,N
99-1473.78,5.C.1,Required Level of Education,RL,10,3.13,N
99-1473.78,5.C.1,Required Level of Education,RL,11,7.32,N
99-1473.78,5.C.1,Required Level of Education,RL,12,7.48,N
99-1474.79,5.C.1,Required Level of Education,RL,1,47.05,N
99-1474.79,5.C.1,Required Level of Education,RL,2,31.71,N
99-1474.79,5.C.1,Required Level of Education,RL,3,53.57,N
99-1474.79,5.C.1,Required Level of Education,RL,4,5.94,N
99-1474.79,5.C.1,Required Level of Education,RL,5,23.20,N
99-1474.79,5.C.1,Required Level of Education,RL,6,14.67,N
99-1474.79,5.C.1,Required Level of Education,RL,7,3.29,N
99-1474.79,5.C.1,Required Level of Education,RL,8,7.26,N
99-1474.79,5.C.1,Required Level of Education,RL,9,4.56,N
99-1474.79,5.C.1,Required Level of Education,RL,10,7.40,N
99-1474.79,5.C.1,Required Level of Education,RL,11,1.32,N
99-1474.79,5.C.1,Required Level of Education,RL,12,7.68,N
99-1475.80,5.C.1,Required Level of Education,RL,1,32.67,N
99-1475.80,5.C.1,Required Level of Education,RL,2,62.74,N
99-1475.80,5.C.1,Required Level of Education,RL,3,63.41,N
99-1475.80,5.C.1,Required Level of Education,RL,4,18.24,N
99-1475.80,5.C.1,Required Level of Education,RL,5,17.92,N
99-1475.80,5.C.1,Required Level of Education,RL,6,19.80,N
99-1475.80,5.C.1,Required Level of Education,RL,7,6.40,N
99-1475.80,5.C.1,Required Level of Education,RL,8,1.37,N
99-1475.80,5.C.1,Required Level of Education,RL,9,4.23,N
99-1475.80,5.C.1,Required Level of Education,RL,10,5.43,N
99-1475.80,5.C.1,Required Level of Education,RL,11,2.59,N
99-1475.80,5.C.1,Required Level of Education,RL,12,7.92,N
99-1476.81,5.C.1,Required Level of Education,RL,1,45.46,N
99-1476.81,5.C.1,Required Level of Education,RL,2,33.19,N
99-1476.81,5.C.1,Required Level of Education,RL,3,36.77,N
99-1476.81,5.C.1,Required Level of Education,RL,4,24.71,N
99-1476.81,5.C.1,Required Level of Education,RL,5,22.95,N
99-1476.81,5.C.1,Required Level of Education,RL,6,24.23,N
99-1476.81,5.C.1,Required Level of Education,RL,7,4.07,N
99-1476.81,5.C.1,Required Level of Education,RL,8,7.24,N
99-1476.81,5.C.1,Required Level of Education,RL,9,2.69,N
99-1476.81,5.C.1,Required Level of Education,RL,10,6.85,N
99-1476.81,5.C.1,Required Level of Education,RL,11,2.95,N
99-1476.81,5.C.1,Required Level of Education,RL,12,4.63,N
99-1477.82,5.C.1,Required Level of Education,RL,1,55.05,N
99-1477.82,5.C.1,Required Level of Education,RL,2,33.94,N
99-1477.82,5.C.1,Required Level of Education,RL,3,52.08,N
99-1477.82,5.C.1,Required Level of Education,RL,4,22.25,N
99-1477.82,5.C.1,Required Level of Education,RL,5,13.19,N
99-1477.82,5.C.1,Required Level of Education,RL,6,22.11,N
99-1477.82,5.C.1,Required Level of Education,RL,7,7.41,N
99-1477.82,5.C.1,Required Level of Education,RL,8,6.94,N
99-1477.82,5.C.1,Required Level of Education,RL,9,3.15,N
99-1477.82,5.C.1,Required Level of Education,RL,10,6.66,N
99-1477.82,5.C.1,Required Level of Education,RL,11,7.17,N
99-1477.82,5.C.1,Required Level of Education,RL,12,6.80,N
99-1478.83,5.C.1,Required Level of Education,RL,1,54.54,N
99-1478.83,5.C.1,Required Level of Education,RL,2,45.62,N
99-1478.83,5.C.1,Required Level of Education,RL,3,62.07,N
99-1478.83,5.C.1,Required Level of Education,RL,4,22.23,N
99-1478.83,5.C.1,Required Level of Education,RL,5,18.30,N
99-1478.83,5.C.1,Required Level of Education,RL,6,11.10,N
99-1478.83,5.C.1,Required Level of Education,RL,7,4.20,N
99-1478.83,5.C.1,Required Level of Education,RL,8,5.79,N
99-1478.83,5.C.1,Required Level of Education,RL,9,4.85,N
99-1478.83,5.C.1,Required Level of Education,RL,10,2.73,N
99-1478.83,5.C.1,Required Level of Education,RL,11,2.61,N
99-1478.83,5.C.1,Required Level of Education,RL,12,1.03,N
99-1479.84,5.C.1,Required Level of Education,RL,1,9.12,N
99-1479.84,5.C.1,Required Level of Education,RL,2,24.91,N
99-1479.84,5.C.1,Required Level of Education,RL,3,17.07,N
99-1479.84,5.C.1,Required Level of Education,RL,4,56.54,N
99-1479.84,5.C.1,Required Level of Education,RL,5,47.36,N
99-1479.84,5.C.1,Required Level of Education,RL,6,38.76,N
99-1479.84,5.C.1,Required Level of Education,RL,7,17.64,N
99-1479.84,5.C.1,Required Level of Education,RL,8,12.39,N
99-1479.84,5.C.1,Required Level of Education,RL,9,18.35,N
99-1479.84,5.C.1,Required Level of Education,RL,10,3.45,N
99-1479.84,5.C.1,Required Level of Education,RL,11,6.11,N
99-1479.84,5.C.1,Required Level of Education,RL,12,2.33,N
99-1480.85,5.C.1,Required Level of Education,RL,1,4.73,N
99-1480.85,5.C.1,Required Level of Education,RL,2,3.82,N
99-1480.85,5.C.1,Required Level of Education,RL,3,6.13,N
99-1480.85,5.C.1,Required Level of Education,RL,4,23.30,N
99-1480.85,5.C.1,Required Level of Education,RL,5,21.39,N
99-1480.85,5.C.1,Required Level of Education,RL,6,14.45,N
99-1480.85,5.C.1,Required Level of Education,RL,7,53.15,N
99-1480.85,5.C.1,Required Level of Education,RL,8,67.41,N
99-1480.85,5.C.1,Required Level of Education,RL,9,61.48,N
99-1480.85,5.C.1,Required Level of Education,RL,10,18.03,N
99-1480.85,5.C.1,Required Level of Education,RL,11,5.05,N
99-1480.85,5.C.1,Required Level of Education,RL,12,24.97,N
99-1481.86,5.C.1,Required Level of Education,RL,1,2.85,N
99-1481.86,5.C.1,Required Level of Education,RL,2,2.40,N
99-1481.86,5.C.1,Required Level of Education,RL,3,2.79,N
99-1481.86,5.C.1,Required Level of Education,RL,4,24.91,N
99-1481.86,5.C.1,Required Level of Education,RL,5,20.34,N
99-1481.86,5.C.1,Required Level of Education,RL,6,5.32,N
99-1481.86,5.C.1,Required Level of Education,RL,7,36.97,N
99-1481.86,5.C.1,Required Level of Education,RL,8,68.49,N
99-1481.86,5.C.1,Required Level of Education,RL,9,63.35,N
99-1481.86,5.C.1,Required Level of Education,RL,10,16.45,N
99-1481.86,5.C.1,Required Level of Education,RL,11,18.45,N
99-1481.86,5.C.1,Required Level of Education,RL,12,23.92,N
99-1482.87,5.C.1,Required Level of Education,RL,1,5.11,N
99-1482.87,5.C.1,Required Level of Education,RL,2,20.52,N
99-1482.87,5.C.1,Required Level of Education,RL,3,5.50,N
99-1482.87,5.C.1,Required Level of Education,RL,4,41.51,N
99-1482.87,5.C.1,Required Level of Education,RL,5,63.92,N
99-1482.87,5.C.1,Required Level of Education,RL,6,53.84,N
99-1482.87,5.C.1,Required Level of Education,RL,7,8.89,N
99-1482.87,5.C.1,Required Level of Education,RL,8,24.22,N
99-1482.87,5.C.1,Required Level of Education,RL,9,5.30,N
99-1482.87,5.C.1,Required Level of Education,RL,10,5.97,N
99-1482.87,5.C.1,Required Level of Education,RL,11,3.72,N
99-1482.87,5.C.1,Required Level of Education,RL,12,5.08,N
99-1483.88,5.C.1,Required Level of Education,RL,1,63.00,N
99-1483.88,5.C.1,Required Level of Education,RL,2,58.85,N
99-1483.88,5.C.1,Required Level of Education,RL,3,34.40,N
99-1483.88,5.C.1,Required Level of Education,RL,4,22.16,N
99-1483.88,5.C.1,Required Level of Education,RL,5,12.13,N
99-1483.88,5.C.1,Required Level of Education,RL,6,24.60,N
99-1483.88,5.C.1,Required Level of Education,RL,7,6.93,N
99-1483.88,5.C.1,Required Level of Education,RL,8,5.79,N
99-1483.88,5.C.1,Required Level of Education,RL,9,2.50,N
99-1483.88,5.C.1,Required Level of Education,RL,10,3.95,N
99-1483.88,5.C.1,Required Level of Education,RL,11,7.09,N
99-1483.88,5.C.1,Required Level of Education,RL,12,3.98,N
99-1484.89,5.C.1,Required Level of Education,RL,1,60.86,N
99-1484.89,5.C.1,Required Level of Education,RL,2,60.62,N
99-1484.89,5.C.1,Required Level of Education,RL,3,60.76,N
99-1484.89,5.C.1,Required Level of Education,RL,4,12.81,N
99-1484.89,5.C.1,Required Level of Education,RL,5,8.43,N
99-1484.89,5.C.1,Required Level of Education,RL,6,13.18,N
99-1484.89,5.C.1,Required Level of Education,RL,7,2.79,N
99-1484.89,5.C.1,Required Level of Education,RL,8,2.75,N
99-1484.89,5.C.1,Required Level of Education,RL,9,6.33,N
99-1484.89,5.C.1,Required Level of Education,RL,10,5.74,N
99-1484.89,5.C.1,Required Level of Education,RL,11,5.40,N
99-1484.89,5.C.1,Required Level of Education,RL,12,4.01,N
99-1485.90,5.C.1,Required Level of Education,RL,1,58.00,N
99-1485.90,5.C.1,Required Level of Education,RL,2,45.24,N
99-1485.90,5.C.1,Required Level of Education,RL,3,30.24,N
99-1485.90,5.C.1,Required Level of Education,RL,4,12.79,N
99-1485.90,5.C.1,Required Level of Education,RL,5,18.86,N
99-1485.90,5.C.1,Required Level of Education,RL,6,19.72,N
99-1485.90,5.C.1,Required Level of Education,RL,7,4.66,N
99-1485.90,5.C.1,Required Level of Education,RL,8,5.05,N
99-1485.90,5.C.1,Required Level of Education,RL,9,3.38,N
99-1485.90,5.C.1,Required Level of Education,RL,10,6.66,N
99-1485.90,5.C.1,Required Level of Education,RL,11,1.10,N
99-1485.90,5.C.1,Required Level of Education,RL,12,2.42,N
99-1486.91,5.C.1,Required Level of Education,RL,1,46.28,N
99-1486.91,5.C.1,Required Level of Education,RL,2,46.91,N
99-1486.91,5.C.1,Required Level of Education,RL,3,51.68,N
99-1486.91,5.C.1,Required Level of Education,RL,4,13.01,N
99-1486.91,5.C.1,Required Level of Education,RL,5,21.76,N
99-1486.91,5.C.1,Required Level of Education,RL,6,11.31,N
99-1486.91,5.C.1,Required Level of Education,RL,7,6.78,N
99-1486.91,5.C.1,Required Level of Education,RL,8,5.08,N
99-1486.91,5.C.1,Required Level of Education,RL,9,3.36,N
99-1486.91,5.C.1,Required Level of Education,RL,10,6.69,N
99-1486.91,5.C.1,Required Level of Education,RL,11,4.42,N
99-1486.91,5.C.1,Required Level of Education,RL,12,7.88,N
99-1487.92,5.C.1,Required Level of Education,RL,1,44.73,N
99-1487.92,5.C.1,Required Level of Education,RL,2,48.42,N
99-1487.92,5.C.1,Required Level of Education,RL,3,69.33,N
99-1487.92,5.C.1,Required Level of Education,RL,4,6.59,N
99-1487.92,5.C.1,Required Level of Education,RL,5,8.90,N
99-1487.92,5.C.1,Required Level of Education,RL,6,7.46,N
99-1487.92,5.C.1,Required Level of Education,RL,7,3.89,N
99-1487.92,5.C.1,Required Level of Education,RL,8,5.13,N
99-1487.92,5.C.1,Required Level of Education,RL,9,5.35,N
99-1487.92,5.C.1,Required Level of Education,RL,10,7.09,N
99-1487.92,5.C.1,Required Level of Education,RL,11,4.35,N
99-1487.92,5.C.1,Required Level of Education,RL,12,1.99,N
99-1488.93,5.C.1,Required Level of Education,RL,1,15.54,N
99-1488.93,5.C.1,Required Level of Education,RL,2,22.24,N
99-1488.93,5.C.1,Required Level of Education,RL,3,19.08,N
99-1488.93,5.C.1,Required Level of Education,RL,4,33.56,N
99-1488.93,5.C.1,Required Level of Education,RL,5,35.62,N
99-1488.93,5.C.1,Required Level of Education,RL,6,59.30,N
99-1488.93,5.C.1,Required Level of Education,RL,7,10.76,N
99-1488.93,5.C.1,Required Level of Education,RL,8,16.23,N
99-1488.93,5.C.1,Required Level of Education,RL,9,14.02,N
99-1488.93,5.C.1,Required Level of Education,RL,10,3.44,N
99-1488.93,5.C.1,Required Level of Education,RL,11,2.59,N
99-1488.93,5.C.1,Required Level of Education,RL,12,1.49,N
99-1489.94,5.C.1,Required Level of Education,RL,1,7.75,N
99-1489.94,5.C.1,Required Level of Education,RL,2,7.56,N
99-1489.94,5.C.1,Required Level of Education,RL,3,5.76,N
99-1489.94,5.C.1,Required Level of Education,RL,4,12.90,N
99-1489.94,5.C.1,Required Level of Education,RL,5,5.86,N
99-1489.94,5.C.1,Required Level of Education,RL,6,15.92,N
99-1489.94,5.C.1,Required Level of Education,RL,7,47.33,N
99-1489.94,5.C.1,Required Level of Education,RL,8,43.40,N
99-1489.94,5.C.1,Required Level of Education,RL,9,63.32,N
99-1489.94,5.C.1,Required Level of Education,RL,10,21.55,N
99-1489.94,5.C.1,Required Level of Education,RL,11,12.68,N
99-1489.94,5.C.1,Required Level of Education,RL,12,10.24,N
99-1490.95,5.C.1,Required Level of Education,RL,1,3.25,N
99-1490.95,5.C.1,Required Level of Education,RL,2,4.71,N
99-1490.95,5.C.1,Required Level of Education,RL,3,6.78,N
99-1490.95,5.C.1,Required Level of Education,RL,4,19.50,N
99-1490.95,5.C.1,Required Level of Education,RL,5,14.77,N
99-1490.95,5.C.1,Required Level of Education,RL,6,6.98,N
99-1490.95,5.C.1,Required Level of Education,RL,7,64.44,N
99-1490.95,5.C.1,Required Level of Education,RL,8,38.50,N
99-1490.95,5.C.1,Required Level of Education,RL,9,66.00,N
99-1490.95,5.C.1,Required Level of Education,RL,10,20.65,N
99-1490.95,5.C.1,Required Level of Education,RL,11,7.12,N
99-1490.95,5.C.1,Required Level of Education,RL,12,19.62,N
99-1491.96,5.C.1,Required Level of Education,RL,1,8.07,N
99-1491.96,5.C.1,Required Level of Education,RL,2,18.69,N
99-1491.96,5.C.1,Required Level of Education,RL,3,10.11,N
99-1491.96,5.C.1,Required Level of Education,RL,4,32.01,N
99-1491.96,5.C.1,Required Level of Education,RL,5,51.69,N
99-1491.96,5.C.1,Required Level of Education,RL,6,45.10,N
99-1491.96,5.C.1,Required Level of Education,RL,7,13.03,N
99-1491.96,5.C.1,Required Level of Education,RL,8,11.81,N
99-1491.96,5.C.1,Required Level of Education,RL,9,16.00,N
99-1491.96,5.C.1,Required Level of Education,RL,10,7.34,N
99-1491.96,5.C.1,Required Level of Education,RL,11,6.22,N
99-1491.96,5.C.1,Required Level of Education,RL,12,6.28,N
99-1492.97,5.C.1,Required Level of Education,RL,1,33.23,N
99-1492.97,5.C.1,Required Level of Education,RL,2,50.92,N
99-1492.97,5.C.1,Required Level of Education,RL,3,30.38,N
99-1492.97,5.C.1,Required Level of Education,RL,4,9.18,N
99-1492.97,5.C.1,Required Level of Education,RL,5,13.70,N
99-1492.97,5.C.1,Required Level of Education,RL,6,14.15,N
99-1492.97,5.C.1,Required Level of Education,RL,7,2.64,N
99-1492.97,5.C.1,Required Level of Education,RL,8,4.77,N
99-1492.97,5.C.1,Required Level of Education,RL,9,2.62,N
99-1492.97,5.C.1,Required Level of Education,RL,10,3.05,N
99-1492.97,5.C.1,Required Level of Education,RL,11,4.98,N
99-1492.97,5.C.1,Required Level of Education,RL,12,6.34,N
99-1493.98,5.C.1,Required Level of Education,RL,1,50.14,N
99-1493.98,5.C.1,Required Level of Education,RL,2,36.98,N
99-1493.98,5.C.1,Required Level of Education,RL,3,37.45,N
99-1493.98,5.C.1,Required Level of Education,RL,4,7.82,N
99-1493.98,5.C.1,Required Level of Education,RL,5,12.63,N
99-1493.98,5.C.1,Required Level of Education,RL,6,8.31,N
99-1493.98,5.C.1,Required Level of Education,RL,7,4.13,N
99-1493.98,5.C.1,Required Level of Education,RL,8,5.51,N
99-1493.98,5.C.1,Required Level of Education,RL,9,3.96,N
99-1493.98,5.C.1,Required Level of Education,RL,10,2.26,N
99-1493.98,5.C.1,Required Level of Education,RL,11,5.83,N
99-1493.98,5.C.1,Required Level of Education,RL,12,3.78,N
99-1494.99,5.C.1,Required Level of Education,RL,1,46.79,N
99-1494.99,5.C.1,Required Level of Education,RL,2,68.91,N
99-1494.99,5.C.1,Required Level of Education,RL,3,35.90,N
99-1494.99,5.C.1,Required Level of Education,RL,4,12.04,N
99-1494.99,5.C.1,Required Level of Education,RL,5,17.20,N
99-1494.99,5.C.1,Required Level of Education,RL,6,16.50,N
99-1494.99,5.C.1,Required Level of Education,RL,7,4.36,N
99-1494.99,5.C.1,Required Level of Education,RL,8,4.99,N
99-1494.99,5.C.1,Required Level of Education,RL,9,7.74,N
99-1494.99,5.C.1,Required Level of Education,RL,10,7.22,N
99-1494.99,5.C.1,Required Level of Education,RL,11,1.93,N
99-1494.99,5.C.1,Required Level of Education,RL,12,5.54,N
99-1495.01,5.C.1,Required Level of Education,RL,1,49.69,N
99-1495.01,5.C.1,Required Level of Education,RL,2,68.93,N
99-1495.01,5.C.1,Required Level of Education,RL,3,45.80,N
99-1495.01,5.C.1,Required Level of Education,RL,4,14.69,N
99-1495.01,5.C.1,Required Level of Education,RL,5,22.26,N
99-1495.01,5.C.1,Required Level of Education,RL,6,6.74,N
99-1495.01,5.C.1,Required Level of Education,RL,7,4.26,N
99-1495.01,5.C.1,Required Level of Education,RL,8,5.70,N
99-1495.01,5.C.1,Required Level of Education,RL,9,6.96,N
99-1495.01,5.C.1,Required Level of Education,RL,10,7.48,N
99-1495.01,5.C.1,Required Level of Education,RL,11,7.08,N
99-1495.01,5.C.1,Required Level of Education,RL,12,6.20,N
99-1496.02,5.C.1,Required Level of Education,RL,1,62.26,N
99-1496.02,5.C.1,Required Level of Education,RL,2,48.75,N
99-1496.02,5.C.1,Required Level of Education,RL,3,33.87,N
99-1496.02,5.C.1,Required Level of Education,RL,4,16.63,N
99-1496.02,5.C.1,Required Level of Education,RL,5,16.47,N
99-1496.02,5.C.1,Required Level of Education,RL,6,7.33,N
99-1496.02,5.C.1,Required Level of Education,RL,7,1.83,N
99-1496.02,5.C.1,Required Level of Education,RL,8,3.68,N
99-1496.02,5.C.1,Required Level of Education,RL,9,3.97,N
99-1496.02,5.C.1,Required Level of Education,RL,10,1.80,N
99-1496.02,5.C.1,Required Level of Education,RL,11,4.37,N
99-1496.02,5.C.1,Required Level of Education,RL,12,4.42,N
99-1497.03,5.C.1,Required Level of Education,RL,1,6.03,N
99-1497.03,5.C.1,Required Level of Education,RL,2,9.61,N
99-1497.03,5.C.1,Required Level of Education,RL,3,11.66,N
99-1497.03,5.C.1,Required Level of Education,RL,4,30.68,N
99-1497.03,5.C.1,Required Level of Education,RL,5,37.07,N
99-1497.03,5.C.1,Required Level of Education,RL,6,31.87,N
99-1497.03,5.C.1,Required Level of Education,RL,7,7.64,N
99-1497.03,5.C.1,Required Level of Education,RL,8,15.92,N
99-1497.03,5.C.1,Required Level of Education,RL,9,16.50,N
99-1497.03,5.C.1,Required Level of Education,RL,10,5.47,N
99-1497.03,5.C.1,Required Level of Education,RL,11,6.48,N
99-1497.03,5.C.1,Required Level of Education,RL,12,5.57,N
99-1498.04,5.C.1,Required Level of Education,RL,1,4.74,N
99-1498.04,5.C.1,Required Level of Education,RL,2,5.89,N
99-1498.04,5.C.1,Required Level of Education,RL,3,7.05,N
99-1498.04,5.C.1,Required Level of Education,RL,4,6.89,N
99-1498.04,5.C.1,Required Level of Education,RL,5,16.68,N
99-1498.04,5.C.1,Required Level of Education,RL,6,9.62,N
99-1498.04,5.C.1,Required Level of Education,RL,7,52.03,N
99-1498.04,5.C.1,Required Level of Education,RL,8,58.79,N
99-1498.04,5.C.1,Required Level of Education,RL,9,51.21,N
99-1498.04,5.C.1,Required Level of Education,RL,10,16.77,N
99-1498.04,5.C.1,Required Level of Education,RL,11,21.98,N
99-1498.04,5.C.1,Required Level of Education,RL,12,17.68,N
99-1499.05,5.C.1,Required Level of Education,RL,1,6.71,N
99-1499.05,5.C.1,Required Level of Education,RL,2,1.07,N
99-1499.05,5.C.1,Required Level of Education,RL,3,1.25,N
99-1499.05,5.C.1,Required Level of Education,RL,4,16.30,N
99-1499.05,5.C.1,Required Level of Education,RL,5,10.01,N
99-1499.05,5.C.1,Required Level of Education,RL,6,22.90,N
99-1499.05,5.C.1,Required Level of Education,RL,7,37.06,N
99-1499.05,5.C.1,Required Level of Education,RL,8,45.85,N
99-1499.05,5.C.1,Required Level of Education,RL,9,60.35,N
99-1499.05,5.C.1,Required Level of Education,RL,10,22.48,N
99-1499.05,5.C.1,Required Level of Education,RL,11,7.99,N
99-1499.05,5.C.1,Required Level of Education,RL,12,18.62,N
99-1500.06,5.C.1,Required Level of Education,RL,1,23.69,N
99-1500.06,5.C.1,Required Level of Education,RL,2,5.31,N
99-1500.06,5.C.1,Required Level of Education,RL,3,15.03,N
99-1500.06,5.C.1,Required Level of Education,RL,4,47.04,N
99-1500.06,5.C.1,Required Level of Education,RL,5,47.17,N
99-1500.06,5.C.1,Required Level of Education,RL,6,61.07,N
99-1500.06,5.C.1,Required Level of Education,RL,7,24.88,N
99-1500.06,5.C.1,Required Level of Education,RL,8,12.65,N
99-1500.06,5.C.1,Required Level of Education,RL,9,20.95,N
99-1500.06,5.C.1,Required Level of Education,RL,10,7.31,N
99-1500.06,5.C.1,Required Level of Education,RL,11,5.01,N
99-1500.06,5.C.1,Required Level of Education,RL,12,7.73,N
99-1501.07,5.C.1,Required Level of Education,RL,1,57.27,N
99-1501.07,5.C.1,Required Level of Education,RL,2,65.58,N
99-1501.07,5.C.1,Required Level of Education,RL,3,36.10,N
99-1501.07,5.C.1,Required Level of Education,RL,4,6.56,N
99-1501.07,5.C.1,Required Level of Education,RL,5,11.30,N
99-1501.07,5.C.1,Required Level of Education,RL,6,5.01,N
99-1501.07,5.C.1,Required Level of Education,RL,7,7.48,N
99-1501.07,5.C.1,Required Level of Education,RL,8,7.42,N
99-1501.07,5.C.1,Required Level of Education,RL,9,3.65,N
99-1501.07,5.C.1,Required Level of Education,RL,10,3.20,N
99-1501.07,5.C.1,Required Level of Education,RL,11,3.51,N
99-1501.07,5.C.1,Required Level of Education,RL,12,2.84,N
99-1502.08,5.C.1,Required Level of Education,RL,1,38.37,N
99-1502.08,5.C.1,Required Level of Education,RL,2,33.83,N
99-1502.08,5.C.1,Required Level of Education,RL,3,31.27,N
99-1502.08,5.C.1,Required Level of Education,RL,4,21.63,N
99-1502.08,5.C.1,Required Level of Education,RL,5,19.47,N
99-1502.08,5.C.1,Required Level of Education,RL,6,17.41,N
99-1502.08,5.C.1,Required Level of Education,RL,7,2.98,N
99-1502.08,5.C.1,Required Level of Education,RL,8,1.12,N
99-1502.08,5.C.1,Required Level of Education,RL,9,2.86,N
99-1502.08,5.C.1,Required Level of Education,RL,10,3.62,N
99-1502.08,5.C.1,Required Level of Education,RL,11,6.32,N
99-1502.08,5.C.1,Required Level of Education,RL,12,6.00,N
99-1503.09,5.C.1,Required Level of Education,RL,1,58.51,N
99-1503.09,5.C.1,Required Level of Education,RL,2,49.31,N
99-1503.09,5.C.1,Required Level of Education,RL,3,37.68,N
99-1503.09,5.C.1,Required Level of Education,RL,4,24.21,N
99-1503.09,5.C.1,Required Level of Education,RL,5,6.87,N
99-1503.09,5.C.1,Required Level of Education,RL,6,22.98,N
99-1503.09,5.C.1,Required Level of Education,RL,7,2.72,N
99-1503.09,5.C.1,Required Level of Education,RL,8,4.80,N
99-1503.09,5.C.1,Required Level of Education,RL,9,2.59,N
99-1503.09,5.C.1,Required Level of Education,RL,10,7.53,N
99-1503.09,5.C.1,Required Level of Education,RL,11,7.47,N
99-1503.09,5.C.1,Required Level of Education,RL,12,3.23,N
99-1504.10,5.C.1,Required Level of Education,RL,1,30.55,N
99-1504.10,5.C.1,Required Level of Education,RL,2,36.34,N
99-1504.10,5.C.1,Required Level of Education,RL,3,37.70,N
99-1504.10,5.C.1,Required Level of Education,RL,4,10.46,N
99-1504.10,5.C.1,Required Level of Education,RL,5,24.52,N
99-1504.10,5.C.1,Required Level of Education,RL,6,22.52,N
99-1504.10,5.C.1,Required Level of Education,RL,7,7.83,N
99-1504.10,5.C.1,Required Level of Education,RL,8,2.89,N
99-1504.10,5.C.1,Required Level of Education,RL,9,2.65,N
99-1504.10,5.C.1,Required Level of Education,RL,10,3.87,N
99-1504.10,5.C.1,Required Level of Education,RL,11,2.73,N
99-1504.10,5.C.1,Required Level of Education,RL,12,6.97,N
99-1505.11,5.C.1,Required Level of Education,RL,1,37.55,N
99-1505.11,5.C.1,Required Level of Education,RL,2,36.67,N
99-1505.11,5.C.1,Required Level of Education,RL,3,59.75,N
99-1505.11,5.C.1,Required Level of Education,RL,4,21.89,N
99-1505.11,5.C.1,Required Level of Education,RL,5,15.12,N
99-1505.11,5.C.1,Required Level of Education,RL,6,8.64,N
99-1505.11,5.C.1,Required Level of Education,RL,7,5.95,N
99-1505.11,5.C.1,Required Level of Education,RL,8,1.69,N
99-1505.11,5.C.1,Required Level of Education,RL,9,3.01,N
99-1505.11,5.C.1,Required Level of Education,RL,10,1.26,N
99-1505.11,5.C.1,Required Level of Education,RL,11,6.47,N
99-1505.11,5.C.1,Required Level of Education,RL,12,6.27,N
99-1506.12,5.C.1,Required Level of Education,RL,1,19.93,N
99-1506.12,5.C.1,Required Level of Education,RL,2,5.05,N
99-1506.12,5.C.1,Required Level of Education,RL,3,18.30,N
99-1506.12,5.C.1,Required Level of Education,RL,4,62.69,N
99-1506.12,5.C.1,Required Level of Education,RL,5,39.80,N
99-1506.12,5.C.1,Required Level of Education,RL,6,45.64,N
99-1506.12,5.C.1,Required Level of Education,RL,7,14.47,N
99-1506.12,5.C.1,Required Level of Education,RL,8,12.36,N
99-1506.12,5.C.1,Required Level of Education,RL,9,16.67,N
99-1506.12,5.C.1,Required Level of Education,RL,10,7.27,N
99-1506.12,5.C.1,Required Level of Education,RL,11,2.49,N
99-1506.12,5.C.1,Required Level of Education,RL,12,4.84,N
99-1507.13,5.C.1,Required Level of Education,RL,1,6.13,N
99-1507.13,5.C.1,Required Level of Education,RL,2,6.33,N
99-1507.13,5.C.1,Required Level of Education,RL,3,2.90,N
99-1507.13,5.C.1,Required Level of Education,RL,4,15.27,N
99-1507.13,5.C.1,Required Level of Education,RL,5,23.25,N
99-1507.13,5.C.1,Required Level of Education,RL,6,9.37,N
99-1507.13,5.C.1,Required Level of Education,RL,7,50.65,N
99-1507.13,5.C.1,Required Level of Education,RL,8,60.81,N
99-1507.13,5.C.1,Required Level of Education,RL,9,69.83,N
99-1507.13,5.C.1,Required Level of Education,RL,10,22.38,N
99-1507.13,5.C.1,Required Level of Education,RL,11,15.35,N
99-1507.13,5.C.1,Required Level of Education,RL,12,9.87,N
99-1508.14,5.C.1,Required Level of Education,RL,1,7.84,N
99-1508.14,5.C.1,Required Level of Education,RL,2,5.74,N
99-1508.14,5.C.1,Required Level of Education,RL,3,7.51,N
99-1508.14,5.C.1,Required Level of Education,RL,4,23.12,N
99-1508.14,5.C.1,Required Level of Education,RL,5,14.20,N
99-1508.14,5.C.1,Required Level of Education,RL,6,20.33,N
99-1508.14,5.C.1,Required Level of Education,RL,7,31.48,N
99-1508.14,5.C.1,Required Level of Education,RL,8,67.05,N
99-1508.14,5.C.1,Required Level of Education,RL,9,33.00,N
99-1508.14,5.C.1,Required Level of Education,RL,10,21.18,N
99-1508.14,5.C.1,Required Level of Education,RL,11,18.45,N
99-1508.14,5.C.1,Required Level of Education,RL,12,15.37,N
99-1509.15,5.C.1,Required Level of Education,RL,1,15.96,N
99-1509.15,5.C.1,Required Level of Education,RL,2,5.26,N
99-1509.15,5.C.1,Required Level of Education,RL,3,6.23,N
99-1509.15,5.C.1,Required Level of Education,RL,4,44.22,N
99-1509.15,5.C.1,Required Level of Education,RL,5,33.51,N
99-1509.15,5.C.1,Required Level of Education,RL,6,30.15,N
99-1509.15,5.C.1,Required Level of Education,RL,7,22.16,N
99-1509.15,5.C.1,Required Level of Education,RL,8,5.35,N
99-1509.15,5.C.1,Required Level of Education,RL,9,6.29,N
99-1509.15,5.C.1,Required Level of Education,RL,10,3.54,N
99-1509.15,5.C.1,Required Level of Education,RL,11,3.62,N
99-1509.15,5.C.1,Required Level of Education,RL,12,1.48,N
99-1510.16,5.C.1,Required Level of Education,RL,1,68.87,N
99-1510.16,5.C.1,Required Level of Education,RL,2,42.09,N
99-1510.16,5.C.1,Required Level of Education,RL,3,54.69,N
99-1510.16,5.C.1,Required Level of Education,RL,4,12.62,N
99-1510.16,5.C.1,Required Level of Education,RL,5,20.94,N
99-1510.16,5.C.1,Required Level of Education,RL,6,5.62,N
99-1510.16,5.C.1,Required Level of Education,RL,7,5.16,N
99-1510.16,5.C.1,Required Level of Education,RL,8,1.55,N
99-1510.16,5.C.1,Required Level of Education,RL,9,4.84,N
99-1510.16,5.C.1,Required Level of Education,RL,10,4.28,N
99-1510.16,5.C.1,Required Level of Education,RL,11,1.21,N
99-1510.16,5.C.1,Required Level of Education,RL,12,7.99,N
99-1511.17,5.C.1,Required Level of Education,RL,1,46.03,N
99-1511.17,5.C.1,Required Level of Education,RL,2,34.87,N
99-1511.17,5.C.1,Required Level of Education,RL,3,54.04,N
99-1511.17,5.C.1,Required Level of Education,RL,4,7.49,N
99-1511.17,5.C.1,Required Level of Education,RL,5,8.75,N
99-1511.17,5.C.1,Required Level of Education,RL,6,11.60,N
99-1511.17,5.C.1,Required Level of Education,RL,7,5.57,N
99-1511.17,5.C.1,Required Level of Education,RL,8,4.48,N
99-1511.17,5.C.1,Required Level of Education,RL,9,6.27,N
99-1511.17,5.C.1,Required Level of Education,RL,10,5.96,N
99-1511.17,5.C.1,Required Level of Education,RL,11,7.28,N
99-1511.17,5.C.1,Required Level of Education,RL,12,6.84,N
99-1512.18,5.C.1,Required Level of Education,RL,1,67.09,N
99-1512.18,5.C.1,Required Level of Education,RL,2,30.01,N
99-1512.18,5.C.1,Required Level of Education,RL,3,56.65,N
99-1512.18,5.C.1,Required Level of Education,RL,4,19.64,N
99-1512.18,5.C.1,Required Level of Education,RL,5,9.95,N
99-1512.18,5.C.1,Required Level of Education,RL,6,12.79,N
99-1512.18,5.C.1,Required Level of Education,RL,7,1.49,N
99-1512.18,5.C.1,Required Level of Education,RL,8,2.77,N
99-1512.18,5.C.1,Required Level of Education,RL,9,4.48,N
99-1512.18,5.C.1,Required Level of Education,RL,10,4.82,N
99-1512.18,5.C.1,Required Level of Education,RL,11,2.86,N
99-1512.18,5.C.1,Required Level of Education,RL,12,2.39,N
99-1513.19,5.C.1,Required Level of Education,RL,1,45.14,N
99-1513.19,5.C.1,Required Level of Education,RL,2,36.29,N
99-1513.19,5.C.1,Required Level of Education,RL,3,69.92,N
99-1513.19,5.C.1,Required Level of Education,RL,4,23.69,N
99-1513.19,5.C.1,Required Level of Education,RL,5,17.78,N
99-1513.19,5.C.1,Required Level of Education,RL,6,15.90,N
99-1513.19,5.C.1,Required Level of Education,RL,7,3.81,N
99-1513.19,5.C.1,Required Level of Education,RL,8,4.77,N
99-1513.19,5.C.1,Required Level of Education,RL,9,2.13,N
99-1513.19,5.C.1,Required Level of Education,RL,10,4.90,N
99-1513.19,5.C.1,Required Level of Education,RL,11,1.91,N
99-1513.19,5.C.1,Required Level of Education,RL,12,5.41,N
99-1514.20,5.C.1,Required Level of Education,RL,1,54.38,N
99-1514.20,5.C.1,Required Level of Education,RL,2,53.88,N
99-1514.20,5.C.1,Required Level of Education,RL,3,50.86,N
99-1514.20,5.C.1,Required Level of Education,RL,4,15.46,N
99-1514.20,5.C.1,Required Level of Education,RL,5,14.97,N
99-1514.20,5.C.1,Required Level of Education,RL,6,16.97,N
99-1514.20,5.C.1,Required Level of Education,RL,7,5.57,N
99-1514.20,5.C.1,Required Level of Education,RL,8,7.39,N
99-1514.20,5.C.1,Required Level of Education,RL,9,2.78,N
99-1514.20,5.C.1,Required Level of Education,RL,10,4.33,N
99-1514.20,5.C.1,Required Level of Education,RL,11,7.18,N
99-1514.20,5.C.1,Required Level of Education,RL,12,4.21,N
99-1515.21,5.C.1,Required Level of Education,RL,1,7.11,N
99-1515.21,5.C.1,Required Level of Education,RL,2,6.25,N
99-1515.21,5.C.1,Required Level of Education,RL,3,22.13,N
99-1515.21,5.C.1,Required Level of Education,RL,4,36.92,N
99-1515.21,5.C.1,Required Level of Education,RL,5,35.00,N
99-1515.21,5.C.1,Required Level of Education,RL,6,35.91,N
99-1515.21,5.C.1,Required Level of Education,RL,7,19.03,N
99-1515.21,5.C.1,Required Level of Education,RL,8,22.60,N
99-1515.21,5.C.1,Required Level of Education,RL,9,20.30,N
99-1515.21,5.C.1,Required Level of Education,RL,10,4.33,N
99-1515.21,5.C.1,Required Level of Education,RL,11,5.97,N
99-1515.21,5.C.1,Required Level of Education,RL,12,3.28,N
99-1516.22,5.C.1,Required Level of Education,RL,1,5.36,N
99-1516.22,5.C.1,Required Level of Education,RL,2,5.89,N
99-1516.22,5.C.1,Required Level of Education,RL,3,4.50,N
99-1516.22,5.C.1,Required Level of Education,RL,4,8.06,N
99-1516.22,5.C.1,Required Level of Education,RL,5,19.29,N
99-1516.22,5.C.1,Required Level of Education,RL,6,20.80,N
99-1516.22,5.C.1,Required Level of Education,RL,7,57.51,N
99-1516.22,5.C.1,Required Level of Education,RL,8,44.64,N
99-1516.22,5.C.1,Required Level of Education,RL,9,37.28,N
99-1516.22,5.C.1,Required Level of Education,RL,10,18.38,N
99-1516.22,5.C.1,Required Level of Education,RL,11,17.33,N
99-1516.22,5.C.1,Required Level of Education,RL,12,23.74,N
99-1517.23,5.C.1,Required Level of Education,RL,1,7.14,N
99-1517.23,5.C.1,Required Level of Education,RL,2,2.18,N
99-1517.23,5.C.1,Required Level of Education,RL,3,7.34,N
99-1517.23,5.C.1,Required Level of Education,RL,4,5.70,N
99-1517.23,5.C.1,Required Level of Education,RL,5,14.21,N
99-1517.23,5.C.1,Required Level of Education,RL,6,5.02,N
99-1517.23,5.C.1,Required Level of Education,RL,7,42.53,N
99-1517.23,5.C.1,Required Level of Education,RL,8,45.84,N
99-1517.23,5.C.1,Required Level of Education,RL,9,48.63,N
99-1517.23,5.C.1,Required Level of Education,RL,10,18.74,N
99-1517.23,5.C.1,Required Level of Education,RL,11,24.37,N
99-1517.23,5.C.1,Required Level of Education,RL,12,14.18,N
99-1518.24,5.C.1,Required Level of Education,RL,1,24.06,N
99-1518.24,5.C.1,Required Level of Education,RL,2,17.11,N
99-1518.24,5.C.1,Required Level of Education,RL,3,10.42,N
99-1518.24,5.C.1,Required Level of Education,RL,4,64.85,N
99-1518.24,5.C.1,Required Level of Education,RL,5,55.83,N
99-1518.24,5.C.1,Required Level of Education,RL,6,39.22,N
99-1518.24,5.C.1,Required Level of Education,RL,7,8.23,N
99-1518.24,5.C.1,Required Level of Education,RL,8,8.17,N
99-1518.24,5.C.1,Required Level of Education,RL,9,5.89,N
99-1518.24,5.C.1,Required Level of Education,RL,10,3.31,N
99-1518.24,5.C.1,Required Level of Education,RL,11,2.34,N
99-1518.24,5.C.1,Required Level of Education,RL,12,7.93,N
99-1519.25,5.C.1,Required Level of Education,RL,1,36.45,N
99-1519.25,5.C.1,Required Level of Education,RL,2,38.23,N
99-1519.25,5.C.1,Required Level of Education,RL,3,42.03,N
99-1519.25,5.C.1,Required Level of Education,RL,4,10.37,N
99-1519.25,5.C.1,Required Level of Education,RL,5,13.47,N
99-1519.25,5.C.1,Required Level of Education,RL,6,9.59,N
99-1519.25,5.C.1,Required Level of Education,RL,7,3.90,N
99-1519.25,5.C.1,Required Level of Education,RL,8,4.65,N
99-1519.25,5.C.1,Required Level of Education,RL,9,6.23,N
99-1519.25,5.C.1,Required Level of Education,RL,10,3.36,N
99-1519.25,5.C.1,Required Level of Education,RL,11,6.55,N
99-1519.25,5.C.1,Required Level of Education,RL,12,3.39,N
99-1520.26,5.C.1,Required Level of Education,RL,1,47.27,N
99-1520.26,5.C.1,Required Level of Education,RL,2,51.47,N
99-1520.26,5.C.1,Required Level of Education,RL,3,67.24,N
99-1520.26,5.C.1,Required Level of Education,RL,4,7.28,N
99-1520.26,5.C.1,Required Level of Education,RL,5,17.76,N
99-1520.26,5.C.1,Required Level of Education,RL,6,19.39,N
99-1520.26,5.C.1,Required Level of Education,RL,7,7.19,N
99-1520.26,5.C.1,Required Level of Education,RL,8,2.18,N
99-1520.26,5.C.1,Required Level of Education,RL,9,1.27,N
99-1520.26,5.C.1,Required Level of Education,RL,10,2.14,N
99-1520.26,5.C.1,Required Level of Education,RL,11,7.01,N
99-1520.26,5.C.1,Required Level of Education,RL,12,7.01,N
99-1521.27,5.C.1,Required Level of Education,RL,1,62.57,N
99-1521.27,5.C.1,Required Level of Education,RL,2,39.85,N
99-1521.27,5.C.1,Required Level of Education,RL,3,59.71,N
99-1521.27,5.C.1,Required Level of Education,RL,4,14.52,N
99-1521.27,5.C.1,Required Level of Education,RL,5,24.53,N
99-1521.27,5.C.1,Required Level of Education,RL,6,10.16,N
99-1521.27,5.C.1,Required Level of Education,RL,7,4.92,N
99-1521.27,5.C.1,Required Level of Education,RL,8,2.33,N
99-1521.27,5.C.1,Required Level of Education,RL,9,1.09,N
99-1521.27,5.C.1,Required Level of Education,RL,10,7.37,N
99-1521.27,5.C.1,Required Level of Education,RL,11,2.26,N
99-1521.27,5.C.1,Required Level of Education,RL,12,4.41,N
99-1522.28,5.C.1,Required Level of Education,RL,1,57.78,N
99-1522.28,5.C.1,Required Level of Education,RL,2,56.14,N
99-1522.28,5.C.1,Required Level of Education,RL,3,55.13,N
99-1522.28,5.C.1,Required Level of Education,RL,4,21.15,N
99-1522.28,5.C.1,Required Level of Education,RL,5,20.18,N
99-1522.28,5.C.1,Required Level of Education,RL,6,19.94,N
99-1522.28,5.C.1,Required Level of Education,RL,7,6.89,N
99-1522.28,5.C.1,Required Level of Education,RL,8,7.35,N
99-1522.28,5.C.1,Required Level of Education,RL,9,4.36,N
99-1522.28,5.C.1,Required Level of Education,RL,10,6.59,N
99-1522.28,5.C.1,Required Level of Education,RL,11,2.80,N
99-1522.28,5.C.1,Required Level of Education,RL,12,2.06,N
99-1523.29,5.C.1,Required Level of Education,RL,1,59.99,N
99-1523.29,5.C.1,Required Level of Education,RL,2,61.84,N
99-1523.29,5.C.1,Required Level of Education,RL,3,55.88,N
99-1523.29,5.C.1,Required Level of Education,RL,4,15.87,N
99-1523.29,5.C.1,Required Level of Education,RL,5,13.27,N
99-1523.29,5.C.1,Required Level of Education,RL,6,5.68,N
99-1523.29,5.C.1,Required Level of Education,RL,7,7.17,N
99-1523.29,5.C.1,Required Level of Education,RL,8,7.25,N
99-1523.29,5.C.1,Required Level of Education,RL,9,3.64,N
99-1523.29,5.C.1,Required Level of Education,RL,10,2.16,N
99-1523.29,5.C.1,Required Level of Education,RL,11,7.90,N
99-1523.29,5.C.1,Required Level of Education,RL,12,2.87,N
99-1524.30,5.C.1,Required Level of Education,RL,1,14.77,N
99-1524.30,5.C.1,Required Level of Education,RL,2,9.85,N
99-1524.30,5.C.1,Required Level of Education,RL,3,16.36,N
99-1524.30,5.C.1,Required Level of Education,RL,4,57.42,N
99-1524.30,5.C.1,Required Level of Education,RL,5,55.38,N
99-1524.30,5.C.1,Required Level of Education,RL,6,65.65,N
99-1524.30,5.C.1,Required Level of Education,RL,7,19.16,N
99-1524.30,5.C.1,Required Level of Education,RL,8,11.75,N
99-1524.30,5.C.1,Required Level of Education,RL,9,23.22,N
99-1524.30,5.C.1,Required Level of Education,RL,10,7.75,N
99-1524.30,5.C.1,Required Level of Education,RL,11,8.00,N
99-1524.30,5.C.1,Required Level of Education,RL,12,1.55,N
99-1525.31,5.C.1,Required Level of Education,RL,1,7.51,N
99-1525.31,5.C.1,Required Level of Education,RL,2,1.61,N
99-1525.31,5.C.1,Required Level of Education,RL,3,4.30,N
99-1525.31,5.C.1,Required Level of Education,RL,4,11.14,N
99-1525.31,5.C.1,Required Level of Education,RL,5,5.14,N
99-1525.31,5.C.1,Required Level of Education,RL,6,5.57,N
99-1525.31,5.C.1,Required Level of Education,RL,7,54.86,N
99-1525.31,5.C.1,Required Level of Education,RL,8,55.24,N
99-1525.31,5.C.1,Required Level of Education,RL,9,31.46,N
99-1525.31,5.C.1,Required Level of Education,RL,10,11.15,N
99-1525.31,5.C.1,Required Level of Education,RL,11,23.32,N
99-1525.31,5.C.1,Required Level of Education,RL,12,21.06,N
99-1526.32,5.C.1,Required Level of Education,RL,1,4.50,N
99-1526.32,5.C.1,Required Level of Education,RL,2,2.65,N
99-1526.32,5.C.1,Required Level of Education,RL,3,3.92,N
99-1526.32,5.C.1,Required Level of Education,RL,4,15.05,N
99-1526.32,5.C.1,Required Level of Education,RL,5,23.24,N
99-1526.32,5.C.1,Required Level of Education,RL,6,11.76,N
99-1526.32,5.C.1,Required Level of Education,RL,7,63.75,N
99-1526.32,5.C.1,Required Level of Education,RL,8,33.85,N
99-1526.32,5.C.1,Required Level of Education,RL,9,43.01,N
99-1526.32,5.C.1,Required Level of Education,RL,10,8.24,N
99-1526.32,5.C.1,Required Level of Education,RL,11,22.93,N
99-1526.32,5.C.1,Required Level of Education,RL,12,19.05,N
99-1527.33,5.C.1,Required Level of Education,RL,1,11.11,N
99-1527.33,5.C.1,Required Level of Education,RL,2,18.13,N
99-1527.33,5.C.1,Required Level of Education,RL,3,15.90,N
99-1527.33,5.C.1,Required Level of Education,RL,4,37.78,N
99-1527.33,5.C.1,Required Level of Education,RL,5,62.81,N
99-1527.33,5.C.1,Required Level of Education,RL,6,41.93,N
99-1527.33,5.C.1,Required Level of Education,RL,7,11.04,N
99-1527.33,5.C.1,Required Level of Education,RL,8,23.05,N
99-1527.33,5.C.1,Required Level of Education,RL,9,16.94,N
99-1527.33,5.C.1,Required Level of Education,RL,10,7.41,N
99-1527.33,5.C.1,Required Level of Education,RL,11,4.64,N
99-1527.33,5.C.1,Required Level of Education,RL,12,7.10,N
99-1528.34,5.C.1,Required Level of Education,RL,1,35.86,N
99-1528.34,5.C.1,Required Level of Education,RL,2,58.15,N
99-1528.34,5.C.1,Required Level of Education,RL,3,41.66,N
99-1528.34,5.C.1,Required Level of Education,RL,4,13.77,N
99-1528.34,5.C.1,Required Level of Education,RL,5,14.31,N
99-1528.34,5.C.1,Required Level of Education,RL,6,12.87,N
99-1528.34,5.C.1,Required Level of Education,RL,7,7.47,N
99-1528.34,5.C.1,Required Level of Education,RL,8,3.71,N
99-1528.34,5.C.1,Required Level of Education,RL,9,4.73,N
99-1528.34,5.C.1,Required Level of Education,RL,10,1.95,N
99-1528.34,5.C.1,Required Level of Education,RL,11,3.11,N
99-1528.34,5.C.1,Required Level of Education,RL,12,4.82,N
99-1529.35,5.C.1,Required Level of Education,RL,1,52.01,N
99-1529.35,5.C.1,Required Level of Education,RL,2,44.63,N
99-1529.35,5.C.1,Required Level of Education,RL,3,45.10,N
99-1529.35,5.C.1,Required Level of Education,RL,4,11.50,N
99-1529.35,5.C.1,Required Level of Education,RL,5,13.82,N
99-1529.35,5.C.1,Required Level of Education,RL,6,24.54,N
99-1529.35,5.C.1,Required Level of Education,RL,7,2.30,N
99-1529.35,5.C.1,Required Level of Education,RL,8,6.11,N
99-1529.35,5.C.1,Required Level of Education,RL,9,1.50,N
99-1529.35,5.C.1,Required Level of Education,RL,10,2.49,N
99-1529.35,5.C.1,Required Level of Education,RL,11,5.57,N
99-1529.35,5.C.1,Required Level of Education,RL,12,5.84,N
99-1530.36,5.C.1,Required Level of Education,RL,1,55.94,N
99-1530.36,5.C.1,Required Level of Education,RL,2,38.21,N
99-1530.36,5.C.1,Required Level of Education,RL,3,31.71,N
99-1530.36,5.C.1,Required Level of Education,RL,4,13.42,N
99-1530.36,5.C.1,Required Level of Education,RL,5,5.61,N
99-1530.36,5.C.1,Required Level of Education,RL,6,16.49,N
99-1530.36,5.C.1,Required Level of Education,RL,7,1.84,N
99-1530.36,5.C.1,Required Level of Education,RL,8,6.01,N
99-1530.36,5.C.1,Required Level of Education,RL,9,7.77,N
99-1530.36,5.C.1,Required Level of Education,RL,10,7.26,N
99-1530.36,5.C.1,Required Level of Education,RL,11,6.89,N
99-1530.36,5.C.1,Required Level of Education,RL,12,4.94,N
99-1531.37,5.C.1,Required Level of Education,RL,1,67.96,N
99-1531.37,5.C.1,Required Level of Education,RL,2,60.61,N
99-1531.37,5.C.1,Required Level of Education,RL,3,57.61,N
99-1531.37,5.C.1,Required Level of Education,RL,4,20.64,N
99-1531.37,5.C.1,Required Level of Education,RL,5,20.99,N
99-1531.37,5.C.1,Required Level of Education,RL,6,12.25,N
99-1531.37,5.C.1,Required Level of Education,RL,7,2.01,N
99-1531.37,5.C.1,Required Level of Education,RL,8,6.98,N
99-1531.37,5.C.1,Required Level of Education,RL,9,3.24,N
99-1531.37,5.C.1,Required Level of Education,RL,10,1.17,N
99-1531.37,5.C.1,Required Level of Education,RL,11,5.07,N
99-1531.37,5.C.1,Required Level of Education,RL,12,6.72,N
99-1532.38,5.C.1,Required Level of Education,RL,1,69.82,N
99-1532.38,5.C.1,Required Level of Education,RL,2,54.96,N
99-1532.38,5.C.1,Required Level of Education,RL,3,33.84,N
99-1532.38,5.C.1,Required Level of Education,RL,4,9.25,N
99-1532.38,5.C.1,Required Level of Education,RL,5,23.43,N
99-1532.38,5.C.1,Required Level of Education,RL,6,19.69,N
99-1532.38,5.C.1,Required Level of Education,RL,7,1.69,N
99-1532.38,5.C.1,Required Level of Education,RL,8,6.70,N
99-1532.38,5.C.1,Required Level of Education,RL,9,3.70,N
99-1532.38,5.C.1,Required Level of Education,RL,10,1.35,N
99-1532.38,5.C.1,Required Level of Education,RL,11,6.88,N
99-1532.38,5.C.1,Required Level of Education,RL,12,4.88,N
99-1533.39,5.C.1,Required Level of Education,RL,1,21.21,N
99-1533.39,5.C.1,Required Level of Education,RL,2,21.37,N
99-1533.39,5.C.1,Required Level of Education,RL,3,16.72,N
99-1533.39,5.C.1,Required Level of Education,RL,4,68.91,N
99-1533.39,5.C.1,Required Level of Education,RL,5,51.98,N
99-1533.39,5.C.1,Required Level of Education,RL,6,38.49,N
99-1533.39,5.C.1,Required Level of Education,RL,7,14.74,N
99-1533.39,5.C.1,Required Level of Education,RL,8,16.38,N
99-1533.39,5.C.1,Required Level of Education,RL,9,22.09,N
99-1533.39,5.C.1,Required Level of Education,RL,10,3.01,N
99-1533.39,5.C.1,Required Level of Education,RL,11,3.41,N
99-1533.39,5.C.1,Required Level of Education,RL,12,2.53,N
99-1534.40,5.C.1,Required Level of Education,RL,1,5.80,N
99-1534.40,5.C.1,Required Level of Education,RL,2,1.41,N
99-1534.40,5.C.1,Required Level of Education,RL,3,1.71,N
99-1534.40,5.C.1,Required Level of Education,RL,4,12.77,N
99-1534.40,5.C.1,Required Level of Education,RL,5,13.73,N
99-1534.40,5.C.1,Required Level of Education,RL,6,19.94,N
99-1534.40,5.C.1,Required Level of Education,RL,7,41.38,N
99-1534.40,5.C.1,Required Level of Education,RL,8,62.89,N
99-1534.40,5.C.1,Required Level of Education,RL,9,36.85,N
99-1534.40,5.C.1,Required Level of Education,RL,10,5.08,N
99-1534.40,5.C.1,Required Level of Education,RL,11,6.48,N
99-1534.40,5.C.1,Required Level of Education,RL,12,21.48,N
99-1535.41,5.C.1,Required Level of Education,RL,1,2.35,N
99-1535.41,5.C.1,Required Level of Education,RL,2,2.79,N
99-1535.41,5.C.1,Required Level of Education,RL,3,7.50,N
99-1535.41,5.C.1,Required Level of Education,RL,4,6.51,N
99-1535.41,5.C.1,Required Level of Education,RL,5,23.46,N
99-1535.41,5.C.1,Required Level of Education,RL,6,10.55,N
99-1535.41,5.C.1,Required Level of Education,RL,7,42.02,N
99-1535.41,5.C.1,Required Level of Education,RL,8,44.99,N
99-1535.41,5.C.1,Required Level of Education,RL,9,42.80,N
99-1535.41,5.C.1,Required Level of Education,RL,10,14.03,N
99-1535.41,5.C.1,Required Level of Education,RL,11,20.91,N
99-1535.41,5.C.1,Required Level of Education,RL,12,13.96,N
99-1536.42,5.C.1,Required Level of Education,RL,1,16.01,N
99-1536.42,5.C.1,Required Level of Education,RL,2,21.13,N
99-1536.42,5.C.1,Required Level of Education,RL,3,17.55,N
99-1536.42,5.C.1,Required Level of Education,RL,4,51.83,N
99-1536.42,5.C.1,Required Level of Education,RL,5,66.76,N
99-1536.42,5.C.1,Required Level of Education,RL,6,58.65,N
99-1536.42,5.C.1,Required Level of Education,RL,7,11.23,N
99-1536.42,5.C.1,Required Level of Education,RL,8,16.35,N
99-1536.42,5.C.1,Required Level of Education,RL,9,11.47,N
99-1536.42,5.C.1,Required Level of Education,RL,10,7.43,N
99-1536.42,5.C.1,Required Level of Education,RL,11,7.42,N
99-1536.42,5.C.1,Required Level of Education,RL,12,7.33,N
99-1537.43,5.C.1,Required Level of Education,RL,1,44.45,N
99-1537.43,5.C.1,Required Level of Education,RL,2,66.48,N
99-1537.43,5.C.1,Required Level of Education,RL,3,56.80,N
99-1537.43,5.C.1,Required Level of Education,RL,4,14.64,N
99-1537.43,5.C.1,Required Level of Education,RL,5,14.86,N
99-1537.43,5.C.1,Required Level of Education,RL,6,20.83,N
99-1537.43,5.C.1,Required Level of Education,RL,7,1.52,N
99-1537.43,5.C.1,Required Level of Education,RL,8,7.69,N
99-1537.43,5.C.1,Required Level of Education,RL,9,2.88,N
99-1537.43,5.C.1,Required Level of Education,RL,10,6.80,N
99-1537.43,5.C.1,Required Level of Education,RL,11,4.00,N
99-1537.43,5.C.1,Required Level of Education,RL,12,3.33,N
99-1538.44,5.C.1,Required Level of Education,RL,1,65.03,N
99-1538.44,5.C.1,Required Level of Education,RL,2,53.81,N
99-1538.44,5.C.1,Required Level of Education,RL,3,69.26,N
99-1538.44,5.C.1,Required Level of Education,RL,4,20.82,N
99-1538.44,5.C.1,Required Level of Education,RL,5,17.74,N
99-1538.44,5.C.1,Required Level of Education,RL,6,22.22,N
99-1538.44,5.C.1,Required Level of Education,RL,7,5.20,N
99-1538.44,5.C.1,Required Level of Education,RL,8,6.68,N
99-1538.44,5.C.1,Required Level of Education,RL,9,6.78,N
99-1538.44,5.C.1,Required Level of Education,RL,10,3.58,N
99-1538.44,5.C.1,Required Level of Education,RL,11,4.60,N
99-1538.44,5.C.1,Required Level of Education,RL,12,4.94,N
99-1539.45,5.C.1,Required Level of Education,RL,1,35.22,N
99-1539.45,5.C.1,Required Level of Education,RL,2,34.52,N
99-1539.45,5.C.1,Required Level of Education,RL,3,46.81,N
99-1539.45,5.C.1,Required Level of Education,RL,4,13.04,N
99-1539.45,5.C.1,Required Level of Education,RL,5,19.96,N
99-1539.45,5.C.1,Required Level of Education,RL,6,17.47,N
99-1539.45,5.C.1,Required Level of Education,RL,7,4.88,N
99-1539.45,5.C.1,Required Level of Education,RL,8,1.72,N
99-1539.45,5.C.1,Required Level of Education,RL,9,2.85,N
99-1539.45,5.C.1,Required Level of Education,RL,10,1.58,N
99-1539.45,5.C.1,Required Level of Education,RL,11,4.44,N
99-1539.45,5.C.1,Required Level of Education,RL,12,1.34,N
99-1540.46,5.C.1,Required Level of Education,RL,1,46.35,N
99-1540.46,5.C.1,Required Level of Education,RL,2,37.05,N
99-1540.46,5.C.1,Required Level of Education,RL,3,57.64,N
99-1540.46,5.C.1,Required Level of Education,RL,4,18.28,N
99-1540.46,5.C.1,Required Level of Education,RL,5,6.71,N
99-1540.46,5.C.1,Required Level of Education,RL,6,22.42,N
99-1540.46,5.C.1,Required Level of Education,RL,7,7.18,N
99-1540.46,5.C.1,Required Level of Education,RL,8,2.21,N
99-1540.46,5.C.1,Required Level of Education,RL,9,6.17,N
99-1540.46,5.C.1,Required Level of Education,RL,10,1.89,N
99-1540.46,5.C.1,Required Level of Education,RL,11,7.38,N
99-1540.46,5.C.1,Required Level of Education,RL,12,7.15,N
99-1541.47,5.C.1,Required Level of Education,RL,1,41.19,N
99-1541.47,5.C.1,Required Level of Education,RL,2,35.13,N
99-1541.47,5.C.1,Required Level of Education,RL,3,66.04,N
99-1541.47,5.C.1,Required Level of Education,RL,4,7.56,N
99-1541.47,5.C.1,Required Level of Education,RL,5,21.07,N
99-1541.47,5.C.1,Required Level of Education,RL,6,8.41,N
99-1541.47,5.C.1,Required Level of Education,RL,7,1.99,N
99-1541.47,5.C.1,Required Level of Education,RL,8,2.36,N
99-1541.47,5.C.1,Required Level of Education,RL,9,1.88,N
99-1541.47,5.C.1,Required Level of Education,RL,10,5.14,N
99-1541.47,5.C.1,Required Level of Education,RL,11,7.72,N
99-1541.47,5.C.1,Required Level of Education,RL,12,6.10,N
99-1542.48,5.C.1,Required Level of Education,RL,1,16.66,N
99-1542.48,5.C.1,Required Level of Education,RL,2,8.38,N
99-1542.48,5.C.1,Required Level of Education,RL,3,9.78,N
99-1542.48,5.C.1,Required Level of Education,RL,4,58.62,N
99-1542.48,5.C.1,Required Level of Education,RL,5,30.72,N
99-1542.48,5.C.1,Required Level of Education,RL,6,58.24,N
99-1542.48,5.C.1,Required Level of Education,RL,7,18.65,N
99-1542.48,5.C.1,Required Level of Education,RL,8,20.70,N
99-1542.48,5.C.1,Required Level of Education,RL,9,7.37,N
99-1542.48,5.C.1,Required Level of Education,RL,10,7.99,N
99-1542.48,5.C.1,Required Level of Education,RL,11,5.54,N
99-1542.48,5.C.1,Required Level of Education,RL,12,2.64,N
99-1543.49,5.C.1,Required Level of Education,RL,1,5.21,N
99-1543.49,5.C.1,Required Level of Education,RL,2,5.53,N
99-1543.49,5.C.1,Required Level of Education,RL,3,8.00,N
99-1543.49,5.C.1,Required Level of Education,RL,4,19.54,N
99-1543.49,5.C.1,Required Level of Education,RL,5,13.27,N
99-1543.49,5.C.1,Required Level of Education,RL,6,9.12,N
99-1543.49,5.C.1,Required Level of Education,RL,7,49.74,N
99-1543.49,5.C.1,Required Level of Education,RL,8,59.41,N
99-1543.49,5.C.1,Required Level of Education,RL,9,58.14,N
99-1543.49,5.C.1,Required Level of Education,RL,10,9.58,N
99-1543.49,5.C.1,Required Level of Education,RL,11,18.74,N
99-1543.49,5.C.1,Required Level of Education,RL,12,12.54,N
99-1544.50,5.C.1,Required Level of Education,RL,1,3.82,N
99-1544.50,5.C.1,Required Level of Education,RL,2,2.18,N
99-1544.50,5.C.1,Required Level of Education,RL,3,7.01,N
99-1544.50,5.C.1,Required Level of Education,RL,4,6.28,N
99-1544.50,5.C.1,Required Level of Education,RL,5,24.21,N
99-1544.50,5.C.1,Required Level of Education,RL,6,23.42,N
99-1544.50,5.C.1,Required Level of Education,RL,7,66.40,N
99-1544.50,5.C.1,Required Level of Education,RL,8,55.99,N
99-1544.50,5.C.1,Required Level of Education,RL,9,39.50,N
99-1544.50,5.C.1,Required Level of Education,RL,10,21.21,N
99-1544.50,5.C.1,Required Level of Education,RL,11,18.25,N
99-1544.50,5.C.1,Required Level of Education,RL,12,23.28,N
99-1545.51,5.C.1,Required Level of Education,RL,1,18.58,N
99-1545.51,5.C.1,Required Level of Education,RL,2,18.99,N
99-1545.51,5.C.1,Required Level of Education,RL,3,8.72,N
99-1545.51,5.C.1,Required Level of Education,RL,4,57.35,N
99-1545.51,5.C.1,Required Level of Education,RL,5,30.62,N
99-1545.51,5.C.1,Required Level of Education,RL,6,41.23,N
99-1545.51,5.C.1,Required Level of Education,RL,7,20.85,N
99-1545.51,5.C.1,Required Level of Education,RL,8,5.12,N
99-1545.51,5.C.1,Required Level of Education,RL,9,21.37,N
99-1545.51,5.C.1,Required Level of Education,RL,10,1.48,N
99-1545.51,5.C.1,Required Level of Education,RL,11,7.21,N
99-1545.51,5.C.1,Required Level of Education,RL,12,4.24,N
99-1546.52,5.C.1,Required Level of Education,RL,1,50.44,N
99-1546.52,5.C.1,Required Level of Education,RL,2,58.15,N
99-1546.52,5.C.1,Required Level of Education,RL,3,47.40,N
99-1546.52,5.C.1,Required Level of Education,RL,4,22.98,N
99-1546.52,5.C.1,Required Level of Education,RL,5,23.72,N
99-1546.52,5.C.1,Required Level of Education,RL,6,18.74,N
99-1546.52,5.C.1,Required Level of Education,RL,7,5.08,N
99-1546.52,5.C.1,Required Level of Education,RL,8,5.93,N
99-1546.52,5.C.1,Required Level of Education,RL,9,3.07,N
99-1546.52,5.C.1,Required Level of Education,RL,10,7.05,N
99-1546.52,5.C.1,Required Level of Education,RL,11,2.03,N
99-1546.52,5.C.1,Required Level of Education,RL,12,4.70,N
99-1547.53,5.C.1,Required Level of Education,RL,1,40.86,N
99-1547.53,5.C.1,Required Level of Education,RL,2,39.16,N
99-1547.53,5.C.1,Required Level of Education,RL,3,42.12,N
99-1547.53,5.C.1,Required Level of Education,RL,4,6.79,N
99-1547.53,5.C.1,Required Level of Education,RL,5,11.41,N
99-1547.53,5.C.1,Required Level of Education,RL,6,14.71,N
99-1547.53,5.C.1,Required Level of Education,RL,7,6.23,N
99-1547.53,5.C.1,Required Level of Education,RL,8,1.81,N
99-1547.53,5.C.1,Required Level of Education,RL,9,2.27,N
99-1547.53,5.C.1,Required Level of Education,RL,10,6.54,N
99-1547.53,5.C.1,Required Level of Education,RL,11,2.63,N
99-1547.53,5.C.1,Required Level of Education,RL,12,1.25,N
99-1548.54,5.C.1,Required Level of Education,RL,1,54.43,N
99-1548.54,5.C.1,Required Level of Education,RL,2,48.07,N
99-1548.54,5.C.1,Required Level of Education,RL,3,53.10,N
99-1548.54,5.C.1,Required Level of Education,RL,4,15.11,N
99-1548.54,5.C.1,Required Level of Education,RL,5,10.12,N
99-1548.54,5.C.1,Required Level of Education,RL,6,9.43,N
99-1548.54,5.C.1,Required Level of Education,RL,7,6.87,N
99-1548.54,5.C.1,Required Level of Education,RL,8,1.22,N
99-1548.54,5.C.1,Required Level of Education,RL,9,1.37,N
99-1548.54,5.C.1,Required Level of Education,RL,10,7.41,N
99-1548.54,5.C.1,Required Level of Education,RL,11,3.19,N
99-1548.54,5.C.1,Required Level of Education,RL,12,6.39,N
99-1549.55,5.C.1,Required Level of Education,RL,1,42.91,N
99-1549.55,5.C.1,Required Level of Education,RL,2,41.89,N
99-1549.55,5.C.1,Required Level of Education,RL,3,63.16,N
99-1549.55,5.C.1,Required Level of Education,RL,4,7.70,N
99-1549.55,5.C.1,Required Level of Education,RL,5,7.39,N
99-1549.55,5.C.1,Required Level of Education,RL,6,6.63,N
99-1549.55,5.C.1,Required Level of Education,RL,7,3.97,N
99-1549.55,5.C.1,Required Level of Education,RL,8,4.66,N
99-1549.55,5.C.1,Required Level of Education,RL,9,1.01,N
99-1549.55,5.C.1,Required Level of Education,RL,10,6.11,N
99-1549.55,5.C.1,Required Level of Education,RL,11,2.22,N
99-1549.55,5.C.1,Required Level of Education,RL,12,3.18,N
99-1550.56,5.C.1,Required Level of Education,RL,1,50.04,N
99-1550.56,5.C.1,Required Level of Education,RL,2,43.09,N
99-1550.56,5.C.1,Required Level of Education,RL,3,63.25,N
99-1550.56,5.C.1,Required Level of Education,RL,4,22.19,N
99-1550.56,5.C.1,Required Level of Education,RL,5,17.90,N
99-1550.56,5.C.1,Required Level of Education,RL,6,16.27,N
99-1550.56,5.C.1,Required Level of Education,RL,7,3.27,N
99-1550.56,5.C.1,Required Level of Education,RL,8,7.41,N
99-1550.56,5.C.1,Required Level of Education,RL,9,1.72,N
99-1550.56,5.C.1,Required Level of Education,RL,10,1.49,N
99-1550.56,5.C.1,Required Level of Education,RL,11,6.69,N
99-1550.56,5.C.1,Required Level of Education,RL,12,2.37,N
99-1551.57,5.C.1,Required Level of Education,RL,1,25.00,N
99-1551.57,5.C.1,Required Level of Education,RL,2,15.44,N
99-1551.57,5.C.1,Required Level of Education,RL,3,23.56,N
99-1551.57,5.C.1,Required Level of Education,RL,4,49.61,N
99-1551.57,5.C.1,Required Level of Education,RL,5,44.57,N
99-1551.57,5.C.1,Required Level of Education,RL,6,64.97,N
99-1551.57,5.C.1,Required Level of Education,RL,7,5.75,N
99-1551.57,5.C.1,Required Level of Education,RL,8,6.41,N
99-1551.57,5.C.1,Required Level of Education,RL,9,8.62,N
99-1551.57,5.C.1,Required Level of Education,RL,10,5.77,N
99-1551.57,5.C.1,Required Level of Education,RL,11,7.11,N
99-1551.57,5.C.1,Required Level of Education,RL,12,1.90,N
99-1552.58,5.C.1,Required Level of Education,RL,1,2.87,N
99-1552.58,5.C.1,Required Level of Education,RL,2,6.87,N
99-1552.58,5.C.1,Required Level of Education,RL,3,6.05,N
99-1552.58,5.C.1,Required Level of Education,RL,4,7.89,N
99-1552.58,5.C.1,Required Level of Education,RL,5,11.47,N
99-1552.58,5.C.1,Required Level of Education,RL,6,7.57,N
99-1552.58,5.C.1,Required Level of Education,RL,7,68.28,N
99-1552.58,5.C.1,Required Level of Education,RL,8,58.26,N
99-1552.58,5.C.1,Required Level of Education,RL,9,32.16,N
99-1552.58,5.C.1,Required Level of Education,RL,10,12.53,N
99-1552.58,5.C.1,Required Level of Education,RL,11,13.38,N
99-1552.58,5.C.1,Required Level of Education,RL,12,10.36,N
99-1553.59,5.C.1,Required Level of Education,RL,1,1.92,N
99-1553.59,5.C.1,Required Level of Education,RL,2,1.35,N
99-1553.59,5.C.1,Required Level of Education,RL,3,5.07,N
99-1553.59,5.C.1,Required Level of Education,RL,4,20.35,N
99-1553.59,5.C.1,Required Level of Education,RL,5,16.15,N
99-1553.59,5.C.1,Required Level of Education,RL,6,9.20,N
99-1553.59,5.C.1,Required Level of Education,RL,7,31.21,N
99-1553.59,5.C.1,Required Level of Education,RL,8,41.57,N
99-1553.59,5.C.1,Required Level of Education,RL,9,34.63,N
99-1553.59,5.C.1,Required Level of Education,RL,10,12.95,N
99-1553.59,5.C.1,Required Level of Education,RL,11,21.11,N
99-1553.59,5.C.1,Required Level of Education,RL,12,7.97,N
99-1554.60,5.C.1,Required Level of Education,RL,1,23.97,N
99-1554.60,5.C.1,Required Level of Education,RL,2,5.79,N
99-1554.60,5.C.1,Required Level of Education,RL,3,8.43,N
99-1554.60,5.C.1,Required Level of Education,RL,4,63.52,N
99-1554.60,5.C.1,Required Level of Education,RL,5,57.93,N
99-1554.60,5.C.1,Required Level of Education,RL,6,64.72,N
99-1554.60,5.C.1,Required Level of Education,RL,7,13.74,N
99-1554.60,5.C.1,Required Level of Education,RL,8,21.24,N
99-1554.60,5.C.1,Required Level of Education,RL,9,12.09,N
99-1554.60,5.C.1,Required Level of Education,RL,10,4.78,N
99-1554.60,5.C.1,Required Level of Education,RL,11,3.74,N
99-1554.60,5.C.1,Required Level of Education,RL,12,4.17,N
99-1555.61,5.C.1,Required Level of Education,RL,1,49.12,N
99-1555.61,5.C.1,Required Level of Education,RL,2,37.77,N
99-1555.61,5.C.1,Required Level of Education,RL,3,36.71,N
99-1555.61,5.C.1,Required Level of Education,RL,4,18.63,N
99-1555.61,5.C.1,Required Level of Education,RL,5,7.35,N
99-1555.61,5.C.1,Required Level of Education,RL,6,12.37,N
99-1555.61,5.C.1,Required Level of Education,RL,7,3.62,N
99-1555.61,5.C.1,Required Level of Education,RL,8,6.68,N
99-1555.61,5.C.1,Required Level of Education,RL,9,5.25,N
99-1555.61,5.C.1,Required Level of Education,RL,10,6.38,N
99-1555.61,5.C.1,Required Level of Education,RL,11,6.39,N
99-1555.61,5.C.1,Required Level of Education,RL,12,4.87,N
99-1556.62,5.C.1,Required Level of Education,RL,1,68.27,N
99-1556.62,5.C.1,Required Level of Education,RL,2,49.32,N
99-1556.62,5.C.1,Required Level of Education,RL,3,46.26,N
99-1556.62,5.C.1,Required Level of Education,RL,4,10.00,N
99-1556.62,5.C.1,Required Level of Education,RL,5,7.95,N
99-1556.62,5.C.1,Required Level of Education,RL,6,8.89,N
99-1556.62,5.C.1,Required Level of Education,RL,7,2.50,N
99-1556.62,5.C.1,Required Level of Education,RL,8,3.25,N
99-1556.62,5.C.1,Required Level of Education,RL,9,4.72,N
99-1556.62,5.C.1,Required Level of Education,RL,10,1.08,N
99-1556.62,5.C.1,Required Level of Education,RL,11,3.58,N
99-1556.62,5.C.1,Required Level of Education,RL,12,6.82,N
99-1557.63,5.C.1,Required Level of Education,RL,1,63.40,N
99-1557.63,5.C.1,Required Level of Education,RL,2,40.36,N
99-1557.63,5.C.1,Required Level of Education,RL,3,55.02,N
99-1557.63,5.C.1,Required Level of Education,RL,4,20.48,N
99-1557.63,5.C.1,Required Level of Education,RL,5,12.33,N
99-1557.63,5.C.1,Required Level of Education,RL,6,15.73,N
99-1557.63,5.C.1,Required Level of Education,RL,7,4.11,N
99-1557.63,5.C.1,Required Level of Education,RL,8,1.96,N
99-1557.63,5.C.1,Required Level of Education,RL,9,7.01,N
99-1557.63,5.C.1,Required Level of Education,RL,10,2.53,N
99-1557.63,5.C.1,Required Level of Education,RL,11,5.16,N
99-1557.63,5.C.1,Required Level of Education,RL,12,2.94,N
99-1558.64,5.C.1,Required Level of Education,RL,1,62.63,N
99-1558.64,5.C.1,Required Level of Education,RL,2,67.71,N
99-1558.64,5.C.1,Required Level of Education,RL,3,41.64,N
99-1558.64,5.C.1,Required Level of Education,RL,4,7.27,N
99-1558.64,5.C.1,Required Level of Education,RL,5,20.88,N
99-1558.64,5.C.1,Required Level of Education,RL,6,6.74,N
99-1558.64,5.C.1,Required Level of Education,RL,7,6.91,N
99-1558.64,5.C.1,Required Level of Education,RL,8,6.50,N
99-1558.64,5.C.1,Required Level of Education,RL,9,5.11,N
99-1558.64,5.C.1,Required Level of Education,RL,10,1.53,N
99-1558.64,5.C.1,Required Level of Education,RL,11,7.07,N
99-1558.64,5.C.1,Required Level of Education,RL,12,5.99,N
99-1559.65,5.C.1,Required Level of Education,RL,1,39.72,N
99-1559.65,5.C.1,Required Level of Education,RL,2,52.44,N
99-1559.65,5.C.1,Required Level of Education,RL,3,43.16,N
99-1559.65,5.C.1,Required Level of Education,RL,4,19.95,N
99-1559.65,5.C.1,Required Level of Education,RL,5,6.64,N
99-1559.65,5.C.1,Required Level of Education,RL,6,14.21,N
99-1559.65,5.C.1,Required Level of Education,RL,7,3.94,N
99-1559.65,5.C.1,Required Level of Education,RL,8,3.45,N
99-1559.65,5.C.1,Required Level of Education,RL,9,7.81,N
99-1559.65,5.C.1,Required Level of Education,RL,10,3.32,N
99-1559.65,5.C.1,Required Level of Education,RL,11,6.69,N
99-1559.65,5.C.1,Required Level of Education,RL,12,5.72,N
99-1560.66,5.C.1,Required Level of Education,RL,1,11.70,N
99-1560.66,5.C.1,Required Level of Education,RL,2,18.26,N
99-1560.66,5.C.1,Required Level of Education,RL,3,24.43,N
99-1560.66,5.C.1,Required Level of Education,RL,4,58.47,N
99-1560.66,5.C.1,Required Level of Education,RL,5,48.21,N
99-1560.66,5.C.1,Required Level of Education,RL,6,58.19,N
99-1560.66,5.C.1,Required Level of Education,RL,7,6.52,N
99-1560.66,5.C.1,Required Level of Education,RL,8,18.77,N
99-1560.66,5.C.1,Required Level of Education,RL,9,15.99,N
99-1560.66,5.C.1,Required Level of Education,RL,10,2.89,N
99-1560.66,5.C.1,Required Level of Education,RL,11,6.83,N
99-1560.66,5.C.1,Required Level of Education,RL,12,7.90,N
99-1561.67,5.C.1,Required Level of Education,RL,1,6.25,N
99-1561.67,5.C.1,Required Level of Education,RL,2,3.72,N
99-1561.67,5.C.1,Required Level of Education,RL,3,1.41,N
99-1561.67,5.C.1,Required Level of Education,RL,4,11.03,N
99-1561.67,5.C.1,Required Level of Education,RL,5,7.04,N
99-1561.67,5.C.1,Required Level of Education,RL,6,8.15,N
99-1561.67,5.C.1,Required Level of Education,RL,7,41.54,N
99-1561.67,5.C.1,Required Level of Education,RL,8,49.00,N
99-1561.67,5.C.1,Required Level of Education,RL,9,31.30,N
99-1561.67,5.C.1,Required Level of Education,RL,10,20.69,N
99-1561.67,5.C.1,Required Level of Education,RL,11,14.32,N
99-1561.67,5.C.1,Required Level of Education,RL,12,8.39,N
99-1562.68,5.C.1,Required Level of Education,RL,1,1.79,N
99-1562.68,5.C.1,Required Level of Education,RL,2,5.93,N
99-1562.68,5.C.1,Required Level of Education,RL,3,2.14,N
99-1562.68,5.C.1,Required Level of Education,RL,4,22.00,N
99-1562.68,5.C.1,Required Level of Education,RL,5,12.22,N
99-1562.68,5.C.1,Required Level of Education,RL,6,5.87,N
99-1562.68,5.C.1,Required Level of Education,RL,7,49.53,N
99-1562.68,5.C.1,Required Level of Education,RL,8,57.93,N
99-1562.68,5.C.1,Required Level of Education,RL,9,53.62,N
99-1562.68,5.C.1,Required Level of Education,RL,10,15.02,N
99-1562.68,5.C.1,Required Level of Education,RL,11,24.15,N
99-1562.68,5.C.1,Required Level of Education,RL,12,9.89,N
99-1563.69,5.C.1,Required Level of Education,RL,1,24.14,N
99-1563.69,5.C.1,Required Level of Education,RL,2,20.50,N
99-1563.69,5.C.1,Required Level of Education,RL,3,13.79,N
99-1563.69,5.C.1,Required Level of Education,RL,4,43.05,N
99-1563.69,5.C.1,Required Level of Education,RL,5,59.22,N
99-1563.69,5.C.1,Required Level of Education,RL,6,45.89,N
99-1563.69,5.C.1,Required Level of Education,RL,7,22.64,N
99-1563.69,5.C.1,Required Level of Education,RL,8,16.94,N
99-1563.69,5.C.1,Required Level of Education,RL,9,6.47,N
99-1563.69,5.C.1,Required Level of Education,RL,10,3.17,N
99-1563.69,5.C.1,Required Level of Education,RL,11,2.96,N
99-1563.69,5.C.1,Required Level of Education,RL,12,7.96,N
99-1564.70,5.C.1,Required Level of Education,RL,1,43.97,N
99-1564.70,5.C.1,Required Level of Education,RL,2,52.81,N
99-1564.70,5.C.1,Required Level of Education,RL,3,43.40,N
99-1564.70,5.C.1,Required Level of Education,RL,4,16.17,N
99-1564.70,5.C.1,Required Level of Education,RL,5,18.41,N
99-1564.70,5.C.1,Required Level of Education,RL,6,6.57,N
99-1564.70,5.C.1,Required Level of Education,RL,7,2.02,N
99-1564.70,5.C.1,Required Level of Education,RL,8,5.91,N
99-1564.70,5.C.1,Required Level of Education,RL,9,3.02,N
99-1564.70,5.C.1,Required Level of Education,RL,10,1.01,N
99-1564.70,5.C.1,Required Level of Education,RL,11,3.76,N
99-1564.70,5.C.1,Required Level of Education,RL,12,7.74,N
99-1565.71,5.C.1,Required Level of Education,RL,1,47.41,N
99-1565.71,5.C.1,Required Level of Education,RL,2,50.25,N
99-1565.71,5.C.1,Required Level of Education,RL,3,49.93,N
99-1565.71,5.C.1,Required Level of Education,RL,4,9.38,N
99-1565.71,5.C.1,Required Level of Education,RL,5,21.10,N
99-1565.71,5.C.1,Required Level of Education,RL,6,10.04,N
99-1565.71,5.C.1,Required Level of Education,RL,7,3.80,N
99-1565.71,5.C.1,Required Level of Education,RL,8,1.50,N
99-1565.71,5.C.1,Required Level of Education,RL,9,6.91,N
99-1565.71,5.C.1,Required Level of Education,RL,10,2.86,N
99-1565.71,5.C.1,Required Level of Education,RL,11,5.07,N
99-1565.71,5.C.1,Required Level of Education,RL,12,2.70,N
99-1566.72,5.C.1,Required Level of Education,RL,1,48.74,N
99-1566.72,5.C.1,Required Level of Education,RL,2,31.01,N
99-1566.72,5.C.1,Required Level of Education,RL,3,40.98,N
99-1566.72,5.C.1,Required Level of Education,RL,4,11.66,N
99-1566.72,5.C.1,Required Level of Education,RL,5,12.70,N
99-1566.72,5.C.1,Required Level of Education,RL,6,8.36,N
99-1566.72,5.C.1,Required Level of Education,RL,7,5.19,N
99-1566.72,5.C.1,Required Level of Education,RL,8,6.50,N
99-1566.72,5.C.1,Required Level of Education,RL,9,5.46,N
99-1566.72,5.C.1,Required Level of Education,RL,10,3.24,N
99-1566.72,5.C.1,Required Level of Education,RL,11,5.34,N
99-1566.72,5.C.1,Required Level of Education,RL,12,7.97,N
99-1567.73,5.C.1,Required Level of Education,RL,1,63.13,N
99-1567.73,5.C.1,Required Level of Education,RL,2,47.69,N
99-1567.73,5.C.1,Required Level of Education,RL,3,36.94,N
99-1567.73,5.C.1,Required Level of Education,RL,4,5.71,N
99-1567.73,5.C.1,Required Level of Education,RL,5,21.37,N
99-1567.73,5.C.1,Required Level of Education,RL,6,6.22,N
99-1567.73,5.C.1,Required Level of Education,RL,7,1.44,N
99-1567.73,5.C.1,Required Level of Education,RL,8,3.16,N
99-1567.73,5.C.1,Required Level of Education,RL,9,3.03,N
99-1567.73,5.C.1,Required Level of Education,RL,10,5.41,N
99-1567.73,5.C.1,Required Level of Education,RL,11,2.40,N
99-1567.73,5.C.1,Required Level of Education,RL,12,3.86,N
99-1568.74,5.C.1,Required Level of Education,RL,1,62.90,N
99-1568.74,5.C.1,Required Level of Education,RL,2,59.97,N
99-1568.74,5.C.1,Required Level of Education,RL,3,56.81,N
99-1568.74,5.C.1,Required Level of Education,RL,4,10.76,N
99-1568.74,5.C.1,Required Level of Education,RL,5,21.05,N
99-1568.74,5.C.1,Required Level of Education,RL,6,19.92,N
99-1568.74,5.C.1,Required Level of Education,RL,7,6.94,N
99-1568.74,5.C.1,Required Level of Education,RL,8,5.61,N
99-1568.74,5.C.1,Required Level of Education,RL,9,4.60,N
99-1568.74,5.C.1,Required Level of Education,RL,10,1.68,N
99-1568.74,5.C.1,Required Level of Education,RL,11,3.92,N
99-1568.74,5.C.1,Required Level of Education,RL,12,5.65,N
99-1569.75,5.C.1,Required Level of Education,RL,1,10.64,N
99-1569.75,5.C.1,Required Level of Education,RL,2,8.92,N
99-1569.75,5.C.1,Required Level of Education,RL,3,6.85,N
99-1569.75,5.C.1,Required Level of Education,RL,4,56.72,N
99-1569.75,5.C.1,Required Level of Education,RL,5,47.03,N
99-1569.75,5.C.1,Required Level of Education,RL,6,53.92,N
99-1569.75,5.C.1,Required Level of Education,RL,7,15.59,N
99-1569.75,5.C.1,Required Level of Education,RL,8,7.16,N
99-1569.75,5.C.1,Required Level of Education,RL,9,19.24,N
99-1569.75,5.C.1,Required Level of Education,RL,10,6.22,N
99-1569.75,5.C.1,Required Level of Education,RL,11,6.45,N
99-1569.75,5.C.1,Required Level of Education,RL,12,2.85,N
99-1570.76,5.C.1,Required Level of Education,RL,1,4.86,N
99-1570.76,5.C.1,Required Level of Education,RL,2,4.10,N
99-1570.76,5.C.1,Required Level of Education,RL,3,6.60,N
99-1570.76,5.C.1,Required Level of Education,RL,4,16.33,N
99-1570.76,5.C.1,Required Level of Education,RL,5,6.58,N
99-1570.76,5.C.1,Required Level of Education,RL,6,5.22,N
99-1570.76,5.C.1,Required Level of Education,RL,7,30.84,N
99-1570.76,5.C.1,Required Level of Education,RL,8,44.75,N
99-1570.76,5.C.1,Required Level of Education,RL,9,43.81,N
99-1570.76,5.C.1,Required Level of Education,RL,10,17.28,N
99-1570.76,5.C.1,Required Level of Education,RL,11,23.71,N
99-1570.76,5.C.1,Required Level of Education,RL,12,11.54,N
99-1571.77,5.C.1,Required Level of Education,RL,1,2.34,N
99-1571.77,5.C.1,Required Level of Education,RL,2,5.68,N
99-1571.77,5.C.1,Required Level of Education,RL,3,4.20,N
99-1571.77,5.C.1,Required Level of Education,RL,4,15.88,N
99-1571.77,5.C.1,Required Level of Education,RL,5,10.90,N
99-1571.77,5.C.1,Required Level of Education,RL,6,5.19,N
99-1571.77,5.C.1,Required Level of Education,RL,7,36.44,N
99-1571.77,5.C.1,Required Level of Education,RL,8,41.31,N
99-1571.77,5.C.1,Required Level of Education,RL,9,59.44,N
99-1571.77,5.C.1,Required Level of Education,RL,10,7.11,N
99-1571.77,5.C.1,Required Level of Education,RL,11,6.32,N
99-1571.77,5.C.1,Required Level of Education,RL,12,16.38,N
99-1572.78,5.C.1,Required Level of Education,RL,1,5.90,N
99-1572.78,5.C.1,Required Level of Education,RL,2,19.43,N
99-1572.78,5.C.1,Required Level of Education,RL,3,23.31,N
99-1572.78,5.C.1,Required Level of Education,RL,4,59.64,N
99-1572.78,5.C.1,Required Level of Education,RL,5,32.28,N
99-1572.78,5.C.1,Required Level of Education,RL,6,57.52,N
99-1572.78,5.C.1,Required Level of Education,RL,7,18.69,N
99-1572.78,5.C.1,Required Level of Education,RL,8,13.74,N
99-1572.78,5.C.1,Required Level of Education,RL,9,18.86,N
99-1572.78,5.C.1,Required Level of Education,RL,10,4.73,N
99-1572.78,5.C.1,Required Level of Education,RL,11,6.37,N
99-1572.78,5.C.1,Required Level of Education,RL,12,5.32,N
99-1573.79,5.C.1,Required Level of Education,RL,1,42.16,N
99-1573.79,5.C.1,Required Level of Education,RL,2,63.56,N
99-1573.79,5.C.1,Required Level of Education,RL,3,38.10,N
99-1573.79,5.C.1,Required Level of Education,RL,4,7.03,N
99-1573.79,5.C.1,Required Level of Education,RL,5,7.70,N
99-1573.79,5.C.1,Required Level of Education,RL,6,22.49,N
99-1573.79,5.C.1,Required Level of Education,RL,7,3.43,N
99-1573.79,5.C.1,Required Level of Education,RL,8,7.97,N
99-1573.79,5.C.1,Required Level of Education,RL,9,4.49,N
99-1573.79,5.C.1,Required Level of Education,RL,10,7.45,N
99-1573.79,5.C.1,Required Level of Education,RL,11,3.36,N
99-1573.79,5.C.1,Required Level of Education,RL,12,3.87,N
99-1574.80,5.C.1,Required Level of Education,RL,1,65.48,N
99-1574.80,5.C.1,Required Level of Education,RL,2,55.75,N
99-1574.80,5.C.1,Required Level of Education,RL,3,53.65,N
99-1574.80,5.C.1,Required Level of Education,RL,4,6.13,N
99-1574.80,5.C.1,Required Level of Education,RL,5,22.28,N
99-1574.80,5.C.1,Required Level of Education,RL,6,6.66,N
99-1574.80,5.C.1,Required Level of Education,RL,7,7.66,N
99-1574.80,5.C.1,Required Level of Education,RL,8,6.74,N
99-1574.80,5.C.1,Required Level of Education,RL,9,1.66,N
99-1574.80,5.C.1,Required Level of Education,RL,10,7.73,N
99-1574.80,5.C.1,Required Level of Education,RL,11,6.84,N
99-1574.80,5.C.1,Required Level of Education,RL,12,2.58,N
99-1575.81,5.C.1,Required Level of Education,RL,1,62.60,N
99-1575.81,5.C.1,Required Level of Education,RL,2,55.42,N
99-1575.81,5.C.1,Required Level of Education,RL,3,50.06,N
99-1575.81,5.C.1,Required Level of Education,RL,4,13.89,N
99-1575.81,5.C.1,Required Level of Education,RL,5,19.08,N
99-1575.81,5.C.1,Required Level of Education,RL,6,14.69,N
99-1575.81,5.C.1,Required Level of Education,RL,7,6.77,N
99-1575.81,5.C.1,Required Level of Education,RL,8,7.35,N
99-1575.81,5.C.1,Required Level of Education,RL,9,6.69,N
99-1575.81,5.C.1,Required Level of Education,RL,10,4.05,N
99-1575.81,5.C.1,Required Level of Education,RL,11,7.06,N
99-1575.81,5.C.1,Required Level of Education,RL,12,7.46,N
99-1576.82,5.C.1,Required Level of Education,RL,1,62.71,N
99-1576.82,5.C.1,Required Level of Education,RL,2,32.32,N
99-1576.82,5.C.1,Required Level of Education,RL,3,39.25,N
99-1576.82,5.C.1,Required Level of Education,RL,4,20.30,N
99-1576.82,5.C.1,Required Level of Education,RL,5,11.40,N
99-1576.82,5.C.1,Required Level of Education,RL,6,15.66,N
99-1576.82,5.C.1,Required Level of Education,RL,7,2.13,N
99-1576.82,5.C.1,Required Level of Education,RL,8,3.18,N
99-1576.82,5.C.1,Required Level of Education,RL,9,4.19,N
99-1576.82,5.C.1,Required Level of Education,RL,10,4.13,N
99-1576.82,5.C.1,Required Level of Education,RL,11,6.94,N
99-1576.82,5.C.1,Required Level of Education,RL,12,7.10,N
99-1577.83,5.C.1,Required Level of Education,RL,1,47.86,N
99-1577.83,5.C.1,Required Level of Education,RL,2,44.65,N
99-1577.83,5.C.1,Required Level of Education,RL,3,61.38,N
99-1577.83,5.C.1,Required Level of Education,RL,4,16.36,N
99-1577.83,5.C.1,Required Level of Education,RL,5,21.57,N
99-1577.83,5.C.1,Required Level of Education,RL,6,10.08,N
99-1577.83,5.C.1,Required Level of Education,RL,7,3.99,N
99-1577.83,5.C.1,Required Level of Education,RL,8,2.48,N
99-1577.83,5.C.1,Required Level of Education,RL,9,4.11,N
99-1577.83,5.C.1,Required Level of Education,RL,10,7.68,N
99-1577.83,5.C.1,Required Level of Education,RL,11,7.75,N
99-1577.83,5.C.1,Required Level of Education,RL,12,1.09,N
99-1578.84,5.C.1,Required Level of Education,RL,1,5.01,N
99-1578.84,5.C.1,Required Level of Education,RL,2,5.55,N
99-1578.84,5.C.1,Required Level of Education,RL,3,17.23,N
99-1578.84,5.C.1,Required Level of Education,RL,4,63.35,N
99-1578.84,5.C.1,Required Level of Education,RL,5,30.71,N
99-1578.84,5.C.1,Required Level of Education,RL,6,36.78,N
99-1578.84,5.C.1,Required Level of Education,RL,7,8.53,N
99-1578.84,5.C.1,Required Level of Education,RL,8,11.80,N
99-1578.84,5.C.1,Required Level of Education,RL,9,12.43,N
99-1578.84,5.C.1,Required Level of Education,RL,10,2.95,N
99-1578.84,5.C.1,Required Level of Education,RL,11,4.67,N
99-1578.84,5.C.1,Required Level of Education,RL,12,1.13,N
99-1579.85,5.C.1,Required Level of Education,RL,1,1.72,N
99-1579.85,5.C.1,Required Level of Education,RL,2,7.43,N
99-1579.85,5.C.1,Required Level of Education,RL,3,3.00,N
99-1579.85,5.C.1,Required Level of Education,RL,4,23.57,N
99-1579.85,5.C.1,Required Level of Education,RL,5,16.08,N
99-1579.85,5.C.1,Required Level of Education,RL,6,23.69,N
99-1579.85,5.C.1,Required Level of Education,RL,7,32.20,N
99-1579.85,5.C.1,Required Level of Education,RL,8,40.97,N
99-1579.85,5.C.1,Required Level of Education,RL,9,63.20,N
99-1579.85,5.C.1,Required Level of Education,RL,10,23.96,N
99-1579.85,5.C.1,Required Level of Education,RL,11,15.12,N
99-1579.85,5.C.1,Required Level of Education,RL,12,8.20,N
99-1580.86,5.C.1,Required Level of Education,RL,1,6.29,N
99-1580.86,5.C.1,Required Level of Education,RL,2,2.43,N
99-1580.86,5.C.1,Required Level of Education,RL,3,3.86,N
99-1580.86,5.C.1,Required Level of Education,RL,4,21.74,N
99-1580.86,5.C.1,Required Level of Education,RL,5,9.56,N
99-1580.86,5.C.1,Required Level of Education,RL,6,23.98,N
99-1580.86,5.C.1,Required Level of Education,RL,7,36.86,N
99-1580.86,5.C.1,Required Level of Education,RL,8,39.97,N
99-1580.86,5.C.1,Required Level of Education,RL,9,47.35,N
99-1580.86,5.C.1,Required Level of Education,RL,10,9.85,N
99-1580.86,5.C.1,Required Level of Education,RL,11,5.39,N
99-1580.86,5.C.1,Required Level of Education,RL,12,24.37,N
99-1581.87,5.C.1,Required Level of Education,RL,1,16.30,N
99-1581.87,5.C.1,Required Level of Education,RL,2,5.40,N
99-1581.87,5.C.1,Required Level of Education,RL,3,6.63,N
99-1581.87,5.C.1,Required Level of Education,RL,4,51.18,N
99-1581.87,5.C.1,Required Level of Education,RL,5,46.09,N
99-1581.87,5.C.1,Required Level of Education,RL,6,65.98,N
99-1581.87,5.C.1,Required Level of Education,RL,7,17.39,N
99-1581.87,5.C.1,Required Level of Education,RL,8,12.35,N
99-1581.87,5.C.1,Required Level of Education,RL,9,11.83,N
99-1581.87,5.C.1,Required Level of Education,RL,10,3.79,N
99-1581.87,5.C.1,Required Level of Education,RL,11,6.16,N
99-1581.87,5.C.1,Required Level of Education,RL,12,3.02,N
99-1582.88,5.C.1,Required Level of Education,RL,1,37.20,N
99-1582.88,5.C.1,Required Level of Education,RL,2,59.91,N
99-1582.88,5.C.1,Required Level of Education,RL,3,57.48,N
99-1582.88,5.C.1,Required Level of Education,RL,4,12.39,N
99-1582.88,5.C.1,Required Level of Education,RL,5,15.16,N
99-1582.88,5.C.1,Required Level of Education,RL,6,23.58,N
99-1582.88,5.C.1,Required Level of Education,RL,7,1.58,N
99-1582.88,5.C.1,Required Level of Education,RL,8,7.59,N
99-1582.88,5.C.1,Required Level of Education,RL,9,5.14,N
99-1582.88,5.C.1,Required Level of Education,RL,10,2.31,N
99-1582.88,5.C.1,Required Level of Education,RL,11,5.76,N
99-1582.88,5.C.1,Required Level of Education,RL,12,2.79,N
99-1583.89,5.C.1,Required Level of Education,RL,1,41.84,N
99-1583.89,5.C.1,Required Level of Education,RL,2,35.64,N
99-1583.89,5.C.1,Required Level of Education,RL,3,54.18,N
99-1583.89,5.C.1,Required Level of Education,RL,4,9.90,N
99-1583.89,5.C.1,Required Level of Education,RL,5,17.38,N
99-1583.89,5.C.1,Required Level of Education,RL,6,6.17,N
99-1583.89,5.C.1,Required Level of Education,RL,7,4.77,N
99-1583.89,5.C.1,Required Level of Education,RL,8,5.57,N
99-1583.89,5.C.1,Required Level of Education,RL,9,7.87,N
99-1583.89,5.C.1,Required Level of Education,RL,10,4.35,N
99-1583.89,5.C.1,Required Level of Education,RL,11,6.41,N
99-1583.89,5.C.1,Required Level of Education,RL,12,1.74,N
99-1584.90,5.C.1,Required Level of Education,RL,1,54.57,N
99-1584.90,5.C.1,Required Level of Education,RL,2,58.40,N
99-1584.90,5.C.1,Required Level of Education,RL,3,67.86,N
99-1584.90,5.C.1,Required Level of Education,RL,4,7.20,N
99-1584.90,5.C.1,Required Level of Education,RL,5,21.19,N
99-1584.90,5.C.1,Required Level of Education,RL,6,23.05,N
99-1584.90,5.C.1,Required Level of Education,RL,7,3.12,N
99-1584.90,5.C.1,Required Level of Education,RL,8,4.69,N
99-1584.90,5.C.1,Required Level of Education,RL,9,2.25,N
99-1584.90,5.C.1,Required Level of Education,RL,10,3.37,N
99-1584.90,5.C.1,Required Level of Education,RL,11,7.33,N
99-1584.90,5.C.1,Required Level of Education,RL,12,4.40,N
99-1585.91,5.C.1,Required Level of Education,RL,1,41.01,N
99-1585.91,5.C.1,Required Level of Education,RL,2,67.34,N
99-1585.91,5.C.1,Required Level of Education,RL,3,54.70,N
99-1585.91,5.C.1,Required Level of Education,RL,4,23.26,N
99-1585.91,5.C.1,Required Level of Education,RL,5,11.30,N
99-1585.91,5.C.1,Required Level of Education,RL,6,21.32,N
99-1585.91,5.C.1,Required Level of Education,RL,7,6.63,N
99-1585.91,5.C.1,Required Level of Education,RL,8,1.35,N
99-1585.91,5.C.1,Required Level of Education,RL,9,4.35,N
99-1585.91,5.C.1,Required Level of Education,RL,10,6.93,N
99-1585.91,5.C.1,Required Level of Education,RL,11,3.75,N
99-1585.91,5.C.1,Required Level of Education,RL,12,7.96,N
99-1586.92,5.C.1,Required Level of Education,RL,1,41.52,N
99-1586.92,5.C.1,Required Level of Education,RL,2,36.17,N
99-1586.92,5.C.1,Required Level of Education,RL,3,43.85,N
99-1586.92,5.C.1,Required Level of Education,RL,4,15.87,N
99-1586.92,5.C.1,Required Level of Education,RL,5,10.37,N
99-1586.92,5.C.1,Required Level of Education,RL,6,21.75,N
99-1586.92,5.C.1,Required Level of Education,RL,7,6.49,N
99-1586.92,5.C.1,Required Level of Education,RL,8,3.31,N
99-1586.92,5.C.1,Required Level of Education,RL,9,5.13,N
99-1586.92,5.C.1,Required Level of Education,RL,10,4.97,N
99-1586.92,5.C.1,Required Level of Education,RL,11,3.22,N
99-1586.92,5.C.1,Required Level of Education,RL,12,2.01,N
99-1587.93,5.C.1,Required Level of Education,RL,1,13.76,N
99-1587.93,5.C.1,Required Level of Education,RL,2,9.46,N
99-1587.93,5.C.1,Required Level of Education,RL,3,20.17,N
99-1587.93,5.C.1,Required Level of Education,RL,4,38.60,N
99-1587.93,5.C.1,Required Level of Education,RL,5,52.76,N
99-1587.93,5.C.1,Required Level of Education,RL,6,61.42,N
99-1587.93,5.C.1,Required Level of Education,RL,7,24.59,N
99-1587.93,5.C.1,Required Level of Education,RL,8,10.56,N
99-1587.93,5.C.1,Required Level of Education,RL,9,20.48,N
99-1587.93,5.C.1,Required Level of Education,RL,10,3.39,N
99-1587.93,5.C.1,Required Level of Education,RL,11,3.66,N
99-1587.93,5.C.1,Required Level of Education,RL,12,6.54,N
99-1588.94,5.C.1,Required Level of Education,RL,1,4.22,N
99-1588.94,5.C.1,Required Level of Education,RL,2,7.35,N
99-1588.94,5.C.1,Required Level of Education,RL,3,3.58,N
99-1588.94,5.C.1,Required Level of Education,RL,4,22.82,N
99-1588.94,5.C.1,Required Level of Education,RL,5,15.89,N
99-1588.94,5.C.1,Required Level of Education,RL,6,16.16,N
99-1588.94,5.C.1,Required Level of Education,RL,7,62.99,N
99-1588.94,5.C.1,Required Level of Education,RL,8,33.75,N
99-1588.94,5.C.1,Required Level of Education,RL,9,51.23,N
99-1588.94,5.C.1,Required Level of Education,RL,10,13.55,N
99-1588.94,5.C.1,Required Level of Education,RL,11,13.96,N
99-1588.94,5.C.1,Required Level of Education,RL,12,19.07,N
99-1589.95,5.C.1,Required Level of Education,RL,1,1.74,N
99-1589.95,5.C.1,Required Level of Education,RL,2,4.70,N
99-1589.95,5.C.1,Required Level of Education,RL,3,1.80,N
99-1589.95,5.C.1,Required Level of Education,RL,4,8.29,N
99-1589.95,5.C.1,Required Level of Education,RL,5,8.04,N
99-1589.95,5.C.1,Required Level of Education,RL,6,8.44,N
99-1589.95,5.C.1,Required Level of Education,RL,7,43.00,N
99-1589.95,5.C.1,Required Level of Education,RL,8,48.41,N
99-1589.95,5.C.1,Required Level of Education,RL,9,40.97,N
99-1589.95,5.C.1,Required Level of Education,RL,10,22.10,N
99-1589.95,5.C.1,Required Level of Education,RL,11,13.52,N
99-1589.95,5.C.1,Required Level of Education,RL,12,7.14,N
99-1590.96,5.C.1,Required Level of Education,RL,1,20.72,N
99-1590.96,5.C.1,Required Level of Education,RL,2,23.32,N
99-1590.96,5.C.1,Required Level of Education,RL,3,22.69,N
99-1590.96,5.C.1,Required Level of Education,RL,4,53.72,N
99-1590.96,5.C.1,Required Level of Education,RL,5,66.81,N
99-1590.96,5.C.1,Required Level of Education,RL,6,41.66,N
99-1590.96,5.C.1,Required Level of Education,RL,7,14.69,N
99-1590.96,5.C.1,Required Level of Education,RL,8,11.84,N
99-1590.96,5.C.1,Required Level of Education,RL,9,14.02,N
99-1590.96,5.C.1,Required Level of Education,RL,10,6.98,N
99-1590.96,5.C.1,Required Level of Education,RL,11,1.81,N
99-1590.96,5.C.1,Required Level of Education,RL,12,1.01,N
99-1591.97,5.C.1,Required Level of Education,RL,1,51.54,N
99-1591.97,5.C.1,Required Level of Education,RL,2,69.55,N
99-1591.97,5.C.1,Required Level of Education,RL,3,44.65,N
99-1591.97,5.C.1,Required Level of Education,RL,4,20.77,N
99-1591.97,5.C.1,Required Level of Education,RL,5,15.56,N
99-1591.97,5.C.1,Required Level of Education,RL,6,20.32,N
99-1591.97,5.C.1,Required Level of Education,RL,7,6.00,N
99-1591.97,5.C.1,Required Level of Education,RL,8,5.48,N
99-1591.97,5.C.1,Required Level of Education,RL,9,4.61,N
99-1591.97,5.C.1,Required Level of Education,RL,10,3.90,N
99-1591.97,5.C.1,Required Level of Education,RL,11,3.54,N
99-1591.97,5.C.1,Required Level of Education,RL,12,6.14,N
99-1592.98,5.C.1,Required Level of Education,RL,1,48.52,N
99-1592.98,5.C.1,Required Level of Education,RL,2,47.37,N
99-1592.98,5.C.1,Required Level of Education,RL,3,44.64,N
99-1592.98,5.C.1,Required Level of Education,RL,4,9.37,N
99-1592.98,5.C.1,Required Level of Education,RL,5,9.55,N
99-1592.98,5.C.1,Required Level of Education,RL,6,6.51,N
99-1592.98,5.C.1,Required Level of Education,RL,7,5.12,N
99-1592.98,5.C.1,Required Level of Education,RL,8,6.66,N
99-1592.98,5.C.1,Required Level of Education,RL,9,2.08,N
99-1592.98,5.C.1,Required Level of Education,RL,10,6.53,N
99-1592.98,5.C.1,Required Level of Education,RL,11,2.76,N
99-1592.98,5.C.1,Required Level of Education,RL,12,3.17,N
99-1593.99,5.C.1,Required Level of Education,RL,1,67.57,N
99-1593.99,5.C.1,Required Level of Education,RL,2,52.12,N
99-1593.99,5.C.1,Required Level of Education,RL,3,55.66,N
99-1593.99,5.C.1,Required Level of Education,RL,4,20.48,N
99-1593.99,5.C.1,Required Level of Education,RL,5,14.45,N
99-1593.99,5.C.1,Required Level of Education,RL,6,21.42,N
99-1593.99,5.C.1,Required Level of Education,RL,7,1.90,N
99-1593.99,5.C.1,Required Level of Education,RL,8,1.32,N
99-1593.99,5.C.1,Required Level of Education,RL,9,5.93,N
99-1593.99,5.C.1,Required Level of Education,RL,10,2.94,N
99-1593.99,5.C.1,Required Level of Education,RL,11,3.26,N
99-1593.99,5.C.1,Required Level of Education,RL,12,1.40,N
99-1594.01,5.C.1,Required Level of Education,RL,1,40.08,N
99-1594.01,5.C.1,Required Level of Education,RL,2,36.13,N
99-1594.01,5.C.1,Required Level of Education,RL,3,57.39,N
99-1594.01,5.C.1,Required Level of Education,RL,4,5.94,N
99-1594.01,5.C.1,Required Level of Education,RL,5,10.17,N
99-1594.01,5.C.1,Required Level of Education,RL,6,11.75,N
99-1594.01,5.C.1,Required Level of Education,RL,7,2.52,N
99-1594.01,5.C.1,Required Level of Education,RL,8,2.97,N
99-1594.01,5.C.1,Required Level of Education,RL,9,3.32,N
99-1594.01,5.C.1,Required Level of Education,RL,10,6.08,N
99-1594.01,5.C.1,Required Level of Education,RL,11,3.48,N
99-1594.01,5.C.1,Required Level of Education,RL,12,2.28,N
99-1595.02,5.C.1,Required Level of Education,RL,1,64.59,N
99-1595.02,5.C.1,Required Level of Education,RL,2,51.26,N
99-1595.02,5.C.1,Required Level of Education,RL,3,34.71,N
99-1595.02,5.C.1,Required Level of Education,RL,4,15.11,N
99-1595.02,5.C.1,Required Level of Education,RL,5,20.36,N
99-1595.02,5.C.1,Required Level of Education,RL,6,16.23,N
99-1595.02,5.C.1,Required Level of Education,RL,7,2.76,N
99-1595.02,5.C.1,Required Level of Education,RL,8,1.89,N
99-1595.02,5.C.1,Required Level of Education,RL,9,6.10,N
99-1595.02,5.C.1,Required Level of Education,RL,10,6.41,N
99-1595.02,5.C.1,Required Level of Education,RL,11,5.34,N
99-1595.02,5.C.1,Required Level of Education,RL,12,1.10,N
99-1596.03,5.C.1,Required Level of Education,RL,1,13.46,N
99-1596.03,5.C.1,Required Level of Education,RL,2,17.96,N
99-1596.03,5.C.1,Required Level of Education,RL,3,7.77,N
99-1596.03,5.C.1,Required Level of Education,RL,4,49.38,N
99-1596.03,5.C.1,Required Level of Education,RL,5,67.43,N
99-1596.03,5.C.1,Required Level of Education,RL,6,66.89,N
99-1596.03,5.C.1,Required Level of Education,RL,7,17.85,N
99-1596.03,5.C.1,Required Level of Education,RL,8,7.27,N
99-1596.03,5.C.1,Required Level of Education,RL,9,21.19,N
99-1596.03,5.C.1,Required Level of Education,RL,10,7.28,N
99-1596.03,5.C.1,Required Level of Education,RL,11,4.98,N
99-1596.03,5.C.1,Required Level of Education,RL,12,5.17,N
99-1597.04,5.C.1,Required Level of Education,RL,1,6.65,N
99-1597.04,5.C.1,Required Level of Education,RL,2,6.31,N
99-1597.04,5.C.1,Required Level of Education,RL,3,1.63,N
99-1597.04,5.C.1,Required Level of Education,RL,4,17.32,N
99-1597.04,5.C.1,Required Level of Education,RL,5,15.98,N
99-1597.04,5.C.1,Required Level of Education,RL,6,14.07,N
99-1597.04,5.C.1,Required Level of Education,RL,7,30.81,N
99-1597.04,5.C.1,Required Level of Education,RL,8,60.99,N
99-1597.04,5.C.1,Required Level of Education,RL,9,43.47,N
99-1597.04,5.C.1,Required Level of Education,RL,10,9.90,N
99-1597.04,5.C.1,Required Level of Education,RL,11,10.95,N
99-1597.04,5.C.1,Required Level of Education,RL,12,20.67,N
99-1598.05,5.C.1,Required Level of Education,RL,1,6.28,N
99-1598.05,5.C.1,Required Level of Education,RL,2,3.27,N
99-1598.05,5.C.1,Required Level of Education,RL,3,1.10,N
99-1598.05,5.C.1,Required Level of Education,RL,4,14.85,N
99-1598.05,5.C.1,Required Level of Education,RL,5,22.70,N
99-1598.05,5.C.1,Required Level of Education,RL,6,7.83,N
99-1598.05,5.C.1,Required Level of Education,RL,7,52.28,N
99-1598.05,5.C.1,Required Level of Education,RL,8,60.68,N
99-1598.05,5.C.1,Required Level of Education,RL,9,51.60,N
99-1598.05,5.C.1,Required Level of Education,RL,10,9.81,N
99-1598.05,5.C.1,Required Level of Education,RL,11,8.24,N
99-1598.05,5.C.1,Required Level of Education,RL,12,17.57,N
99-1599.06,5.C.1,Required Level of Education,RL,1,21.42,N
99-1599.06,5.C.1,Required Level of Education,RL,2,6.73,N
99-1599.06,5.C.1,Required Level of Education,RL,3,19.51,N
99-1599.06,5.C.1,Required Level of Education,RL,4,69.18,N
99-1599.06,5.C.1,Required Level of Education,RL,5,61.79,N
99-1599.06,5.C.1,Required Level of Education,RL,6,56.40,N
99-1599.06,5.C.1,Required Level of Education,RL,7,12.80,N
99-1599.06,5.C.1,Required Level of Education,RL,8,22.14,N
99-1599.06,5.C.1,Required Level of Education,RL,9,17.81,N
99-1599.06,5.C.1,Required Level of Education,RL,10,1.47,N
99-1599.06,5.C.1,Required Level of Education,RL,11,4.52,N
99-1599.06,5.C.1,Required Level of Education,RL,12,1.56,N
99-1600.07,5.C.1,Required Level of Education,RL,1,45.26,N
99-1600.07,5.C.1,Required Level of Education,RL,2,38.59,N
99-1600.07,5.C.1,Required Level of Education,RL,3,60.11,N
99-1600.07,5.C.1,Required Level of Education,RL,4,12.79,N
99-1600.07,5.C.1,Required Level of Education,RL,5,15.41,N
99-1600.07,5.C.1,Required Level of Education,RL,6,9.50,N
99-1600.07,5.C.1,Required Level of Education,RL,7,2.62,N
99-1600.07,5.C.1,Required Level of Education,RL,8,2.83,N
99-1600.07,5.C.1,Required Level of Education,RL,9,6.55,N
99-1600.07,5.C.1,Required Level of Education,RL,10,6.84,N
99-1600.07,5.C.1,Required Level of Education,RL,11,5.24,N
99-1600.07,5.C.1,Required Level of Education,RL,12,5.60,N
99-1601.08,5.C.1,Required Level of Education,RL,1,48.10,N
99-1601.08,5.C.1,Required Level of Education,RL,2,57.38,N
99-1601.08,5.C.1,Required Level of Education,RL,3,31.05,N
99-1601.08,5.C.1,Required Level of Education,RL,4,24.04,N
99-1601.08,5.C.1,Required Level of Education,RL,5,6.77,N
99-1601.08,5.C.1,Required Level of Education,RL,6,9.55,N
99-1601.08,5.C.1,Required Level of Education,RL,7,5.07,N
99-1601.08,5.C.1,Required Level of Education,RL,8,7.41,N
99-1601.08,5.C.1,Required Level of Education,RL,9,4.06,N
99-1601.08,5.C.1,Required Level of Education,RL,10,3.32,N
99-1601.08,5.C.1,Required Level of Education,RL,11,2.74,N
99-1601.08,5.C.1,Required Level of Education,RL,12,7.86,N
99-1602.09,5.C.1,Required Level of Education,RL,1,40.92,N
99-1602.09,5.C.1,Required Level of Education,RL,2,45.80,N
99-1602.09,5.C.1,Required Level of Education,RL,3,52.03,N
99-1602.09,5.C.1,Required Level of Education,RL,4,15.43,N
99-1602.09,5.C.1,Required Level of Education,RL,5,13.05,N
99-1602.09,5.C.1,Required Level of Education,RL,6,16.80,N
99-1602.09,5.C.1,Required Level of Education,RL,7,7.88,N
99-1602.09,5.C.1,Required Level of Education,RL,8,3.61,N
99-1602.09,5.C.1,Required Level of Education,RL,9,7.69,N
99-1602.09,5.C.1,Required Level of Education,RL,10,7.79,N
99-1602.09,5.C.1,Required Level of Education,RL,11,3.59,N
99-1602.09,5.C.1,Required Level of Education,RL,12,4.81,N
99-1603.10,5.C.1,Required Level of Education,RL,1,69.38,N
99-1603.10,5.C.1,Required Level of Education,RL,2,60.11,N
99-1603.10,5.C.1,Required Level of Education,RL,3,54.62,N
99-1603.10,5.C.1,Required Level of Education,RL,4,5.48,N
99-1603.10,5.C.1,Required Level of Education,RL,5,7.11,N
99-1603.10,5.C.1,Required Level of Education,RL,6,23.32,N
99-1603.10,5.C.1,Required Level of Education,RL,7,7.87,N
99-1603.10,5.C.1,Required Level of Education,RL,8,4.27,N
99-1603.10,5.C.1,Required Level of Education,RL,9,1.45,N
99-1603.10,5.C.1,Required Level of Education,RL,10,6.50,N
99-1603.10,5.C.1,Required Level of Education,RL,11,3.84,N
99-1603.10,5.C.1,Required Level of Education,RL,12,2.28,N
99-1604.11,5.C.1,Required Level of Education,RL,1,53.05,N
99-1604.11,5.C.1,Required Level of Education,RL,2,45.10,N
99-1604.11,5.C.1,Required Level of Education,RL,3,69.71,N
99-1604.11,5.C.1,Required Level of Education,RL,4,6.58,N
99-1604.11,5.C.1,Required Level of Education,RL,5,22.95,N
99-1604.11,5.C.1,Required Level of Education,RL,6,9.22,N
99-1604.11,5.C.1,Required Level of Education,RL,7,7.11,N
99-1604.11,5.C.1,Required Level of Education,RL,8,1.08,N
99-1604.11,5.C.1,Required Level of Education,RL,9,7.63,N
99-1604.11,5.C.1,Required Level of Education,RL,10,7.70,N
99-1604.11,5.C.1,Required Level of Education,RL,11,3.38,N
99-1604.11,5.C.1,Required Level of Education,RL,12,5.26,N
99-1605.12,5.C.1,Required Level of Education,RL,1,21.07,N
99-1605.12,5.C.1,Required Level of Education,RL,2,11.42,N
99-1605.12,5.C.1,Required Level of Education,RL,3,24.97,N
99-1605.12,5.C.1,Required Level of Education,RL,4,69.56,N
99-1605.12,5.C.1,Required Level of Education,RL,5,68.26,N
99-1605.12,5.C.1,Required Level of Education,RL,6,44.14,N
99-1605.12,5.C.1,Required Level of Education,RL,7,10.32,N
99-1605.12,5.C.1,Required Level of Education,RL,8,17.87,N
99-1605.12,5.C.1,Required Level of Education,RL,9,21.47,N
99-1605.12,5.C.1,Required Level of Education,RL,10,4.67,N
99-1605.12,5.C.1,Required Level of Education,RL,11,5.19,N
99-1605.12,5.C.1,Required Level of Education,RL,12,5.84,N
99-1606.13,5.C.1,Required Level of Education,RL,1,3.88,N
99-1606.13,5.C.1,Required Level of Education,RL,2,1.44,N
99-1606.13,5.C.1,Required Level of Education,RL,3,5.79,N
99-1606.13,5.C.1,Required Level of Education,RL,4,11.47,N
99-1606.13,5.C.1,Required Level of Education,RL,5,12.13,N
99-1606.13,5.C.1,Required Level of Education,RL,6,16.20,N
99-1606.13,5.C.1,Required Level of Education,RL,7,67.55,N
99-1606.13,5.C.1,Required Level of Education,RL,8,55.93,N
99-1606.13,5.C.1,Required Level of Education,RL,9,63.19,N
99-1606.13,5.C.1,Required Level of Education,RL,10,13.19,N
99-1606.13,5.C.1,Required Level of Education,RL,11,20.26,N
99-1606.13,5.C.1,Required Level of Education,RL,12,6.39,N
99-1607.14,5.C.1,Required Level of Education,RL,1,3.67,N
99-1607.14,5.C.1,Required Level of Education,RL,2,7.30,N
99-1607.14,5.C.1,Required Level of Education,RL,3,5.17,N
99-1607.14,5.C.1,Required Level of Education,RL,4,15.41,N
99-1607.14,5.C.1,Required Level of Education,RL,5,22.80,N
99-1607.14,5.C.1,Required Level of Education,RL,6,18.64,N
99-1607.14,5.C.1,Required Level of Education,RL,7,51.61,N
99-1607.14,5.C.1,Required Level of Education,RL,8,60.79,N
99-1607.14,5.C.1,Required Level of Education,RL,9,32.51,N
99-1607.14,5.C.1,Required Level of Education,RL,10,22.11,N
99-1607.14,5.C.1,Required Level of Education,RL,11,19.23,N
99-1607.14,5.C.1,Required Level of Education,RL,12,23.17,N
99-1608.15,5.C.1,Required Level of Education,RL,1,16.85,N
99-1608.15,5.C.1,Required Level of Education,RL,2,18.27,N
99-1608.15,5.C.1,Required Level of Education,RL,3,11.31,N
99-1608.15,5.C.1,Required Level of Education,RL,4,50.17,N
99-1608.15,5.C.1,Required Level of Education,RL,5,36.13,N
99-1608.15,5.C.1,Required Level of Education,RL,6,42.04,N
99-1608.15,5.C.1,Required Level of Education,RL,7,15.28,N
99-1608.15,5.C.1,Required Level of Education,RL,8,17.56,N
99-1608.15,5.C.1,Required Level of Education,RL,9,23.41,N
99-1608.15,5.C.1,Required Level of Education,RL,10,6.70,N
99-1608.15,5.C.1,Required Level of Education,RL,11,4.54,N
99-1608.15,5.C.1,Required Level of Education,RL,12,2.29,N
99-1609.16,5.C.1,Required Level of Education,RL,1,32.08,N
99-1609.16,5.C.1,Required Level of Education,RL,2,45.07,N
99-1609.16,5.C.1,Required Level of Education,RL,3,60.71,N
99-1609.16,5.C.1,Required Level of Education,RL,4,20.02,N
99-1609.16,5.C.1,Required Level of Education,RL,5,15.64,N
99-1609.16,5.C.1,Required Level of Education,RL,6,21.01,N
99-1609.16,5.C.1,Required Level of Education,RL,7,2.87,N
99-1609.16,5.C.1,Required Level of Education,RL,8,6.56,N
99-1609.16,5.C.1,Required Level of Education,RL,9,3.59,N
99-1609.16,5.C.1,Required Level of Education,RL,10,1.51,N
99-1609.16,5.C.1,Required Level of Education,RL,11,5.00,N
99-1609.16,5.C.1,Required Level of Education,RL,12,6.36,N
99-1610.17,5.C.1,Required Level of Education,RL,1,44.81,N
99-1610.17,5.C.1,Required Level of Education,RL,2,46.60,N
99-1610.17,5.C.1,Required Level of Education,RL,3,38.83,N
99-1610.17,5.C.1,Required Level of Education,RL,4,8.67,N
99-1610.17,5.C.1,Required Level of Education,RL,5,14.06,N
99-1610.17,5.C.1,Required Level of Education,RL,6,22.01,N
99-1610.17,5.C.1,Required Level of Education,RL,7,2.26,N
99-1610.17,5.C.1,Required Level of Education,RL,8,3.32,N
99-1610.17,5.C.1,Required Level of Education,RL,9,1.55,N
99-1610.17,5.C.1,Required Level of Education,RL,10,1.21,N
99-1610.17,5.C.1,Required Level of Education,RL,11,5.01,N
99-1610.17,5.C.1,Required Level of Education,RL,12,3.56,N
99-1611.18,5.C.1,Required Level of Education,RL,1,36.73,N
99-1611.18,5.C.1,Required Level of Education,RL,2,64.16,N
99-1611.18,5.C.1,Required Level of Education,RL,3,52.01,N
99-1611.18,5.C.1,Required Level of Education,RL,4,5.23,N
99-1611.18,5.C.1,Required Level of Education,RL,5,11.18,N
99-1611.18,5.C.1,Required Level of Education,RL,6,6.26,N
99-1611.18,5.C.1,Required Level of Education,RL,7,2.69,N
99-1611.18,5.C.1,Required Level of Education,RL,8,5.51,N
99-1611.18,5.C.1,Required Level of Education,RL,9,7.83,N
99-1611.18,5.C.1,Required Level of Education,RL,10,7.59,N
99-1611.18,5.C.1,Required Level of Education,RL,11,2.68,N
99-1611.18,5.C.1,Required Level of Education,RL,12,1.35,N
99-1612.19,5.C.1,Required Level of Education,RL,1,55.64,N
99-1612.19,5.C.1,Required Level of Education,RL,2,30.38,N
99-1612.19,5.C.1,Required Level of Education,RL,3,65.70,N
99-1612.19,5.C.1,Required Level of Education,RL,4,11.20,N
99-1612.19,5.C.1,Required Level of Education,RL,5,14.41,N
99-1612.19,5.C.1,Required Level of Education,RL,6,19.26,N
99-1612.19,5.C.1,Required Level of Education,RL,7,2.83,N
99-1612.19,5.C.1,Required Level of Education,RL,8,7.39,N
99-1612.19,5.C.1,Required Level of Education,RL,9,5.83,N
99-1612.19,5.C.1,Required Level of Education,RL,10,7.56,N
99-1612.19,5.C.1,Required Level of Education,RL,11,6.90,N
99-1612.19,5.C.1,Required Level of Education,RL,12,3.45,N
99-1613.20,5.C.1,Required Level of Education,RL,1,36.93,N
99-1613.20,5.C.1,Required Level of Education,RL,2,67.23,N
99-1613.20,5.C.1,Required Level of Education,RL,3,48.48,N
99-1613.20,5.C.1,Required Level of Education,RL,4,19.37,N
99-1613.20,5.C.1,Required Level of Education,RL,5,17.39,N
99-1613.20,5.C.1,Required Level of Education,RL,6,15.41,N
99-1613.20,5.C.1,Required Level of Education,RL,7,7.36,N
99-1613.20,5.C.1,Required Level of Education,RL,8,7.25,N
99-1613.20,5.C.1,Required Level of Education,RL,9,7.78,N
99-1613.20,5.C.1,Required Level of Education,RL,10,4.58,N
99-1613.20,5.C.1,Required Level of Education,RL,11,7.10,N
99-1613.20,5.C.1,Required Level of Education,RL,12,3.58,N
99-1614.21,5.C.1,Required Level of Education,RL,1,20.54,N
99-1614.21,5.C.1,Required Level of Education,RL,2,6.57,N
99-1614.21,5.C.1,Required Level of Education,RL,3,7.74,N
99-1614.21,5.C.1,Required Level of Education,RL,4,55.13,N
99-1614.21,5.C.1,Required Level of Education,RL,5,43.29,N
99-1614.21,5.C.1,Required Level of Education,RL,6,34.30,N
99-1614.21,5.C.1,Required Level of Education,RL,7,5.87,N
99-1614.21,5.C.1,Required Level of Education,RL,8,21.27,N
99-1614.21,5.C.1,Required Level of Education,RL,9,20.33,N
99-1614.21,5.C.1,Required Level of Education,RL,10,3.24,N
99-1614.21,5.C.1,Required Level of Education,RL,11,7.25,N
99-1614.21,5.C.1,Required Level of Education,RL,12,5.52,N
99-1615.22,5.C.1,Required Level of Education,RL,1,6.88,N
99-1615.22,5.C.1,Required Level of Education,RL,2,7.31,N
99-1615.22,5.C.1,Required Level of Education,RL,3,6.85,N
99-1615.22,5.C.1,Required Level of Education,RL,4,14.29,N
99-1615.22,5.C.1,Required Level of Education,RL,5,10.58,N
99-1615.22,5.C.1,Required Level of Education,RL,6,20.54,N
99-1615.22,5.C.1,Required Level of Education,RL,7,33.28,N
99-1615.22,5.C.1,Required Level of Education,RL,8,53.08,N
99-1615.22,5.C.1,Required Level of Education,RL,9,48.04,N
99-1615.22,5.C.1,Required Level of Education,RL,10,22.64,N
99-1615.22,5.C.1,Required Level of Education,RL,11,7.78,N
99-1615.22,5.C.1,Required Level of Education,RL,12,17.07,N
99-1616.23,5.C.1,Required Level of Education,RL,1,4.74,N
99-1616.23,5.C.1,Required Level of Education,RL,2,2.11,N
99-1616.23,5.C.1,Required Level of Education,RL,3,7.01,N
99-1616.23,5.C.1,Required Level of Education,RL,4,17.20,N
99-1616.23,5.C.1,Required Level of Education,RL,5,14.34,N
99-1616.23,5.C.1,Required Level of Education,RL,6,15.61,N
99-1616.23,5.C.1,Required Level of Education,RL,7,52.51,N
99-1616.23,5.C.1,Required Level of Education,RL,8,59.23,N
99-1616.23,5.C.1,Required Level of Education,RL,9,50.42,N
99-1616.23,5.C.1,Required Level of Education,RL,10,7.47,N
99-1616.23,5.C.1,Required Level of Education,RL,11,23.51,N
99-1616.23,5.C.1,Required Level of Education,RL,12,22.47,N
99-1617.24,5.C.1,Required Level of Education,RL,1,9.81,N
99-1617.24,5.C.1,Required Level of Education,RL,2,11.34,N
99-1617.24,5.C.1,Required Level of Education,RL,3,16.68,N
99-1617.24,5.C.1,Required Level of Education,RL,4,52.57,N
99-1617.24,5.C.1,Required Level of Education,RL,5,63.57,N
99-1617.24,5.C.1,Required Level of Education,RL,6,52.85,N
99-1617.24,5.C.1,Required Level of Education,RL,7,22.17,N
99-1617.24,5.C.1,Required Level of Education,RL,8,23.05,N
99-1617.24,5.C.1,Required Level of Education,RL,9,16.73,N
99-1617.24,5.C.1,Required Level of Education,RL,10,2.95,N
99-1617.24,5.C.1,Required Level of Education,RL,11,1.40,N
99-1617.24,5.C.1,Required Level of Education,RL,12,7.75,N
99-1618.25,5.C.1,Required Level of Education,RL,1,61.74,N
99-1618.25,5.C.1,Required Level of Education,RL,2,69.87,N
99-1618.25,5.C.1,Required Level of Education,RL,3,50.05,N
99-1618.25,5.C.1,Required Level of Education,RL,4,12.02,N
99-1618.25,5.C.1,Required Level of Education,RL,5,7.30,N
99-1618.25,5.C.1,Required Level of Education,RL,6,15.22,N
99-1618.25,5.C.1,Required Level of Education,RL,7,4.40,N
99-1618.25,5.C.1,Required Level of Education,RL,8,4.75,N
99-1618.25,5.C.1,Required Level of Education,RL,9,3.88,N
99-1618.25,5.C.1,Required Level of Education,RL,10,1.76,N
99-1618.25,5.C.1,Required Level of Education,RL,11,2.42,N
99-1618.25,5.C.1,Required Level of Education,RL,12,4.68,N
99-1619.26,5.C.1,Required Level of Education,RL,1,56.66,N
99-1619.26,5.C.1,Required Level of Education,RL,2,57.73,N
99-1619.26,5.C.1,Required Level of Education,RL,3,56.86,N
99-1619.26,5.C.1,Required Level of Education,RL,4,19.55,N
99-1619.26,5.C.1,Required Level of Education,RL,5,6.16,N
99-1619.26,5.C.1,Required Level of Education,RL,6,10.22,N
99-1619.26,5.C.1,Required Level of Education,RL,7,2.70,N
99-1619.26,5.C.1,Required Level of Education,RL,8,4.18,N
99-1619.26,5.C.1,Required Level of Education,RL,9,7.58,N
99-1619.26,5.C.1,Required Level of Education,RL,10,7.14,N
99-1619.26,5.C.1,Required Level of Education,RL,11,1.66,N
99-1619.26,5.C.1,Required Level of Education,RL,12,7.41,N
99-1620.27,5.C.1,Required Level of Education,RL,1,54.90,N
99-1620.27,5.C.1,Required Level of Education,RL,2,63.79,N
99-1620.27,5.C.1,Required Level of Education,RL,3,61.84,N
99-1620.27,5.C.1,Required Level of Education,RL,4,14.30,N
99-1620.27,5.C.1,Required Level of Education,RL,5,19.70,N
99-1620.27,5.C.1,Required Level of Education,RL,6,21.31,N
99-1620.27,5.C.1,Required Level of Education,RL,7,6.63,N
99-1620.27,5.C.1,Required Level of Education,RL,8,2.32,N
99-1620.27,5.C.1,Required Level of Education,RL,9,2.55,N
99-1620.27,5.C.1,Required Level of Education,RL,10,4.14,N
99-1620.27,5.C.1,Required Level of Education,RL,11,2.97,N
99-1620.27,5.C.1,Required Level of Education,RL,12,6.62,N
99-1621.28,5.C.1,Required Level of Education,RL,1,41.79,N
99-1621.28,5.C.1,Required Level of Education,RL,2,55.41,N
99-1621.28,5.C.1,Required Level of Education,RL,3,58.98,N
99-1621.28,5.C.1,Required Level of Education,RL,4,24.79,N
99-1621.28,5.C.1,Required Level of Education,RL,5,21.49,N
99-1621.28,5.C.1,Required Level of Education,RL,6,15.96,N
99-1621.28,5.C.1,Required Level of Education,RL,7,5.54,N
99-1621.28,5.C.1,Required Level of Education,RL,8,6.02,N
99-1621.28,5.C.1,Required Level of Education,RL,9,2.92,N
99-1621.28,5.C.1,Required Level of Education,RL,10,2.77,N
99-1621.28,5.C.1,Required Level of Education,RL,11,3.56,N
99-1621.28,5.C.1,Required Level of Education,RL,12,6.32,N
99-1622.29,5.C.1,Required Level of Education,RL,1,42.95,N
99-1622.29,5.C.1,Required Level of Education,RL,2,53.60,N
99-1622.29,5.C.1,Required Level of Education,RL,3,31.89,N
99-1622.29,5.C.1,Required Level of Education,RL,4,12.69,N
99-1622.29,5.C.1,Required Level of Education,RL,5,22.59,N
99-1622.29,5.C.1,Required Level of Education,RL,6,22.69,N
99-1622.29,5.C.1,Required Level of Education,RL,7,5.24,N
99-1622.29,5.C.1,Required Level of Education,RL,8,6.17,N
99-1622.29,5.C.1,Required Level of Education,RL,9,1.38,N
99-1622.29,5.C.1,Required Level of Education,RL,10,2.03,N
99-1622.29,5.C.1,Required Level of Education,RL,11,1.50,N
99-1622.29,5.C.1,Required Level of Education,RL,12,5.59,N
99-1623.30,5.C.1,Required Level of Education,RL,1,20.76,N
99-1623.30,5.C.1,Required Level of Education,RL,2,8.76,N
99-1623.30,5.C.1,Required Level of Education,RL,3,22.49,N
99-1623.30,5.C.1,Required Level of Education,RL,4,30.46,N
99-1623.30,5.C.1,Required Level of Education,RL,5,67.85,N
99-1623.30,5.C.1,Required Level of Education,RL,6,50.61,N
99-1623.30,5.C.1,Required Level of Education,RL,7,7.95,N
99-1623.30,5.C.1,Required Level of Education,RL,8,15.69,N
99-1623.30,5.C.1,Required Level of Education,RL,9,8.14,N
99-1623.30,5.C.1,Required Level of Education,RL,10,4.40,N
99-1623.30,5.C.1,Required Level of Education,RL,11,1.10,N
99-1623.30,5.C.1,Required Level of Education,RL,12,6.80,N
99-1624.31,5.C.1,Required Level of Education,RL,1,2.95,N
99-1624.31,5.C.1,Required Level of Education,RL,2,1.67,N
99-1624.31,5.C.1,Required Level of Education,RL,3,3.53,N
99-1624.31,5.C.1,Required Level of Education,RL,4,21.21,N
99-1624.31,5.C.1,Required Level of Education,RL,5,17.24,N
99-1624.31,5.C.1,Required Level of Education,RL,6,21.16,N
99-1624.31,5.C.1,Required Level of Education,RL,7,65.57,N
99-1624.31,5.C.1,Required Level of Education,RL,8,31.58,N
99-1624.31,5.C.1,Required Level of Education,RL,9,60.79,N
99-1624.31,5.C.1,Required Level of Education,RL,10,11.67,N
99-1624.31,5.C.1,Required Level of Education,RL,11,11.61,N
99-1624.31,5.C.1,Required Level of Education,RL,12,11.51,N
99-1625.32,5.C.1,Required Level of Education,RL,1,5.91,N
99-1625.32,5.C.1,Required Level of Education,RL,2,5.53,N
99-1625.32,5.C.1,Required Level of Education,RL,3,1.81,N
99-1625.32,5.C.1,Required Level of Education,RL,4,18.64,N
99-1625.32,5.C.1,Required Level of Education,RL,5,22.05,N
99-1625.32,5.C.1,Required Level of Education,RL,6,19.72,N
99-1625.32,5.C.1,Required Level of Education,RL,7,34.82,N
99-1625.32,5.C.1,Required Level of Education,RL,8,69.28,N
99-1625.32,5.C.1,Required Level of Education,RL,9,68.29,N
99-1625.32,5.C.1,Required Level of Education,RL,10,23.56,N
99-1625.32,5.C.1,Required Level of Education,RL,11,7.39,N
99-1625.32,5.C.1,Required Level of Education,RL,12,6.44,N
99-1626.33,5.C.1,Required Level of Education,RL,1,17.12,N
99-1626.33,5.C.1,Required Level of Education,RL,2,5.10,N
99-1626.33,5.C.1,Required Level of Education,RL,3,11.81,N
99-1626.33,5.C.1,Required Level of Education,RL,4,69.83,N
99-1626.33,5.C.1,Required Level of Education,RL,5,34.91,N
99-1626.33,5.C.1,Required Level of Education,RL,6,44.84,N
99-1626.33,5.C.1,Required Level of Education,RL,7,15.61,N
99-1626.33,5.C.1,Required Level of Education,RL,8,14.16,N
99-1626.33,5.C.1,Required Level of Education,RL,9,22.06,N
99-1626.33,5.C.1,Required Level of Education,RL,10,5.89,N
99-1626.33,5.C.1,Required Level of Education,RL,11,5.14,N
99-1626.33,5.C.1,Required Level of Education,RL,12,7.37,N
99-1627.34,5.C.1,Required Level of Education,RL,1,37.87,N
99-1627.34,5.C.1,Required Level of Education,RL,2,30.59,N
99-1627.34,5.C.1,Required Level of Education,RL,3,45.27,N
99-1627.34,5.C.1,Required Level of Education,RL,4,18.64,N
99-1627.34,5.C.1,Required Level of Education,RL,5,8.41,N
99-1627.34,5.C.1,Required Level of Education,RL,6,13.55,N
99-1627.34,5.C.1,Required Level of Education,RL,7,7.66,N
99-1627.34,5.C.1,Required Level of Education,RL,8,5.21,N
99-1627.34,5.C.1,Required Level of Education,RL,9,4.27,N
99-1627.34,5.C.1,Required Level of Education,RL,10,3.34,N
99-1627.34,5.C.1,Required Level of Education,RL,11,2.68,N
99-1627.34,5.C.1,Required Level of Education,RL,12,5.05,N
99-1628.35,5.C.1,Required Level of Education,RL,1,30.36,N
99-1628.35,5.C.1,Required Level of Education,RL,2,42.51,N
99-1628.35,5.C.1,Required Level of Education,RL,3,45.13,N
99-1628.35,5.C.1,Required Level of Education,RL,4,24.94,N
99-1628.35,5.C.1,Required Level of Education,RL,5,24.27,N
99-1628.35,5.C.1,Required Level of Education,RL,6,14.57,N
99-1628.35,5.C.1,Required Level of Education,RL,7,3.63,N
99-1628.35,5.C.1,Required Level of Education,RL,8,7.74,N
99-1628.35,5.C.1,Required Level of Education,RL,9,7.95,N
99-1628.35,5.C.1,Required Level of Education,RL,10,5.33,N
99-1628.35,5.C.1,Required Level of Education,RL,11,3.53,N
99-1628.35,5.C.1,Required Level of Education,RL,12,5.67,N
99-1629.36,5.C.1,Required Level of Education,RL,1,43.96,N
99-1629.36,5.C.1,Required Level of Education,RL,2,56.78,N
99-1629.36,5.C.1,Required Level of Education,RL,3,53.17,N
99-1629.36,5.C.1,Required Level of Education,RL,4,6.54,N
99-1629.36,5.C.1,Required Level of Education,RL,5,8.34,N
99-1629.36,5.C.1,Required Level of Education,RL,6,19.61,N
99-1629.36,5.C.1,Required Level of Education,RL,7,6.32,N
99-1629.36,5.C.1,Required Level of Education,RL,8,2.04,N
99-1629.36,5.C.1,Required Level of Education,RL,9,5.86,N
99-1629.36,5.C.1,Required Level of Education,RL,10,4.87,N
99-1629.36,5.C.1,Required Level of Education,RL,11,3.51,N
99-1629.36,5.C.1,Required Level of Education,RL,12,4.46,N
99-1630.37,5.C.1,Required Level of Education,RL,1,56.63,N
99-1630.37,5.C.1,Required Level of Education,RL,2,57.52,N
99-1630.37,5.C.1,Required Level of Education,RL,3,39.92,N
99-1630.37,5.C.1,Required Level of Education,RL,4,14.38,N
99-1630.37,5.C.1,Required Level of Education,RL,5,16.64,N
99-1630.37,5.C.1,Required Level of Education,RL,6,6.67,N
99-1630.37,5.C.1,Required Level of Education,RL,7,5.96,N
99-1630.37,5.C.1,Required Level of Education,RL,8,1.25,N
99-1630.37,5.C.1,Required Level of Education,RL,9,2.34,N
99-1630.37,5.C.1,Required Level of Education,RL,10,5.80,N
99-1630.37,5.C.1,Required Level of Education,RL,11,5.25,N
99-1630.37,5.C.1,Required Level of Education,RL,12,6.93,N
99-1631.38,5.C.1,Required Level of Education,RL,1,32.71,N
99-1631.38,5.C.1,Required Level of Education,RL,2,62.12,N
99-1631.38,5.C.1,Required Level of Education,RL,3,55.71,N
99-1631.38,5.C.1,Required Level of Education,RL,4,13.81,N
99-1631.38,5.C.1,Required Level of Education,RL,5,21.95,N
99-1631.38,5.C.1,Required Level of Education,RL,6,19.55,N
99-1631.38,5.C.1,Required Level of Education,RL,7,1.88,N
99-1631.38,5.C.1,Required Level of Education,RL,8,5.58,N
99-1631.38,5.C.1,Required Level of Education,RL,9,4.75,N
99-1631.38,5.C.1,Required Level of Education,RL,10,6.55,N
99-1631.38,5.C.1,Required Level of Education,RL,11,2.34,N
99-1631.38,5.C.1,Required Level of Education,RL,12,7.03,N
99-1632.39,5.C.1,Required Level of Education,RL,1,5.39,N
99-1632.39,5.C.1,Required Level of Education,RL,2,17.10,N
99-1632.39,5.C.1,Required Level of Education,RL,3,13.74,N
99-1632.39,5.C.1,Required Level of Education,RL,4,42.36,N
99-1632.39,5.C.1,Required Level of Education,RL,5,37.01,N
99-1632.39,5.C.1,Required Level of Education,RL,6,59.64,N
99-1632.39,5.C.1,Required Level of Education,RL,7,15.06,N
99-1632.39,5.C.1,Required Level of Education,RL,8,14.04,N
99-1632.39,5.C.1,Required Level of Education,RL,9,14.87,N
99-1632.39,5.C.1,Required Level of Education,RL,10,6.99,N
99-1632.39,5.C.1,Required Level of Education,RL,11,3.20,N
99-1632.39,5.C.1,Required Level of Education,RL,12,4.73,N
99-1633.40,5.C.1,Required Level of Education,RL,1,3.51,N
99-1633.40,5.C.1,Required Level of Education,RL,2,7.14,N
99-1633.40,5.C.1,Required Level of Education,RL,3,2.84,N
99-1633.40,5.C.1,Required Level of Education,RL,4,17.57,N
99-1633.40,5.C.1,Required Level of Education,RL,5,19.51,N
99-1633.40,5.C.1,Required Level of Education,RL,6,21.60,N
99-1633.40,5.C.1,Required Level of Education,RL,7,37.56,N
99-1633.40,5.C.1,Required Level of Education,RL,8,31.16,N
99-1633.40,5.C.1,Required Level of Education,RL,9,47.92,N
99-1633.40,5.C.1,Required Level of Education,RL,10,8.26,N
99-1633.40,5.C.1,Required Level of Education,RL,11,23.73,N
99-1633.40,5.C.1,Required Level of Education,RL,12,22.23,N
99-1634.41,5.C.1,Required Level of Education,RL,1,2.19,N
99-1634.41,5.C.1,Required Level of Education,RL,2,6.36,N
99-1634.41,5.C.1,Required Level of Education,RL,3,6.43,N
99-1634.41,5.C.1,Required Level of Education,RL,4,17.43,N
99-1634.41,5.C.1,Required Level of Education,RL,5,14.02,N
99-1634.41,5.C.1,Required Level of Education,RL,6,6.40,N
99-1634.41,5.C.1,Required Level of Education,RL,7,53.90,N
99-1634.41,5.C.1,Required Level of Education,RL,8,69.52,N
99-1634.41,5.C.1,Required Level of Education,RL,9,45.53,N
99-1634.41,5.C.1,Required Level of Education,RL,10,22.18,N
99-1634.41,5.C.1,Required Level of Education,RL,11,22.33,N
99-1634.41,5.C.1,Required Level of Education,RL,12,8.54,N
99-1635.42,5.C.1,Required Level of Education,RL,1,8.51,N
99-1635.42,5.C.1,Required Level of Education,RL,2,14.63,N
99-1635.42,5.C.1,Required Level of Education,RL,3,13.57,N
99-1635.42,5.C.1,Required Level of Education,RL,4,35.41,N
99-1635.42,5.C.1,Required Level of Education,RL,5,42.50,N
99-1635.42,5.C.1,Required Level of Education,RL,6,38.15,N
99-1635.42,5.C.1,Required Level of Education,RL,7,19.57,N
99-1635.42,5.C.1,Required Level of Education,RL,8,15.59,N
99-1635.42,5.C.1,Required Level of Education,RL,9,23.73,N
99-1635.42,5.C.1,Required Level of Education,RL,10,3.21,N
99-1635.42,5.C.1,Required Level of Education,RL,11,4.61,N
99-1635.42,5.C.1,Required Level of Education,RL,12,1.74,N
99-1636.43,5.C.1,Required Level of Education,RL,1,56.90,N
99-1636.43,5.C.1,Required Level of Education,RL,2,55.52,N
99-1636.43,5.C.1,Required Level of Education,RL,3,66.81,N
99-1636.43,5.C.1,Required Level of Education,RL,4,24.36,N
99-1636.43,5.C.1,Required Level of Education,RL,5,21.14,N
99-1636.43,5.C.1,Required Level of Education,RL,6,18.11,N
99-1636.43,5.C.1,Required Level of Education,RL,7,7.86,N
99-1636.43,5.C.1,Required Level of Education,RL,8,2.55,N
99-1636.43,5.C.1,Required Level of Education,RL,9,4.67,N
99-1636.43,5.C.1,Required Level of Education,RL,10,7.87,N
99-1636.43,5.C.1,Required Level of Education,RL,11,1.54,N
99-1636.43,5.C.1,Required Level of Education,RL,12,3.09,N
99-1637.44,5.C.1,Required Level of Education,RL,1,59.14,N
99-1637.44,5.C.1,Required Level of Education,RL,2,38.97,N
99-1637.44,5.C.1,Required Level of Education,RL,3,65.71,N
99-1637.44,5.C.1,Required Level of Education,RL,4,9.94,N
99-1637.44,5.C.1,Required Level of Education,RL,5,12.57,N
99-1637.44,5.C.1,Required Level of Education,RL,6,9.47,N
99-1637.44,5.C.1,Required Level of Education,RL,7,1.73,N
99-1637.44,5.C.1,Required Level of Education,RL,8,1.53,N
99-1637.44,5.C.1,Required Level of Education,RL,9,7.49,N
99-1637.44,5.C.1,Required Level of Education,RL,10,3.84,N
99-1637.44,5.C.1,Required Level of Education,RL,11,6.56,N
99-1637.44,5.C.1,Required Level of Education,RL,12,7.53,N
99-1638.45,5.C.1,Required Level of Education,RL,1,57.56,N
99-1638.45,5.C.1,Required Level of Education,RL,2,69.92,N
99-1638.45,5.C.1,Required Level of Education,RL,3,69.63,N
99-1638.45,5.C.1,Required Level of Education,RL,4,15.18,N
99-1638.45,5.C.1,Required Level of Education,RL,5,12.55,N
99-1638.45,5.C.1,Required Level of Education,RL,6,17.31,N
99-1638.45,5.C.1,Required Level of Education,RL,7,2.13,N
99-1638.45,5.C.1,Required Level of Education,RL,8,1.26,N
99-1638.45,5.C.1,Required Level of Education,RL,9,2.03,N
99-1638.45,5.C.1,Required Level of Education,RL,10,5.54,N
99-1638.45,5.C.1,Required Level of Education,RL,11,2.45,N
99-1638.45,5.C.1,Required Level of Education,RL,12,5.76,N
99-1639.46,5.C.1,Required Level of Education,RL,1,34.22,N
99-1639.46,5.C.1,Required Level of Education,RL,2,64.73,N
99-1639.46,5.C.1,Required Level of Education,RL,3,51.96,N
99-1639.46,5.C.1,Required Level of Education,RL,4,10.79,N
99-1639.46,5.C.1,Required Level of Education,RL,5,24.91,N
99-1639.46,5.C.1,Required Level of Education,RL,6,12.87,N
99-1639.46,5.C.1,Required Level of Education,RL,7,3.56,N
99-1639.46,5.C.1,Required Level of Education,RL,8,4.65,N
99-1639.46,5.C.1,Required Level of Education,RL,9,6.90,N
99-1639.46,5.C.1,Required Level of Education,RL,10,5.09,N
99-1639.46,5.C.1,Required Level of Education,RL,11,3.13,N
99-1639.46,5.C.1,Required Level of Education,RL,12,1.78,N
99-1640.47,5.C.1,Required Level of Education,RL,1,45.92,N
99-1640.47,5.C.1,Required Level of Education,RL,2,56.17,N
99-1640.47,5.C.1,Required Level of Education,RL,3,69.27,N
99-1640.47,5.C.1,Required Level of Education,RL,4,9.46,N
99-1640.47,5.C.1,Required Level of Education,RL,5,17.47,N
99-1640.47,5.C.1,Required Level of Education,RL,6,19.09,N
99-1640.47,5.C.1,Required Level of Education,RL,7,4.05,N
99-1640.47,5.C.1,Required Level of Education,RL,8,1.04,N
99-1640.47,5.C.1,Required Level of Education,RL,9,5.40,N
99-1640.47,5.C.1,Required Level of Education,RL,10,4.69,N
99-1640.47,5.C.1,Required Level of Education,RL,11,4.80,N
99-1640.47,5.C.1,Required Level of Education,RL,12,5.78,N
99-1641.48,5.C.1,Required Level of Education,RL,1,22.73,N
99-1641.48,5.C.1,Required Level of Education,RL,2,14.23,N
99-1641.48,5.C.1,Required Level of Education,RL,3,24.02,N
99-1641.48,5.C.1,Required Level of Education,RL,4,42.50,N
99-1641.48,5.C.1,Required Level of Education,RL,5,60.99,N
99-1641.48,5.C.1,Required Level of Education,RL,6,60.81,N
99-1641.48,5.C.1,Required Level of Education,RL,7,13.71,N
99-1641.48,5.C.1,Required Level of Education,RL,8,13.74,N
99-1641.48,5.C.1,Required Level of Education,RL,9,18.39,N
99-1641.48,5.C.1,Required Level of Education,RL,10,1.69,N
99-1641.48,5.C.1,Required Level of Education,RL,11,2.71,N
99-1641.48,5.C.1,Required Level of Education,RL,12,4.49,N
99-1642.49,5.C.1,Required Level of Education,RL,1,4.82,N
99-1642.49,5.C.1,Required Level of Education,RL,2,4.36,N
99-1642.49,5.C.1,Required Level of Education,RL,3,4.56,N
99-1642.49,5.C.1,Required Level of Education,RL,4,7.45,N
99-1642.49,5.C.1,Required Level of Education,RL,5,15.17,N
99-1642.49,5.C.1,Required Level of Education,RL,6,18.16,N
99-1642.49,5.C.1,Required Level of Education,RL,7,64.40,N
99-1642.49,5.C.1,Required Level of Education,RL,8,43.53,N
99-1642.49,5.C.1,Required Level of Education,RL,9,62.61,N
99-1642.49,5.C.1,Required Level of Education,RL,10,6.30,N
99-1642.49,5.C.1,Required Level of Education,RL,11,9.81,N
99-1642.49,5.C.1,Required Level of Education,RL,12,10.33,N
99-1643.50,5.C.1,Required Level of Education,RL,1,3.38,N
99-1643.50,5.C.1,Required Level of Education,RL,2,4.09,N
99-1643.50,5.C.1,Required Level of Education,RL,3,6.42,N
99-1643.50,5.C.1,Required Level of Education,RL,4,10.89,N
99-1643.50,5.C.1,Required Level of Education,RL,5,14.79,N
99-1643.50,5.C.1,Required Level of Education,RL,6,18.51,N
99-1643.50,5.C.1,Required Level of Education,RL,7,42.85,N
99-1643.50,5.C.1,Required Level of Education,RL,8,69.34,N
99-1643.50,5.C.1,Required Level of Education,RL,9,48.35,N
99-1643.50,5.C.1,Required Level of Education,RL,10,17.79,N
99-1643.50,5.C.1,Required Level of Education,RL,11,5.75,N
99-1643.50,5.C.1,Required Level of Education,RL,12,7.21,N
99-1644.51,5.C.1,Required Level of Education,RL,1,16.86,N
99-1644.51,5.C.1,Required Level of Education,RL,2,19.58,N
99-1644.51,5.C.1,Required Level of Education,RL,3,8.48,N
99-1644.51,5.C.1,Required Level of Education,RL,4,42.49,N
99-1644.51,5.C.1,Required Level of Education,RL,5,68.52,N
99-1644.51,5.C.1,Required Level of Education,RL,6,42.95,N
99-1644.51,5.C.1,Required Level of Education,RL,7,5.22,N
99-1644.51,5.C.1,Required Level of Education,RL,8,14.75,N
99-1644.51,5.C.1,Required Level of Education,RL,9,16.37,N
99-1644.51,5.C.1,Required Level of Education,RL,10,4.10,N
99-1644.51,5.C.1,Required Level of Education,RL,11,6.19,N
99-1644.51,5.C.1,Required Level of Education,RL,12,1.63,N
99-1645.52,5.C.1,Required Level of Education,RL,1,67.95,N
99-1645.52,5.C.1,Required Level of Education,RL,2,32.96,N
99-1645.52,5.C.1,Required Level of Education,RL,3,33.44,N
99-1645.52,5.C.1,Required Level of Education,RL,4,24.18,N
99-1645.52,5.C.1,Required Level of Education,RL,5,17.01,N
99-1645.52,5.C.1,Required Level of Education,RL,6,24.29,N
99-1645.52,5.C.1,Required Level of Education,RL,7,6.66,N
99-1645.52,5.C.1,Required Level of Education,RL,8,2.59,N
99-1645.52,5.C.1,Required Level of Education,RL,9,5.02,N
99-1645.52,5.C.1,Required Level of Education,RL,10,6.21,N
99-1645.52,5.C.1,Required Level of Education,RL,11,3.71,N
99-1645.52,5.C.1,Required Level of Education,RL,12,2.58,N
99-1646.53,5.C.1,Required Level of Education,RL,1,34.17,N
99-1646.53,5.C.1,Required Level of Education,RL,2,56.34,N
99-1646.53,5.C.1,Required Level of Education,RL,3,64.23,N
99-1646.53,5.C.1,Required Level of Education,RL,4,23.76,N
99-1646.53,5.C.1,Required Level of Education,RL,5,15.89,N
99-1646.53,5.C.1,Required Level of Education,RL,6,18.04,N
99-1646.53,5.C.1,Required Level of Education,RL,7,3.37,N
99-1646.53,5.C.1,Required Level of Education,RL,8,7.15,N
99-1646.53,5.C.1,Required Level of Education,RL,9,3.84,N
99-1646.53,5.C.1,Required Level of Education,RL,10,7.75,N
99-1646.53,5.C.1,Required Level of Education,RL,11,5.62,N
99-1646.53,5.C.1,Required Level of Education,RL,12,1.41,N
99-1647.54,5.C.1,Required Level of Education,RL,1,64.82,N
99-1647.54,5.C.1,Required Level of Education,RL,2,67.12,N
99-1647.54,5.C.1,Required Level of Education,RL,3,34.98,N
99-1647.54,5.C.1,Required Level of Education,RL,4,17.62,N
99-1647.54,5.C.1,Required Level of Education,RL,5,14.35,N
99-1647.54,5.C.1,Required Level of Education,RL,6,20.21,N
99-1647.54,5.C.1,Required Level of Education,RL,7,2.25,N
99-1647.54,5.C.1,Required Level of Education,RL,8,1.02,N
99-1647.54,5.C.1,Required Level of Education,RL,9,4.32,N
99-1647.54,5.C.1,Required Level of Education,RL,10,1.40,N
99-1647.54,5.C.1,Required Level of Education,RL,11,6.50,N
99-1647.54,5.C.1,Required Level of Education,RL,12,7.84,N
99-1648.55,5.C.1,Required Level of Education,RL,1,66.80,N
99-1648.55,5.C.1,Required Level of Education,RL,2,40.09,N
99-1648.55,5.C.1,Required Level of Education,RL,3,37.05,N
99-1648.55,5.C.1,Required Level of Education,RL,4,18.38,N
99-1648.55,5.C.1,Required Level of Education,RL,5,24.63,N
99-1648.55,5.C.1,Required Level of Education,RL,6,11.57,N
99-1648.55,5.C.1,Required Level of Education,RL,7,2.81,N
99-1648.55,5.C.1,Required Level of Education,RL,8,5.63,N
99-1648.55,5.C.1,Required Level of Education,RL,9,4.67,N
99-1648.55,5.C.1,Required Level of Education,RL,10,1.65,N
99-1648.55,5.C.1,Required Level of Education,RL,11,1.23,N
99-1648.55,5.C.1,Required Level of Education,RL,12,6.05,N
99-1649.56,5.C.1,Required Level of Education,RL,1,54.51,N
99-1649.56,5.C.1,Required Level of Education,RL,2,38.16,N
99-1649.56,5.C.1,Required Level of Education,RL,3,34.43,N
99-1649.56,5.C.1,Required Level of Education,RL,4,5.99,N
99-1649.56,5.C.1,Required Level of Education,RL,5,10.77,N
99-1649.56,5.C.1,Required Level of Education,RL,6,20.49,N
99-1649.56,5.C.1,Required Level of Education,RL,7,5.31,N
99-1649.56,5.C.1,Required Level of Education,RL,8,4.77,N
99-1649.56,5.C.1,Required Level of Education,RL,9,5.94,N
99-1649.56,5.C.1,Required Level of Education,RL,10,5.90,N
99-1649.56,5.C.1,Required Level of Education,RL,11,1.73,N
99-1649.56,5.C.1,Required Level of Education,RL,12,1.13,N
99-1650.57,5.C.1,Required Level of Education,RL,1,14.42,N
99-1650.57,5.C.1,Required Level of Education,RL,2,14.39,N
99-1650.57,5.C.1,Required Level of Education,RL,3,5.54,N
99-1650.57,5.C.1,Required Level of Education,RL,4,61.70,N
99-1650.57,5.C.1,Required Level of Education,RL,5,63.92,N
99-1650.57,5.C.1,Required Level of Education,RL,6,43.28,N
99-1650.57,5.C.1,Required Level of Education,RL,7,12.73,N
99-1650.57,5.C.1,Required Level of Education,RL,8,19.80,N
99-1650.57,5.C.1,Required Level of Education,RL,9,24.28,N
99-1650.57,5.C.1,Required Level of Education,RL,10,6.79,N
99-1650.57,5.C.1,Required Level of Education,RL,11,2.80,N
99-1650.57,5.C.1,Required Level of Education,RL,12,4.00,N
99-1651.58,5.C.1,Required Level of Education,RL,1,3.70,N
99-1651.58,5.C.1,Required Level of Education,RL,2,3.79,N
99-1651.58,5.C.1,Required Level of Education,RL,3,1.96,N
99-1651.58,5.C.1,Required Level of Education,RL,4,7.32,N
99-1651.58,5.C.1,Required Level of Education,RL,5,17.41,N
99-1651.58,5.C.1,Required Level of Education,RL,6,6.78,N
99-1651.58,5.C.1,Required Level of Education,RL,7,33.31,N
99-1651.58,5.C.1,Required Level of Education,RL,8,63.06,N
99-1651.58,5.C.1,Required Level of Education,RL,9,62.12,N
99-1651.58,5.C.1,Required Level of Education,RL,10,10.12,N
99-1651.58,5.C.1,Required Level of Education,RL,11,22.83,N
99-1651.58,5.C.1,Required Level of Education,RL,12,7.96,N
99-1652.59,5.C.1,Required Level of Education,RL,1,3.66,N
99-1652.59,5.C.1,Required Level of Education,RL,2,3.22,N
99-1652.59,5.C.1,Required Level of Education,RL,3,6.99,N
99-1652.59,5.C.1,Required Level of Education,RL,4,8.27,N
99-1652.59,5.C.1,Required Level of Education,RL,5,10.51,N
99-1652.59,5.C.1,Required Level of Education,RL,6,24.83,N
99-1652.59,5.C.1,Required Level of Education,RL,7,54.35,N
99-1652.59,5.C.1,Required Level of Education,RL,8,38.40,N
99-1652.59,5.C.1,Required Level of Education,RL,9,61.00,N
99-1652.59,5.C.1,Required Level of Education,RL,10,12.31,N
99-1652.59,5.C.1,Required Level of Education,RL,11,11.63,N
99-1652.59,5.C.1,Required Level of Education,RL,12,23.75,N
99-1653.60,5.C.1,Required Level of Education,RL,1,17.44,N
99-1653.60,5.C.1,Required Level of Education,RL,2,12.65,N
99-1653.60,5.C.1,Required Level of Education,RL,3,20.65,N
99-1653.60,5.C.1,Required Level of Education,RL,4,49.32,N
99-1653.60,5.C.1,Required Level of Education,RL,5,62.63,N
99-1653.60,5.C.1,Required Level of Education,RL,6,46.21,N
99-1653.60,5.C.1,Required Level of Education,RL,7,19.79,N
99-1653.60,5.C.1,Required Level of Education,RL,8,10.01,N
99-1653.60,5.C.1,Required Level of Education,RL,9,6.04,N
99-1653.60,5.C.1,Required Level of Education,RL,10,5.32,N
99-1653.60,5.C.1,Required Level of Education,RL,11,7.84,N
99-1653.60,5.C.1,Required Level of Education,RL,12,5.70,N
99-1654.61,5.C.1,Required Level of Education,RL,1,65.74,N
99-1654.61,5.C.1,Required Level of Education,RL,2,67.06,N
99-1654.61,5.C.1,Required Level of Education,RL,3,61.98,N
99-1654.61,5.C.1,Required Level of Education,RL,4,19.39,N
99-1654.61,5.C.1,Required Level of Education,RL,5,15.90,N
99-1654.61,5.C.1,Required Level of Education,RL,6,7.49,N
99-1654.61,5.C.1,Required Level of Education,RL,7,6.59,N
99-1654.61,5.C.1,Required Level of Education,RL,8,1.69,N
99-1654.61,5.C.1,Required Level of Education,RL,9,5.36,N
99-1654.61,5.C.1,Required Level of Education,RL,10,2.22,N
99-1654.61,5.C.1,Required Level of Education,RL,11,3.90,N
99-1654.61,5.C.1,Required Level of Education,RL,12,1.28,N
99-1655.62,5.C.1,Required Level of Education,RL,1,30.80,N
99-1655.62,5.C.1,Required Level of Education,RL,2,69.51,N
99-1655.62,5.C.1,Required Level of Education,RL,3,45.74,N
99-1655.62,5.C.1,Required Level of Education,RL,4,22.65,N
99-1655.62,5.C.1,Required Level of Education,RL,5,9.67,N
99-1655.62,5.C.1,Required Level of Education,RL,6,22.22,N
99-1655.62,5.C.1,Required Level of Education,RL,7,2.33,N
99-1655.62,5.C.1,Required Level of Education,RL,8,1.61,N
99-1655.62,5.C.1,Required Level of Education,RL,9,2.97,N
99-1655.62,5.C.1,Required Level of Education,RL,10,2.08,N
99-1655.62,5.C.1,Required Level of Education,RL,11,6.92,N
99-1655.62,5.C.1,Required Level of Education,RL,12,1.45,N
99-1656.63,5.C.1,Required Level of Education,RL,1,37.68,N
99-1656.63,5.C.1,Required Level of Education,RL,2,54.23,N
99-1656.63,5.C.1,Required Level of Education,RL,3,55.32,N
99-1656.63,5.C.1,Required Level of Education,RL,4,20.23,N
99-1656.63,5.C.1,Required Level of Education,RL,5,5.51,N
99-1656.63,5.C.1,Required Level of Education,RL,6,15.57,N
99-1656.63,5.C.1,Required Level of Education,RL,7,6.14,N
99-1656.63,5.C.1,Required Level of Education,RL,8,6.18,N
99-1656.63,5.C.1,Required Level of Education,RL,9,7.27,N
99-1656.63,5.C.1,Required Level of Education,RL,10,3.39,N
99-1656.63,5.C.1,Required Level of Education,RL,11,5.82,N
99-1656.63,5.C.1,Required Level of Education,RL,12,6.39,N
99-1657.64,5.C.1,Required Level of Education,RL,1,57.58,N
99-1657.64,5.C.1,Required Level of Education,RL,2,52.90,N
99-1657.64,5.C.1,Required Level of Education,RL,3,56.40,N
99-1657.64,5.C.1,Required Level of Education,RL,4,9.61,N
99-1657.64,5.C.1,Required Level of Education,RL,5,11.80,N
99-1657.64,5.C.1,Required Level of Education,RL,6,23.47,N
99-1657.64,5.C.1,Required Level of Education,RL,7,3.97,N
99-1657.64,5.C.1,Required Level of Education,RL,8,4.84,N
99-1657.64,5.C.1,Required Level of Education,RL,9,5.04,N
99-1657.64,5.C.1,Required Level of Education,RL,10,2.87,N
99-1657.64,5.C.1,Required Level of Education,RL,11,1.90,N
99-1657.64,5.C.1,Required Level of Education,RL,12,6.96,N
99-1658.65,5.C.1,Required Level of Education,RL,1,60.31,N
99-1658.65,5.C.1,Required Level of Education,RL,2,49.70,N
99-1658.65,5.C.1,Required Level of Education,RL,3,61.32,N
99-1658.65,5.C.1,Required Level of Education,RL,4,12.92,N
99-1658.65,5.C.1,Required Level of Education,RL,5,13.40,N
99-1658.65,5.C.1,Required Level of Education,RL,6,5.35,N
99-1658.65,5.C.1,Required Level of Education,RL,7,1.80,N
99-1658.65,5.C.1,Required Level of Education,RL,8,3.36,N
99-1658.65,5.C.1,Required Level of Education,RL,9,6.93,N
99-1658.65,5.C.1,Required Level of Education,RL,10,3.44,N
99-1658.65,5.C.1,Required Level of Education,RL,11,1.68,N
99-1658.65,5.C.1,Required Level of Education,RL,12,4.46,N
99-1659.66,5.C.1,Required Level of Education,RL,1,21.81,N
99-1659.66,5.C.1,Required Level of Education,RL,2,8.41,N
99-1659.66,5.C.1,Required Level of Education,RL,3,8.93,N
99-1659.66,5.C.1,Required Level of Education,RL,4,60.25,N
99-1659.66,5.C.1,Required Level of Education,RL,5,33.87,N
99-1659.66,5.C.1,Required Level of Education,RL,6,52.23,N
99-1659.66,5.C.1,Required Level of Education,RL,7,21.30,N
99-1659.66,5.C.1,Required Level of Education,RL,8,24.03,N
99-1659.66,5.C.1,Required Level of Education,RL,9,6.84,N
99-1659.66,5.C.1,Required Level of Education,RL,10,5.77,N
99-1659.66,5.C.1,Required Level of Education,RL,11,1.24,N
99-1659.66,5.C.1,Required Level of Education,RL,12,6.99,N
99-1660.67,5.C.1,Required Level of Education,RL,1,6.17,N
99-1660.67,5.C.1,Required Level of Education,RL,2,5.69,N
99-1660.67,5.C.1,Required Level of Education,RL,3,7.39,N
99-1660.67,5.C.1,Required Level of Education,RL,4,7.27,N
99-1660.67,5.C.1,Required Level of Education,RL,5,9.00,N
99-1660.67,5.C.1,Required Level of Education,RL,6,10.52,N
99-1660.67,5.C.1,Required Level of Education,RL,7,45.41,N
99-1660.67,5.C.1,Required Level of Education,RL,8,35.03,N
99-1660.67,5.C.1,Required Level of Education,RL,9,59.16,N
99-1660.67,5.C.1,Required Level of Education,RL,10,17.80,N
99-1660.67,5.C.1,Required Level of Education,RL,11,23.03,N
99-1660.67,5.C.1,Required Level of Education,RL,12,13.45,N
99-1661.68,5.C.1,Required Level of Education,RL,1,6.38,N
99-1661.68,5.C.1,Required Level of Education,RL,2,6.21,N
99-1661.68,5.C.1,Required Level of Education,RL,3,5.34,N
99-1661.68,5.C.1,Required Level of Education,RL,4,7.93,N
99-1661.68,5.C.1,Required Level of Education,RL,5,15.77,N
99-1661.68,5.C.1,Required Level of Education,RL,6,22.71,N
99-1661.68,5.C.1,Required Level of Education,RL,7,37.05,N
99-1661.68,5.C.1,Required Level of Education,RL,8,65.54,N
99-1661.68,5.C.1,Required Level of Education,RL,9,32.44,N
99-1661.68,5.C.1,Required Level of Education,RL,10,7.61,N
99-1661.68,5.C.1,Required Level of Education,RL,11,13.48,N
99-1661.68,5.C.1,Required Level of Education,RL,12,21.07,N
99-1662.69,5.C.1,Required Level of Education,RL,1,16.18,N
99-1662.69,5.C.1,Required Level of Education,RL,2,14.63,N
99-1662.69,5.C.1,Required Level of Education,RL,3,24.87,N
99-1662.69,5.C.1,Required Level of Education,RL,4,30.07,N
99-1662.69,5.C.1,Required Level of Education,RL,5,48.78,N
99-1662.69,5.C.1,Required Level of Education,RL,6,51.54,N
99-1662.69,5.C.1,Required Level of Education,RL,7,13.97,N
99-1662.69,5.C.1,Required Level of Education,RL,8,15.09,N
99-1662.69,5.C.1,Required Level of Education,RL,9,6.23,N
99-1662.69,5.C.1,Required Level of Education,RL,10,6.72,N
99-1662.69,5.C.1,Required Level of Education,RL,11,4.15,N
99-1662.69,5.C.1,Required Level of Education,RL,12,5.26,N
99-1663.70,5.C.1,Required Level of Education,RL,1,49.06,N
99-1663.70,5.C.1,Required Level of Education,RL,2,42.94,N
99-1663.70,5.C.1,Required Level of Education,RL,3,52.25,N
99-1663.70,5.C.1,Required Level of Education,RL,4,7.29,N
99-1663.70,5.C.1,Required Level of Education,RL,5,19.20,N
99-1663.70,5.C.1,Required Level of Education,RL,6,23.67,N
99-1663.70,5.C.1,Required Level of Education,RL,7,1.07,N
99-1663.70,5.C.1,Required Level of Education,RL,8,4.93,N
99-1663.70,5.C.1,Required Level of Education,RL,9,5.83,N
99-1663.70,5.C.1,Required Level of Education,RL,10,6.17,N
99-1663.70,5.C.1,Required Level of Education,RL,11,1.25,N
99-1663.70,5.C.1,Required Level of Education,RL,12,1.80,N
99-1664.71,5.C.1,Required Level of Education,RL,1,56.20,N
99-1664.71,5.C.1,Required Level of Education,RL,2,57.57,N
99-1664.71,5.C.1,Required Level of Education,RL,3,39.32,N
99-1664.71,5.C.1,Required Level of Education,RL,4,24.86,N
99-1664.71,5.C.1,Required Level of Education,RL,5,22.98,N
99-1664.71,5.C.1,Required Level of Education,RL,6,23.13,N
99-1664.71,5.C.1,Required Level of Education,RL,7,7.81,N
99-1664.71,5.C.1,Required Level of Education,RL,8,2.08,N
99-1664.71,5.C.1,Required Level of Education,RL,9,4.95,N
99-1664.71,5.C.1,Required Level of Education,RL,10,6.23,N
99-1664.71,5.C.1,Required Level of Education,RL,11,2.30,N
99-1664.71,5.C.1,Required Level of Education,RL,12,6.22,N
99-1665.72,5.C.1,Required Level of Education,RL,1,35.21,N
99-1665.72,5.C.1,Required Level of Education,RL,2,54.17,N
99-1665.72,5.C.1,Required Level of Education,RL,3,31.03,N
99-1665.72,5.C.1,Required Level of Education,RL,4,23.70,N
99-1665.72,5.C.1,Required Level of Education,RL,5,6.72,N
99-1665.72,5.C.1,Required Level of Education,RL,6,18.66,N
99-1665.72,5.C.1,Required Level of Education,RL,7,6.86,N
99-1665.72,5.C.1,Required Level of Education,RL,8,1.44,N
99-1665.72,5.C.1,Required Level of Education,RL,9,5.76,N
99-1665.72,5.C.1,Required Level of Education,RL,10,3.93,N
99-1665.72,5.C.1,Required Level of Education,RL,11,4.08,N
99-1665.72,5.C.1,Required Level of Education,RL,12,1.84,N
99-1666.73,5.C.1,Required Level of Education,RL,1,40.38,N
99-1666.73,5.C.1,Required Level of Education,RL,2,61.79,N
99-1666.73,5.C.1,Required Level of Education,RL,3,56.19,N
99-1666.73,5.C.1,Required Level of Education,RL,4,22.99,N
99-1666.73,5.C.1,Required Level of Education,RL,5,7.71,N
99-1666.73,5.C.1,Required Level of Education,RL,6,10.16,N
99-1666.73,5.C.1,Required Level of Education,RL,7,6.85,N
99-1666.73,5.C.1,Required Level of Education,RL,8,6.22,N
99-1666.73,5.C.1,Required Level of Education,RL,9,2.19,N
99-1666.73,5.C.1,Required Level of Education,RL,10,1.11,N
99-1666.73,5.C.1,Required Level of Education,RL,11,6.04,N
99-1666.73,5.C.1,Required Level of Education,RL,12,1.85,N
99-1667.74,5.C.1,Required Level of Education,RL,1,40.46,N
99-1667.74,5.C.1,Required Level of Education,RL,2,30.25,N
99-1667.74,5.C.1,Required Level of Education,RL,3,50.84,N
99-1667.74,5.C.1,Required Level of Education,RL,4,20.93,N
99-1667.74,5.C.1,Required Level of Education,RL,5,20.93,N
99-1667.74,5.C.1,Required Level of Education,RL,6,7.44,N
99-1667.74,5.C.1,Required Level of Education,RL,7,4.60,N
99-1667.74,5.C.1,Required Level of Education,RL,8,5.64,N
99-1667.74,5.C.1,Required Level of Education,RL,9,1.28,N
99-1667.74,5.C.1,Required Level of Education,RL,10,1.93,N
99-1667.74,5.C.1,Required Level of Education,RL,11,5.19,N
99-1667.74,5.C.1,Required Level of Education,RL,12,7.58,N
99-1668.75,5.C.1,Required Level of Education,RL,1,21.06,N
99-1668.75,5.C.1,Required Level of Education,RL,2,8.55,N
99-1668.75,5.C.1,Required Level of Education,RL,3,9.00,N
99-1668.75,5.C.1,Required Level of Education,RL,4,42.57,N
99-1668.75,5.C.1,Required Level of Education,RL,5,58.36,N
99-1668.75,5.C.1,Required Level of Education,RL,6,66.64,N
99-1668.75,5.C.1,Required Level of Education,RL,7,23.93,N
99-1668.75,5.C.1,Required Level of Education,RL,8,10.62,N
99-1668.75,5.C.1,Required Level of Education,RL,9,19.87,N
99-1668.75,5.C.1,Required Level of Education,RL,10,6.97,N
99-1668.75,5.C.1,Required Level of Education,RL,11,4.54,N
99-1668.75,5.C.1,Required Level of Education,RL,12,4.89,N
99-1669.76,5.C.1,Required Level of Education,RL,1,3.93,N
99-1669.76,5.C.1,Required Level of Education,RL,2,2.15,N
99-1669.76,5.C.1,Required Level of Education,RL,3,5.16,N
99-1669.76,5.C.1,Required Level of Education,RL,4,19.35,N
99-1669.76,5.C.1,Required Level of Education,RL,5,9.46,N
99-1669.76,5.C.1,Required Level of Education,RL,6,6.00,N
99-1669.76,5.C.1,Required Level of Education,RL,7,58.85,N
99-1669.76,5.C.1,Required Level of Education,RL,8,67.83,N
99-1669.76,5.C.1,Required Level of Education,RL,9,58.02,N
99-1669.76,5.C.1,Required Level of Education,RL,10,8.16,N
99-1669.76,5.C.1,Required Level of Education,RL,11,6.61,N
99-1669.76,5.C.1,Required Level of Education,RL,12,18.62,N
99-1670.77,5.C.1,Required Level of Education,RL,1,4.19,N
99-1670.77,5.C.1,Required Level of Education,RL,2,7.16,N
99-1670.77,5.C.1,Required Level of Education,RL,3,3.74,N
99-1670.77,5.C.1,Required Level of Education,RL,4,16.75,N
99-1670.77,5.C.1,Required Level of Education,RL,5,24.29,N
99-1670.77,5.C.1,Required Level of Education,RL,6,23.11,N
99-1670.77,5.C.1,Required Level of Education,RL,7,37.67,N
99-1670.77,5.C.1,Required Level of Education,RL,8,51.95,N
99-1670.77,5.C.1,Required Level of Education,RL,9,36.42,N
99-1670.77,5.C.1,Required Level of Education,RL,10,8.65,N
99-1670.77,5.C.1,Required Level of Education,RL,11,13.47,N
99-1670.77,5.C.1,Required Level of Education,RL,12,21.49,N
99-1671.78,5.C.1,Required Level of Education,RL,1,16.18,N
99-1671.78,5.C.1,Required Level of Education,RL,2,11.86,N
99-1671.78,5.C.1,Required Level of Education,RL,3,8.93,N
99-1671.78,5.C.1,Required Level of Education,RL,4,43.93,N
99-1671.78,5.C.1,Required Level of Education,RL,5,67.22,N
99-1671.78,5.C.1,Required Level of Education,RL,6,64.63,N
99-1671.78,5.C.1,Required Level of Education,RL,7,18.33,N
99-1671.78,5.C.1,Required Level of Education,RL,8,12.87,N
99-1671.78,5.C.1,Required Level of Education,RL,9,14.49,N
99-1671.78,5.C.1,Required Level of Education,RL,10,4.57,N
99-1671.78,5.C.1,Required Level of Education,RL,11,3.43,N
99-1671.78,5.C.1,Required Level of Education,RL,12,1.48,N
99-1672.79,5.C.1,Required Level of Education,RL,1,42.38,N
99-1672.79,5.C.1,Required Level of Education,RL,2,34.34,N
99-1672.79,5.C.1,Required Level of Education,RL,3,40.55,N
99-1672.79,5.C.1,Required Level of Education,RL,4,6.10,N
99-1672.79,5.C.1,Required Level of Education,RL,5,21.88,N
99-1672.79,5.C.1,Required Level of Education,RL,6,9.83,N
99-1672.79,5.C.1,Required Level of Education,RL,7,6.00,N
99-1672.79,5.C.1,Required Level of Education,RL,8,2.98,N
99-1672.79,5.C.1,Required Level of Education,RL,9,6.95,N
99-1672.79,5.C.1,Required Level of Education,RL,10,1.48,N
99-1672.79,5.C.1,Required Level of Education,RL,11,6.14,N
99-1672.79,5.C.1,Required Level of Education,RL,12,6.48,N
99-1673.80,5.C.1,Required Level of Education,RL,1,61.31,N
99-1673.80,5.C.1,Required Level of Education,RL,2,46.36,N
99-1673.80,5.C.1,Required Level of Education,RL,3,55.28,N
99-1673.80,5.C.1,Required Level of Education,RL,4,20.05,N
99-1673.80,5.C.1,Required Level of Education,RL,5,21.34,N
99-1673.80,5.C.1,Required Level of Education,RL,6,5.15,N
99-1673.80,5.C.1,Required Level of Education,RL,7,3.06,N
99-1673.80,5.C.1,Required Level of Education,RL,8,2.43,N
99-1673.80,5.C.1,Required Level of Education,RL,9,3.34,N
99-1673.80,5.C.1,Required Level of Education,RL,10,5.27,N
99-1673.80,5.C.1,Required Level of Education,RL,11,4.02,N
99-1673.80,5.C.1,Required Level of Education,RL,12,6.99,N
99-1674.81,5.C.1,Required Level of Education,RL,1,61.73,N
99-1674.81,5.C.1,Required Level of Education,RL,2,38.26,N
99-1674.81,5.C.1,Required Level of Education,RL,3,49.72,N
99-1674.81,5.C.1,Required Level of Education,RL,4,7.97,N
99-1674.81,5.C.1,Required Level of Education,RL,5,9.35,N
99-1674.81,5.C.1,Required Level of Education,RL,6,20.32,N
99-1674.81,5.C.1,Required Level of Education,RL,7,4.30,N
99-1674.81,5.C.1,Required Level of Education,RL,8,2.54,N
99-1674.81,5.C.1,Required Level of Education,RL,9,1.33,N
99-1674.81,5.C.1,Required Level of Education,RL,10,5.45,N
99-1674.81,5.C.1,Required Level of Education,RL,11,2.89,N
99-1674.81,5.C.1,Required Level of Education,RL,12,7.98,N
99-1675.82,5.C.1,Required Level of Education,RL,1,53.19,N
99-1675.82,5.C.1,Required Level of Education,RL,2,38.15,N
99-1675.82,5.C.1,Required Level of Education,RL,3,62.46,N
99-1675.82,5.C.1,Required Level of Education,RL,4,20.30,N
99-1675.82,5.C.1,Required Level of Education,RL,5,7.29,N
99-1675.82,5.C.1,Required Level of Education,RL,6,16.94,N
99-1675.82,5.C.1,Required Level of Education,RL,7,5.83,N
99-1675.82,5.C.1,Required Level of Education,RL,8,3.60,N
99-1675.82,5.C.1,Required Level of Education,RL,9,6.92,N
99-1675.82,5.C.1,Required Level of Education,RL,10,7.34,N
99-1675.82,5.C.1,Required Level of Education,RL,11,3.50,N
99-1675.82,5.C.1,Required Level of Education,RL,12,2.72,N
99-1676.83,5.C.1,Required Level of Education,RL,1,53.09,N
99-1676.83,5.C.1,Required Level of Education,RL,2,32.48,N
99-1676.83,5.C.1,Required Level of Education,RL,3,33.04,N
99-1676.83,5.C.1,Required Level of Education,RL,4,16.66,N
99-1676.83,5.C.1,Required Level of Education,RL,5,8.31,N
99-1676.83,5.C.1,Required Level of Education,RL,6,24.34,N
99-1676.83,5.C.1,Required Level of Education,RL,7,3.62,N
99-1676.83,5.C.1,Required Level of Education,RL,8,6.28,N
99-1676.83,5.C.1,Required Level of Education,RL,9,1.33,N
99-1676.83,5.C.1,Required Level of Education,RL,10,1.26,N
99-1676.83,5.C.1,Required Level of Education,RL,11,2.59,N
99-1676.83,5.C.1,Required Level of Education,RL,12,7.92,N
99-1677.84,5.C.1,Required Level of Education,RL,1,19.13,N
99-1677.84,5.C.1,Required Level of Education,RL,2,11.80,N
99-1677.84,5.C.1,Required Level of Education,RL,3,19.36,N
99-1677.84,5.C.1,Required Level of Education,RL,4,49.98,N
99-1677.84,5.C.1,Required Level of Education,RL,5,39.40,N
99-1677.84,5.C.1,Required Level of Education,RL,6,62.62,N
99-1677.84,5.C.1,Required Level of Education,RL,7,7.24,N
99-1677.84,5.C.1,Required Level of Education,RL,8,15.43,N
99-1677.84,5.C.1,Required Level of Education,RL,9,20.52,N
99-1677.84,5.C.1,Required Level of Education,RL,10,1.18,N
99-1677.84,5.C.1,Required Level of Education,RL,11,5.58,N
99-1677.84,5.C.1,Required Level of Education,RL,12,3.52,N
99-1678.85,5.C.1,Required Level of Education,RL,1,1.43,N
99-1678.85,5.C.1,Required Level of Education,RL,2,2.17,N
99-1678.85,5.C.1,Required Level of Education,RL,3,6.63,N
99-1678.85,5.C.1,Required Level of Education,RL,4,24.96,N
99-1678.85,5.C.1,Required Level of Education,RL,5,9.41,N
99-1678.85,5.C.1,Required Level of Education,RL,6,22.40,N
99-1678.85,5.C.1,Required Level of Education,RL,7,39.32,N
99-1678.85,5.C.1,Required Level of Education,RL,8,45.23,N
99-1678.85,5.C.1,Required Level of Education,RL,9,39.21,N
99-1678.85,5.C.1,Required Level of Education,RL,10,6.79,N
99-1678.85,5.C.1,Required Level of Education,RL,11,20.87,N
99-1678.85,5.C.1,Required Level of Education,RL,12,20.31,N
99-1679.86,5.C.1,Required Level of Education,RL,1,7.50,N
99-1679.86,5.C.1,Required Level of Education,RL,2,7.33,N
99-1679.86,5.C.1,Required Level of Education,RL,3,5.58,N
99-1679.86,5.C.1,Required Level of Education,RL,4,14.91,N
99-1679.86,5.C.1,Required Level of Education,RL,5,12.28,N
99-1679.86,5.C.1,Required Level of Education,RL,6,20.27,N
99-1679.86,5.C.1,Required Level of Education,RL,7,51.18,N
99-1679.86,5.C.1,Required Level of Education,RL,8,41.43,N
99-1679.86,5.C.1,Required Level of Education,RL,9,52.48,N
99-1679.86,5.C.1,Required Level of Education,RL,10,10.01,N
99-1679.86,5.C.1,Required Level of Education,RL,11,11.73,N
99-1679.86,5.C.1,Required Level of Education,RL,12,8.64,N
99-1680.87,5.C.1,Required Level of Education,RL,1,5.90,N
99-1680.87,5.C.1,Required Level of Education,RL,2,5.57,N
99-1680.87,5.C.1,Required Level of Education,RL,3,18.40,N
99-1680.87,5.C.1,Required Level of Education,RL,4,50.80,N
99-1680.87,5.C.1,Required Level of Education,RL,5,65.77,N
99-1680.87,5.C.1,Required Level of Education,RL,6,68.13,N
99-1680.87,5.C.1,Required Level of Education,RL,7,13.73,N
99-1680.87,5.C.1,Required Level of Education,RL,8,8.81,N
99-1680.87,5.C.1,Required Level of Education,RL,9,20.53,N
99-1680.87,5.C.1,Required Level of Education,RL,10,3.96,N
99-1680.87,5.C.1,Required Level of Education,RL,11,5.73,N
99-1680.87,5.C.1,Required Level of Education,RL,12,3.56,N
99-1681.88,5.C.1,Required Level of Education,RL,1,33.59,N
99-1681.88,5.C.1,Required Level of Education,RL,2,56.82,N
99-1681.88,5.C.1,Required Level of Education,RL,3,36.41,N
99-1681.88,5.C.1,Required Level of Education,RL,4,13.13,N
99-1681.88,5.C.1,Required Level of Education,RL,5,5.96,N
99-1681.88,5.C.1,Required Level of Education,RL,6,22.56,N
99-1681.88,5.C.1,Required Level of Education,RL,7,2.52,N
99-1681.88,5.C.1,Required Level of Education,RL,8,4.09,N
99-1681.88,5.C.1,Required Level of Education,RL,9,1.53,N
99-1681.88,5.C.1,Required Level of Education,RL,10,6.73,N
99-1681.88,5.C.1,Required Level of Education,RL,11,7.38,N
99-1681.88,5.C.1,Required Level of Education,RL,12,6.66,N
99-1682.89,5.C.1,Required Level of Education,RL,1,40.86,N
99-1682.89,5.C.1,Required Level of Education,RL,2,34.48,N
99-1682.89,5.C.1,Required Level of Education,RL,3,62.37,N
99-1682.89,5.C.1,Required Level of Education,RL,4,24.48,N
99-1682.89,5.C.1,Required Level of Education,RL,5,11.11,N
99-1682.89,5.C.1,Required Level of Education,RL,6,12.72,N
99-1682.89,5.C.1,Required Level of Education,RL,7,4.15,N
99-1682.89,5.C.1,Required Level of Education,RL,8,3.75,N
99-1682.89,5.C.1,Required Level of Education,RL,9,6.30,N
99-1682.89,5.C.1,Required Level of Education,RL,10,6.13,N
99-1682.89,5.C.1,Required Level of Education,RL,11,5.51,N
99-1682.89,5.C.1,Required Level of Education,RL,12,5.37,N
99-1683.90,5.C.1,Required Level of Education,RL,1,39.15,N
99-1683.90,5.C.1,Required Level of Education,RL,2,68.74,N
99-1683.90,5.C.1,Required Level of Education,RL,3,60.50,N
99-1683.90,5.C.1,Required Level of Education,RL,4,23.62,N
99-1683.90,5.C.1,Required Level of Education,RL,5,11.12,N
99-1683.90,5.C.1,Required Level of Education,RL,6,19.16,N
99-1683.90,5.C.1,Required Level of Education,RL,7,7.96,N
99-1683.90,5.C.1,Required Level of Education,RL,8,5.92,N
99-1683.90,5.C.1,Required Level of Education,RL,9,2.30,N
99-1683.90,5.C.1,Required Level of Education,RL,10,5.95,N
99-1683.90,5.C.1,Required Level of Education,RL,11,4.92,N
99-1683.90,5.C.1,Required Level of Education,RL,12,3.44,N
99-1684.91,5.C.1,Required Level of Education,RL,1,39.93,N
99-1684.91,5.C.1,Required Level of Education,RL,2,65.47,N
99-1684.91,5.C.1,Required Level of Education,RL,3,54.84,N
99-1684.91,5.C.1,Required Level of Education,RL,4,17.32,N
99-1684.91,5.C.1,Required Level of Education,RL,5,17.27,N
99-1684.91,5.C.1,Required Level of Education,RL,6,9.36,N
99-1684.91,5.C.1,Required Level of Education,RL,7,6.33,N
99-1684.91,5.C.1,Required Level of Education,RL,8,3.85,N
99-1684.91,5.C.1,Required Level of Education,RL,9,1.42,N
99-1684.91,5.C.1,Required Level of Education,RL,10,3.27,N
99-1684.91,5.C.1,Required Level of Education,RL,11,4.24,N
99-1684.91,5.C.1,Required Level of Education,RL,12,2.35,N
99-1685.92,5.C.1,Required Level of Education,RL,1,40.04,N
99-1685.92,5.C.1,Required Level of Education,RL,2,37.53,N
99-1685.92,5.C.1,Required Level of Education,RL,3,69.99,N
99-1685.92,5.C.1,Required Level of Education,RL,4,23.70,N
99-1685.92,5.C.1,Required Level of Education,RL,5,10.16,N
99-1685.92,5.C.1,Required Level of Education,RL,6,8.00,N
99-1685.92,5.C.1,Required Level of Education,RL,7,6.10,N
99-1685.92,5.C.1,Required Level of Education,RL,8,7.88,N
99-1685.92,5.C.1,Required Level of Education,RL,9,6.18,N
99-1685.92,5.C.1,Required Level of Education,RL,10,3.01,N
99-1685.92,5.C.1,Required Level of Education,RL,11,3.05,N
99-1685.92,5.C.1,Required Level of Education,RL,12,2.18,N
99-1686.93,5.C.1,Required Level of Education,RL,1,6.27,N
99-1686.93,5.C.1,Required Level of Education,RL,2,24.53,N
99-1686.93,5.C.1,Required Level of Education,RL,3,23.06,N
99-1686.93,5.C.1,Required Level of Education,RL,4,47.82,N
99-1686.93,5.C.1,Required Level of Education,RL,5,63.70,N
99-1686.93,5.C.1,Required Level of Education,RL,6,31.92,N
99-1686.93,5.C.1,Required Level of Education,RL,7,13.93,N
99-1686.93,5.C.1,Required Level of Education,RL,8,15.56,N
99-1686.93,5.C.1,Required Level of Education,RL,9,15.01,N
99-1686.93,5.C.1,Required Level of Education,RL,10,5.13,N
99-1686.93,5.C.1,Required Level of Education,RL,11,7.97,N
99-1686.93,5.C.1,Required Level of Education,RL,12,2.44,N
99-1687.94,5.C.1,Required Level of Education,RL,1,5.85,N
99-1687.94,5.C.1,Required Level of Education,RL,2,4.80,N
99-1687.94,5.C.1,Required Level of Education,RL,3,6.71,N
99-1687.94,5.C.1,Required Level of Education,RL,4,19.57,N
99-1687.94,5.C.1,Required Level of Education,RL,5,15.95,N
99-1687.94,5.C.1,Required Level of Education,RL,6,19.07,N
99-1687.94,5.C.1,Required Level of Education,RL,7,56.02,N
99-1687.94,5.C.1,Required Level of Education,RL,8,30.51,N
99-1687.94,5.C.1,Required Level of Education,RL,9,59.76,N
99-1687.94,5.C.1,Required Level of Education,RL,10,8.77,N
99-1687.94,5.C.1,Required Level of Education,RL,11,15.07,N
99-1687.94,5.C.1,Required Level of Education,RL,12,12.80,N
99-1688.95,5.C.1,Required Level of Education,RL,1,1.59,N
99-1688.95,5.C.1,Required Level of Education,RL,2,3.35,N
99-1688.95,5.C.1,Required Level of Education,RL,3,5.13,N
99-1688.95,5.C.1,Required Level of Education,RL,4,16.99,N
99-1688.95,5.C.1,Required Level of Education,RL,5,16.15,N
99-1688.95,5.C.1,Required Level of Education,RL,6,17.38,N
99-1688.95,5.C.1,Required Level of Education,RL,7,58.17,N
99-1688.95,5.C.1,Required Level of Education,RL,8,44.95,N
99-1688.95,5.C.1,Required Level of Education,RL,9,30.88,N
99-1688.95,5.C.1,Required Level of Education,RL,10,14.55,N
99-1688.95,5.C.1,Required Level of Education,RL,11,10.16,N
99-1688.95,5.C.1,Required Level of Education,RL,12,20.02,N
99-1689.96,5.C.1,Required Level of Education,RL,1,22.45,N
99-1689.96,5.C.1,Required Level of Education,RL,2,16.29,N
99-1689.96,5.C.1,Required Level of Education,RL,3,21.33,N
99-1689.96,5.C.1,Required Level of Education,RL,4,41.16,N
99-1689.96,5.C.1,Required Level of Education,RL,5,69.12,N
99-1689.96,5.C.1,Required Level of Education,RL,6,32.41,N
99-1689.96,5.C.1,Required Level of Education,RL,7,14.32,N
99-1689.96,5.C.1,Required Level of Education,RL,8,8.81,N
99-1689.96,5.C.1,Required Level of Education,RL,9,14.80,N
99-1689.96,5.C.1,Required Level of Education,RL,10,6.51,N
99-1689.96,5.C.1,Required Level of Education,RL,11,4.60,N
99-1689.96,5.C.1,Required Level of Education,RL,12,1.20,N
99-1690.97,5.C.1,Required Level of Education,RL,1,42.37,N
99-1690.97,5.C.1,Required Level of Education,RL,2,54.96,N
99-1690.97,5.C.1,Required Level of Education,RL,3,67.36,N
99-1690.97,5.C.1,Required Level of Education,RL,4,16.19,N
99-1690.97,5.C.1,Required Level of Education,RL,5,23.40,N
99-1690.97,5.C.1,Required Level of Education,RL,6,8.48,N
99-1690.97,5.C.1,Required Level of Education,RL,7,4.18,N
99-1690.97,5.C.1,Required Level of Education,RL,8,1.48,N
99-1690.97,5.C.1,Required Level of Education,RL,9,1.26,N
99-1690.97,5.C.1,Required Level of Education,RL,10,3.11,N
99-1690.97,5.C.1,Required Level of Education,RL,11,1.26,N
99-1690.97,5.C.1,Required Level of Education,RL,12,1.86,N
99-1691.98,5.C.1,Required Level of Education,RL,1,68.54,N
99-1691.98,5.C.1,Required Level of Education,RL,2,39.02,N
99-1691.98,5.C.1,Required Level of Education,RL,3,49.94,N
99-1691.98,5.C.1,Required Level of Education,RL,4,9.42,N
99-1691.98,5.C.1,Required Level of Education,RL,5,8.43,N
99-1691.98,5.C.1,Required Level of Education,RL,6,16.18,N
99-1691.98,5.C.1,Required Level of Education,RL,7,2.14,N
99-1691.98,5.C.1,Required Level of Education,RL,8,2.89,N
99-1691.98,5.C.1,Required Level of Education,RL,9,6.40,N
99-1691.98,5.C.1,Required Level of Education,RL,10,2.49,N
99-1691.98,5.C.1,Required Level of Education,RL,11,2.14,N
99-1691.98,5.C.1,Required Level of Education,RL,12,7.10,N
99-1692.99,5.C.1,Required Level of Education,RL,1,47.12,N
99-1692.99,5.C.1,Required Level of Education,RL,2,65.96,N
99-1692.99,5.C.1,Required Level of Education,RL,3,56.72,N
99-1692.99,5.C.1,Required Level of Education,RL,4,16.60,N
99-1692.99,5.C.1,Required Level of Education,RL,5,7.52,N
99-1692.99,5.C.1,Required Level of Education,RL,6,17.98,N
99-1692.99,5.C.1,Required Level of Education,RL,7,1.62,N
99-1692.99,5.C.1,Required Level of Education,RL,8,3.65,N
99-1692.99,5.C.1,Required Level of Education,RL,9,3.33,N
99-1692.99,5.C.1,Required Level of Education,RL,10,3.15,N
99-1692.99,5.C.1,Required Level of Education,RL,11,4.54,N
99-1692.99,5.C.1,Required Level of Education,RL,12,7.84,N
99-1693.01,5.C.1,Required Level of Education,RL,1,49.76,N
99-1693.01,5.C.1,Required Level of Education,RL,2,65.59,N
99-1693.01,5.C.1,Required Level of Education,RL,3,30.25,N
99-1693.01,5.C.1,Required Level of Education,RL,4,21.74,N
99-1693.01,5.C.1,Required Level of Education,RL,5,22.30,N
99-1693.01,5.C.1,Required Level of Education,RL,6,9.42,N
99-1693.01,5.C.1,Required Level of Education,RL,7,1.90,N
99-1693.01,5.C.1,Required Level of Education,RL,8,7.35,N
99-1693.01,5.C.1,Required Level of Education,RL,9,7.23,N
99-1693.01,5.C.1,Required Level of Education,RL,10,6.59,N
99-1693.01,5.C.1,Required Level of Education,RL,11,2.05,N
99-1693.01,5.C.1,Required Level of Education,RL,12,4.77,N
99-1694.02,5.C.1,Required Level of Education,RL,1,67.28,N
99-1694.02,5.C.1,Required Level of Education,RL,2,42.39,N
99-1694.02,5.C.1,Required Level of Education,RL,3,40.41,N
99-1694.02,5.C.1,Required Level of Education,RL,4,24.10,N
99-1694.02,5.C.1,Required Level of Education,RL,5,19.35,N
99-1694.02,5.C.1,Required Level of Education,RL,6,14.80,N
99-1694.02,5.C.1,Required Level of Education,RL,7,3.83,N
99-1694.02,5.C.1,Required Level of Education,RL,8,6.15,N
99-1694.02,5.C.1,Required Level of Education,RL,9,7.77,N
99-1694.02,5.C.1,Required Level of Education,RL,10,4.22,N
99-1694.02,5.C.1,Required Level of Education,RL,11,2.20,N
99-1694.02,5.C.1,Required Level of Education,RL,12,3.02,N
99-1695.03,5.C.1,Required Level of Education,RL,1,18.20,N
99-1695.03,5.C.1,Required Level of Education,RL,2,12.88,N
99-1695.03,5.C.1,Required Level of Education,RL,3,22.58,N
99-1695.03,5.C.1,Required Level of Education,RL,4,46.24,N
99-1695.03,5.C.1,Required Level of Education,RL,5,54.25,N
99-1695.03,5.C.1,Required Level of Education,RL,6,54.58,N
99-1695.03,5.C.1,Required Level of Education,RL,7,5.31,N
99-1695.03,5.C.1,Required Level of Education,RL,8,23.71,N
99-1695.03,5.C.1,Required Level of Education,RL,9,8.71,N
99-1695.03,5.C.1,Required Level of Education,RL,10,6.53,N
99-1695.03,5.C.1,Required Level of Education,RL,11,7.06,N
99-1695.03,5.C.1,Required Level of Education,RL,12,7.26,N
99-1696.04,5.C.1,Required Level of Education,RL,1,3.32,N
99-1696.04,5.C.1,Required Level of Education,RL,2,3.73,N
99-1696.04,5.C.1,Required Level of Education,RL,3,3.72,N
99-1696.04,5.C.1,Required Level of Education,RL,4,7.28,N
99-1696.04,5.C.1,Required Level of Education,RL,5,11.44,N
99-1696.04,5.C.1,Required Level of Education,RL,6,19.62,N
99-1696.04,5.C.1,Required Level of Education,RL,7,62.80,N
99-1696.04,5.C.1,Required Level of Education,RL,8,62.82,N
99-1696.04,5.C.1,Required Level of Education,RL,9,55.23,N
99-1696.04,5.C.1,Required Level of Education,RL,10,12.15,N
99-1696.04,5.C.1,Required Level of Education,RL,11,15.63,N
99-1696.04,5.C.1,Required Level of Education,RL,12,8.85,N
99-1697.05,5.C.1,Required Level of Education,RL,1,5.70,N
99-1697.05,5.C.1,Required Level of Education,RL,2,4.28,N
99-1697.05,5.C.1,Required Level of Education,RL,3,2.03,N
99-1697.05,5.C.1,Required Level of Education,RL,4,13.94,N
99-1697.05,5.C.1,Required Level of Education,RL,5,18.05,N
99-1697.05,5.C.1,Required Level of Education,RL,6,20.11,N
99-1697.05,5.C.1,Required Level of Education,RL,7,66.67,N
99-1697.05,5.C.1,Required Level of Education,RL,8,52.16,N
99-1697.05,5.C.1,Required Level of Education,RL,9,62.87,N
99-1697.05,5.C.1,Required Level of Education,RL,10,13.67,N
99-1697.05,5.C.1,Required Level of Education,RL,11,14.87,N
99-1697.05,5.C.1,Required Level of Education,RL,12,18.01,N
99-1698.06,5.C.1,Required Level of Education,RL,1,5.95,N
99-1698.06,5.C.1,Required Level of Education,RL,2,22.74,N
99-1698.06,5.C.1,Required Level of Education,RL,3,22.88,N
99-1698.06,5.C.1,Required Level of Education,RL,4,56.11,N
99-1698.06,5.C.1,Required Level of Education,RL,5,32.05,N
99-1698.06,5.C.1,Required Level of Education,RL,6,39.26,N
99-1698.06,5.C.1,Required Level of Education,RL,7,6.25,N
99-1698.06,5.C.1,Required Level of Education,RL,8,15.59,N
99-1698.06,5.C.1,Required Level of Education,RL,9,24.65,N
99-1698.06,5.C.1,Required Level of Education,RL,10,6.67,N
99-1698.06,5.C.1,Required Level of Education,RL,11,7.32,N
99-1698.06,5.C.1,Required Level of Education,RL,12,7.77,N
99-1699.07,5.C.1,Required Level of Education,RL,1,48.63,N
99-1699.07,5.C.1,Required Level of Education,RL,2,63.93,N
99-1699.07,5.C.1,Required Level of Education,RL,3,65.52,N
99-1699.07,5.C.1,Required Level of Education,RL,4,19.66,N
99-1699.07,5.C.1,Required Level of Education,RL,5,12.50,N
99-1699.07,5.C.1,Required Level of Education,RL,6,22.00,N
99-1699.07,5.C.1,Required Level of Education,RL,7,1.57,N
99-1699.07,5.C.1,Required Level of Education,RL,8,7.00,N
99-1699.07,5.C.1,Required Level of Education,RL,9,2.51,N
99-1699.07,5.C.1,Required Level of Education,RL,10,6.89,N
99-1699.07,5.C.1,Required Level of Education,RL,11,3.34,N
99-1699.07,5.C.1,Required Level of Education,RL,12,1.56,N
99-1700.08,5.C.1,Required Level of Education,RL,1,49.98,N
99-1700.08,5.C.1,Required Level of Education,RL,2,64.52,N
99-1700.08,5.C.1,Required Level of Education,RL,3,33.53,N
99-1700.08,5.C.1,Required Level of Education,RL,4,7.47,N
99-1700.08,5.C.1,Required Level of Education,RL,5,18.51,N
99-1700.08,5.C.1,Required Level of Education,RL,6,20.65,N
99-1700.08,5.C.1,Required Level of Education,RL,7,1.42,N
99-1700.08,5.C.1,Required Level of Education,RL,8,5.46,N
99-1700.08,5.C.1,Required Level of Education,RL,9,2.00,N
99-1700.08,5.C.1,Required Level of Education,RL,10,3.23,N
99-1700.08,5.C.1,Required Level of Education,RL,11,6.45,N
99-1700.08,5.C.1,Required Level of Education,RL,12,5.22,N
99-1701.09,5.C.1,Required Level of Education,RL,1,58.54,N
99-1701.09,5.C.1,Required Level of Education,RL,2,59.97,N
99-1701.09,5.C.1,Required Level of Education,RL,3,54.01,N
99-1701.09,5.C.1,Required Level of Education,RL,4,5.22,N
99-1701.09,5.C.1,Required Level of Education,RL,5,17.51,N
99-1701.09,5.C.1,Required Level of Education,RL,6,24.53,N
99-1701.09,5.C.1,Required Level of Education,RL,7,6.77,N
99-1701.09,5.C.1,Required Level of Education,RL,8,3.55,N
99-1701.09,5.C.1,Required Level of Education,RL,9,1.39,N
99-1701.09,5.C.1,Required Level of Education,RL,10,6.09,N
99-1701.09,5.C.1,Required Level of Education,RL,11,1.39,N
99-1701.09,5.C.1,Required Level of Education,RL,12,7.13,N
99-1702.10,5.C.1,Required Level of Education,RL,1,34.56,N
99-1702.10,5.C.1,Required Level of Education,RL,2,52.62,N
99-1702.10,5.C.1,Required Level of Education,RL,3,44.17,N
99-1702.10,5.C.1,Required Level of Education,RL,4,6.54,N
99-1702.10,5.C.1,Required Level of Education,RL,5,10.67,N
99-1702.10,5.C.1,Required Level of Education,RL,6,12.59,N
99-1702.10,5.C.1,Required Level of Education,RL,7,2.68,N
99-1702.10,5.C.1,Required Level of Education,RL,8,2.89,N
99-1702.10,5.C.1,Required Level of Education,RL,9,1.28,N
99-1702.10,5.C.1,Required Level of Education,RL,10,6.06,N
99-1702.10,5.C.1,Required Level of Education,RL,11,1.31,N
99-1702.10,5.C.1,Required Level of Education,RL,12,2.22,N
99-1703.11,5.C.1,Required Level of Education,RL,1,32.25,N
99-1703.11,5.C.1,Required Level of Education,RL,2,39.45,N
99-1703.11,5.C.1,Required Level of Education,RL,3,59.97,N
99-1703.11,5.C.1,Required Level of Education,RL,4,19.18,N
99-1703.11,5.C.1,Required Level of Education,RL,5,5.17,N
99-1703.11,5.C.1,Required Level of Education,RL,6,10.51,N
99-1703.11,5.C.1,Required Level of Education,RL,7,6.36,N
99-1703.11,5.C.1,Required Level of Education,RL,8,7.35,N
99-1703.11,5.C.1,Required Level of Education,RL,9,3.14,N
99-1703.11,5.C.1,Required Level of Education,RL,10,7.87,N
99-1703.11,5.C.1,Required Level of Education,RL,11,1.26,N
99-1703.11,5.C.1,Required Level of Education,RL,12,7.40,N
99-1704.12,5.C.1,Required Level of Education,RL,1,22.48,N
99-1704.12,5.C.1,Required Level of Education,RL,2,10.97,N
99-1704.12,5.C.1,Required Level of Education,RL,3,14.36,N
99-1704.12,5.C.1,Required Level of Education,RL,4,67.97,N
99-1704.12,5.C.1,Required Level of Education,RL,5,46.77,N
99-1704.12,5.C.1,Required Level of Education,RL,6,50.24,N
99-1704.12,5.C.1,Required Level of Education,RL,7,8.84,N
99-1704.12,5.C.1,Required Level of Education,RL,8,5.77,N
99-1704.12,5.C.1,Required Level of Education,RL,9,19.42,N
99-1704.12,5.C.1,Required Level of Education,RL,10,5.04,N
99-1704.12,5.C.1,Required Level of Education,RL,11,2.28,N
99-1704.12,5.C.1,Required Level of Education,RL,12,7.02,N
99-1705.13,5.C.1,Required Level of Education,RL,1,3.68,N
99-1705.13,5.C.1,Required Level of Education,RL,2,6.21,N
99-1705.13,5.C.1,Required Level of Education,RL,3,4.02,N
99-1705.13,5.C.1,Required Level of Education,RL,4,15.22,N
99-1705.13,5.C.1,Required Level of Education,RL,5,5.70,N
99-1705.13,5.C.1,Required Level of Education,RL,6,19.28,N
99-1705.13,5.C.1,Required Level of Education,RL,7,36.55,N
99-1705.13,5.C.1,Required Level of Education,RL,8,57.86,N
99-1705.13,5.C.1,Required Level of Education,RL,9,51.84,N
99-1705.13,5.C.1,Required Level of Education,RL,10,9.49,N
99-1705.13,5.C.1,Required Level of Education,RL,11,21.30,N
99-1705.13,5.C.1,Required Level of Education,RL,12,15.22,N
99-1706.14,5.C.1,Required Level of Education,RL,1,1.95,N
99-1706.14,5.C.1,Required Level of Education,RL,2,6.60,N
99-1706.14,5.C.1,Required Level of Education,RL,3,2.53,N
99-1706.14,5.C.1,Required Level of Education,RL,4,11.89,N
99-1706.14,5.C.1,Required Level of Education,RL,5,7.46,N
99-1706.14,5.C.1,Required Level of Education,RL,6,14.60,N
99-1706.14,5.C.1,Required Level of Education,RL,7,38.15,N
99-1706.14,5.C.1,Required Level of Education,RL,8,40.26,N
99-1706.14,5.C.1,Required Level of Education,RL,9,41.70,N
99-1706.14,5.C.1,Required Level of Education,RL,10,20.04,N
99-1706.14,5.C.1,Required Level of Education,RL,11,21.03,N
99-1706.14,5.C.1,Required Level of Education,RL,12,19.40,N
99-1707.15,5.C.1,Required Level of Education,RL,1,9.87,N
99-1707.15,5.C.1,Required Level of Education,RL,2,7.85,N
99-1707.15,5.C.1,Required Level of Education,RL,3,17.50,N
99-1707.15,5.C.1,Required Level of Education,RL,4,40.57,N
99-1707.15,5.C.1,Required Level of Education,RL,5,46.39,N
99-1707.15,5.C.1,Required Level of Education,RL,6,31.39,N
99-1707.15,5.C.1,Required Level of Education,RL,7,23.60,N
99-1707.15,5.C.1,Required Level of Education,RL,8,10.00,N
99-1707.15,5.C.1,Required Level of Education,RL,9,19.92,N
99-1707.15,5.C.1,Required Level of Education,RL,10,3.49,N
99-1707.15,5.C.1,Required Level of Education,RL,11,1.15,N
99-1707.15,5.C.1,Required Level of Education,RL,12,1.10,N
99-1708.16,5.C.1,Required Level of Education,RL,1,39.39,N
99-1708.16,5.C.1,Required Level of Education,RL,2,66.50,N
99-1708.16,5.C.1,Required Level of Education,RL,3,52.29,N
99-1708.16,5.C.1,Required Level of Education,RL,4,8.35,N
99-1708.16,5.C.1,Required Level of Education,RL,5,5.60,N
99-1708.16,5.C.1,Required Level of Education,RL,6,13.53,N
99-1708.16,5.C.1,Required Level of Education,RL,7,2.06,N
99-1708.16,5.C.1,Required Level of Education,RL,8,7.94,N
99-1708.16,5.C.1,Required Level of Education,RL,9,2.34,N
99-1708.16,5.C.1,Required Level of Education,RL,10,2.15,N
99-1708.16,5.C.1,Required Level of Education,RL,11,6.36,N
99-1708.16,5.C.1,Required Level of Education,RL,12,1.74,N
99-1709.17,5.C.1,Required Level of Education,RL,1,45.71,N
99-1709.17,5.C.1,Required Level of Education,RL,2,34.46,N
99-1709.17,5.C.1,Required Level of Education,RL,3,38.50,N
99-1709.17,5.C.1,Required Level of Education,RL,4,11.20,N
99-1709.17,5.C.1,Required Level of Education,RL,5,7.57,N
99-1709.17,5.C.1,Required Level of Education,RL,6,20.48,N
99-1709.17,5.C.1,Required Level of Education,RL,7,4.07,N
99-1709.17,5.C.1,Required Level of Education,RL,8,2.05,N
99-1709.17,5.C.1,Required Level of Education,RL,9,4.22,N
99-1709.17,5.C.1,Required Level of Education,RL,10,7.54,N
99-1709.17,5.C.1,Required Level of Education,RL,11,7.48,N
99-1709.17,5.C.1,Required Level of Education,RL,12,2.62,N
99-1710.18,5.C.1,Required Level of Education,RL,1,58.16,N
99-1710.18,5.C.1,Required Level of Education,RL,2,55.84,N
99-1710.18,5.C.1,Required Level of Education,RL,3,41.62,N
99-1710.18,5.C.1,Required Level of Education,RL,4,13.81,N
99-1710.18,5.C.1,Required Level of Education,RL,5,18.75,N
99-1710.18,5.C.1,Required Level of Education,RL,6,11.17,N
99-1710.18,5.C.1,Required Level of Education,RL,7,5.85,N
99-1710.18,5.C.1,Required Level of Education,RL,8,5.06,N
99-1710.18,5.C.1,Required Level of Education,RL,9,1.42,N
99-1710.18,5.C.1,Required Level of Education,RL,10,1.22,N
99-1710.18,5.C.1,Required Level of Education,RL,11,4.79,N
99-1710.18,5.C.1,Required Level of Education,RL,12,3.93,N
99-1711.19,5.C.1,Required Level of Education,RL,1,53.79,N
99-1711.19,5.C.1,Required Level of Education,RL,2,69.04,N
99-1711.19,5.C.1,Required Level of Education,RL,3,69.22,N
99-1711.19,5.C.1,Required Level of Education,RL,4,6.43,N
99-1711.19,5.C.1,Required Level of Education,RL,5,9.46,N
99-1711.19,5.C.1,Required Level of Education,RL,6,22.68,N
99-1711.19,5.C.1,Required Level of Education,RL,7,1.45,N
99-1711.19,5.C.1,Required Level of Education,RL,8,1.45,N
99-1711.19,5.C.1,Required Level of Education,RL,9,3.03,N
99-1711.19,5.C.1,Required Level of Education,RL,10,6.82,N
99-1711.19,5.C.1,Required Level of Education,RL,11,4.75,N
99-1711.19,5.C.1,Required Level of Education,RL,12,1.38,N
99-1712.20,5.C.1,Required Level of Education,RL,1,58.73,N
99-1712.20,5.C.1,Required Level of Education,RL,2,59.28,N
99-1712.20,5.C.1,Required Level of Education,RL,3,42.79,N
99-1712.20,5.C.1,Required Level of Education,RL,4,14.13,N
99-1712.20,5.C.1,Required Level of Education,RL,5,23.28,N
99-1712.20,5.C.1,Required Level of Education,RL,6,17.96,N
99-1712.20,5.C.1,Required Level of Education,RL,7,2.16,N
99-1712.20,5.C.1,Required Level of Education,RL,8,4.94,N
99-1712.20,5.C.1,Required Level of Education,RL,9,6.88,N
99-1712.20,5.C.1,Required Level of Education,RL,10,3.41,N
99-1712.20,5.C.1,Required Level of Education,RL,11,3.28,N
99-1712.20,5.C.1,Required Level of Education,RL,12,2.13,N
99-1713.21,5.C.1,Required Level of Education,RL,1,18.21,N
99-1713.21,5.C.1,Required Level of Education,RL,2,17.07,N
99-1713.21,5.C.1,Required Level of Education,RL,3,5.30,N
99-1713.21,5.C.1,Required Level of Education,RL,4,43.01,N
99-1713.21,5.C.1,Required Level of Education,RL,5,45.12,N
99-1713.21,5.C.1,Required Level of Education,RL,6,60.44,N
99-1713.21,5.C.1,Required Level of Education,RL,7,18.65,N
99-1713.21,5.C.1,Required Level of Education,RL,8,24.05,N
99-1713.21,5.C.1,Required Level of Education,RL,9,7.98,N
99-1713.21,5.C.1,Required Level of Education,RL,10,7.34,N
99-1713.21,5.C.1,Required Level of Education,RL,11,5.63,N
99-1713.21,5.C.1,Required Level of Education,RL,12,4.18,N
99-1714.22,5.C.1,Required Level of Education,RL,1,7.43,N
99-1714.22,5.C.1,Required Level of Education,RL,2,7.63,N
99-1714.22,5.C.1,Required Level of Education,RL,3,4.43,N
99-1714.22,5.C.1,Required Level of Education,RL,4,12.45,N
99-1714.22,5.C.1,Required Level of Education,RL,5,9.47,N
99-1714.22,5.C.1,Required Level of Education,RL,6,9.95,N
99-1714.22,5.C.1,Required Level of Education,RL,7,41.98,N
99-1714.22,5.C.1,Required Level of Education,RL,8,35.43,N
99-1714.22,5.C.1,Required Level of Education,RL,9,54.41,N
99-1714.22,5.C.1,Required Level of Education,RL,10,10.91,N
99-1714.22,5.C.1,Required Level of Education,RL,11,11.20,N
99-1714.22,5.C.1,Required Level of Education,RL,12,14.63,N
99-1715.23,5.C.1,Required Level of Education,RL,1,7.57,N
99-1715.23,5.C.1,Required Level of Education,RL,2,1.88,N
99-1715.23,5.C.1,Required Level of Education,RL,3,5.52,N
99-1715.23,5.C.1,Required Level of Education,RL,4,5.67,N
99-1715.23,5.C.1,Required Level of Education,RL,5,10.97,N
99-1715.23,5.C.1,Required Level of Education,RL,6,12.09,N
99-1715.23,5.C.1,Required Level of Education,RL,7,45.85,N
99-1715.23,5.C.1,Required Level of Education,RL,8,47.54,N
99-1715.23,5.C.1,Required Level of Education,RL,9,61.45,N
99-1715.23,5.C.1,Required Level of Education,RL,10,16.18,N
99-1715.23,5.C.1,Required Level of Education,RL,11,11.79,N
99-1715.23,5.C.1,Required Level of Education,RL,12,7.12,N
99-1716.24,5.C.1,Required Level of Education,RL,1,22.61,N
99-1716.24,5.C.1,Required Level of Education,RL,2,15.11,N
99-1716.24,5.C.1,Required Level of Education,RL,3,14.16,N
99-1716.24,5.C.1,Required Level of Education,RL,4,37.50,N
99-1716.24,5.C.1,Required Level of Education,RL,5,63.87,N
99-1716.24,5.C.1,Required Level of Education,RL,6,39.20,N
99-1716.24,5.C.1,Required Level of Education,RL,7,24.16,N
99-1716.24,5.C.1,Required Level of Education,RL,8,22.55,N
99-1716.24,5.C.1,Required Level of Education,RL,9,22.26,N
99-1716.24,5.C.1,Required Level of Education,RL,10,5.17,N
99-1716.24,5.C.1,Required Level of Education,RL,11,3.58,N
99-1716.24,5.C.1,Required Level of Education,RL,12,4.64,N
99-1717.25,5.C.1,Required Level of Education,RL,1,40.41,N
99-1717.25,5.C.1,Required Level of Education,RL,2,57.96,N
99-1717.25,5.C.1,Required Level of Education,RL,3,49.86,N
99-1717.25,5.C.1,Required Level of Education,RL,4,21.07,N
99-1717.25,5.C.1,Required Level of Education,RL,5,18.07,N
99-1717.25,5.C.1,Required Level of Education,RL,6,5.25,N
99-1717.25,5.C.1,Required Level of Education,RL,7,7.30,N
99-1717.25,5.C.1,Required Level of Education,RL,8,1.84,N
99-1717.25,5.C.1,Required Level of Education,RL,9,7.06,N
99-1717.25,5.C.1,Required Level of Education,RL,10,4.78,N
99-1717.25,5.C.1,Required Level of Education,RL,11,5.77,N
99-1717.25,5.C.1,Required Level of Education,RL,12,4.33,N
99-1718.26,5.C.1,Required Level of Education,RL,1,37.21,N
99-1718.26,5.C.1,Required Level of Education,RL,2,40.28,N
99-1718.26,5.C.1,Required Level of Education,RL,3,47.42,N
99-1718.26,5.C.1,Required Level of Education,RL,4,8.85,N
99-1718.26,5.C.1,Required Level of Education,RL,5,18.80,N
99-1718.26,5.C.1,Required Level of Education,RL,6,20.65,N
99-1718.26,5.C.1,Required Level of Education,RL,7,4.92,N
99-1718.26,5.C.1,Required Level of Education,RL,8,6.82,N
99-1718.26,5.C.1,Required Level of Education,RL,9,1.74,N
99-1718.26,5.C.1,Required Level of Education,RL,10,6.13,N
99-1718.26,5.C.1,Required Level of Education,RL,11,6.91,N
99-1718.26,5.C.1,Required Level of Education,RL,12,6.03,N
99-1719.27,5.C.1,Required Level of Education,RL,1,60.47,N
99-1719.27,5.C.1,Required Level of Education,RL,2,58.40,N
99-1719.27,5.C.1,Required Level of Education,RL,3,32.90,N
99-1719.27,5.C.1,Required Level of Education,RL,4,24.35,N
99-1719.27,5.C.1,Required Level of Education,RL,5,22.78,N
99-1719.27,5.C.1,Required Level of Education,RL,6,17.70,N
99-1719.27,5.C.1,Required Level of Education,RL,7,3.00,N
99-1719.27,5.C.1,Required Level of Education,RL,8,7.40,N
99-1719.27,5.C.1,Required Level of Education,RL,9,4.34,N
99-1719.27,5.C.1,Required Level of Education,RL,10,1.33,N
99-1719.27,5.C.1,Required Level of Education,RL,11,6.01,N
99-1719.27,5.C.1,Required Level of Education,RL,12,1.67,N
99-1720.28,5.C.1,Required Level of Education,RL,1,31.95,N
99-1720.28,5.C.1,Required Level of Education,RL,2,40.93,N
99-1720.28,5.C.1,Required Level of Education,RL,3,42.72,N
99-1720.28,5.C.1,Required Level of Education,RL,4,19.61,N
99-1720.28,5.C.1,Required Level of Education,RL,5,7.78,N
99-1720.28,5.C.1,Required Level of Education,RL,6,21.31,N
99-1720.28,5.C.1,Required Level of Education,RL,7,3.84,N
99-1720.28,5.C.1,Required Level of Education,RL,8,3.48,N
99-1720.28,5.C.1,Required Level of Education,RL,9,1.25,N
99-1720.28,5.C.1,Required Level of Education,RL,10,3.60,N
99-1720.28,5.C.1,Required Level of Education,RL,11,7.91,N
99-1720.28,5.C.1,Required Level of Education,RL,12,1.33,N
99-1721.29,5.C.1,Required Level of Education,RL,1,42.01,N
99-1721.29,5.C.1,Required Level of Education,RL,2,65.29,N
99-1721.29,5.C.1,Required Level of Education,RL,3,37.98,N
99-1721.29,5.C.1,Required Level of Education,RL,4,14.19,N
99-1721.29,5.C.1,Required Level of Education,RL,5,23.75,N
99-1721.29,5.C.1,Required Level of Education,RL,6,6.81,N
99-1721.29,5.C.1,Required Level of Education,RL,7,7.82,N
99-1721.29,5.C.1,Required Level of Education,RL,8,4.19,N
99-1721.29,5.C.1,Required Level of Education,RL,9,3.22,N
99-1721.29,5.C.1,Required Level of Education,RL,10,3.79,N
99-1721.29,5.C.1,Required Level of Education,RL,11,5.95,N
99-1721.29,5.C.1,Required Level of Education,RL,12,6.29,N
99-1722.30,5.C.1,Required Level of Education,RL,1,22.77,N
99-1722.30,5.C.1,Required Level of Education,RL,2,7.52,N
99-1722.30,5.C.1,Required Level of Education,RL,3,24.90,N
99-1722.30,5.C.1,Required Level of Education,RL,4,65.36,N
99-1722.30,5.C.1,Required Level of Education,RL,5,46.17,N
99-1722.30,5.C.1,Required Level of Education,RL,6,56.49,N
99-1722.30,5.C.1,Required Level of Education,RL,7,11.33,N
99-1722.30,5.C.1,Required Level of Education,RL,8,18.36,N
99-1722.30,5.C.1,Required Level of Education,RL,9,13.58,N
99-1722.30,5.C.1,Required Level of Education,RL,10,2.06,N
99-1722.30,5.C.1,Required Level of Education,RL,11,4.62,N
99-1722.30,5.C.1,Required Level of Education,RL,12,2.31,N
99-1723.31,5.C.1,Required Level of Education,RL,1,5.63,N
99-1723.31,5.C.1,Required Level of Education,RL,2,3.55,N
99-1723.31,5.C.1,Required Level of Education,RL,3,1.18,N
99-1723.31,5.C.1,Required Level of Education,RL,4,17.33,N
99-1723.31,5.C.1,Required Level of Education,RL,5,18.81,N
99-1723.31,5.C.1,Required Level of Education,RL,6,7.29,N
99-1723.31,5.C.1,Required Level of Education,RL,7,60.50,N
99-1723.31,5.C.1,Required Level of Education,RL,8,63.82,N
99-1723.31,5.C.1,Required Level of Education,RL,9,43.92,N
99-1723.31,5.C.1,Required Level of Education,RL,10,6.10,N
99-1723.31,5.C.1,Required Level of Education,RL,11,10.93,N
99-1723.31,5.C.1,Required Level of Education,RL,12,7.67,N
99-1724.32,5.C.1,Required Level of Education,RL,1,3.47,N
99-1724.32,5.C.1,Required Level of Education,RL,2,2.41,N
99-1724.32,5.C.1,Required Level of Education,RL,3,6.92,N
99-1724.32,5.C.1,Required Level of Education,RL,4,21.46,N
99-1724.32,5.C.1,Required Level of Education,RL,5,18.75,N
99-1724.32,5.C.1,Required Level of Education,RL,6,12.23,N
99-1724.32,5.C.1,Required Level of Education,RL,7,52.17,N
99-1724.32,5.C.1,Required Level of Education,RL,8,34.82,N
99-1724.32,5.C.1,Required Level of Education,RL,9,56.58,N
99-1724.32,5.C.1,Required Level of Education,RL,10,18.29,N
99-1724.32,5.C.1,Required Level of Education,RL,11,16.80,N
99-1724.32,5.C.1,Required Level of Education,RL,12,10.93,N
99-1725.33,5.C.1,Required Level of Education,RL,1,14.50,N
99-1725.33,5.C.1,Required Level of Education,RL,2,17.66,N
99-1725.33,5.C.1,Required Level of Education,RL,3,22.94,N
99-1725.33,5.C.1,Required Level of Education,RL,4,57.86,N
99-1725.33,5.C.1,Required Level of Education,RL,5,63.38,N
99-1725.33,5.C.1,Required Level of Education,RL,6,44.20,N
99-1725.33,5.C.1,Required Level of Education,RL,7,15.63,N
99-1725.33,5.C.1,Required Level of Education,RL,8,15.92,N
99-1725.33,5.C.1,Required Level of Education,RL,9,22.55,N
99-1725.33,5.C.1,Required Level of Education,RL,10,7.06,N
99-1725.33,5.C.1,Required Level of Education,RL,11,5.10,N
99-1725.33,5.C.1,Required Level of Education,RL,12,2.02,N
99-1726.34,5.C.1,Required Level of Education,RL,1,63.39,N
99-1726.34,5.C.1,Required Level of Education,RL,2,67.33,N
99-1726.34,5.C.1,Required Level of Education,RL,3,59.57,N
99-1726.34,5.C.1,Required Level of Education,RL,4,23.19,N
99-1726.34,5.C.1,Required Level of Education,RL,5,18.83,N
99-1726.34,5.C.1,Required Level of Education,RL,6,14.62,N
99-1726.34,5.C.1,Required Level of Education,RL,7,2.12,N
99-1726.34,5.C.1,Required Level of Education,RL,8,2.26,N
99-1726.34,5.C.1,Required Level of Education,RL,9,5.63,N
99-1726.34,5.C.1,Required Level of Education,RL,10,1.18,N
99-1726.34,5.C.1,Required Level of Education,RL,11,3.22,N
99-1726.34,5.C.1,Required Level of Education,RL,12,1.95,N
99-1727.35,5.C.1,Required Level of Education,RL,1,42.75,N
99-1727.35,5.C.1,Required Level of Education,RL,2,65.97,N
99-1727.35,5.C.1,Required Level of Education,RL,3,55.73,N
99-1727.35,5.C.1,Required Level of Education,RL,4,7.84,N
99-1727.35,5.C.1,Required Level of Education,RL,5,17.18,N
99-1727.35,5.C.1,Required Level of Education,RL,6,11.45,N
99-1727.35,5.C.1,Required Level of Education,RL,7,6.65,N
99-1727.35,5.C.1,Required Level of Education,RL,8,3.84,N
99-1727.35,5.C.1,Required Level of Education,RL,9,3.12,N
99-1727.35,5.C.1,Required Level of Education,RL,10,5.78,N
99-1727.35,5.C.1,Required Level of Education,RL,11,3.51,N
99-1727.35,5.C.1,Required Level of Education,RL,12,4.18,N
99-1728.36,5.C.1,Required Level of Education,RL,1,52.99,N
99-1728.36,5.C.1,Required Level of Education,RL,2,50.57,N
99-1728.36,5.C.1,Required Level of Education,RL,3,59.79,N
99-1728.36,5.C.1,Required Level of Education,RL,4,9.08,N
99-1728.36,5.C.1,Required Level of Education,RL,5,14.63,N
99-1728.36,5.C.1,Required Level of Education,RL,6,18.48,N
99-1728.36,5.C.1,Required Level of Education,RL,7,6.90,N
99-1728.36,5.C.1,Required Level of Education,RL,8,3.29,N
99-1728.36,5.C.1,Required Level of Education,RL,9,1.35,N
99-1728.36,5.C.1,Required Level of Education,RL,10,6.54,N
99-1728.36,5.C.1,Required Level of Education,RL,11,4.16,N
99-1728.36,5.C.1,Required Level of Education,RL,12,6.78,N
99-1729.37,5.C.1,Required Level of Education,RL,1,40.00,N
99-1729.37,5.C.1,Required Level of Education,RL,2,33.81,N
99-1729.37,5.C.1,Required Level of Education,RL,3,49.16,N
99-1729.37,5.C.1,Required Level of Education,RL,4,22.67,N
99-1729.37,5.C.1,Required Level of Education,RL,5,17.12,N
99-1729.37,5.C.1,Required Level of Education,RL,6,17.03,N
99-1729.37,5.C.1,Required Level of Education,RL,7,7.88,N
99-1729.37,5.C.1,Required Level of Education,RL,8,5.69,N
99-1729.37,5.C.1,Required Level of Education,RL,9,5.44,N
99-1729.37,5.C.1,Required Level of Education,RL,10,5.92,N
99-1729.37,5.C.1,Required Level of Education,RL,11,4.59,N
99-1729.37,5.C.1,Required Level of Education,RL,12,5.20,N
99-1730.38,5.C.1,Required Level of Education,RL,1,56.26,N
99-1730.38,5.C.1,Required Level of Education,RL,2,49.85,N
99-1730.38,5.C.1,Required Level of Education,RL,3,60.28,N
99-1730.38,5.C.1,Required Level of Education,RL,4,21.21,N
99-1730.38,5.C.1,Required Level of Education,RL,5,21.79,N
99-1730.38,5.C.1,Required Level of Education,RL,6,12.60,N
99-1730.38,5.C.1,Required Level of Education,RL,7,6.46,N
99-1730.38,5.C.1,Required Level of Education,RL,8,2.30,N
99-1730.38,5.C.1,Required Level of Education,RL,9,4.90,N
99-1730.38,5.C.1,Required Level of Education,RL,10,2.15,N
99-1730.38,5.C.1,Required Level of Education,RL,11,7.26,N
99-1730.38,5.C.1,Required Level of Education,RL,12,1.76,N
99-1731.39,5.C.1,Required Level of Education,RL,1,18.49,N
99-1731.39,5.C.1,Required Level of Education,RL,2,23.05,N
99-1731.39,5.C.1,Required Level of Education,RL,3,7.15,N
99-1731.39,5.C.1,Required Level of Education,RL,4,67.33,N
99-1731.39,5.C.1,Required Level of Education,RL,5,44.43,N
99-1731.39,5.C.1,Required Level of Education,RL,6,30.85,N
99-1731.39,5.C.1,Required Level of Education,RL,7,20.19,N
99-1731.39,5.C.1,Required Level of Education,RL,8,9.86,N
99-1731.39,5.C.1,Required Level of Education,RL,9,12.78,N
99-1731.39,5.C.1,Required Level of Education,RL,10,5.30,N
99-1731.39,5.C.1,Required Level of Education,RL,11,1.01,N
99-1731.39,5.C.1,Required Level of Education,RL,12,5.84,N
99-1732.40,5.C.1,Required Level of Education,RL,1,4.66,N
99-1732.40,5.C.1,Required Level of Education,RL,2,3.44,N
99-1732.40,5.C.1,Required Level of Education,RL,3,5.85,N
99-1732.40,5.C.1,Required Level of Education,RL,4,24.01,N
99-1732.40,5.C.1,Required Level of Education,RL,5,17.76,N
99-1732.40,5.C.1,Required Level of Education,RL,6,12.83,N
99-1732.40,5.C.1,Required Level of Education,RL,7,58.53,N
99-1732.40,5.C.1,Required Level of Education,RL,8,68.52,N
99-1732.40,5.C.1,Required Level of Education,RL,9,47.27,N
99-1732.40,5.C.1,Required Level of Education,RL,10,12.62,N
99-1732.40,5.C.1,Required Level of Education,RL,11,12.50,N
99-1732.40,5.C.1,Required Level of Education,RL,12,14.02,N
99-1733.41,5.C.1,Required Level of Education,RL,1,6.99,N
99-1733.41,5.C.1,Required Level of Education,RL,2,6.14,N
99-1733.41,5.C.1,Required Level of Education,RL,3,2.79,N
99-1733.41,5.C.1,Required Level of Education,RL,4,8.39,N
99-1733.41,5.C.1,Required Level of Education,RL,5,8.98,N
99-1733.41,5.C.1,Required Level of Education,RL,6,9.03,N
99-1733.41,5.C.1,Required Level of Education,RL,7,63.21,N
99-1733.41,5.C.1,Required Level of Education,RL,8,52.42,N
99-1733.41,5.C.1,Required Level of Education,RL,9,52.40,N
99-1733.41,5.C.1,Required Level of Education,RL,10,19.80,N
99-1733.41,5.C.1,Required Level of Education,RL,11,8.26,N
99-1733.41,5.C.1,Required Level of Education,RL,12,18.51,N
99-1734.42,5.C.1,Required Level of Education,RL,1,22.05,N
99-1734.42,5.C.1,Required Level of Education,RL,2,6.63,N
99-1734.42,5.C.1,Required Level of Education,RL,3,22.68,N
99-1734.42,5.C.1,Required Level of Education,RL,4,30.55,N
99-1734.42,5.C.1,Required Level of Education,RL,5,57.61,N
99-1734.42,5.C.1,Required Level of Education,RL,6,51.62,N
99-1734.42,5.C.1,Required Level of Education,RL,7,6.31,N
99-1734.42,5.C.1,Required Level of Education,RL,8,20.31,N
99-1734.42,5.C.1,Required Level of Education,RL,9,15.89,N
99-1734.42,5.C.1,Required Level of Education,RL,10,7.93,N
99-1734.42,5.C.1,Required Level of Education,RL,11,5.34,N
99-1734.42,5.C.1,Required Level of Education,RL,12,7.92,N
99-1735.43,5.C.1,Required Level of Education,RL,1,33.96,N
99-1735.43,5.C.1,Required Level of Education,RL,2,43.72,N
99-1735.43,5.C.1,Required Level of Education,RL,3,32.61,N
99-1735.43,5.C.1,Required Level of Education,RL,4,18.32,N
99-1735.43,5.C.1,Required Level of Education,RL,5,16.00,N
99-1735.43,5.C.1,Required Level of Education,RL,6,7.47,N
99-1735.43,5.C.1,Required Level of Education,RL,7,4.28,N
99-1735.43,5.C.1,Required Level of Education,RL,8,7.18,N
99-1735.43,5.C.1,Required Level of Education,RL,9,3.15,N
99-1735.43,5.C.1,Required Level of Education,RL,10,7.10,N
99-1735.43,5.C.1,Required Level of Education,RL,11,5.92,N
99-1735.43,5.C.1,Required Level of Education,RL,12,3.42,N
99-1736.44,5.C.1,Required Level of Education,RL,1,67.55,N
99-1736.44,5.C.1,Required Level of Education,RL,2,44.18,N
99-1736.44,5.C.1,Required Level of Education,RL,3,54.97,N
99-1736.44,5.C.1,Required Level of Education,RL,4,12.36,N
99-1736.44,5.C.1,Required Level of Education,RL,5,19.71,N
99-1736.44,5.C.1,Required Level of Education,RL,6,10.54,N
99-1736.44,5.C.1,Required Level of Education,RL,7,7.96,N
99-1736.44,5.C.1,Required Level of Education,RL,8,6.36,N
99-1736.44,5.C.1,Required Level of Education,RL,9,7.56,N
99-1736.44,5.C.1,Required Level of Education,RL,10,3.74,N
99-1736.44,5.C.1,Required Level of Education,RL,11,7.34,N
99-1736.44,5.C.1,Required Level of Education,RL,12,6.06,N
99-1737.45,5.C.1,Required Level of Education,RL,1,42.71,N
99-1737.45,5.C.1,Required Level of Education,RL,2,63.16,N
99-1737.45,5.C.1,Required Level of Education,RL,3,32.20,N
99-1737.45,5.C.1,Required Level of Education,RL,4,23.91,N
99-1737.45,5.C.1,Required Level of Education,RL,5,17.07,N
99-1737.45,5.C.1,Required Level of Education,RL,6,19.35,N
99-1737.45,5.C.1,Required Level of Education,RL,7,6.17,N
99-1737.45,5.C.1,Required Level of Education,RL,8,2.40,N
99-1737.45,5.C.1,Required Level of Education,RL,9,6.32,N
99-1737.45,5.C.1,Required Level of Education,RL,10,6.29,N
99-1737.45,5.C.1,Required Level of Education,RL,11,1.89,N
99-1737.45,5.C.1,Required Level of Education,RL,12,7.51,N
99-1738.46,5.C.1,Required Level of Education,RL,1,55.32,N
99-1738.46,5.C.1,Required Level of Education,RL,2,36.25,N
99-1738.46,5.C.1,Required Level of Education,RL,3,46.87,N
99-1738.46,5.C.1,Required Level of Education,RL,4,20.58,N
99-1738.46,5.C.1,Required Level of Education,RL,5,13.26,N
99-1738.46,5.C.1,Required Level of Education,RL,6,23.79,N
99-1738.46,5.C.1,Required Level of Education,RL,7,4.50,N
99-1738.46,5.C.1,Required Level of Education,RL,8,1.76,N
99-1738.46,5.C.1,Required Level of Education,RL,9,7.10,N
99-1738.46,5.C.1,Required Level of Education,RL,10,5.03,N
99-1738.46,5.C.1,Required Level of Education,RL,11,7.11,N
99-1738.46,5.C.1,Required Level of Education,RL,12,1.17,N
99-1739.47,5.C.1,Required Level of Education,RL,1,42.96,N
99-1739.47,5.C.1,Required Level of Education,RL,2,47.68,N
99-1739.47,5.C.1,Required Level of Education,RL,3,58.52,N
99-1739.47,5.C.1,Required Level of Education,RL,4,20.29,N
99-1739.47,5.C.1,Required Level of Education,RL,5,24.14,N
99-1739.47,5.C.1,Required Level of Education,RL,6,7.80,N
99-1739.47,5.C.1,Required Level of Education,RL,7,3.72,N
99-1739.47,5.C.1,Required Level of Education,RL,8,5.72,N
99-1739.47,5.C.1,Required Level of Education,RL,9,5.91,N
99-1739.47,5.C.1,Required Level of Education,RL,10,7.28,N
99-1739.47,5.C.1,Required Level of Education,RL,11,6.04,N
99-1739.47,5.C.1,Required Level of Education,RL,12,6.73,N
99-1740.48,5.C.1,Required Level of Education,RL,1,13.70,N
99-1740.48,5.C.1,Required Level of Education,RL,2,14.43,N
99-1740.48,5.C.1,Required Level of Education,RL,3,6.32,N
99-1740.48,5.C.1,Required Level of Education,RL,4,64.22,N
99-1740.48,5.C.1,Required Level of Education,RL,5,40.40,N
99-1740.48,5.C.1,Required Level of Education,RL,6,66.13,N
99-1740.48,5.C.1,Required Level of Education,RL,7,18.57,N
99-1740.48,5.C.1,Required Level of Education,RL,8,11.49,N
99-1740.48,5.C.1,Required Level of Education,RL,9,19.55,N
99-1740.48,5.C.1,Required Level of Education,RL,10,4.06,N
99-1740.48,5.C.1,Required Level of Education,RL,11,1.10,N
99-1740.48,5.C.1,Required Level of Education,RL,12,4.78,N
99-1741.49,5.C.1,Required Level of Education,RL,1,1.79,N
99-1741.49,5.C.1,Required Level of Education,RL,2,4.15,N
99-1741.49,5.C.1,Required Level of Education,RL,3,4.22,N
99-1741.49,5.C.1,Required Level of Education,RL,4,9.48,N
99-1741.49,5.C.1,Required Level of Education,RL,5,18.02,N
99-1741.49,5.C.1,Required Level of Education,RL,6,23.61,N
99-1741.49,5.C.1,Required Level of Education,RL,7,62.95,N
99-1741.49,5.C.1,Required Level of Education,RL,8,52.34,N
99-1741.49,5.C.1,Required Level of Education,RL,9,53.80,N
99-1741.49,5.C.1,Required Level of Education,RL,10,16.04,N
99-1741.49,5.C.1,Required Level of Education,RL,11,19.14,N
99-1741.49,5.C.1,Required Level of Education,RL,12,5.30,N
99-1742.50,5.C.1,Required Level of Education,RL,1,2.71,N
99-1742.50,5.C.1,Required Level of Education,RL,2,2.28,N
99-1742.50,5.C.1,Required Level of Education,RL,3,4.30,N
99-1742.50,5.C.1,Required Level of Education,RL,4,12.24,N
99-1742.50,5.C.1,Required Level of Education,RL,5,7.51,N
99-1742.50,5.C.1,Required Level of Education,RL,6,10.44,N
99-1742.50,5.C.1,Required Level of Education,RL,7,38.48,N
99-1742.50,5.C.1,Required Level of Education,RL,8,64.53,N
99-1742.50,5.C.1,Required Level of Education,RL,9,43.05,N
99-1742.50,5.C.1,Required Level of Education,RL,10,18.15,N
99-1742.50,5.C.1,Required Level of Education,RL,11,10.58,N
99-1742.50,5.C.1,Required Level of Education,RL,12,5.14,N
99-1743.51,5.C.1,Required Level of Education,RL,1,21.54,N
99-1743.51,5.C.1,Required Level of Education,RL,2,10.62,N
99-1743.51,5.C.1,Required Level of Education,RL,3,10.69,N
99-1743.51,5.C.1,Required Level of Education,RL,4,45.55,N
99-1743.51,5.C.1,Required Level of Education,RL,5,32.49,N
99-1743.51,5.C.1,Required Level of Education,RL,6,65.40,N
99-1743.51,5.C.1,Required Level of Education,RL,7,11.19,N
99-1743.51,5.C.1,Required Level of Education,RL,8,24.41,N
99-1743.51,5.C.1,Required Level of Education,RL,9,17.04,N
99-1743.51,5.C.1,Required Level of Education,RL,10,2.33,N
99-1743.51,5.C.1,Required Level of Education,RL,11,5.32,N
99-1743.51,5.C.1,Required Level of Education,RL,12,5.47,N
99-1744.52,5.C.1,Required Level of Education,RL,1,53.51,N
99-1744.52,5.C.1,Required Level of Education,RL,2,54.70,N
99-1744.52,5.C.1,Required Level of Education,RL,3,64.57,N
99-1744.52,5.C.1,Required Level of Education,RL,4,11.66,N
99-1744.52,5.C.1,Required Level of Education,RL,5,6.42,N
99-1744.52,5.C.1,Required Level of Education,RL,6,21.65,N
99-1744.52,5.C.1,Required Level of Education,RL,7,7.66,N
99-1744.52,5.C.1,Required Level of Education,RL,8,3.30,N
99-1744.52,5.C.1,Required Level of Education,RL,9,5.53,N
99-1744.52,5.C.1,Required Level of Education,RL,10,5.79,N
99-1744.52,5.C.1,Required Level of Education,RL,11,5.07,N
99-1744.52,5.C.1,Required Level of Education,RL,12,2.15,N
99-1745.53,5.C.1,Required Level of Education,RL,1,67.70,N
99-1745.53,5.C.1,Required Level of Education,RL,2,66.13,N
99-1745.53,5.C.1,Required Level of Education,RL,3,55.90,N
99-1745.53,5.C.1,Required Level of Education,RL,4,21.56,N
99-1745.53,5.C.1,Required Level of Education,RL,5,10.26,N
99-1745.53,5.C.1,Required Level of Education,RL,6,6.66,N
99-1745.53,5.C.1,Required Level of Education,RL,7,5.21,N
99-1745.53,5.C.1,Required Level of Education,RL,8,5.70,N
99-1745.53,5.C.1,Required Level of Education,RL,9,1.41,N
99-1745.53,5.C.1,Required Level of Education,RL,10,2.47,N
99-1745.53,5.C.1,Required Level of Education,RL,11,4.65,N
99-1745.53,5.C.1,Required Level of Education,RL,12,1.21,N
99-1746.54,5.C.1,Required Level of Education,RL,1,52.29,N
99-1746.54,5.C.1,Required Level of Education,RL,2,46.02,N
99-1746.54,5.C.1,Required Level of Education,RL,3,30.19,N
99-1746.54,5.C.1,Required Level of Education,RL,4,18.82,N
99-1746.54,5.C.1,Required Level of Education,RL,5,23.17,N
99-1746.54,5.C.1,Required Level of Education,RL,6,22.26,N
99-1746.54,5.C.1,Required Level of Education,RL,7,5.72,N
99-1746.54,5.C.1,Required Level of Education,RL,8,4.44,N
99-1746.54,5.C.1,Required Level of Education,RL,9,2.81,N
99-1746.54,5.C.1,Required Level of Education,RL,10,4.44,N
99-1746.54,5.C.1,Required Level of Education,RL,11,6.35,N
99-1746.54,5.C.1,Required Level of Education,RL,12,5.19,N
99-1747.55,5.C.1,Required Level of Education,RL,1,68.05,N
99-1747.55,5.C.1,Required Level of Education,RL,2,35.92,N
99-1747.55,5.C.1,Required Level of Education,RL,3,65.65,N
99-1747.55,5.C.1,Required Level of Education,RL,4,24.51,N
99-1747.55,5.C.1,Required Level of Education,RL,5,22.90,N
99-1747.55,5.C.1,Required Level of Education,RL,6,7.76,N
99-1747.55,5.C.1,Required Level of Education,RL,7,4.99,N
99-1747.55,5.C.1,Required Level of Education,RL,8,1.03,N
99-1747.55,5.C.1,Required Level of Education,RL,9,3.79,N
99-1747.55,5.C.1,Required Level of Education,RL,10,1.28,N
99-1747.55,5.C.1,Required Level of Education,RL,11,6.26,N
99-1747.55,5.C.1,Required Level of Education,RL,12,5.86,N
99-1748.56,5.C.1,Required Level of Education,RL,1,36.55,N
99-1748.56,5.C.1,Required Level of Education,RL,2,64.97,N
99-1748.56,5.C.1,Required Level of Education,RL,3,33.40,N
99-1748.56,5.C.1,Required Level of Education,RL,4,9.88,N
99-1748.56,5.C.1,Required Level of Education,RL,5,21.23,N
99-1748.56,5.C.1,Required Level of Education,RL,6,9.33,N
99-1748.56,5.C.1,Required Level of Education,RL,7,6.88,N
99-1748.56,5.C.1,Required Level of Education,RL,8,6.36,N
99-1748.56,5.C.1,Required Level of Education,RL,9,3.37,N
99-1748.56,5.C.1,Required Level of Education,RL,10,2.77,N
99-1748.56,5.C.1,Required Level of Education,RL,11,7.85,N
99-1748.56,5.C.1,Required Level of Education,RL,12,2.05,N
99-1749.57,5.C.1,Required Level of Education,RL,1,10.77,N
99-1749.57,5.C.1,Required Level of Education,RL,2,24.21,N
99-1749.57,5.C.1,Required Level of Education,RL,3,21.75,N
99-1749.57,5.C.1,Required Level of Education,RL,4,59.49,N
99-1749.57,5.C.1,Required Level of Education,RL,5,35.18,N
99-1749.57,5.C.1,Required Level of Education,RL,6,43.83,N
99-1749.57,5.C.1,Required Level of Education,RL,7,22.33,N
99-1749.57,5.C.1,Required Level of Education,RL,8,24.75,N
99-1749.57,5.C.1,Required Level of Education,RL,9,23.11,N
99-1749.57,5.C.1,Required Level of Education,RL,10,1.59,N
99-1749.57,5.C.1,Required Level of Education,RL,11,7.41,N
99-1749.57,5.C.1,Required Level of Education,RL,12,1.38,N
99-1750.58,5.C.1,Required Level of Education,RL,1,4.85,N
99-1750.58,5.C.1,Required Level of Education,RL,2,5.76,N
99-1750.58,5.C.1,Required Level of Education,RL,3,6.96,N
99-1750.58,5.C.1,Required Level of Education,RL,4,24.36,N
99-1750.58,5.C.1,Required Level of Education,RL,5,22.27,N
99-1750.58,5.C.1,Required Level of Education,RL,6,21.38,N
99-1750.58,5.C.1,Required Level of Education,RL,7,38.25,N
99-1750.58,5.C.1,Required Level of Education,RL,8,52.71,N
99-1750.58,5.C.1,Required Level of Education,RL,9,66.78,N
99-1750.58,5.C.1,Required Level of Education,RL,10,21.32,N
99-1750.58,5.C.1,Required Level of Education,RL,11,19.96,N
99-1750.58,5.C.1,Required Level of Education,RL,12,21.23,N
99-1751.59,5.C.1,Required Level of Education,RL,1,3.59,N
99-1751.59,5.C.1,Required Level of Education,RL,2,4.23,N
99-1751.59,5.C.1,Required Level of Education,RL,3,3.91,N
99-1751.59,5.C.1,Required Level of Education,RL,4,24.88,N
99-1751.59,5.C.1,Required Level of Education,RL,5,12.56,N
99-1751.59,5.C.1,Required Level of Education,RL,6,15.24,N
99-1751.59,5.C.1,Required Level of Education,RL,7,55.83,N
99-1751.59,5.C.1,Required Level of Education,RL,8,36.75,N
99-1751.59,5.C.1,Required Level of Education,RL,9,39.94,N
99-1751.59,5.C.1,Required Level of Education,RL,10,10.10,N
99-1751.59,5.C.1,Required Level of Education,RL,11,24.01,N
99-1751.59,5.C.1,Required Level of Education,RL,12,19.29,N
99-1752.60,5.C.1,Required Level of Education,RL,1,10.31,N
99-1752.60,5.C.1,Required Level of Education,RL,2,11.00,N
99-1752.60,5.C.1,Required Level of Education,RL,3,16.53,N
99-1752.60,5.C.1,Required Level of Education,RL,4,34.73,N
99-1752.60,5.C.1,Required Level of Education,RL,5,59.23,N
99-1752.60,5.C.1,Required Level of Education,RL,6,57.89,N
99-1752.60,5.C.1,Required Level of Education,RL,7,15.15,N
99-1752.60,5.C.1,Required Level of Education,RL,8,11.00,N
99-1752.60,5.C.1,Required Level of Education,RL,9,21.11,N
99-1752.60,5.C.1,Required Level of Education,RL,10,1.53,N
99-1752.60,5.C.1,Required Level of Education,RL,11,6.90,N
99-1752.60,5.C.1,Required Level of Education,RL,12,4.15,N
99-1753.61,5.C.1,Required Level of Education,RL,1,30.78,N
99-1753.61,5.C.1,Required Level of Education,RL,2,51.50,N
99-1753.61,5.C.1,Required Level of Education,RL,3,67.59,N
99-1753.61,5.C.1,Required Level of Education,RL,4,11.14,N
99-1753.61,5.C.1,Required Level of Education,RL,5,16.21,N
99-1753.61,5.C.1,Required Level of Education,RL,6,11.74,N
99-1753.61,5.C.1,Required Level of Education,RL,7,2.68,N
99-1753.61,5.C.1,Required Level of Education,RL,8,5.68,N
99-1753.61,5.C.1,Required Level of Education,RL,9,3.09,N
99-1753.61,5.C.1,Required Level of Education,RL,10,3.69,N
99-1753.61,5.C.1,Required Level of Education,RL,11,2.79,N
99-1753.61,5.C.1,Required Level of Education,RL,12,6.71,N
99-1754.62,5.C.1,Required Level of Education,RL,1,34.55,N
99-1754.62,5.C.1,Required Level of Education,RL,2,54.77,N
99-1754.62,5.C.1,Required Level of Education,RL,3,56.72,N
99-1754.62,5.C.1,Required Level of Education,RL,4,10.89,N
99-1754.62,5.C.1,Required Level of Education,RL,5,15.33,N
99-1754.62,5.C.1,Required Level of Education,RL,6,11.25,N
99-1754.62,5.C.1,Required Level of Education,RL,7,1.29,N
99-1754.62,5.C.1,Required Level of Education,RL,8,7.73,N
99-1754.62,5.C.1,Required Level of Education,RL,9,6.39,N
99-1754.62,5.C.1,Required Level of Education,RL,10,6.80,N
99-1754.62,5.C.1,Required Level of Education,RL,11,2.04,N
99-1754.62,5.C.1,Required Level of Education,RL,12,1.24,N
99-1755.63,5.C.1,Required Level of Education,RL,1,55.08,N
99-1755.63,5.C.1,Required Level of Education,RL,2,66.86,N
99-1755.63,5.C.1,Required Level of Education,RL,3,30.26,N
99-1755.63,5.C.1,Required Level of Education,RL,4,15.78,N
99-1755.63,5.C.1,Required Level of Education,RL,5,16.91,N
99-1755.63,5.C.1,Required Level of Education,RL,6,5.81,N
99-1755.63,5.C.1,Required Level of Education,RL,7,5.25,N
99-1755.63,5.C.1,Required Level of Education,RL,8,5.68,N
99-1755.63,5.C.1,Required Level of Education,RL,9,7.21,N
99-1755.63,5.C.1,Required Level of Education,RL,10,5.92,N
99-1755.63,5.C.1,Required Level of Education,RL,11,5.44,N
99-1755.63,5.C.1,Required Level of Education,RL,12,2.79,N
99-1756.64,5.C.1,Required Level of Education,RL,1,58.08,N
99-1756.64,5.C.1,Required Level of Education,RL,2,50.21,N
99-1756.64,5.C.1,Required Level of Education,RL,3,38.82,N
99-1756.64,5.C.1,Required Level of Education,RL,4,14.99,N
99-1756.64,5.C.1,Required Level of Education,RL,5,15.62,N
99-1756.64,5.C.1,Required Level of Education,RL,6,20.92,N
99-1756.64,5.C.1,Required Level of Education,RL,7,3.64,N
99-1756.64,5.C.1,Required Level of Education,RL,8,6.23,N
99-1756.64,5.C.1,Required Level of Education,RL,9,6.06,N
99-1756.64,5.C.1,Required Level of Education,RL,10,2.34,N
99-1756.64,5.C.1,Required Level of Education,RL,11,6.80,N
99-1756.64,5.C.1,Required Level of Education,RL,12,5.66,N
99-1757.65,5.C.1,Required Level of Education,RL,1,41.42,N
99-1757.65,5.C.1,Required Level of Education,RL,2,52.46,N
99-1757.65,5.C.1,Required Level of Education,RL,3,35.55,N
99-1757.65,5.C.1,Required Level of Education,RL,4,17.28,N
99-1757.65,5.C.1,Required Level of Education,RL,5,9.87,N
99-1757.65,5.C.1,Required Level of Education,RL,6,24.56,N
99-1757.65,5.C.1,Required Level of Education,RL,7,4.05,N
99-1757.65,5.C.1,Required Level of Education,RL,8,3.28,N
99-1757.65,5.C.1,Required Level of Education,RL,9,4.91,N
99-1757.65,5.C.1,Required Level of Education,RL,10,7.96,N
99-1757.65,5.C.1,Required Level of Education,RL,11,5.69,N
99-1757.65,5.C.1,Required Level of Education,RL,12,7.01,N
99-1758.66,5.C.1,Required Level of Education,RL,1,17.66,N
99-1758.66,5.C.1,Required Level of Education,RL,2,20.16,N
99-1758.66,5.C.1,Required Level of Education,RL,3,13.89,N
99-1758.66,5.C.1,Required Level of Education,RL,4,35.04,N
99-1758.66,5.C.1,Required Level of Education,RL,5,35.38,N
99-1758.66,5.C.1,Required Level of Education,RL,6,65.75,N
99-1758.66,5.C.1,Required Level of Education,RL,7,20.81,N
99-1758.66,5.C.1,Required Level of Education,RL,8,23.46,N
99-1758.66,5.C.1,Required Level of Education,RL,9,23.88,N
99-1758.66,5.C.1,Required Level of Education,RL,10,2.26,N
99-1758.66,5.C.1,Required Level of Education,RL,11,6.99,N
99-1758.66,5.C.1,Required Level of Education,RL,12,6.32,N
99-1759.67,5.C.1,Required Level of Education,RL,1,6.48,N
99-1759.67,5.C.1,Required Level of Education,RL,2,2.50,N
99-1759.67,5.C.1,Required Level of Education,RL,3,5.34,N
99-1759.67,5.C.1,Required Level of Education,RL,4,11.94,N
99-1759.67,5.C.1,Required Level of Education,RL,5,22.68,N
99-1759.67,5.C.1,Required Level of Education,RL,6,21.94,N
99-1759.67,5.C.1,Required Level of Education,RL,7,34.57,N
99-1759.67,5.C.1,Required Level of Education,RL,8,49.66,N
99-1759.67,5.C.1,Required Level of Education,RL,9,45.41,N
99-1759.67,5.C.1,Required Level of Education,RL,10,18.62,N
99-1759.67,5.C.1,Required Level of Education,RL,11,20.93,N
99-1759.67,5.C.1,Required Level of Education,RL,12,15.44,N
99-1760.68,5.C.1,Required Level of Education,RL,1,6.71,N
99-1760.68,5.C.1,Required Level of Education,RL,2,6.27,N
99-1760.68,5.C.1,Required Level of Education,RL,3,4.31,N
99-1760.68,5.C.1,Required Level of Education,RL,4,13.08,N
99-1760.68,5.C.1,Required Level of Education,RL,5,21.25,N
99-1760.68,5.C.1,Required Level of Education,RL,6,11.12,N
99-1760.68,5.C.1,Required Level of Education,RL,7,64.93,N
99-1760.68,5.C.1,Required Level of Education,RL,8,31.67,N
99-1760.68,5.C.1,Required Level of Education,RL,9,44.53,N
99-1760.68,5.C.1,Required Level of Education,RL,10,14.07,N
99-1760.68,5.C.1,Required Level of Education,RL,11,9.22,N
99-1760.68,5.C.1,Required Level of Education,RL,12,7.01,N
99-1761.69,5.C.1,Required Level of Education,RL,1,7.99,N
99-1761.69,5.C.1,Required Level of Education,RL,2,6.62,N
99-1761.69,5.C.1,Required Level of Education,RL,3,13.46,N
99-1761.69,5.C.1,Required Level of Education,RL,4,31.48,N
99-1761.69,5.C.1,Required Level of Education,RL,5,32.56,N
99-1761.69,5.C.1,Required Level of Education,RL,6,68.26,N
99-1761.69,5.C.1,Required Level of Education,RL,7,6.70,N
99-1761.69,5.C.1,Required Level of Education,RL,8,16.74,N
99-1761.69,5.C.1,Required Level of Education,RL,9,6.17,N
99-1761.69,5.C.1,Required Level of Education,RL,10,1.73,N
99-1761.69,5.C.1,Required Level of Education,RL,11,2.84,N
99-1761.69,5.C.1,Required Level of Education,RL,12,7.76,N
99-1762.70,5.C.1,Required Level of Education,RL,1,58.54,N
99-1762.70,5.C.1,Required Level of Education,RL,2,40.12,N
99-1762.70,5.C.1,Required Level of Education,RL,3,36.74,N
99-1762.70,5.C.1,Required Level of Education,RL,4,9.32,N
99-1762.70,5.C.1,Required Level of Education,RL,5,10.51,N
99-1762.70,5.C.1,Required Level of Education,RL,6,14.89,N
99-1762.70,5.C.1,Required Level of Education,RL,7,3.11,N
99-1762.70,5.C.1,Required Level of Education,RL,8,4.25,N
99-1762.70,5.C.1,Required Level of Education,RL,9,1.93,N
99-1762.70,5.C.1,Required Level of Education,RL,10,2.78,N
99-1762.70,5.C.1,Required Level of Education,RL,11,2.47,N
99-1762.70,5.C.1,Required Level of Education,RL,12,5.30,N
99-1763.71,5.C.1,Required Level of Education,RL,1,61.39,N
99-1763.71,5.C.1,Required Level of Education,RL,2,67.39,N
99-1763.71,5.C.1,Required Level of Education,RL,3,44.26,N
99-1763.71,5.C.1,Required Level of Education,RL,4,18.42,N
99-1763.71,5.C.1,Required Level of Education,RL,5,6.26,N
99-1763.71,5.C.1,Required Level of Education,RL,6,22.42,N
99-1763.71,5.C.1,Required Level of Education,RL,7,4.75,N
99-1763.71,5.C.1,Required Level of Education,RL,8,4.93,N
99-1763.71,5.C.1,Required Level of Education,RL,9,6.71,N
99-1763.71,5.C.1,Required Level of Education,RL,10,1.32,N
99-1763.71,5.C.1,Required Level of Education,RL,11,7.76,N
99-1763.71,5.C.1,Required Level of Education,RL,12,4.74,N
99-1764.72,5.C.1,Required Level of Education,RL,1,53.09,N
99-1764.72,5.C.1,Required Level of Education,RL,2,63.98,N
99-1764.72,5.C.1,Required Level of Education,RL,3,30.33,N
99-1764.72,5.C.1,Required Level of Education,RL,4,16.23,N
99-1764.72,5.C.1,Required Level of Education,RL,5,10.44,N
99-1764.72,5.C.1,Required Level of Education,RL,6,20.54,N
99-1764.72,5.C.1,Required Level of Education,RL,7,6.55,N
99-1764.72,5.C.1,Required Level of Education,RL,8,5.44,N
99-1764.72,5.C.1,Required Level of Education,RL,9,4.86,N
99-1764.72,5.C.1,Required Level of Education,RL,10,1.34,N
99-1764.72,5.C.1,Required Level of Education,RL,11,4.73,N
99-1764.72,5.C.1,Required Level of Education,RL,12,7.53,N
99-1765.73,5.C.1,Required Level of Education,RL,1,56.48,N
99-1765.73,5.C.1,Required Level of Education,RL,2,45.16,N
99-1765.73,5.C.1,Required Level of Education,RL,3,42.69,N
99-1765.73,5.C.1,Required Level of Education,RL,4,19.67,N
99-1765.73,5.C.1,Required Level of Education,RL,5,11.95,N
99-1765.73,5.C.1,Required Level of Education,RL,6,20.81,N
99-1765.73,5.C.1,Required Level of Education,RL,7,4.49,N
99-1765.73,5.C.1,Required Level of Education,RL,8,5.00,N
99-1765.73,5.C.1,Required Level of Education,RL,9,4.89,N
99-1765.73,5.C.1,Required Level of Education,RL,10,1.88,N
99-1765.73,5.C.1,Required Level of Education,RL,11,3.54,N
99-1765.73,5.C.1,Required Level of Education,RL,12,4.03,N
99-1766.74,5.C.1,Required Level of Education,RL,1,40.33,N
99-1766.74,5.C.1,Required Level of Education,RL,2,36.43,N
99-1766.74,5.C.1,Required Level of Education,RL,3,63.90,N
99-1766.74,5.C.1,Required Level of Education,RL,4,11.97,N
99-1766.74,5.C.1,Required Level of Education,RL,5,17.26,N
99-1766.74,5.C.1,Required Level of Education,RL,6,19.23,N
99-1766.74,5.C.1,Required Level of Education,RL,7,7.34,N
99-1766.74,5.C.1,Required Level of Education,RL,8,1.39,N
99-1766.74,5.C.1,Required Level of Education,RL,9,2.49,N
99-1766.74,5.C.1,Required Level of Education,RL,10,7.16,N
99-1766.74,5.C.1,Required Level of Education,RL,11,2.66,N
99-1766.74,5.C.1,Required Level of Education,RL,12,6.18,N
99-1767.75,5.C.1,Required Level of Education,RL,1,23.33,N
99-1767.75,5.C.1,Required Level of Education,RL,2,24.40,N
99-1767.75,5.C.1,Required Level of Education,RL,3,13.35,N
99-1767.75,5.C.1,Required Level of Education,RL,4,66.09,N
99-1767.75,5.C.1,Required Level of Education,RL,5,62.81,N
99-1767.75,5.C.1,Required Level of Education,RL,6,47.37,N
99-1767.75,5.C.1,Required Level of Education,RL,7,13.62,N
99-1767.75,5.C.1,Required Level of Education,RL,8,16.75,N
99-1767.75,5.C.1,Required Level of Education,RL,9,15.34,N
99-1767.75,5.C.1,Required Level of Education,RL,10,4.91,N
99-1767.75,5.C.1,Required Level of Education,RL,11,3.22,N
99-1767.75,5.C.1,Required Level of Education,RL,12,1.29,N
99-1768.76,5.C.1,Required Level of Education,RL,1,3.79,N
99-1768.76,5.C.1,Required Level of Education,RL,2,1.61,N
99-1768.76,5.C.1,Required Level of Education,RL,3,1.65,N
99-1768.76,5.C.1,Required Level of Education,RL,4,24.35,N
99-1768.76,5.C.1,Required Level of Education,RL,5,24.16,N
99-1768.76,5.C.1,Required Level of Education,RL,6,21.52,N
99-1768.76,5.C.1,Required Level of Education,RL,7,69.44,N
99-1768.76,5.C.1,Required Level of Education,RL,8,56.46,N
99-1768.76,5.C.1,Required Level of Education,RL,9,42.95,N
99-1768.76,5.C.1,Required Level of Education,RL,10,23.47,N
99-1768.76,5.C.1,Required Level of Education,RL,11,24.78,N
99-1768.76,5.C.1,Required Level of Education,RL,12,21.73,N
99-1769.77,5.C.1,Required Level of Education,RL,1,4.64,N
99-1769.77,5.C.1,Required Level of Education,RL,2,4.64,N
99-1769.77,5.C.1,Required Level of Education,RL,3,5.17,N
99-1769.77,5.C.1,Required Level of Education,RL,4,12.66,N
99-1769.77,5.C.1,Required Level of Education,RL,5,22.33,N
99-1769.77,5.C.1,Required Level of Education,RL,6,17.29,N
99-1769.77,5.C.1,Required Level of Education,RL,7,62.16,N
99-1769.77,5.C.1,Required Level of Education,RL,8,50.66,N
99-1769.77,5.C.1,Required Level of Education,RL,9,53.96,N
99-1769.77,5.C.1,Required Level of Education,RL,10,7.49,N
99-1769.77,5.C.1,Required Level of Education,RL,11,14.54,N
99-1769.77,5.C.1,Required Level of Education,RL,12,8.03,N
99-1770.78,5.C.1,Required Level of Education,RL,1,8.94,N
99-1770.78,5.C.1,Required Level of Education,RL,2,7.72,N
99-1770.78,5.C.1,Required Level of Education,RL,3,16.94,N
99-1770.78,5.C.1,Required Level of Education,RL,4,30.58,N
99-1770.78,5.C.1,Required Level of Education,RL,5,46.94,N
99-1770.78,5.C.1,Required Level of Education,RL,6,41.88,N
99-1770.78,5.C.1,Required Level of Education,RL,7,11.98,N
99-1770.78,5.C.1,Required Level of Education,RL,8,11.87,N
99-1770.78,5.C.1,Required Level of Education,RL,9,13.76,N
99-1770.78,5.C.1,Required Level of Education,RL,10,4.19,N
99-1770.78,5.C.1,Required Level of Education,RL,11,5.75,N
99-1770.78,5.C.1,Required Level of Education,RL,12,2.00,N
99-1771.79,5.C.1,Required Level of Education,RL,1,61.73,N
99-1771.79,5.C.1,Required Level of Education,RL,2,53.92,N
99-1771.79,5.C.1,Required Level of Education,RL,3,59.61,N
99-1771.79,5.C.1,Required Level of Education,RL,4,20.22,N
99-1771.79,5.C.1,Required Level of Education,RL,5,9.39,N
99-1771.79,5.C.1,Required Level of Education,RL,6,15.50,N
99-1771.79,5.C.1,Required Level of Education,RL,7,6.90,N
99-1771.79,5.C.1,Required Level of Education,RL,8,7.85,N
99-1771.79,5.C.1,Required Level of Education,RL,9,1.20,N
99-1771.79,5.C.1,Required Level of Education,RL,10,5.95,N
99-1771.79,5.C.1,Required Level of Education,RL,11,2.13,N
99-1771.79,5.C.1,Required Level of Education,RL,12,4.06,N
99-1772.80,5.C.1,Required Level of Education,RL,1,59.66,N
99-1772.80,5.C.1,Required Level of Education,RL,2,50.44,N
99-1772.80,5.C.1,Required Level of Education,RL,3,32.46,N
99-1772.80,5.C.1,Required Level of Education,RL,4,22.61,N
99-1772.80,5.C.1,Required Level of Education,RL,5,16.98,N
99-1772.80,5.C.1,Required Level of Education,RL,6,24.44,N
99-1772.80,5.C.1,Required Level of Education,RL,7,5.57,N
99-1772.80,5.C.1,Required Level of Education,RL,8,4.61,N
99-1772.80,5.C.1,Required Level of Education,RL,9,1.67,N
99-1772.80,5.C.1,Required Level of Education,RL,10,6.89,N
99-1772.80,5.C.1,Required Level of Education,RL,11,5.10,N
99-1772.80,5.C.1,Required Level of Education,RL,12,3.56,N
99-1773.81,5.C.1,Required Level of Education,RL,1,36.74,N
99-1773.81,5.C.1,Required Level of Education,RL,2,32.27,N
99-1773.81,5.C.1,Required Level of Education,RL,3,49.25,N
99-1773.81,5.C.1,Required Level of Education,RL,4,11.67,N
99-1773.81,5.C.1,Required Level of Education,RL,5,20.27,N
99-1773.81,5.C.1,Required Level of Education,RL,6,24.34,N
99-1773.81,5.C.1,Required Level of Education,RL,7,5.82,N
99-1773.81,5.C.1,Required Level of Education,RL,8,2.77,N
99-1773.81,5.C.1,Required Level of Education,RL,9,4.87,N
99-1773.81,5.C.1,Required Level of Education,RL,10,5.52,N
99-1773.81,5.C.1,Required Level of Education,RL,11,7.96,N
99-1773.81,5.C.1,Required Level of Education,RL,12,3.49,N
99-1774.82,5.C.1,Required Level of Education,RL,1,49.39,N
99-1774.82,5.C.1,Required Level of Education,RL,2,67.41,N
99-1774.82,5.C.1,Required Level of Education,RL,3,46.67,N
99-1774.82,5.C.1,Required Level of Education,RL,4,21.06,N
99-1774.82,5.C.1,Required Level of Education,RL,5,9.69,N
99-1774.82,5.C.1,Required Level of Education,RL,6,10.57,N
99-1774.82,5.C.1,Required Level of Education,RL,7,2.09,N
99-1774.82,5.C.1,Required Level of Education,RL,8,4.16,N
99-1774.82,5.C.1,Required Level of Education,RL,9,2.89,N
99-1774.82,5.C.1,Required Level of Education,RL,10,1.73,N
99-1774.82,5.C.1,Required Level of Education,RL,11,1.50,N
99-1774.82,5.C.1,Required Level of Education,RL,12,3.11,N
99-1775.83,5.C.1,Required Level of Education,RL,1,40.78,N
99-1775.83,5.C.1,Required Level of Education,RL,2,45.10,N
99-1775.83,5.C.1,Required Level of Education,RL,3,50.25,N
99-1775.83,5.C.1,Required Level of Education,RL,4,5.34,N
99-1775.83,5.C.1,Required Level of Education,RL,5,9.24,N
99-1775.83,5.C.1,Required Level of Education,RL,6,5.97,N
99-1775.83,5.C.1,Required Level of Education,RL,7,1.01,N
99-1775.83,5.C.1,Required Level of Education,RL,8,4.62,N
99-1775.83,5.C.1,Required Level of Education,RL,9,4.83,N
99-1775.83,5.C.1,Required Level of Education,RL,10,1.74,N
99-1775.83,5.C.1,Required Level of Education,RL,11,5.72,N
99-1775.83,5.C.1,Required Level of Education,RL,12,6.07,N
99-1776.84,5.C.1,Required Level of Education,RL,1,20.26,N
99-1776.84,5.C.1,Required Level of Education,RL,2,22.99,N
99-1776.84,5.C.1,Required Level of Education,RL,3,24.57,N
99-1776.84,5.C.1,Required Level of Education,RL,4,31.09,N
99-1776.84,5.C.1,Required Level of Education,RL,5,36.73,N
99-1776.84,5.C.1,Required Level of Education,RL,6,30.36,N
99-1776.84,5.C.1,Required Level of Education,RL,7,19.81,N
99-1776.84,5.C.1,Required Level of Education,RL,8,11.60,N
99-1776.84,5.C.1,Required Level of Education,RL,9,22.16,N
99-1776.84,5.C.1,Required Level of Education,RL,10,2.52,N
99-1776.84,5.C.1,Required Level of Education,RL,11,7.97,N
99-1776.84,5.C.1,Required Level of Education,RL,12,1.82,N
99-1777.85,5.C.1,Required Level of Education,RL,1,2.25,N
99-1777.85,5.C.1,Required Level of Education,RL,2,4.95,N
99-1777.85,5.C.1,Required Level of Education,RL,3,1.61,N
99-1777.85,5.C.1,Required Level of Education,RL,4,9.97,N
99-1777.85,5.C.1,Required Level of Education,RL,5,20.00,N
99-1777.85,5.C.1,Required Level of Education,RL,6,24.65,N
99-1777.85,5.C.1,Required Level of Education,RL,7,36.17,N
99-1777.85,5.C.1,Required Level of Education,RL,8,43.20,N
99-1777.85,5.C.1,Required Level of Education,RL,9,62.69,N
99-1777.85,5.C.1,Required Level of Education,RL,10,8.00,N
99-1777.85,5.C.1,Required Level of Education,RL,11,17.48,N
99-1777.85,5.C.1,Required Level of Education,RL,12,19.38,N
99-1778.86,5.C.1,Required Level of Education,RL,1,1.10,N
99-1778.86,5.C.1,Required Level of Education,RL,2,3.30,N
99-1778.86,5.C.1,Required Level of Education,RL,3,3.44,N
99-1778.86,5.C.1,Required Level of Education,RL,4,19.43,N
99-1778.86,5.C.1,Required Level of Education,RL,5,24.68,N
99-1778.86,5.C.1,Required Level of Education,RL,6,9.58,N
99-1778.86,5.C.1,Required Level of Education,RL,7,65.30,N
99-1778.86,5.C.1,Required Level of Education,RL,8,55.18,N
99-1778.86,5.C.1,Required Level of Education,RL,9,39.99,N
99-1778.86,5.C.1,Required Level of Education,RL,10,9.85,N
99-1778.86,5.C.1,Required Level of Education,RL,11,8.76,N
99-1778.86,5.C.1,Required Level of Education,RL,12,19.40,N
99-1779.87,5.C.1,Required Level of Education,RL,1,6.20,N
99-1779.87,5.C.1,Required Level of Education,RL,2,10.71,N
99-1779.87,5.C.1,Required Level of Education,RL,3,21.08,N
99-1779.87,5.C.1,Required Level of Education,RL,4,31.20,N
99-1779.87,5.C.1,Required Level of Education,RL,5,45.49,N
99-1779.87,5.C.1,Required Level of Education,RL,6,60.31,N
99-1779.87,5.C.1,Required Level of Education,RL,7,10.17,N
99-1779.87,5.C.1,Required Level of Education,RL,8,13.25,N
99-1779.87,5.C.1,Required Level of Education,RL,9,12.87,N
99-1779.87,5.C.1,Required Level of Education,RL,10,7.26,N
99-1779.87,5.C.1,Required Level of Education,RL,11,1.55,N
99-1779.87,5.C.1,Required Level of Education,RL,12,6.01,N
99-1780.88,5.C.1,Required Level of Education,RL,1,39.52,N
99-1780.88,5.C.1,Required Level of Education,RL,2,62.73,N
99-1780.88,5.C.1,Required Level of Education,RL,3,60.78,N
99-1780.88,5.C.1,Required Level of Education,RL,4,22.71,N
99-1780.88,5.C.1,Required Level of Education,RL,5,9.63,N
99-1780.88,5.C.1,Required Level of Education,RL,6,7.51,N
99-1780.88,5.C.1,Required Level of Education,RL,7,1.13,N
99-1780.88,5.C.1,Required Level of Education,RL,8,2.96,N
99-1780.88,5.C.1,Required Level of Education,RL,9,2.63,N
99-1780.88,5.C.1,Required Level of Education,RL,10,1.70,N
99-1780.88,5.C.1,Required Level of Education,RL,11,6.77,N
99-1780.88,5.C.1,Required Level of Education,RL,12,7.03,N
99-1781.89,5.C.1,Required Level of Education,RL,1,51.01,N
99-1781.89,5.C.1,Required Level of Education,RL,2,47.35,N
99-1781.89,5.C.1,Required Level of Education,RL,3,32.78,N
99-1781.89,5.C.1,Required Level of Education,RL,4,6.03,N
99-1781.89,5.C.1,Required Level of Education,RL,5,22.49,N
99-1781.89,5.C.1,Required Level of Education,RL,6,11.30,N
99-1781.89,5.C.1,Required Level of Education,RL,7,6.44,N
99-1781.89,5.C.1,Required Level of Education,RL,8,6.54,N
99-1781.89,5.C.1,Required Level of Education,RL,9,5.50,N
99-1781.89,5.C.1,Required Level of Education,RL,10,2.66,N
99-1781.89,5.C.1,Required Level of Education,RL,11,2.04,N
99-1781.89,5.C.1,Required Level of Education,RL,12,5.77,N
99-1782.90,5.C.1,Required Level of Education,RL,1,60.71,N
99-1782.90,5.C.1,Required Level of Education,RL,2,47.04,N
99-1782.90,5.C.1,Required Level of Education,RL,3,57.58,N
99-1782.90,5.C.1,Required Level of Education,RL,4,22.70,N
99-1782.90,5.C.1,Required Level of Education,RL,5,10.76,N
99-1782.90,5.C.1,Required Level of Education,RL,6,6.12,N
99-1782.90,5.C.1,Required Level of Education,RL,7,2.29,N
99-1782.90,5.C.1,Required Level of Education,RL,8,2.80,N
99-1782.90,5.C.1,Required Level of Education,RL,9,7.91,N
99-1782.90,5.C.1,Required Level of Education,RL,10,1.63,N
99-1782.90,5.C.1,Required Level of Education,RL,11,3.01,N
99-1782.90,5.C.1,Required Level of Education,RL,12,7.68,N
99-1783.91,5.C.1,Required Level of Education,RL,1,65.58,N
99-1783.91,5.C.1,Required Level of Education,RL,2,69.01,N
99-1783.91,5.C.1,Required Level of Education,RL,3,52.91,N
99-1783.91,5.C.1,Required Level of Education,RL,4,22.47,N
99-1783.91,5.C.1,Required Level of Education,RL,5,8.57,N
99-1783.91,5.C.1,Required Level of Education,RL,6,11.85,N
99-1783.91,5.C.1,Required Level of Education,RL,7,6.42,N
99-1783.91,5.C.1,Required Level of Education,RL,8,2.23,N
99-1783.91,5.C.1,Required Level of Education,RL,9,7.66,N
99-1783.91,5.C.1,Required Level of Education,RL,10,6.90,N
99-1783.91,5.C.1,Required Level of Education,RL,11,1.81,N
99-1783.91,5.C.1,Required Level of Education,RL,12,7.74,N
99-1784.92,5.C.1,Required Level of Education,RL,1,41.41,N
99-1784.92,5.C.1,Required Level of Education,RL,2,49.70,N
99-1784.92,5.C.1,Required Level of Education,RL,3,70.00,N
99-1784.92,5.C.1,Required Level of Education,RL,4,12.91,N
99-1784.92,5.C.1,Required Level of Education,RL,5,5.31,N
99-1784.92,5.C.1,Required Level of Education,RL,6,10.54,N
99-1784.92,5.C.1,Required Level of Education,RL,7,6.57,N
99-1784.92,5.C.1,Required Level of Education,RL,8,5.98,N
99-1784.92,5.C.1,Required Level of Education,RL,9,7.79,N
99-1784.92,5.C.1,Required Level of Education,RL,10,3.65,N
99-1784.92,5.C.1,Required Level of Education,RL,11,5.70,N
99-1784.92,5.C.1,Required Level of Education,RL,12,6.15,N
99-1785.93,5.C.1,Required Level of Education,RL,1,24.35,N
99-1785.93,5.C.1,Required Level of Education,RL,2,7.24,N
99-1785.93,5.C.1,Required Level of Education,RL,3,10.39,N
99-1785.93,5.C.1,Required Level of Education,RL,4,35.52,N
99-1785.93,5.C.1,Required Level of Education,RL,5,36.95,N
99-1785.93,5.C.1,Required Level of Education,RL,6,30.54,N
99-1785.93,5.C.1,Required Level of Education,RL,7,22.81,N
99-1785.93,5.C.1,Required Level of Education,RL,8,9.43,N
99-1785.93,5.C.1,Required Level of Education,RL,9,5.19,N
99-1785.93,5.C.1,Required Level of Education,RL,10,1.92,N
99-1785.93,5.C.1,Required Level of Education,RL,11,5.16,N
99-1785.93,5.C.1,Required Level of Education,RL,12,4.26,N
99-1786.94,5.C.1,Required Level of Education,RL,1,5.14,N
99-1786.94,5.C.1,Required Level of Education,RL,2,2.33,N
99-1786.94,5.C.1,Required Level of Education,RL,3,6.04,N
99-1786.94,5.C.1,Required Level of Education,RL,4,24.25,N
99-1786.94,5.C.1,Required Level of Education,RL,5,17.57,N
99-1786.94,5.C.1,Required Level of Education,RL,6,18.69,N
99-1786.94,5.C.1,Required Level of Education,RL,7,37.29,N
99-1786.94,5.C.1,Required Level of Education,RL,8,59.94,N
99-1786.94,5.C.1,Required Level of Education,RL,9,56.54,N
99-1786.94,5.C.1,Required Level of Education,RL,10,17.85,N
99-1786.94,5.C.1,Required Level of Education,RL,11,8.93,N
99-1786.94,5.C.1,Required Level of Education,RL,12,18.72,N
99-1787.95,5.C.1,Required Level of Education,RL,1,3.17,N
99-1787.95,5.C.1,Required Level of Education,RL,2,3.94,N
99-1787.95,5.C.1,Required Level of Education,RL,3,5.56,N
99-1787.95,5.C.1,Required Level of Education,RL,4,15.06,N
99-1787.95,5.C.1,Required Level of Education,RL,5,19.89,N
99-1787.95,5.C.1,Required Level of Education,RL,6,12.24,N
99-1787.95,5.C.1,Required Level of Education,RL,7,53.01,N
99-1787.95,5.C.1,Required Level of Education,RL,8,31.18,N
99-1787.95,5.C.1,Required Level of Education,RL,9,45.11,N
99-1787.95,5.C.1,Required Level of Education,RL,10,5.88,N
99-1787.95,5.C.1,Required Level of Education,RL,11,14.63,N
99-1787.95,5.C.1,Required Level of Education,RL,12,12.93,N
99-1788.96,5.C.1,Required Level of Education,RL,1,6.41,N
99-1788.96,5.C.1,Required Level of Education,RL,2,9.45,N
99-1788.96,5.C.1,Required Level of Education,RL,3,14.57,N
99-1788.96,5.C.1,Required Level of Education,RL,4,43.50,N
99-1788.96,5.C.1,Required Level of Education,RL,5,61.34,N
99-1788.96,5.C.1,Required Level of Education,RL,6,50.86,N
99-1788.96,5.C.1,Required Level of Education,RL,7,12.06,N
99-1788.96,5.C.1,Required Level of Education,RL,8,16.68,N
99-1788.96,5.C.1,Required Level of Education,RL,9,21.37,N
99-1788.96,5.C.1,Required Level of Education,RL,10,5.36,N
99-1788.96,5.C.1,Required Level of Education,RL,11,1.80,N
99-1788.96,5.C.1,Required Level of Education,RL,12,1.94,N
99-1789.97,5.C.1,Required Level of Education,RL,1,46.27,N
99-1789.97,5.C.1,Required Level of Education,RL,2,50.31,N
99-1789.97,5.C.1,Required Level of Education,RL,3,40.59,N
99-1789.97,5.C.1,Required Level of Education,RL,4,6.12,N
99-1789.97,5.C.1,Required Level of Education,RL,5,11.98,N
99-1789.97,5.C.1,Required Level of Education,RL,6,24.82,N
99-1789.97,5.C.1,Required Level of Education,RL,7,2.85,N
99-1789.97,5.C.1,Required Level of Education,RL,8,3.30,N
99-1789.97,5.C.1,Required Level of Education,RL,9,6.11,N
99-1789.97,5.C.1,Required Level of Education,RL,10,7.38,N
99-1789.97,5.C.1,Required Level of Education,RL,11,6.77,N
99-1789.97,5.C.1,Required Level of Education,RL,12,7.65,N
99-1790.98,5.C.1,Required Level of Education,RL,1,55.45,N
99-1790.98,5.C.1,Required Level of Education,RL,2,56.49,N
99-1790.98,5.C.1,Required Level of Education,RL,3,48.97,N
99-1790.98,5.C.1,Required Level of Education,RL,4,13.77,N
99-1790.98,5.C.1,Required Level of Education,RL,5,7.20,N
99-1790.98,5.C.1,Required Level of Education,RL,6,20.86,N
99-1790.98,5.C.1,Required Level of Education,RL,7,4.22,N
99-1790.98,5.C.1,Required Level of Education,RL,8,5.10,N
99-1790.98,5.C.1,Required Level of Education,RL,9,1.13,N
99-1790.98,5.C.1,Required Level of Education,RL,10,2.73,N
99-1790.98,5.C.1,Required Level of Education,RL,11,2.25,N
99-1790.98,5.C.1,Required Level of Education,RL,12,3.86,N
99-1791.99,5.C.1,Required Level of Education,RL,1,38.54,N
99-1791.99,5.C.1,Required Level of Education,RL,2,61.65,N
99-1791.99,5.C.1,Required Level of Education,RL,3,40.23,N
99-1791.99,5.C.1,Required Level of Education,RL,4,9.85,N
99-1791.99,5.C.1,Required Level of Education,RL,5,19.17,N
99-1791.99,5.C.1,Required Level of Education,RL,6,17.86,N
99-1791.99,5.C.1,Required Level of Education,RL,7,4.14,N
99-1791.99,5.C.1,Required Level of Education,RL,8,1.43,N
99-1791.99,5.C.1,Required Level of Education,RL,9,2.88,N
99-1791.99,5.C.1,Required Level of Education,RL,10,5.54,N
99-1791.99,5.C.1,Required Level of Education,RL,11,2.54,N
99-1791.99,5.C.1,Required Level of Education,RL,12,2.96,N
99-1792.01,5.C.1,Required Level of Education,RL,1,30.06,N
99-1792.01,5.C.1,Required Level of Education,RL,2,50.25,N
99-1792.01,5.C.1,Required Level of Education,RL,3,55.05,N
99-1792.01,5.C.1,Required Level of Education,RL,4,11.74,N
99-1792.01,5.C.1,Required Level of Education,RL,5,8.05,N
99-1792.01,5.C.1,Required Level of Education,RL,6,16.05,N
99-1792.01,5.C.1,Required Level of Education,RL,7,4.40,N
99-1792.01,5.C.1,Required Level of Education,RL,8,7.49,N
99-1792.01,5.C.1,Required Level of Education,RL,9,5.87,N
99-1792.01,5.C.1,Required Level of Education,RL,10,7.27,N
99-1792.01,5.C.1,Required Level of Education,RL,11,3.14,N
99-1792.01,5.C.1,Required Level of Education,RL,12,4.89,N
99-1793.02,5.C.1,Required Level of Education,RL,1,33.26,N
99-1793.02,5.C.1,Required Level of Education,RL,2,38.78,N
99-1793.02,5.C.1,Required Level of Education,RL,3,65.55,N
99-1793.02,5.C.1,Required Level of Education,RL,4,23.42,N
99-1793.02,5.C.1,Required Level of Education,RL,5,16.46,N
99-1793.02,5.C.1,Required Level of Education,RL,6,9.44,N
99-1793.02,5.C.1,Required Level of Education,RL,7,2.27,N
99-1793.02,5.C.1,Required Level of Education,RL,8,5.17,N
99-1793.02,5.C.1,Required Level of Education,RL,9,2.24,N
99-1793.02,5.C.1,Required Level of Education,RL,10,7.20,N
99-1793.02,5.C.1,Required Level of Education,RL,11,7.60,N
99-1793.02,5.C.1,Required Level of Education,RL,12,2.95,N
99-1794.03,5.C.1,Required Level of Education,RL,1,18.27,N
99-1794.03,5.C.1,Required Level of Education,RL,2,23.87,N
99-1794.03,5.C.1,Required Level of Education,RL,3,17.07,N
99-1794.03,5.C.1,Required Level of Education,RL,4,56.44,N
99-1794.03,5.C.1,Required Level of Education,RL,5,36.98,N
99-1794.03,5.C.1,Required Level of Education,RL,6,43.33,N
99-1794.03,5.C.1,Required Level of Education,RL,7,12.49,N
99-1794.03,5.C.1,Required Level of Education,RL,8,20.64,N
99-1794.03,5.C.1,Required Level of Education,RL,9,22.17,N
99-1794.03,5.C.1,Required Level of Education,RL,10,2.24,N
99-1794.03,5.C.1,Required Level of Education,RL,11,3.03,N
99-1794.03,5.C.1,Required Level of Education,RL,12,6.46,N
99-1795.04,5.C.1,Required Level of Education,RL,1,1.26,N
99-1795.04,5.C.1,Required Level of Education,RL,2,3.87,N
99-1795.04,5.C.1,Required Level of Education,RL,3,2.89,N
99-1795.04,5.C.1,Required Level of Education,RL,4,14.66,N
99-1795.04,5.C.1,Required Level of Education,RL,5,12.54,N
99-1795.04,5.C.1,Required Level of Education,RL,6,6.64,N
99-1795.04,5.C.1,Required Level of Education,RL,7,44.25,N
99-1795.04,5.C.1,Required Level of Education,RL,8,37.62,N
99-1795.04,5.C.1,Required Level of Education,RL,9,51.73,N
99-1795.04,5.C.1,Required Level of Education,RL,10,15.54,N
99-1795.04,5.C.1,Required Level of Education,RL,11,22.48,N
99-1795.04,5.C.1,Required Level of Education,RL,12,11.54,N
99-1796.05,5.C.1,Required Level of Education,RL,1,3.20,N
99-1796.05,5.C.1,Required Level of Education,RL,2,2.52,N
99-1796.05,5.C.1,Required Level of Education,RL,3,1.70,N
99-1796.05,5.C.1,Required Level of Education,RL,4,23.76,N
99-1796.05,5.C.1,Required Level of Education,RL,5,7.13,N
99-1796.05,5.C.1,Required Level of Education,RL,6,15.12,N
99-1796.05,5.C.1,Required Level of Education,RL,7,54.08,N
99-1796.05,5.C.1,Required Level of Education,RL,8,63.34,N
99-1796.05,5.C.1,Required Level of Education,RL,9,37.08,N
99-1796.05,5.C.1,Required Level of Education,RL,10,20.73,N
99-1796.05,5.C.1,Required Level of Education,RL,11,9.55,N
99-1796.05,5.C.1,Required Level of Education,RL,12,5.69,N
99-1797.06,5.C.1,Required Level of Education,RL,1,15.54,N
99-1797.06,5.C.1,Required Level of Education,RL,2,19.04,N
99-1797.06,5.C.1,Required Level of Education,RL,3,5.45,N
99-1797.06,5.C.1,Required Level of Education,RL,4,65.22,N
99-1797.06,5.C.1,Required Level of Education,RL,5,37.38,N
99-1797.06,5.C.1,Required Level of Education,RL,6,49.57,N
99-1797.06,5.C.1,Required Level of Education,RL,7,8.92,N
99-1797.06,5.C.1,Required Level of Education,RL,8,15.60,N
99-1797.06,5.C.1,Required Level of Education,RL,9,9.65,N
99-1797.06,5.C.1,Required Level of Education,RL,10,6.57,N
99-1797.06,5.C.1,Required Level of Education,RL,11,2.39,N
99-1797.06,5.C.1,Required Level of Education,RL,12,6.08,N
99-1798.07,5.C.1,Required Level of Education,RL,1,36.87,N
99-1798.07,5.C.1,Required Level of Education,RL,2,50.04,N
99-1798.07,5.C.1,Required Level of Education,RL,3,50.56,N
99-1798.07,5.C.1,Required Level of Education,RL,4,7.08,N
99-1798.07,5.C.1,Required Level of Education,RL,5,11.67,N
99-1798.07,5.C.1,Required Level of Education,RL,6,7.88,N
99-1798.07,5.C.1,Required Level of Education,RL,7,2.42,N
99-1798.07,5.C.1,Required Level of Education,RL,8,2.14,N
99-1798.07,5.C.1,Required Level of Education,RL,9,6.20,N
99-1798.07,5.C.1,Required Level of Education,RL,10,3.40,N
99-1798.07,5.C.1,Required Level of Education,RL,11,6.46,N
99-1798.07,5.C.1,Required Level of Education,RL,12,4.03,N
99-1799.08,5.C.1,Required Level of Education,RL,1,58.88,N
99-1799.08,5.C.1,Required Level of Education,RL,2,42.82,N
99-1799.08,5.C.1,Required Level of Education,RL,3,43.66,N
99-1799.08,5.C.1,Required Level of Education,RL,4,10.35,N
99-1799.08,5.C.1,Required Level of Education,RL,5,13.71,N
99-1799.08,5.C.1,Required Level of Education,RL,6,12.03,N
99-1799.08,5.C.1,Required Level of Education,RL,7,6.56,N
99-1799.08,5.C.1,Required Level of Education,RL,8,1.96,N
99-1799.08,5.C.1,Required Level of Education,RL,9,5.86,N
99-1799.08,5.C.1,Required Level of Education,RL,10,7.28,N
99-1799.08,5.C.1,Required Level of Education,RL,11,7.89,N
99-1799.08,5.C.1,Required Level of Education,RL,12,2.84,N
99-1800.09,5.C.1,Required Level of Education,RL,1,61.55,N
99-1800.09,5.C.1,Required Level of Education,RL,2,61.36,N
99-1800.09,5.C.1,Required Level of Education,RL,3,33.69,N
99-1800.09,5.C.1,Required Level of Education,RL,4,23.30,N
99-1800.09,5.C.1,Required Level of Education,RL,5,20.33,N
99-1800.09,5.C.1,Required Level of Education,RL,6,8.67,N
99-1800.09,5.C.1,Required Level of Education,RL,7,7.88,N
99-1800.09,5.C.1,Required Level of Education,RL,8,7.13,N
99-1800.09,5.C.1,Required Level of Education,RL,9,2.26,N
99-1800.09,5.C.1,Required Level of Education,RL,10,4.33,N
99-1800.09,5.C.1,Required Level of Education,RL,11,2.17,N
99-1800.09,5.C.1,Required Level of Education,RL,12,5.45,N
99-1801.10,5.C.1,Required Level of Education,RL,1,58.86,N
99-1801.10,5.C.1,Required Level of Education,RL,2,38.60,N
99-1801.10,5.C.1,Required Level of Education,RL,3,55.27,N
99-1801.10,5.C.1,Required Level of Education,RL,4,23.60,N
99-1801.10,5.C.1,Required Level of Education,RL,5,24.19,N
99-1801.10,5.C.1,Required Level of Education,RL,6,10.75,N
99-1801.10,5.C.1,Required Level of Education,RL,7,4.80,N
99-1801.10,5.C.1,Required Level of Education,RL,8,5.21,N
99-1801.10,5.C.1,Required Level of Education,RL,9,3.03,N
99-1801.10,5.C.1,Required Level of Education,RL,10,6.41,N
99-1801.10,5.C.1,Required Level of Education,RL,11,5.86,N
99-1801.10,5.C.1,Required Level of Education,RL,12,4.13,N
99-1802.11,5.C.1,Required Level of Education,RL,1,60.25,N
99-1802.11,5.C.1,Required Level of Education,RL,2,52.25,N
99-1802.11,5.C.1,Required Level of Education,RL,3,33.78,N
99-1802.11,5.C.1,Required Level of Education,RL,4,15.67,N
99-1802.11,5.C.1,Required Level of Education,RL,5,19.18,N
99-1802.11,5.C.1,Required Level of Education,RL,6,7.59,N
99-1802.11,5.C.1,Required Level of Education,RL,7,1.48,N
99-1802.11,5.C.1,Required Level of Education,RL,8,7.87,N
99-1802.11,5.C.1,Required Level of Education,RL,9,6.82,N
99-1802.11,5.C.1,Required Level of Education,RL,10,4.39,N
99-1802.11,5.C.1,Required Level of Education,RL,11,4.50,N
99-1802.11,5.C.1,Required Level of Education,RL,12,1.99,N
99-1803.12,5.C.1,Required Level of Education,RL,1,22.27,N
99-1803.12,5.C.1,Required Level of Education,RL,2,17.07,N
99-1803.12,5.C.1,Required Level of Education,RL,3,16.38,N
99-1803.12,5.C.1,Required Level of Education,RL,4,60.71,N
99-1803.12,5.C.1,Required Level of Education,RL,5,55.65,N
99-1803.12,5.C.1,Required Level of Education,RL,6,68.77,N
99-1803.12,5.C.1,Required Level of Education,RL,7,24.60,N
99-1803.12,5.C.1,Required Level of Education,RL,8,15.34,N
99-1803.12,5.C.1,Required Level of Education,RL,9,6.11,N
99-1803.12,5.C.1,Required Level of Education,RL,10,6.59,N
99-1803.12,5.C.1,Required Level of Education,RL,11,6.74,N
99-1803.12,5.C.1,Required Level of Education,RL,12,4.34,N
99-1804.13,5.C.1,Required Level of Education,RL,1,6.10,N
99-1804.13,5.C.1,Required Level of Education,RL,2,1.18,N
99-1804.13,5.C.1,Required Level of Education,RL,3,6.27,N
99-1804.13,5.C.1,Required Level of Education,RL,4,17.81,N
99-1804.13,5.C.1,Required Level of Education,RL,5,24.08,N
99-1804.13,5.C.1,Required Level of Education,RL,6,14.04,N
99-1804.13,5.C.1,Required Level of Education,RL,7,58.70,N
99-1804.13,5.C.1,Required Level of Education,RL,8,63.68,N
99-1804.13,5.C.1,Required Level of Education,RL,9,63.92,N
99-1804.13,5.C.1,Required Level of Education,RL,10,12.78,N
99-1804.13,5.C.1,Required Level of Education,RL,11,13.54,N
99-1804.13,5.C.1,Required Level of Education,RL,12,21.68,N
99-1805.14,5.C.1,Required Level of Education,RL,1,6.27,N
99-1805.14,5.C.1,Required Level of Education,RL,2,3.24,N
99-1805.14,5.C.1,Required Level of Education,RL,3,4.99,N
99-1805.14,5.C.1,Required Level of Education,RL,4,18.38,N
99-1805.14,5.C.1,Required Level of Education,RL,5,22.34,N
99-1805.14,5.C.1,Required Level of Education,RL,6,18.77,N
99-1805.14,5.C.1,Required Level of Education,RL,7,47.00,N
99-1805.14,5.C.1,Required Level of Education,RL,8,60.78,N
99-1805.14,5.C.1,Required Level of Education,RL,9,32.59,N
99-1805.14,5.C.1,Required Level of Education,RL,10,10.37,N
99-1805.14,5.C.1,Required Level of Education,RL,11,21.57,N
99-1805.14,5.C.1,Required Level of Education,RL,12,6.80,N
99-1806.15,5.C.1,Required Level of Education,RL,1,21.98,N
99-1806.15,5.C.1,Required Level of Education,RL,2,17.59,N
99-1806.15,5.C.1,Required Level of Education,RL,3,13.59,N
99-1806.15,5.C.1,Required Level of Education,RL,4,64.83,N
99-1806.15,5.C.1,Required Level of Education,RL,5,58.00,N
99-1806.15,5.C.1,Required Level of Education,RL,6,62.61,N
99-1806.15,5.C.1,Required Level of Education,RL,7,5.45,N
99-1806.15,5.C.1,Required Level of Education,RL,8,12.99,N
99-1806.15,5.C.1,Required Level of Education,RL,9,8.66,N
99-1806.15,5.C.1,Required Level of Education,RL,10,4.56,N
99-1806.15,5.C.1,Required Level of Education,RL,11,5.57,N
99-1806.15,5.C.1,Required Level of Education,RL,12,4.08,N
99-1807.16,5.C.1,Required Level of Education,RL,1,41.85,N
99-1807.16,5.C.1,Required Level of Education,RL,2,49.66,N
99-1807.16,5.C.1,Required Level of Education,RL,3,52.11,N
99-1807.16,5.C.1,Required Level of Education,RL,4,16.49,N
99-1807.16,5.C.1,Required Level of Education,RL,5,18.18,N
99-1807.16,5.C.1,Required Level of Education,RL,6,21.12,N
99-1807.16,5.C.1,Required Level of Education,RL,7,5.77,N
99-1807.16,5.C.1,Required Level of Education,RL,8,5.40,N
99-1807.16,5.C.1,Required Level of Education,RL,9,1.76,N
99-1807.16,5.C.1,Required Level of Education,RL,10,6.38,N
99-1807.16,5.C.1,Required Level of Education,RL,11,1.56,N
99-1807.16,5.C.1,Required Level of Education,RL,12,4.23,N
99-1808.17,5.C.1,Required Level of Education,RL,1,32.22,N
99-1808.17,5.C.1,Required Level of Education,RL,2,42.77,N
99-1808.17,5.C.1,Required Level of Education,RL,3,47.55,N
99-1808.17,5.C.1,Required Level of Education,RL,4,15.23,N
99-1808.17,5.C.1,Required Level of Education,RL,5,20.10,N
99-1808.17,5.C.1,Required Level of Education,RL,6,14.33,N
99-1808.17,5.C.1,Required Level of Education,RL,7,4.50,N
99-1808.17,5.C.1,Required Level of Education,RL,8,4.84,N
99-1808.17,5.C.1,Required Level of Education,RL,9,5.95,N
99-1808.17,5.C.1,Required Level of Education,RL,10,5.11,N
99-1808.17,5.C.1,Required Level of Education,RL,11,3.82,N
99-1808.17,5.C.1,Required Level of Education,RL,12,5.64,N
99-1809.18,5.C.1,Required Level of Education,RL,1,37.56,N
99-1809.18,5.C.1,Required Level of Education,RL,2,37.26,N
99-1809.18,5.C.1,Required Level of Education,RL,3,43.66,N
99-1809.18,5.C.1,Required Level of Education,RL,4,23.13,N
99-1809.18,5.C.1,Required Level of Education,RL,5,23.51,N
99-1809.18,5.C.1,Required Level of Education,RL,6,22.91,N
99-1809.18,5.C.1,Required Level of Education,RL,7,1.40,N
99-1809.18,5.C.1,Required Level of Education,RL,8,1.05,N
99-1809.18,5.C.1,Required Level of Education,RL,9,2.29,N
99-1809.18,5.C.1,Required Level of Education,RL,10,3.38,N
99-1809.18,5.C.1,Required Level of Education,RL,11,3.47,N
99-1809.18,5.C.1,Required Level of Education,RL,12,7.96,N
99-1810.19,5.C.1,Required Level of Education,RL,1,34.12,N
99-1810.19,5.C.1,Required Level of Education,RL,2,53.78,N
99-1810.19,5.C.1,Required Level of Education,RL,3,62.44,N
99-1810.19,5.C.1,Required Level of Education,RL,4,24.88,N
99-1810.19,5.C.1,Required Level of Education,RL,5,16.67,N
99-1810.19,5.C.1,Required Level of Education,RL,6,14.99,N
99-1810.19,5.C.1,Required Level of Education,RL,7,6.96,N
99-1810.19,5.C.1,Required Level of Education,RL,8,3.65,N
99-1810.19,5.C.1,Required Level of Education,RL,9,5.42,N
99-1810.19,5.C.1,Required Level of Education,RL,10,3.54,N
99-1810.19,5.C.1,Required Level of Education,RL,11,7.03,N
99-1810.19,5.C.1,Required Level of Education,RL,12,1.01,N
99-1811.20,5.C.1,Required Level of Education,RL,1,49.17,N
99-1811.20,5.C.1,Required Level of Education,RL,2,56.66,N
99-1811.20,5.C.1,Required Level of Education,RL,3,46.06,N
99-1811.20,5.C.1,Required Level of Education,RL,4,13.67,N
99-1811.20,5.C.1,Required Level of Education,RL,5,17.16,N
99-1811.20,5.C.1,Required Level of Education,RL,6,14.46,N
99-1811.20,5.C.1,Required Level of Education,RL,7,6.97,N
99-1811.20,5.C.1,Required Level of Education,RL,8,1.14,N
99-1811.20,5.C.1,Required Level of Education,RL,9,5.44,N
99-1811.20,5.C.1,Required Level of Education,RL,10,5.24,N
99-1811.20,5.C.1,Required Level of Education,RL,11,1.93,N
99-1811.20,5.C.1,Required Level of Education,RL,12,4.83,N
99-1812.21,5.C.1,Required Level of Education,RL,1,22.91,N
99-1812.21,5.C.1,Required Level of Education,RL,2,17.84,N
99-1812.21,5.C.1,Required Level of Education,RL,3,10.98,N
99-1812.21,5.C.1,Required Level of Education,RL,4,48.17,N
99-1812.21,5.C.1,Required Level of Education,RL,5,47.54,N
99-1812.21,5.C.1,Required Level of Education,RL,6,31.35,N
99-1812.21,5.C.1,Required Level of Education,RL,7,12.72,N
99-1812.21,5.C.1,Required Level of Education,RL,8,18.58,N
99-1812.21,5.C.1,Required Level of Education,RL,9,15.18,N
99-1812.21,5.C.1,Required Level of Education,RL,10,7.59,N
99-1812.21,5.C.1,Required Level of Education,RL,11,2.23,N
99-1812.21,5.C.1,Required Level of Education,RL,12,6.21,N
99-1813.22,5.C.1,Required Level of Education,RL,1,3.93,N
99-1813.22,5.C.1,Required Level of Education,RL,2,3.60,N
99-1813.22,5.C.1,Required Level of Education,RL,3,3.32,N
99-1813.22,5.C.1,Required Level of Education,RL,4,22.58,N
99-1813.22,5.C.1,Required Level of Education,RL,5,21.20,N
99-1813.22,5.C.1,Required Level of Education,RL,6,20.42,N
99-1813.22,5.C.1,Required Level of Education,RL,7,69.34,N
99-1813.22,5.C.1,Required Level of Education,RL,8,68.84,N
99-1813.22,5.C.1,Required Level of Education,RL,9,54.98,N
99-1813.22,5.C.1,Required Level of Education,RL,10,10.87,N
99-1813.22,5.C.1,Required Level of Education,RL,11,9.65,N
99-1813.22,5.C.1,Required Level of Education,RL,12,16.75,N
99-1814.23,5.C.1,Required Level of Education,RL,1,2.74,N
99-1814.23,5.C.1,Required Level of Education,RL,2,6.67,N
99-1814.23,5.C.1,Required Level of Education,RL,3,2.87,N
99-1814.23,5.C.1,Required Level of Education,RL,4,23.08,N
99-1814.23,5.C.1,Required Level of Education,RL,5,10.44,N
99-1814.23,5.C.1,Required Level of Education,RL,6,15.93,N
99-1814.23,5.C.1,Required Level of Education,RL,7,54.19,N
99-1814.23,5.C.1,Required Level of Education,RL,8,52.47,N
99-1814.23,5.C.1,Required Level of Education,RL,9,37.59,N
99-1814.23,5.C.1,Required Level of Education,RL,10,12.85,N
99-1814.23,5.C.1,Required Level of Education,RL,11,22.70,N
99-1814.23,5.C.1,Required Level of Education,RL,12,12.10,N
99-1815.24,5.C.1,Required Level of Education,RL,1,10.56,N
99-1815.24,5.C.1,Required Level of Education,RL,2,7.30,N
99-1815.24,5.C.1,Required Level of Education,RL,3,19.74,N
99-1815.24,5.C.1,Required Level of Education,RL,4,46.60,N
99-1815.24,5.C.1,Required Level of Education,RL,5,57.66,N
99-1815.24,5.C.1,Required Level of Education,RL,6,56.37,N
99-1815.24,5.C.1,Required Level of Education,RL,7,8.74,N
99-1815.24,5.C.1,Required Level of Education,RL,8,13.46,N
99-1815.24,5.C.1,Required Level of Education,RL,9,22.83,N
99-1815.24,5.C.1,Required Level of Education,RL,10,6.85,N
99-1815.24,5.C.1,Required Level of Education,RL,11,4.54,N
99-1815.24,5.C.1,Required Level of Education,RL,12,6.98,N
99-1816.25,5.C.1,Required Level of Education,RL,1,63.10,N
99-1816.25,5.C.1,Required Level of Education,RL,2,61.58,N
99-1816.25,5.C.1,Required Level of Education,RL,3,54.31,N
99-1816.25,5.C.1,Required Level of Education,RL,4,12.48,N
99-1816.25,5.C.1,Required Level of Education,RL,5,11.06,N
99-1816.25,5.C.1,Required Level of Education,RL,6,7.54,N
99-1816.25,5.C.1,Required Level of Education,RL,7,1.82,N
99-1816.25,5.C.1,Required Level of Education,RL,8,5.62,N
99-1816.25,5.C.1,Required Level of Education,RL,9,5.23,N
99-1816.25,5.C.1,Required Level of Education,RL,10,4.89,N
99-1816.25,5.C.1,Required Level of Education,RL,11,5.19,N
99-1816.25,5.C.1,Required Level of Education,RL,12,7.49,N
99-1817.26,5.C.1,Required Level of Education,RL,1,49.69,N
99-1817.26,5.C.1,Required Level of Education,RL,2,31.09,N
99-1817.26,5.C.1,Required Level of Education,RL,3,36.77,N
99-1817.26,5.C.1,Required Level of Education,RL,4,20.86,N
99-1817.26,5.C.1,Required Level of Education,RL,5,8.18,N
99-1817.26,5.C.1,Required Level of Education,RL,6,20.82,N
99-1817.26,5.C.1,Required Level of Education,RL,7,2.35,N
99-1817.26,5.C.1,Required Level of Education,RL,8,7.09,N
99-1817.26,5.C.1,Required Level of Education,RL,9,6.80,N
99-1817.26,5.C.1,Required Level of Education,RL,10,5.94,N
99-1817.26,5.C.1,Required Level of Education,RL,11,6.40,N
99-1817.26,5.C.1,Required Level of Education,RL,12,4.24,N
99-1818.27,5.C.1,Required Level of Education,RL,1,34.71,N
99-1818.27,5.C.1,Required Level of Education,RL,2,55.00,N
99-1818.27,5.C.1,Required Level of Education,RL,3,44.36,N
99-1818.27,5.C.1,Required Level of Education,RL,4,19.16,N
99-1818.27,5.C.1,Required Level of Education,RL,5,23.39,N
99-1818.27,5.C.1,Required Level of Education,RL,6,7.27,N
99-1818.27,5.C.1,Required Level of Education,RL,7,4.87,N
99-1818.27,5.C.1,Required Level of Education,RL,8,4.38,N
99-1818.27,5.C.1,Required Level of Education,RL,9,1.91,N
99-1818.27,5.C.1,Required Level of Education,RL,10,7.69,N
99-1818.27,5.C.1,Required Level of Education,RL,11,3.75,N
99-1818.27,5.C.1,Required Level of Education,RL,12,4.41,N
99-1819.28,5.C.1,Required Level of Education,RL,1,47.02,N
99-1819.28,5.C.1,Required Level of Education,RL,2,49.74,N
99-1819.28,5.C.1,Required Level of Education,RL,3,30.69,N
99-1819.28,5.C.1,Required Level of Education,RL,4,10.15,N
99-1819.28,5.C.1,Required Level of Education,RL,5,18.85,N
99-1819.28,5.C.1,Required Level of Education,RL,6,21.39,N
99-1819.28,5.C.1,Required Level of Education,RL,7,3.48,N
99-1819.28,5.C.1,Required Level of Education,RL,8,3.47,N
99-1819.28,5.C.1,Required Level of Education,RL,9,3.30,N
99-1819.28,5.C.1,Required Level of Education,RL,10,3.05,N
99-1819.28,5.C.1,Required Level of Education,RL,11,4.81,N
99-1819.28,5.C.1,Required Level of Education,RL,12,2.92,N
99-1820.29,5.C.1,Required Level of Education,RL,1,47.51,N
99-1820.29,5.C.1,Required Level of Education,RL,2,54.57,N
99-1820.29,5.C.1,Required Level of Education,RL,3,31.24,N
99-1820.29,5.C.1,Required Level of Education,RL,4,24.61,N
99-1820.29,5.C.1,Required Level of Education,RL,5,7.78,N
99-1820.29,5.C.1,Required Level of Education,RL,6,17.06,N
99-1820.29,5.C.1,Required Level of Education,RL,7,6.69,N
99-1820.29,5.C.1,Required Level of Education,RL,8,1.09,N
99-1820.29,5.C.1,Required Level of Education,RL,9,2.82,N
99-1820.29,5.C.1,Required Level of Education,RL,10,3.17,N
99-1820.29,5.C.1,Required Level of Education,RL,11,7.63,N
99-1820.29,5.C.1,Required Level of Education,RL,12,2.54,N
99-1821.30,5.C.1,Required Level of Education,RL,1,14.74,N
99-1821.30,5.C.1,Required Level of Education,RL,2,6.66,N
99-1821.30,5.C.1,Required Level of Education,RL,3,16.17,N
99-1821.30,5.C.1,Required Level of Education,RL,4,41.09,N
99-1821.30,5.C.1,Required Level of Education,RL,5,49.78,N
99-1821.30,5.C.1,Required Level of Education,RL,6,68.01,N
99-1821.30,5.C.1,Required Level of Education,RL,7,24.40,N
99-1821.30,5.C.1,Required Level of Education,RL,8,6.68,N
99-1821.30,5.C.1,Required Level of Education,RL,9,19.02,N
99-1821.30,5.C.1,Required Level of Education,RL,10,1.82,N
99-1821.30,5.C.1,Required Level of Education,RL,11,4.54,N
99-1821.30,5.C.1,Required Level of Education,RL,12,6.73,N
99-1822.31,5.C.1,Required Level of Education,RL,1,4.04,N
99-1822.31,5.C.1,Required Level of Education,RL,2,5.38,N
99-1822.31,5.C.1,Required Level of Education,RL,3,7.61,N
99-1822.31,5.C.1,Required Level of Education,RL,4,11.55,N
99-1822.31,5.C.1,Required Level of Education,RL,5,8.57,N
99-1822.31,5.C.1,Required Level of Education,RL,6,23.15,N
99-1822.31,5.C.1,Required Level of Education,RL,7,57.31,N
99-1822.31,5.C.1,Required Level of Education,RL,8,69.37,N
99-1822.31,5.C.1,Required Level of Education,RL,9,64.52,N
99-1822.31,5.C.1,Required Level of Education,RL,10,8.14,N
99-1822.31,5.C.1,Required Level of Education,RL,11,23.00,N
99-1822.31,5.C.1,Required Level of Education,RL,12,16.15,N
99-1823.32,5.C.1,Required Level of Education,RL,1,6.85,N
99-1823.32,5.C.1,Required Level of Education,RL,2,3.81,N
99-1823.32,5.C.1,Required Level of Education,RL,3,2.09,N
99-1823.32,5.C.1,Required Level of Education,RL,4,23.94,N
99-1823.32,5.C.1,Required Level of Education,RL,5,22.64,N
99-1823.32,5.C.1,Required Level of Education,RL,6,14.89,N
99-1823.32,5.C.1,Required Level of Education,RL,7,63.69,N
99-1823.32,5.C.1,Required Level of Education,RL,8,40.61,N
99-1823.32,5.C.1,Required Level of Education,RL,9,67.31,N
99-1823.32,5.C.1,Required Level of Education,RL,10,18.67,N
99-1823.32,5.C.1,Required Level of Education,RL,11,21.88,N
99-1823.32,5.C.1,Required Level of Education,RL,12,13.09,N
99-1824.33,5.C.1,Required Level of Education,RL,1,15.86,N
99-1824.33,5.C.1,Required Level of Education,RL,2,22.88,N
99-1824.33,5.C.1,Required Level of Education,RL,3,14.54,N
99-1824.33,5.C.1,Required Level of Education,RL,4,67.49,N
99-1824.33,5.C.1,Required Level of Education,RL,5,68.84,N
99-1824.33,5.C.1,Required Level of Education,RL,6,35.42,N
99-1824.33,5.C.1,Required Level of Education,RL,7,6.22,N
99-1824.33,5.C.1,Required Level of Education,RL,8,12.37,N
99-1824.33,5.C.1,Required Level of Education,RL,9,18.12,N
99-1824.33,5.C.1,Required Level of Education,RL,10,4.11,N
99-1824.33,5.C.1,Required Level of Education,RL,11,5.86,N
99-1824.33,5.C.1,Required Level of Education,RL,12,4.03,N
99-1825.34,5.C.1,Required Level of Education,RL,1,57.69,N
99-1825.34,5.C.1,Required Level of Education,RL,2,63.34,N
99-1825.34,5.C.1,Required Level of Education,RL,3,58.59,N
99-1825.34,5.C.1,Required Level of Education,RL,4,9.05,N
99-1825.34,5.C.1,Required Level of Education,RL,5,11.07,N
99-1825.34,5.C.1,Required Level of Education,RL,6,15.18,N
99-1825.34,5.C.1,Required Level of Education,RL,7,6.92,N
99-1825.34,5.C.1,Required Level of Education,RL,8,7.22,N
99-1825.34,5.C.1,Required Level of Education,RL,9,6.11,N
99-1825.34,5.C.1,Required Level of Education,RL,10,6.65,N
99-1825.34,5.C.1,Required Level of Education,RL,11,2.93,N
99-1825.34,5.C.1,Required Level of Education,RL,12,4.48,N
99-1826.35,5.C.1,Required Level of Education,RL,1,49.84,N
99-1826.35,5.C.1,Required Level of Education,RL,2,30.78,N
99-1826.35,5.C.1,Required Level of Education,RL,3,60.65,N
99-1826.35,5.C.1,Required Level of Education,RL,4,6.27,N
99-1826.35,5.C.1,Required Level of Education,RL,5,16.53,N
99-1826.35,5.C.1,Required Level of Education,RL,6,14.86,N
99-1826.35,5.C.1,Required Level of Education,RL,7,2.59,N
99-1826.35,5.C.1,Required Level of Education,RL,8,1.48,N
99-1826.35,5.C.1,Required Level of Education,RL,9,7.29,N
99-1826.35,5.C.1,Required Level of Education,RL,10,1.52,N
99-1826.35,5.C.1,Required Level of Education,RL,11,7.56,N
99-1826.35,5.C.1,Required Level of Education,RL,12,7.73,N
99-1827.36,5.C.1,Required Level of Education,RL,1,59.33,N
99-1827.36,5.C.1,Required Level of Education,RL,2,43.98,N
99-1827.36,5.C.1,Required Level of Education,RL,3,56.90,N
99-1827.36,5.C.1,Required Level of Education,RL,4,12.34,N
99-1827.36,5.C.1,Required Level of Education,RL,5,24.22,N
99-1827.36,5.C.1,Required Level of Education,RL,6,14.06,N
99-1827.36,5.C.1,Required Level of Education,RL,7,3.65,N
99-1827.36,5.C.1,Required Level of Education,RL,8,1.03,N
99-1827.36,5.C.1,Required Level of Education,RL,9,5.35,N
99-1827.36,5.C.1,Required Level of Education,RL,10,3.16,N
99-1827.36,5.C.1,Required Level of Education,RL,11,5.74,N
99-1827.36,5.C.1,Required Level of Education,RL,12,7.44,N
99-1828.37,5.C.1,Required Level of Education,RL,1,33.75,N
99-1828.37,5.C.1,Required Level of Education,RL,2,57.20,N
99-1828.37,5.C.1,Required Level of Education,RL,3,30.73,N
99-1828.37,5.C.1,Required Level of Education,RL,4,24.84,N
99-1828.37,5.C.1,Required Level of Education,RL,5,21.45,N
99-1828.37,5.C.1,Required Level of Education,RL,6,7.08,N
99-1828.37,5.C.1,Required Level of Education,RL,7,6.27,N
99-1828.37,5.C.1,Required Level of Education,RL,8,1.76,N
99-1828.37,5.C.1,Required Level of Education,RL,9,5.50,N
99-1828.37,5.C.1,Required Level of Education,RL,10,4.21,N
99-1828.37,5.C.1,Required Level of Education,RL,11,1.08,N
99-1828.37,5.C.1,Required Level of Education,RL,12,5.73,N
99-1829.38,5.C.1,Required Level of Education,RL,1,52.19,N
99-1829.38,5.C.1,Required Level of Education,RL,2,54.61,N
99-1829.38,5.C.1,Required Level of Education,RL,3,67.51,N
99-1829.38,5.C.1,Required Level of Education,RL,4,14.00,N
99-1829.38,5.C.1,Required Level of Education,RL,5,10.46,N
99-1829.38,5.C.1,Required Level of Education,RL,6,24.15,N
99-1829.38,5.C.1,Required Level of Education,RL,7,5.49,N
99-1829.38,5.C.1,Required Level of Education,RL,8,3.80,N
99-1829.38,5.C.1,Required Level of Education,RL,9,6.48,N
99-1829.38,5.C.1,Required Level of Education,RL,10,5.33,N
99-1829.38,5.C.1,Required Level of Education,RL,11,4.12,N
99-1829.38,5.C.1,Required Level of Education,RL,12,8.00,N
99-1830.39,5.C.1,Required Level of Education,RL,1,18.38,N
99-1830.39,5.C.1,Required Level of Education,RL,2,10.36,N
99-1830.39,5.C.1,Required Level of Education,RL,3,14.77,N
99-1830.39,5.C.1,Required Level of Education,RL,4,49.39,N
99-1830.39,5.C.1,Required Level of Education,RL,5,42.28,N
99-1830.39,5.C.1,Required Level of Education,RL,6,51.41,N
99-1830.39,5.C.1,Required Level of Education,RL,7,5.87,N
99-1830.39,5.C.1,Required Level of Education,RL,8,19.46,N
99-1830.39,5.C.1,Required Level of Education,RL,9,20.94,N
99-1830.39,5.C.1,Required Level of Education,RL,10,5.28,N
99-1830.39,5.C.1,Required Level of Education,RL,11,3.15,N
99-1830.39,5.C.1,Required Level of Education,RL,12,2.09,N
99-1831.40,5.C.1,Required Level of Education,RL,1,5.84,N
99-1831.40,5.C.1,Required Level of Education,RL,2,2.30,N
99-1831.40,5.C.1,Required Level of Education,RL,3,2.48,N
99-1831.40,5.C.1,Required Level of Education,RL,4,9.17,N
99-1831.40,5.C.1,Required Level of Education,RL,5,24.84,N
99-1831.40,5.C.1,Required Level of Education,RL,6,6.05,N
99-1831.40,5.C.1,Required Level of Education,RL,7,64.34,N
99-1831.40,5.C.1,Required Level of Education,RL,8,68.30,N
99-1831.40,5.C.1,Required Level of Education,RL,9,55.71,N
99-1831.40,5.C.1,Required Level of Education,RL,10,11.89,N
99-1831.40,5.C.1,Required Level of Education,RL,11,22.28,N
99-1831.40,5.C.1,Required Level of Education,RL,12,9.02,N
99-1832.41,5.C.1,Required Level of Education,RL,1,2.08,N
99-1832.41,5.C.1,Required Level of Education,RL,2,6.02,N
99-1832.41,5.C.1,Required Level of Education,RL,3,6.22,N
99-1832.41,5.C.1,Required Level of Education,RL,4,13.12,N
99-1832.41,5.C.1,Required Level of Education,RL,5,9.99,N
99-1832.41,5.C.1,Required Level of Education,RL,6,15.61,N
99-1832.41,5.C.1,Required Level of Education,RL,7,58.26,N
99-1832.41,5.C.1,Required Level of Education,RL,8,41.37,N
99-1832.41,5.C.1,Required Level of Education,RL,9,51.95,N
99-1832.41,5.C.1,Required Level of Education,RL,10,8.64,N
99-1832.41,5.C.1,Required Level of Education,RL,11,5.99,N
99-1832.41,5.C.1,Required Level of Education,RL,12,24.51,N
99-1833.42,5.C.1,Required Level of Education,RL,1,21.24,N
99-1833.42,5.C.1,Required Level of Education,RL,2,8.53,N
99-1833.42,5.C.1,Required Level of Education,RL,3,17.60,N
99-1833.42,5.C.1,Required Level of Education,RL,4,67.23,N
99-1833.42,5.C.1,Required Level of Education,RL,5,63.53,N
99-1833.42,5.C.1,Required Level of Education,RL,6,30.85,N
99-1833.42,5.C.1,Required Level of Education,RL,7,5.96,N
99-1833.42,5.C.1,Required Level of Education,RL,8,13.12,N
99-1833.42,5.C.1,Required Level of Education,RL,9,16.59,N
99-1833.42,5.C.1,Required Level of Education,RL,10,3.67,N
99-1833.42,5.C.1,Required Level of Education,RL,11,6.45,N
99-1833.42,5.C.1,Required Level of Education,RL,12,1.13,N
99-1834.43,5.C.1,Required Level of Education,RL,1,30.17,N
99-1834.43,5.C.1,Required Level of Education,RL,2,51.52,N
99-1834.43,5.C.1,Required Level of Education,RL,3,58.43,N
99-1834.43,5.C.1,Required Level of Education,RL,4,17.10,N
99-1834.43,5.C.1,Required Level of Education,RL,5,11.49,N
99-1834.43,5.C.1,Required Level of Education,RL,6,9.46,N
99-1834.43,5.C.1,Required Level of Education,RL,7,2.52,N
99-1834.43,5.C.1,Required Level of Education,RL,8,7.17,N
99-1834.43,5.C.1,Required Level of Education,RL,9,2.37,N
99-1834.43,5.C.1,Required Level of Education,RL,10,2.01,N
99-1834.43,5.C.1,Required Level of Education,RL,11,2.04,N
99-1834.43,5.C.1,Required Level of Education,RL,12,5.28,N
99-1835.44,5.C.1,Required Level of Education,RL,1,42.77,N
99-1835.44,5.C.1,Required Level of Education,RL,2,31.12,N
99-1835.44,5.C.1,Required Level of Education,RL,3,40.32,N
99-1835.44,5.C.1,Required Level of Education,RL,4,11.97,N
99-1835.44,5.C.1,Required Level of Education,RL,5,20.52,N
99-1835.44,5.C.1,Required Level of Education,RL,6,8.69,N
99-1835.44,5.C.1,Required Level of Education,RL,7,6.70,N
99-1835.44,5.C.1,Required Level of Education,RL,8,5.53,N
99-1835.44,5.C.1,Required Level of Education,RL,9,1.98,N
99-1835.44,5.C.1,Required Level of Education,RL,10,4.71,N
99-1835.44,5.C.1,Required Level of Education,RL,11,4.12,N
99-1835.44,5.C.1,Required Level of Education,RL,12,5.52,N
99-1836.45,5.C.1,Required Level of Education,RL,1,51.95,N
99-1836.45,5.C.1,Required Level of Education,RL,2,53.61,N
99-1836.45,5.C.1,Required Level of Education,RL,3,47.54,N
99-1836.45,5.C.1,Required Level of Education,RL,4,19.21,N
99-1836.45,5.C.1,Required Level of Education,RL,5,19.92,N
99-1836.45,5.C.1,Required Level of Education,RL,6,12.52,N
99-1836.45,5.C.1,Required Level of Education,RL,7,1.98,N
99-1836.45,5.C.1,Required Level of Education,RL,8,2.59,N
99-1836.45,5.C.1,Required Level of Education,RL,9,3.41,N
99-1836.45,5.C.1,Required Level of Education,RL,10,7.06,N
99-1836.45,5.C.1,Required Level of Education,RL,11,7.95,N
99-1836.45,5.C.1,Required Level of Education,RL,12,7.73,N
99-1837.46,5.C.1,Required Level of Education,RL,1,35.05,N
99-1837.46,5.C.1,Required Level of Education,RL,2,65.32,N
99-1837.46,5.C.1,Required Level of Education,RL,3,30.95,N
99-1837.46,5.C.1,Required Level of Education,RL,4,21.46,N
99-1837.46,5.C.1,Required Level of Education,RL,5,11.84,N
99-1837.46,5.C.1,Required Level of Education,RL,6,8.67,N
99-1837.46,5.C.1,Required Level of Education,RL,7,5.96,N
99-1837.46,5.C.1,Required Level of Education,RL,8,5.85,N
99-1837.46,5.C.1,Required Level of Education,RL,9,6.59,N
99-1837.46,5.C.1,Required Level of Education,RL,10,5.54,N
99-1837.46,5.C.1,Required Level of Education,RL,11,3.21,N
99-1837.46,5.C.1,Required Level of Education,RL,12,6.78,N
99-1838.47,5.C.1,Required Level of Education,RL,1,37.85,N
99-1838.47,5.C.1,Required Level of Education,RL,2,69.85,N
99-1838.47,5.C.1,Required Level of Education,RL,3,54.63,N
99-1838.47,5.C.1,Required Level of Education,RL,4,23.69,N
99-1838.47,5.C.1,Required Level of Education,RL,5,22.53,N
99-1838.47,5.C.1,Required Level of Education,RL,6,17.65,N
99-1838.47,5.C.1,Required Level of Education,RL,7,1.39,N
99-1838.47,5.C.1,Required Level of Education,RL,8,5.11,N
99-1838.47,5.C.1,Required Level of Education,RL,9,7.38,N
99-1838.47,5.C.1,Required Level of Education,RL,10,5.44,N
99-1838.47,5.C.1,Required Level of Education,RL,11,2.06,N
99-1838.47,5.C.1,Required Level of Education,RL,12,2.69,N
99-1839.48,5.C.1,Required Level of Education,RL,1,18.74,N
99-1839.48,5.C.1,Required Level of Education,RL,2,15.88,N
99-1839.48,5.C.1,Required Level of Education,RL,3,12.59,N
99-1839.48,5.C.1,Required Level of Education,RL,4,44.01,N
99-1839.48,5.C.1,Required Level of Education,RL,5,32.59,N
99-1839.48,5.C.1,Required Level of Education,RL,6,65.80,N
99-1839.48,5.C.1,Required Level of Education,RL,7,8.58,N
99-1839.48,5.C.1,Required Level of Education,RL,8,24.60,N
99-1839.48,5.C.1,Required Level of Education,RL,9,5.22,N
99-1839.48,5.C.1,Required Level of Education,RL,10,7.13,N
99-1839.48,5.C.1,Required Level of Education,RL,11,2.02,N
99-1839.48,5.C.1,Required Level of Education,RL,12,5.36,N
99-1840.49,5.C.1,Required Level of Education,RL,1,5.16,N
99-1840.49,5.C.1,Required Level of Education,RL,2,2.15,N
99-1840.49,5.C.1,Required Level of Education,RL,3,5.85,N
99-1840.49,5.C.1,Required Level of Education,RL,4,12.76,N
99-1840.49,5.C.1,Required Level of Education,RL,5,5.32,N
99-1840.49,5.C.1,Required Level of Education,RL,6,15.46,N
99-1840.49,5.C.1,Required Level of Education,RL,7,61.99,N
99-1840.49,5.C.1,Required Level of Education,RL,8,46.34,N
99-1840.49,5.C.1,Required Level of Education,RL,9,56.86,N
99-1840.49,5.C.1,Required Level of Education,RL,10,16.60,N
99-1840.49,5.C.1,Required Level of Education,RL,11,13.70,N
99-1840.49,5.C.1,Required Level of Education,RL,12,19.79,N
99-1841.50,5.C.1,Required Level of Education,RL,1,3.91,N
99-1841.50,5.C.1,Required Level of Education,RL,2,4.97,N
99-1841.50,5.C.1,Required Level of Education,RL,3,6.38,N
99-1841.50,5.C.1,Required Level of Education,RL,4,18.33,N
99-1841.50,5.C.1,Required Level of Education,RL,5,13.54,N
99-1841.50,5.C.1,Required Level of Education,RL,6,19.87,N
99-1841.50,5.C.1,Required Level of Education,RL,7,38.06,N
99-1841.50,5.C.1,Required Level of Education,RL,8,32.78,N
99-1841.50,5.C.1,Required Level of Education,RL,9,43.29,N
99-1841.50,5.C.1,Required Level of Education,RL,10,14.03,N
99-1841.50,5.C.1,Required Level of Education,RL,11,16.59,N
99-1841.50,5.C.1,Required Level of Education,RL,12,16.47,N
99-1842.51,5.C.1,Required Level of Education,RL,1,24.87,N
99-1842.51,5.C.1,Required Level of Education,RL,2,9.21,N
99-1842.51,5.C.1,Required Level of Education,RL,3,6.05,N
99-1842.51,5.C.1,Required Level of Education,RL,4,53.08,N
99-1842.51,5.C.1,Required Level of Education,RL,5,43.91,N
99-1842.51,5.C.1,Required Level of Education,RL,6,37.93,N
99-1842.51,5.C.1,Required Level of Education,RL,7,5.32,N
99-1842.51,5.C.1,Required Level of Education,RL,8,16.94,N
99-1842.51,5.C.1,Required Level of Education,RL,9,16.49,N
99-1842.51,5.C.1,Required Level of Education,RL,10,1.83,N
99-1842.51,5.C.1,Required Level of Education,RL,11,3.62,N
99-1842.51,5.C.1,Required Level of Education,RL,12,4.03,N
99-1843.52,5.C.1,Required Level of Education,RL,1,53.05,N
99-1843.52,5.C.1,Required Level of Education,RL,2,69.06,N
99-1843.52,5.C.1,Required Level of Education,RL,3,56.61,N
99-1843.52,5.C.1,Required Level of Education,RL,4,11.93,N
99-1843.52,5.C.1,Required Level of Education,RL,5,17.67,N
99-1843.52,5.C.1,Required Level of Education,RL,6,6.05,N
99-1843.52,5.C.1,Required Level of Education,RL,7,5.34,N
99-1843.52,5.C.1,Required Level of Education,RL,8,2.39,N
99-1843.52,5.C.1,Required Level of Education,RL,9,1.91,N
99-1843.52,5.C.1,Required Level of Education,RL,10,6.87,N
99-1843.52,5.C.1,Required Level of Education,RL,11,2.63,N
99-1843.52,5.C.1,Required Level of Education,RL,12,7.48,N
99-1844.53,5.C.1,Required Level of Education,RL,1,44.34,N
99-1844.53,5.C.1,Required Level of Education,RL,2,42.49,N
99-1844.53,5.C.1,Required Level of Education,RL,3,52.52,N
99-1844.53,5.C.1,Required Level of Education,RL,4,22.83,N
99-1844.53,5.C.1,Required Level of Education,RL,5,23.42,N
99-1844.53,5.C.1,Required Level of Education,RL,6,19.07,N
99-1844.53,5.C.1,Required Level of Education,RL,7,3.83,N
99-1844.53,5.C.1,Required Level of Education,RL,8,3.71,N
99-1844.53,5.C.1,Required Level of Education,RL,9,6.32,N
99-1844.53,5.C.1,Required Level of Education,RL,10,4.52,N
99-1844.53,5.C.1,Required Level of Education,RL,11,2.86,N
99-1844.53,5.C.1,Required Level of Education,RL,12,7.46,N
99-1845.54,5.C.1,Required Level of Education,RL,1,41.77,N
99-1845.54,5.C.1,Required Level of Education,RL,2,31.30,N
99-1845.54,5.C.1,Required Level of Education,RL,3,49.26,N
99-1845.54,5.C.1,Required Level of Education,RL,4,14.41,N
99-1845.54,5.C.1,Required Level of Education,RL,5,12.63,N
99-1845.54,5.C.1,Required Level of Education,RL,6,24.02,N
99-1845.54,5.C.1,Required Level of Education,RL,7,6.72,N
99-1845.54,5.C.1,Required Level of Education,RL,8,4.00,N
99-1845.54,5.C.1,Required Level of Education,RL,9,1.40,N
99-1845.54,5.C.1,Required Level of Education,RL,10,5.67,N
99-1845.54,5.C.1,Required Level of Education,RL,11,7.38,N
99-1845.54,5.C.1,Required Level of Education,RL,12,6.65,N
99-1846.55,5.C.1,Required Level of Education,RL,1,47.07,N
99-1846.55,5.C.1,Required Level of Education,RL,2,64.40,N
99-1846.55,5.C.1,Required Level of Education,RL,3,59.67,N
99-1846.55,5.C.1,Required Level of Education,RL,4,18.33,N
99-1846.55,5.C.1,Required Level of Education,RL,5,18.70,N
99-1846.55,5.C.1,Required Level of Education,RL,6,12.23,N
99-1846.55,5.C.1,Required Level of Education,RL,7,2.35,N
99-1846.55,5.C.1,Required Level of Education,RL,8,5.21,N
99-1846.55,5.C.1,Required Level of Education,RL,9,7.15,N
99-1846.55,5.C.1,Required Level of Education,RL,10,7.16,N
99-1846.55,5.C.1,Required Level of Education,RL,11,1.22,N
99-1846.55,5.C.1,Required Level of Education,RL,12,4.46,N
99-1847.56,5.C.1,Required Level of Education,RL,1,34.02,N
99-1847.56,5.C.1,Required Level of Education,RL,2,59.93,N
99-1847.56,5.C.1,Required Level of Education,RL,3,67.40,N
99-1847.56,5.C.1,Required Level of Education,RL,4,11.81,N
99-1847.56,5.C.1,Required Level of Education,RL,5,10.67,N
99-1847.56,5.C.1,Required Level of Education,RL,6,22.21,N
99-1847.56,5.C.1,Required Level of Education,RL,7,4.56,N
99-1847.56,5.C.1,Required Level of Education,RL,8,4.54,N
99-1847.56,5.C.1,Required Level of Education,RL,9,5.24,N
99-1847.56,5.C.1,Required Level of Education,RL,10,3.67,N
99-1847.56,5.C.1,Required Level of Education,RL,11,4.12,N
99-1847.56,5.C.1,Required Level of Education,RL,12,7.86,N
99-1848.57,5.C.1,Required Level of Education,RL,1,16.61,N
99-1848.57,5.C.1,Required Level of Education,RL,2,18.79,N
99-1848.57,5.C.1,Required Level of Education,RL,3,12.04,N
99-1848.57,5.C.1,Required Level of Education,RL,4,45.01,N
99-1848.57,5.C.1,Required Level of Education,RL,5,61.11,N
99-1848.57,5.C.1,Required Level of Education,RL,6,61.71,N
99-1848.57,5.C.1,Required Level of Education,RL,7,16.71,N
99-1848.57,5.C.1,Required Level of Education,RL,8,14.17,N
99-1848.57,5.C.1,Required Level of Education,RL,9,21.86,N
99-1848.57,5.C.1,Required Level of Education,RL,10,6.47,N
99-1848.57,5.C.1,Required Level of Education,RL,11,2.49,N
99-1848.57,5.C.1,Required Level of Education,RL,12,2.20,N
99-1849.58,5.C.1,Required Level of Education,RL,1,4.22,N
99-1849.58,5.C.1,Required Level of Education,RL,2,3.64,N
99-1849.58,5.C.1,Required Level of Education,RL,3,7.99,N
99-1849.58,5.C.1,Required Level of Education,RL,4,11.31,N
99-1849.58,5.C.1,Required Level of Education,RL,5,10.81,N
99-1849.58,5.C.1,Required Level of Education,RL,6,10.00,N
99-1849.58,5.C.1,Required Level of Education,RL,7,66.03,N
99-1849.58,5.C.1,Required Level of Education,RL,8,51.06,N
99-1849.58,5.C.1,Required Level of Education,RL,9,66.74,N
99-1849.58,5.C.1,Required Level of Education,RL,10,24.49,N
99-1849.58,5.C.1,Required Level of Education,RL,11,15.87,N
99-1849.58,5.C.1,Required Level of Education,RL,12,14.94,N
99-1850.59,5.C.1,Required Level of Education,RL,1,3.14,N
99-1850.59,5.C.1,Required Level of Education,RL,2,3.79,N
99-1850.59,5.C.1,Required Level of Education,RL,3,5.65,N
99-1850.59,5.C.1,Required Level of Education,RL,4,13.79,N
99-1850.59,5.C.1,Required Level of Education,RL,5,16.12,N
99-1850.59,5.C.1,Required Level of Education,RL,6,13.16,N
99-1850.59,5.C.1,Required Level of Education,RL,7,43.11,N
99-1850.59,5.C.1,Required Level of Education,RL,8,51.74,N
99-1850.59,5.C.1,Required Level of Education,RL,9,30.77,N
99-1850.59,5.C.1,Required Level of Education,RL,10,24.11,N
99-1850.59,5.C.1,Required Level of Education,RL,11,19.58,N
99-1850.59,5.C.1,Required Level of Education,RL,12,16.41,N
99-1851.60,5.C.1,Required Level of Education,RL,1,14.55,N
99-1851.60,5.C.1,Required Level of Education,RL,2,23.43,N
99-1851.60,5.C.1,Required Level of Education,RL,3,15.27,N
99-1851.60,5.C.1,Required Level of Education,RL,4,50.85,N
99-1851.60,5.C.1,Required Level of Education,RL,5,43.72,N
99-1851.60,5.C.1,Required Level of Education,RL,6,68.64,N
99-1851.60,5.C.1,Required Level of Education,RL,7,15.39,N
99-1851.60,5.C.1,Required Level of Education,RL,8,9.68,N
99-1851.60,5.C.1,Required Level of Education,RL,9,17.41,N
99-1851.60,5.C.1,Required Level of Education,RL,10,5.19,N
99-1851.60,5.C.1,Required Level of Education,RL,11,1.01,N
99-1851.60,5.C.1,Required Level of Education,RL,12,3.44,N
99-1852.61,5.C.1,Required Level of Education,RL,1,51.85,N
99-1852.61,5.C.1,Required Level of Education,RL,2,33.55,N
99-1852.61,5.C.1,Required Level of Education,RL,3,36.66,N
99-1852.61,5.C.1,Required Level of Education,RL,4,11.90,N
99-1852.61,5.C.1,Required Level of Education,RL,5,16.37,N
99-1852.61,5.C.1,Required Level of Education,RL,6,9.57,N
99-1852.61,5.C.1,Required Level of Education,RL,7,2.78,N
99-1852.61,5.C.1,Required Level of Education,RL,8,1.64,N
99-1852.61,5.C.1,Required Level of Education,RL,9,5.26,N
99-1852.61,5.C.1,Required Level of Education,RL,10,6.84,N
99-1852.61,5.C.1,Required Level of Education,RL,11,6.29,N
99-1852.61,5.C.1,Required Level of Education,RL,12,7.97,N
99-1853.62,5.C.1,Required Level of Education,RL,1,68.55,N
99-1853.62,5.C.1,Required Level of Education,RL,2,50.22,N
99-1853.62,5.C.1,Required Level of Education,RL,3,60.81,N
99-1853.62,5.C.1,Required Level of Education,RL,4,16.69,N
99-1853.62,5.C.1,Required Level of Education,RL,5,23.96,N
99-1853.62,5.C.1,Required Level of Education,RL,6,8.27,N
99-1853.62,5.C.1,Required Level of Education,RL,7,1.40,N
99-1853.62,5.C.1,Required Level of Education,RL,8,4.57,N
99-1853.62,5.C.1,Required Level of Education,RL,9,7.98,N
99-1853.62,5.C.1,Required Level of Education,RL,10,5.12,N
99-1853.62,5.C.1,Required Level of Education,RL,11,7.20,N
99-1853.62,5.C.1,Required Level of Education,RL,12,6.84,N
99-1854.63,5.C.1,Required Level of Education,RL,1,39.40,N
99-1854.63,5.C.1,Required Level of Education,RL,2,63.15,N
99-1854.63,5.C.1,Required Level of Education,RL,3,49.27,N
99-1854.63,5.C.1,Required Level of Education,RL,4,17.93,N
99-1854.63,5.C.1,Required Level of Education,RL,5,7.04,N
99-1854.63,5.C.1,Required Level of Education,RL,6,7.70,N
99-1854.63,5.C.1,Required Level of Education,RL,7,1.08,N
99-1854.63,5.C.1,Required Level of Education,RL,8,7.28,N
99-1854.63,5.C.1,Required Level of Education,RL,9,3.53,N
99-1854.63,5.C.1,Required Level of Education,RL,10,1.59,N
99-1854.63,5.C.1,Required Level of Education,RL,11,1.01,N
99-1854.63,5.C.1,Required Level of Education,RL,12,7.44,N
99-1855.64,5.C.1,Required Level of Education,RL,1,45.58,N
99-1855.64,5.C.1,Required Level of Education,RL,2,37.42,N
99-1855.64,5.C.1,Required Level of Education,RL,3,68.38,N
99-1855.64,5.C.1,Required Level of Education,RL,4,24.19,N
99-1855.64,5.C.1,Required Level of Education,RL,5,22.05,N
99-1855.64,5.C.1,Required Level of Education,RL,6,23.49,N
99-1855.64,5.C.1,Required Level of Education,RL,7,4.31,N
99-1855.64,5.C.1,Required Level of Education,RL,8,2.45,N
99-1855.64,5.C.1,Required Level of Education,RL,9,1.97,N
99-1855.64,5.C.1,Required Level of Education,RL,10,7.98,N
99-1855.64,5.C.1,Required Level of Education,RL,11,7.36,N
99-1855.64,5.C.1,Required Level of Education,RL,12,6.10,N
99-1856.65,5.C.1,Required Level of Education,RL,1,61.20,N
99-1856.65,5.C.1,Required Level of Education,RL,2,56.55,N
99-1856.65,5.C.1,Required Level of Education,RL,3,44.82,N
99-1856.65,5.C.1,Required Level of Education,RL,4,11.22,N
99-1856.65,5.C.1,Required Level of Education,RL,5,16.09,N
99-1856.65,5.C.1,Required Level of Education,RL,6,8.10,N
99-1856.65,5.C.1,Required Level of Education,RL,7,6.43,N
99-1856.65,5.C.1,Required Level of Education,RL,8,2.37,N
99-1856.65,5.C.1,Required Level of Education,RL,9,3.41,N
99-1856.65,5.C.1,Required Level of Education,RL,10,5.94,N
99-1856.65,5.C.1,Required Level of Education,RL,11,1.29,N
99-1856.65,5.C.1,Required Level of Education,RL,12,2.89,N
99-1857.66,5.C.1,Required Level of Education,RL,1,7.17,N
99-1857.66,5.C.1,Required Level of Education,RL,2,12.60,N
99-1857.66,5.C.1,Required Level of Education,RL,3,20.40,N
99-1857.66,5.C.1,Required Level of Education,RL,4,57.35,N
99-1857.66,5.C.1,Required Level of Education,RL,5,51.12,N
99-1857.66,5.C.1,Required Level of Education,RL,6,57.63,N
99-1857.66,5.C.1,Required Level of Education,RL,7,19.42,N
99-1857.66,5.C.1,Required Level of Education,RL,8,19.45,N
99-1857.66,5.C.1,Required Level of Education,RL,9,11.12,N
99-1857.66,5.C.1,Required Level of Education,RL,10,3.18,N
99-1857.66,5.C.1,Required Level of Education,RL,11,1.24,N
99-1857.66,5.C.1,Required Level of Education,RL,12,3.07,N
99-1858.67,5.C.1,Required Level of Education,RL,1,1.82,N
99-1858.67,5.C.1,Required Level of Education,RL,2,2.32,N
99-1858.67,5.C.1,Required Level of Education,RL,3,1.31,N
99-1858.67,5.C.1,Required Level of Education,RL,4,5.29,N
99-1858.67,5.C.1,Required Level of Education,RL,5,13.19,N
99-1858.67,5.C.1,Required Level of Education,RL,6,11.46,N
99-1858.67,5.C.1,Required Level of Education,RL,7,62.00,N
99-1858.67,5.C.1,Required Level of Education,RL,8,51.13,N
99-1858.67,5.C.1,Required Level of Education,RL,9,50.39,N
99-1858.67,5.C.1,Required Level of Education,RL,10,23.82,N
99-1858.67,5.C.1,Required Level of Education,RL,11,20.50,N
99-1858.67,5.C.1,Required Level of Education,RL,12,20.17,N
99-1859.68,5.C.1,Required Level of Education,RL,1,1.16,N
99-1859.68,5.C.1,Required Level of Education,RL,2,5.08,N
99-1859.68,5.C.1,Required Level of Education,RL,3,5.47,N
99-1859.68,5.C.1,Required Level of Education,RL,4,16.18,N
99-1859.68,5.C.1,Required Level of Education,RL,5,8.46,N
99-1859.68,5.C.1,Required Level of Education,RL,6,5.77,N
99-1859.68,5.C.1,Required Level of Education,RL,7,49.63,N
99-1859.68,5.C.1,Required Level of Education,RL,8,68.77,N
99-1859.68,5.C.1,Required Level of Education,RL,9,62.91,N
99-1859.68,5.C.1,Required Level of Education,RL,10,19.03,N
99-1859.68,5.C.1,Required Level of Education,RL,11,15.33,N
99-1859.68,5.C.1,Required Level of Education,RL,12,13.58,N
99-1860.69,5.C.1,Required Level of Education,RL,1,13.29,N
99-1860.69,5.C.1,Required Level of Education,RL,2,24.22,N
99-1860.69,5.C.1,Required Level of Education,RL,3,11.04,N
99-1860.69,5.C.1,Required Level of Education,RL,4,54.30,N
99-1860.69,5.C.1,Required Level of Education,RL,5,38.35,N
99-1860.69,5.C.1,Required Level of Education,RL,6,34.77,N
99-1860.69,5.C.1,Required Level of Education,RL,7,18.47,N
99-1860.69,5.C.1,Required Level of Education,RL,8,21.80,N
99-1860.69,5.C.1,Required Level of Education,RL,9,5.20,N
99-1860.69,5.C.1,Required Level of Education,RL,10,2.67,N
99-1860.69,5.C.1,Required Level of Education,RL,11,6.65,N
99-1860.69,5.C.1,Required Level of Education,RL,12,5.08,N
99-1861.70,5.C.1,Required Level of Education,RL,1,66.39,N
99-1861.70,5.C.1,Required Level of Education,RL,2,46.77,N
99-1861.70,5.C.1,Required Level of Education,RL,3,54.13,N
99-1861.70,5.C.1,Required Level of Education,RL,4,19.08,N
99-1861.70,5.C.1,Required Level of Education,RL,5,14.84,N
99-1861.70,5.C.1,Required Level of Education,RL,6,11.14,N
99-1861.70,5.C.1,Required Level of Education,RL,7,2.57,N
99-1861.70,5.C.1,Required Level of Education,RL,8,2.94,N
99-1861.70,5.C.1,Required Level of Education,RL,9,2.03,N
99-1861.70,5.C.1,Required Level of Education,RL,10,4.12,N
99-1861.70,5.C.1,Required Level of Education,RL,11,1.66,N
99-1861.70,5.C.1,Required Level of Education,RL,12,7.94,N
99-1862.71,5.C.1,Required Level of Education,RL,1,38.72,N
99-1862.71,5.C.1,Required Level of Education,RL,2,66.46,N
99-1862.71,5.C.1,Required Level of Education,RL,3,54.40,N
99-1862.71,5.C.1,Required Level of Education,RL,4,7.48,N
99-1862.71,5.C.1,Required Level of Education,RL,5,24.44,N
99-1862.71,5.C.1,Required Level of Education,RL,6,8.60,N
99-1862.71,5.C.1,Required Level of Education,RL,7,7.62,N
99-1862.71,5.C.1,Required Level of Education,RL,8,7.15,N
99-1862.71,5.C.1,Required Level of Education,RL,9,6.56,N
99-1862.71,5.C.1,Required Level of Education,RL,10,1.58,N
99-1862.71,5.C.1,Required Level of Education,RL,11,4.64,N
99-1862.71,5.C.1,Required Level of Education,RL,12,5.62,N
99-1863.72,5.C.1,Required Level of Education,RL,1,61.62,N
99-1863.72,5.C.1,Required Level of Education,RL,2,49.42,N
99-1863.72,5.C.1,Required Level of Education,RL,3,46.04,N
99-1863.72,5.C.1,Required Level of Education,RL,4,7.40,N
99-1863.72,5.C.1,Required Level of Education,RL,5,24.93,N
99-1863.72,5.C.1,Required Level of Education,RL,6,5.02,N
99-1863.72,5.C.1,Required Level of Education,RL,7,4.22,N
99-1863.72,5.C.1,Required Level of Education,RL,8,5.63,N
99-1863.72,5.C.1,Required Level of Education,RL,9,4.81,N
99-1863.72,5.C.1,Required Level of Education,RL,10,5.17,N
99-1863.72,5.C.1,Required Level of Education,RL,11,3.87,N
99-1863.72,5.C.1,Required Level of Education,RL,12,7.69,N
99-1864.73,5.C.1,Required Level of Education,RL,1,67.99,N
99-1864.73,5.C.1,Required Level of Education,RL,2,31.87,N
99-1864.73,5.C.1,Required Level of Education,RL,3,45.59,N
99-1864.73,5.C.1,Required Level of Education,RL,4,19.35,N
99-1864.73,5.C.1,Required Level of Education,RL,5,15.88,N
99-1864.73,5.C.1,Required Level of Education,RL,6,7.62,N
99-1864.73,5.C.1,Required Level of Education,RL,7,3.64,N
99-1864.73,5.C.1,Required Level of Education,RL,8,6.29,N
99-1864.73,5.C.1,Required Level of Education,RL,9,5.48,N
99-1864.73,5.C.1,Required Level of Education,RL,10,5.44,N
99-1864.73,5.C.1,Required Level of Education,RL,11,4.29,N
99-1864.73,5.C.1,Required Level of Education,RL,12,4.10,N
99-1865.74,5.C.1,Required Level of Education,RL,1,38.04,N
99-1865.74,5.C.1,Required Level of Education,RL,2,59.88,N
99-1865.74,5.C.1,Required Level of Education,RL,3,41.32,N
99-1865.74,5.C.1,Required Level of Education,RL,4,20.74,N
99-1865.74,5.C.1,Required Level of Education,RL,5,24.79,N
99-1865.74,5.C.1,Required Level of Education,RL,6,17.76,N
99-1865.74,5.C.1,Required Level of Education,RL,7,2.39,N
99-1865.74,5.C.1,Required Level of Education,RL,8,1.85,N
99-1865.74,5.C.1,Required Level of Education,RL,9,4.27,N
99-1865.74,5.C.1,Required Level of Education,RL,10,4.26,N
99-1865.74,5.C.1,Required Level of Education,RL,11,3.48,N
99-1865.74,5.C.1,Required Level of Education,RL,12,3.30,N
99-1866.75,5.C.1,Required Level of Education,RL,1,21.62,N
99-1866.75,5.C.1,Required Level of Education,RL,2,18.00,N
99-1866.75,5.C.1,Required Level of Education,RL,3,11.89,N
99-1866.75,5.C.1,Required Level of Education,RL,4,55.23,N
99-1866.75,5.C.1,Required Level of Education,RL,5,50.14,N
99-1866.75,5.C.1,Required Level of Education,RL,6,54.45,N
99-1866.75,5.C.1,Required Level of Education,RL,7,6.28,N
99-1866.75,5.C.1,Required Level of Education,RL,8,8.44,N
99-1866.75,5.C.1,Required Level of Education,RL,9,8.06,N
99-1866.75,5.C.1,Required Level of Education,RL,10,5.94,N
99-1866.75,5.C.1,Required Level of Education,RL,11,3.71,N
99-1866.75,5.C.1,Required Level of Education,RL,12,6.67,N
99-1867.76,5.C.1,Required Level of Education,RL,1,5.77,N
99-1867.76,5.C.1,Required Level of Education,RL,2,7.18,N
99-1867.76,5.C.1,Required Level of Education,RL,3,5.91,N
99-1867.76,5.C.1,Required Level of Education,RL,4,10.62,N
99-1867.76,5.C.1,Required Level of Education,RL,5,14.19,N
99-1867.76,5.C.1,Required Level of Education,RL,6,22.61,N
99-1867.76,5.C.1,Required Level of Education,RL,7,43.53,N
99-1867.76,5.C.1,Required Level of Education,RL,8,67.43,N
99-1867.76,5.C.1,Required Level of Education,RL,9,36.77,N
99-1867.76,5.C.1,Required Level of Education,RL,10,21.74,N
99-1867.76,5.C.1,Required Level of Education,RL,11,20.96,N
99-1867.76,5.C.1,Required Level of Education,RL,12,23.13,N
99-1868.77,5.C.1,Required Level of Education,RL,1,1.96,N
99-1868.77,5.C.1,Required Level of Education,RL,2,7.25,N
99-1868.77,5.C.1,Required Level of Education,RL,3,2.77,N
99-1868.77,5.C.1,Required Level of Education,RL,4,14.62,N
99-1868.77,5.C.1,Required Level of Education,RL,5,18.54,N
99-1868.77,5.C.1,Required Level of Education,RL,6,13.65,N
99-1868.77,5.C.1,Required Level of Education,RL,7,55.62,N
99-1868.77,5.C.1,Required Level of Education,RL,8,35.62,N
99-1868.77,5.C.1,Required Level of Education,RL,9,42.03,N
99-1868.77,5.C.1,Required Level of Education,RL,10,20.86,N
99-1868.77,5.C.1,Required Level of Education,RL,11,23.88,N
99-1868.77,5.C.1,Required Level of Education,RL,12,16.11,N
99-1869.78,5.C.1,Required Level of Education,RL,1,12.70,N
99-1869.78,5.C.1,Required Level of Education,RL,2,24.43,N
99-1869.78,5.C.1,Required Level of Education,RL,3,19.00,N
99-1869.78,5.C.1,Required Level of Education,RL,4,66.00,N
99-1869.78,5.C.1,Required Level of Education,RL,5,47.26,N
99-1869.78,5.C.1,Required Level of Education,RL,6,57.08,N
99-1869.78,5.C.1,Required Level of Education,RL,7,23.15,N
99-1869.78,5.C.1,Required Level of Education,RL,8,9.48,N
99-1869.78,5.C.1,Required Level of Education,RL,9,16.35,N
99-1869.78,5.C.1,Required Level of Education,RL,10,4.23,N
99-1869.78,5.C.1,Required Level of Education,RL,11,5.39,N
99-1869.78,5.C.1,Required Level of Education,RL,12,5.56,N
99-1870.79,5.C.1,Required Level of Education,RL,1,44.27,N
99-1870.79,5.C.1,Required Level of Education,RL,2,32.16,N
99-1870.79,5.C.1,Required Level of Education,RL,3,57.60,N
99-1870.79,5.C.1,Required Level of Education,RL,4,17.98,N
99-1870.79,5.C.1,Required Level of Education,RL,5,15.33,N
99-1870.79,5.C.1,Required Level of Education,RL,6,12.90,N
99-1870.79,5.C.1,Required Level of Education,RL,7,6.19,N
99-1870.79,5.C.1,Required Level of Education,RL,8,6.12,N
99-1870.79,5.C.1,Required Level of Education,RL,9,6.31,N
99-1870.79,5.C.1,Required Level of Education,RL,10,1.48,N
99-1870.79,5.C.1,Required Level of Education,RL,11,4.12,N
99-1870.79,5.C.1,Required Level of Education,RL,12,2.42,N
99-1871.80,5.C.1,Required Level of Education,RL,1,43.08,N
99-1871.80,5.C.1,Required Level of Education,RL,2,43.30,N
99-1871.80,5.C.1,Required Level of Education,RL,3,58.84,N
99-1871.80,5.C.1,Required Level of Education,RL,4,19.65,N
99-1871.80,5.C.1,Required Level of Education,RL,5,14.08,N
99-1871.80,5.C.1,Required Level of Education,RL,6,22.57,N
99-1871.80,5.C.1,Required Level of Education,RL,7,7.21,N
99-1871.80,5.C.1,Required Level of Education,RL,8,2.26,N
99-1871.80,5.C.1,Required Level of Education,RL,9,5.94,N
99-1871.80,5.C.1,Required Level of Education,RL,10,5.91,N
99-1871.80,5.C.1,Required Level of Education,RL,11,7.92,N
99-1871.80,5.C.1,Required Level of Education,RL,12,7.12,N
99-1872.81,5.C.1,Required Level of Education,RL,1,38.27,N
99-1872.81,5.C.1,Required Level of Education,RL,2,43.14,N
99-1872.81,5.C.1,Required Level of Education,RL,3,68.14,N
99-1872.81,5.C.1,Required Level of Education,RL,4,9.13,N
99-1872.81,5.C.1,Required Level of Education,RL,5,14.25,N
99-1872.81,5.C.1,Required Level of Education,RL,6,14.28,N
99-1872.81,5.C.1,Required Level of Education,RL,7,2.38,N
99-1872.81,5.C.1,Required Level of Education,RL,8,4.25,N
99-1872.81,5.C.1,Required Level of Education,RL,9,5.10,N
99-1872.81,5.C.1,Required Level of Education,RL,10,2.31,N
99-1872.81,5.C.1,Required Level of Education,RL,11,2.25,N
99-1872.81,5.C.1,Required Level of Education,RL,12,7.41,N
99-1873.82,5.C.1,Required Level of Education,RL,1,40.72,N
99-1873.82,5.C.1,Required Level of Education,RL,2,30.46,N
99-1873.82,5.C.1,Required Level of Education,RL,3,35.32,N
99-1873.82,5.C.1,Required Level of Education,RL,4,21.65,N
99-1873.82,5.C.1,Required Level of Education,RL,5,5.14,N
99-1873.82,5.C.1,Required Level of Education,RL,6,19.79,N
99-1873.82,5.C.1,Required Level of Education,RL,7,2.03,N
99-1873.82,5.C.1,Required Level of Education,RL,8,6.81,N
99-1873.82,5.C.1,Required Level of Education,RL,9,4.41,N
99-1873.82,5.C.1,Required Level of Education,RL,10,4.61,N
99-1873.82,5.C.1,Required Level of Education,RL,11,4.95,N
99-1873.82,5.C.1,Required Level of Education,RL,12,4.02,N
99-1874.83,5.C.1,Required Level of Education,RL,1,42.59,N
99-1874.83,5.C.1,Required Level of Education,RL,2,35.12,N
99-1874.83,5.C.1,Required Level of Education,RL,3,57.43,N
99-1874.83,5.C.1,Required Level of Education,RL,4,17.66,N
99-1874.83,5.C.1,Required Level of Education,RL,5,16.28,N
99-1874.83,5.C.1,Required Level of Education,RL,6,20.66,N
99-1874.83,5.C.1,Required Level of Education,RL,7,6.77,N
99-1874.83,5.C.1,Required Level of Education,RL,8,2.92,N
99-1874.83,5.C.1,Required Level of Education,RL,9,3.86,N
99-1874.83,5.C.1,Required Level of Education,RL,10,1.42,N
99-1874.83,5.C.1,Required Level of Education,RL,11,2.79,N
99-1874.83,5.C.1,Required Level of Education,RL,12,7.22,N
99-1875.84,5.C.1,Required Level of Education,RL,1,12.18,N
99-1875.84,5.C.1,Required Level of Education,RL,2,18.81,N
99-1875.84,5.C.1,Required Level of Education,RL,3,16.81,N
99-1875.84,5.C.1,Required Level of Education,RL,4,44.95,N
99-1875.84,5.C.1,Required Level of Education,RL,5,67.86,N
99-1875.84,5.C.1,Required Level of Education,RL,6,52.44,N
99-1875.84,5.C.1,Required Level of Education,RL,7,24.79,N
99-1875.84,5.C.1,Required Level of Education,RL,8,13.71,N
99-1875.84,5.C.1,Required Level of Education,RL,9,17.39,N
99-1875.84,5.C.1,Required Level of Education,RL,10,2.96,N
99-1875.84,5.C.1,Required Level of Education,RL,11,3.47,N
99-1875.84,5.C.1,Required Level of Education,RL,12,3.24,N
99-1876.85,5.C.1,Required Level of Education,RL,1,6.95,N
99-1876.85,5.C.1,Required Level of Education,RL,2,5.52,N
99-1876.85,5.C.1,Required Level of Education,RL,3,1.48,N
99-1876.85,5.C.1,Required Level of Education,RL,4,7.68,N
99-1876.85,5.C.1,Required Level of Education,RL,5,19.74,N
99-1876.85,5.C.1,Required Level of Education,RL,6,14.53,N
99-1876.85,5.C.1,Required Level of Education,RL,7,49.95,N
99-1876.85,5.C.1,Required Level of Education,RL,8,52.13,N
99-1876.85,5.C.1,Required Level of Education,RL,9,35.79,N
99-1876.85,5.C.1,Required Level of Education,RL,10,20.94,N
99-1876.85,5.C.1,Required Level of Education,RL,11,24.87,N
99-1876.85,5.C.1,Required Level of Education,RL,12,11.20,N
99-1877.86,5.C.1,Required Level of Education,RL,1,5.82,N
99-1877.86,5.C.1,Required Level of Education,RL,2,5.73,N
99-1877.86,5.C.1,Required Level of Education,RL,3,3.10,N
99-1877.86,5.C.1,Required Level of Education,RL,4,21.55,N
99-1877.86,5.C.1,Required Level of Education,RL,5,20.28,N
99-1877.86,5.C.1,Required Level of Education,RL,6,5.30,N
99-1877.86,5.C.1,Required Level of Education,RL,7,64.10,N
99-1877.86,5.C.1,Required Level of Education,RL,8,33.10,N
99-1877.86,5.C.1,Required Level of Education,RL,9,41.55,N
99-1877.86,5.C.1,Required Level of Education,RL,10,22.56,N
99-1877.86,5.C.1,Required Level of Education,RL,11,8.15,N
99-1877.86,5.C.1,Required Level of Education,RL,12,14.98,N
99-1878.87,5.C.1,Required Level of Education,RL,1,12.67,N
99-1878.87,5.C.1,Required Level of Education,RL,2,24.77,N
99-1878.87,5.C.1,Required Level of Education,RL,3,7.97,N
99-1878.87,5.C.1,Required Level of Education,RL,4,30.76,N
99-1878.87,5.C.1,Required Level of Education,RL,5,42.37,N
99-1878.87,5.C.1,Required Level of Education,RL,6,59.30,N
99-1878.87,5.C.1,Required Level of Education,RL,7,14.87,N
99-1878.87,5.C.1,Required Level of Education,RL,8,13.03,N
99-1878.87,5.C.1,Required Level of Education,RL,9,14.95,N
99-1878.87,5.C.1,Required Level of Education,RL,10,3.85,N
99-1878.87,5.C.1,Required Level of Education,RL,11,6.60,N
99-1878.87,5.C.1,Required Level of Education,RL,12,4.35,N
99-1879.88,5.C.1,Required Level of Education,RL,1,54.39,N
99-1879.88,5.C.1,Required Level of Education,RL,2,66.03,N
99-1879.88,5.C.1,Required Level of Education,RL,3,31.92,N
99-1879.88,5.C.1,Required Level of Education,RL,4,9.79,N
99-1879.88,5.C.1,Required Level of Education,RL,5,22.10,N
99-1879.88,5.C.1,Required Level of Education,RL,6,23.26,N
99-1879.88,5.C.1,Required Level of Education,RL,7,4.40,N
99-1879.88,5.C.1,Required Level of Education,RL,8,6.59,N
99-1879.88,5.C.1,Required Level of Education,RL,9,3.26,N
99-1879.88,5.C.1,Required Level of Education,RL,10,1.47,N
99-1879.88,5.C.1,Required Level of Education,RL,11,5.86,N
99-1879.88,5.C.1,Required Level of Education,RL,12,7.39,N
99-1880.89,5.C.1,Required Level of Education,RL,1,57.39,N
99-1880.89,5.C.1,Required Level of Education,RL,2,35.25,N
99-1880.89,5.C.1,Required Level of Education,RL,3,37.73,N
99-1880.89,5.C.1,Required Level of Education,RL,4,9.65,N
99-1880.89,5.C.1,Required Level of Education,RL,5,21.78,N
99-1880.89,5.C.1,Required Level of Education,RL,6,23.70,N
99-1880.89,5.C.1,Required Level of Education,RL,7,1.06,N
99-1880.89,5.C.1,Required Level of Education,RL,8,1.96,N
99-1880.89,5.C.1,Required Level of Education,RL,9,2.70,N
99-1880.89,5.C.1,Required Level of Education,RL,10,5.37,N
99-1880.89,5.C.1,Required Level of Education,RL,11,1.96,N
99-1880.89,5.C.1,Required Level of Education,RL,12,4.03,N
99-1881.90,5.C.1,Required Level of Education,RL,1,40.86,N
99-1881.90,5.C.1,Required Level of Education,RL,2,68.98,N
99-1881.90,5.C.1,Required Level of Education,RL,3,63.80,N
99-1881.90,5.C.1,Required Level of Education,RL,4,17.50,N
99-1881.90,5.C.1,Required Level of Education,RL,5,20.63,N
99-1881.90,5.C.1,Required Level of Education,RL,6,11.28,N
99-1881.90,5.C.1,Required Level of Education,RL,7,3.33,N
99-1881.90,5.C.1,Required Level of Education,RL,8,1.36,N
99-1881.90,5.C.1,Required Level of Education,RL,9,1.80,N
99-1881.90,5.C.1,Required Level of Education,RL,10,3.13,N
99-1881.90,5.C.1,Required Level of Education,RL,11,6.94,N
99-1881.90,5.C.1,Required Level of Education,RL,12,7.90,N
99-1882.91,5.C.1,Required Level of Education,RL,1,41.78,N
99-1882.91,5.C.1,Required Level of Education,RL,2,63.93,N
99-1882.91,5.C.1,Required Level of Education,RL,3,64.19,N
99-1882.91,5.C.1,Required Level of Education,RL,4,15.49,N
99-1882.91,5.C.1,Required Level of Education,RL,5,11.69,N
99-1882.91,5.C.1,Required Level of Education,RL,6,10.73,N
99-1882.91,5.C.1,Required Level of Education,RL,7,3.74,N
99-1882.91,5.C.1,Required Level of Education,RL,8,6.70,N
99-1882.91,5.C.1,Required Level of Education,RL,9,1.61,N
99-1882.91,5.C.1,Required Level of Education,RL,10,1.07,N
99-1882.91,5.C.1,Required Level of Education,RL,11,2.28,N
99-1882.91,5.C.1,Required Level of Education,RL,12,2.69,N
99-1883.92,5.C.1,Required Level of Education,RL,1,63.37,N
99-1883.92,5.C.1,Required Level of Education,RL,2,41.20,N
99-1883.92,5.C.1,Required Level of Education,RL,3,62.99,N
99-1883.92,5.C.1,Required Level of Education,RL,4,9.34,N
99-1883.92,5.C.1,Required Level of Education,RL,5,12.19,N
99-1883.92,5.C.1,Required Level of Education,RL,6,23.30,N
99-1883.92,5.C.1,Required Level of Education,RL,7,1.61,N
99-1883.92,5.C.1,Required Level of Education,RL,8,5.61,N
99-1883.92,5.C.1,Required Level of Education,RL,9,6.93,N
99-1883.92,5.C.1,Required Level of Education,RL,10,5.05,N
99-1883.92,5.C.1,Required Level of Education,RL,11,2.33,N
99-1883.92,5.C.1,Required Level of Education,RL,12,1.38,N
99-1884.93,5.C.1,Required Level of Education,RL,1,18.97,N
99-1884.93,5.C.1,Required Level of Education,RL,2,7.74,N
99-1884.93,5.C.1,Required Level of Education,RL,3,10.77,N
99-1884.93,5.C.1,Required Level of Education,RL,4,67.92,N
99-1884.93,5.C.1,Required Level of Education,RL,5,32.23,N
99-1884.93,5.C.1,Required Level of Education,RL,6,38.29,N
99-1884.93,5.C.1,Required Level of Education,RL,7,7.88,N
99-1884.93,5.C.1,Required Level of Education,RL,8,10.92,N
99-1884.93,5.C.1,Required Level of Education,RL,9,22.43,N
99-1884.93,5.C.1,Required Level of Education,RL,10,5.30,N
99-1884.93,5.C.1,Required Level of Education,RL,11,2.14,N
99-1884.93,5.C.1,Required Level of Education,RL,12,6.41,N
99-1885.94,5.C.1,Required Level of Education,RL,1,5.97,N
99-1885.94,5.C.1,Required Level of Education,RL,2,7.15,N
99-1885.94,5.C.1,Required Level of Education,RL,3,7.93,N
99-1885.94,5.C.1,Required Level of Education,RL,4,23.53,N
99-1885.94,5.C.1,Required Level of Education,RL,5,17.22,N
99-1885.94,5.C.1,Required Level of Education,RL,6,11.46,N
99-1885.94,5.C.1,Required Level of Education,RL,7,38.06,N
99-1885.94,5.C.1,Required Level of Education,RL,8,34.47,N
99-1885.94,5.C.1,Required Level of Education,RL,9,62.33,N
99-1885.94,5.C.1,Required Level of Education,RL,10,20.16,N
99-1885.94,5.C.1,Required Level of Education,RL,11,20.31,N
99-1885.94,5.C.1,Required Level of Education,RL,12,17.51,N
99-1886.95,5.C.1,Required Level of Education,RL,1,1.50,N
99-1886.95,5.C.1,Required Level of Education,RL,2,5.21,N
99-1886.95,5.C.1,Required Level of Education,RL,3,3.72,N
99-1886.95,5.C.1,Required Level of Education,RL,4,16.95,N
99-1886.95,5.C.1,Required Level of Education,RL,5,11.98,N
99-1886.95,5.C.1,Required Level of Education,RL,6,10.12,N
99-1886.95,5.C.1,Required Level of Education,RL,7,40.58,N
99-1886.95,5.C.1,Required Level of Education,RL,8,61.82,N
99-1886.95,5.C.1,Required Level of Education,RL,9,56.62,N
99-1886.95,5.C.1,Required Level of Education,RL,10,19.98,N
99-1886.95,5.C.1,Required Level of Education,RL,11,12.78,N
99-1886.95,5.C.1,Required Level of Education,RL,12,8.22,N
99-1887.96,5.C.1,Required Level of Education,RL,1,8.49,N
99-1887.96,5.C.1,Required Level of Education,RL,2,17.22,N
99-1887.96,5.C.1,Required Level of Education,RL,3,20.53,N
99-1887.96,5.C.1,Required Level of Education,RL,4,47.79,N
99-1887.96,5.C.1,Required Level of Education,RL,5,34.74,N
99-1887.96,5.C.1,Required Level of Education,RL,6,36.78,N
99-1887.96,5.C.1,Required Level of Education,RL,7,9.96,N
99-1887.96,5.C.1,Required Level of Education,RL,8,22.85,N
99-1887.96,5.C.1,Required Level of Education,RL,9,22.58,N
99-1887.96,5.C.1,Required Level of Education,RL,10,1.03,N
99-1887.96,5.C.1,Required Level of Education,RL,11,6.72,N
99-1887.96,5.C.1,Required Level of Education,RL,12,3.45,N
99-1888.97,5.C.1,Required Level of Education,RL,1,31.44,N
99-1888.97,5.C.1,Required Level of Education,RL,2,62.95,N
99-1888.97,5.C.1,Required Level of Education,RL,3,42.74,N
99-1888.97,5.C.1,Required Level of Education,RL,4,8.24,N
99-1888.97,5.C.1,Required Level of Education,RL,5,21.61,N
99-1888.97,5.C.1,Required Level of Education,RL,6,24.49,N
99-1888.97,5.C.1,Required Level of Education,RL,7,4.20,N
99-1888.97,5.C.1,Required Level of Education,RL,8,5.98,N
99-1888.97,5.C.1,Required Level of Education,RL,9,5.32,N
99-1888.97,5.C.1,Required Level of Education,RL,10,7.96,N
99-1888.97,5.C.1,Required Level of Education,RL,11,4.27,N
99-1888.97,5.C.1,Required Level of Education,RL,12,4.72,N
99-1889.98,5.C.1,Required Level of Education,RL,1,65.13,N
99-1889.98,5.C.1,Required Level of Education,RL,2,45.12,N
99-1889.98,5.C.1,Required Level of Education,RL,3,68.78,N
99-1889.98,5.C.1,Required Level of Education,RL,4,12.54,N
99-1889.98,5.C.1,Required Level of Education,RL,5,16.38,N
99-1889.98,5.C.1,Required Level of Education,RL,6,12.57,N
99-1889.98,5.C.1,Required Level of Education,RL,7,2.63,N
99-1889.98,5.C.1,Required Level of Education,RL,8,5.51,N
99-1889.98,5.C.1,Required Level of Education,RL,9,6.26,N
99-1889.98,5.C.1,Required Level of Education,RL,10,3.24,N
99-1889.98,5.C.1,Required Level of Education,RL,11,6.48,N
99-1889.98,5.C.1,Required Level of Education,RL,12,3.60,N
99-1890.99,5.C.1,Required Level of Education,RL,1,65.11,N
99-1890.99,5.C.1,Required Level of Education,RL,2,55.66,N
99-1890.99,5.C.1,Required Level of Education,RL,3,52.44,N
99-1890.99,5.C.1,Required Level of Education,RL,4,6.09,N
99-1890.99,5.C.1,Required Level of Education,RL,5,9.13,N
99-1890.99,5.C.1,Required Level of Education,RL,6,19.03,N
99-1890.99,5.C.1,Required Level of Education,RL,7,7.21,N
99-1890.99,5.C.1,Required Level of Education,RL,8,5.85,N
99-1890.99,5.C.1,Required Level of Education,RL,9,3.94,N
99-1890.99,5.C.1,Required Level of Education,RL,10,4.54,N
99-1890.99,5.C.1,Required Level of Education,RL,11,3.25,N
99-1890.99,5.C.1,Required Level of Education,RL,12,4.46,N
99-1891.01,5.C.1,Required Level of Education,RL,1,42.20,N
99-1891.01,5.C.1,Required Level of Education,RL,2,66.76,N
99-1891.01,5.C.1,Required Level of Education,RL,3,57.75,N
99-1891.01,5.C.1,Required Level of Education,RL,4,21.67,N
99-1891.01,5.C.1,Required Level of Education,RL,5,7.97,N
99-1891.01,5.C.1,Required Level of Education,RL,6,17.35,N
99-1891.01,5.C.1,Required Level of Education,RL,7,6.08,N
99-1891.01,5.C.1,Required Level of Education,RL,8,5.39,N
99-1891.01,5.C.1,Required Level of Education,RL,9,2.44,N
99-1891.01,5.C.1,Required Level of Education,RL,10,3.60,N
99-1891.01,5.C.1,Required Level of Education,RL,11,3.96,N
99-1891.01,5.C.1,Required Level of Education,RL,12,1.14,N
99-1892.02,5.C.1,Required Level of Education,RL,1,33.14,N
99-1892.02,5.C.1,Required Level of Education,RL,2,52.35,N
99-1892.02,5.C.1,Required Level of Education,RL,3,31.98,N
99-1892.02,5.C.1,Required Level of Education,RL,4,16.08,N
99-1892.02,5.C.1,Required Level of Education,RL,5,8.96,N
99-1892.02,5.C.1,Required Level of Education,RL,6,6.01,N
99-1892.02,5.C.1,Required Level of Education,RL,7,1.25,N
99-1892.02,5.C.1,Required Level of Education,RL,8,6.29,N
99-1892.02,5.C.1,Required Level of Education,RL,9,3.10,N
99-1892.02,5.C.1,Required Level of Education,RL,10,5.34,N
99-1892.02,5.C.1,Required Level of Education,RL,11,1.29,N
99-1892.02,5.C.1,Required Level of Education,RL,12,2.06,N
99-1893.03,5.C.1,Required Level of Education,RL,1,21.15,N
99-1893.03,5.C.1,Required Level of Education,RL,2,7.50,N
99-1893.03,5.C.1,Required Level of Education,RL,3,14.28,N
99-1893.03,5.C.1,Required Level of Education,RL,4,53.52,N
99-1893.03,5.C.1,Required Level of Education,RL,5,41.51,N
99-1893.03,5.C.1,Required Level of Education,RL,6,35.74,N
99-1893.03,5.C.1,Required Level of Education,RL,7,21.05,N
99-1893.03,5.C.1,Required Level of Education,RL,8,19.47,N
99-1893.03,5.C.1,Required Level of Education,RL,9,22.11,N
99-1893.03,5.C.1,Required Level of Education,RL,10,6.83,N
99-1893.03,5.C.1,Required Level of Education,RL,11,2.18,N
99-1893.03,5.C.1,Required Level of Education,RL,12,5.26,N
99-1894.04,5.C.1,Required Level of Education,RL,1,4.12,N
99-1894.04,5.C.1,Required Level of Education,RL,2,5.14,N
99-1894.04,5.C.1,Required Level of Education,RL,3,3.13,N
99-1894.04,5.C.1,Required Level of Education,RL,4,19.24,N
99-1894.04,5.C.1,Required Level of Education,RL,5,9.47,N
99-1894.04,5.C.1,Required Level of Education,RL,6,12.47,N
99-1894.04,5.C.1,Required Level of Education,RL,7,33.28,N
99-1894.04,5.C.1,Required Level of Education,RL,8,38.85,N
99-1894.04,5.C.1,Required Level of Education,RL,9,47.05,N
99-1894.04,5.C.1,Required Level of Education,RL,10,16.55,N
99-1894.04,5.C.1,Required Level of Education,RL,11,17.72,N
99-1894.04,5.C.1,Required Level of Education,RL,12,24.71,N
99-1895.05,5.C.1,Required Level of Education,RL,1,1.22,N
99-1895.05,5.C.1,Required Level of Education,RL,2,3.07,N
99-1895.05,5.C.1,Required Level of Education,RL,3,3.22,N
99-1895.05,5.C.1,Required Level of Education,RL,4,20.35,N
99-1895.05,5.C.1,Required Level of Education,RL,5,10.43,N
99-1895.05,5.C.1,Required Level of Education,RL,6,10.79,N
99-1895.05,5.C.1,Required Level of Education,RL,7,61.29,N
99-1895.05,5.C.1,Required Level of Education,RL,8,63.11,N
99-1895.05,5.C.1,Required Level of Education,RL,9,37.23,N
99-1895.05,5.C.1,Required Level of Education,RL,10,19.62,N
99-1895.05,5.C.1,Required Level of Education,RL,11,13.17,N
99-1895.05,5.C.1,Required Level of Education,RL,12,18.81,N
99-1896.06,5.C.1,Required Level of Education,RL,1,10.26,N
99-1896.06,5.C.1,Required Level of Education,RL,2,14.94,N
99-1896.06,5.C.1,Required Level of Education,RL,3,14.62,N
99-1896.06,5.C.1,Required Level of Education,RL,4,50.14,N
99-1896.06,5.C.1,Required Level of Education,RL,5,40.95,N
99-1896.06,5.C.1,Required Level of Education,RL,6,34.89,N
99-1896.06,5.C.1,Required Level of Education,RL,7,12.45,N
99-1896.06,5.C.1,Required Level of Education,RL,8,15.41,N
99-1896.06,5.C.1,Required Level of Education,RL,9,12.95,N
99-1896.06,5.C.1,Required Level of Education,RL,10,7.05,N
99-1896.06,5.C.1,Required Level of Education,RL,11,5.73,N
99-1896.06,5.C.1,Required Level of Education,RL,12,5.45,N
99-1897.07,5.C.1,Required Level of Education,RL,1,59.37,N
99-1897.07,5.C.1,Required Level of Education,RL,2,58.92,N
99-1897.07,5.C.1,Required Level of Education,RL,3,35.51,N
99-1897.07,5.C.1,Required Level of Education,RL,4,7.35,N
99-1897.07,5.C.1,Required Level of Education,RL,5,5.11,N
99-1897.07,5.C.1,Required Level of Education,RL,6,18.87,N
99-1897.07,5.C.1,Required Level of Education,RL,7,4.16,N
99-1897.07,5.C.1,Required Level of Education,RL,8,4.25,N
99-1897.07,5.C.1,Required Level of Education,RL,9,7.55,N
99-1897.07,5.C.1,Required Level of Education,RL,10,4.17,N
99-1897.07,5.C.1,Required Level of Education,RL,11,4.44,N
99-1897.07,5.C.1,Required Level of Education,RL,12,7.17,N
99-1898.08,5.C.1,Required Level of Education,RL,1,68.53,N
99-1898.08,5.C.1,Required Level of Education,RL,2,60.55,N
99-1898.08,5.C.1,Required Level of Education,RL,3,49.19,N
99-1898.08,5.C.1,Required Level of Education,RL,4,18.32,N
99-1898.08,5.C.1,Required Level of Education,RL,5,8.55,N
99-1898.08,5.C.1,Required Level of Education,RL,6,14.04,N
99-1898.08,5.C.1,Required Level of Education,RL,7,5.58,N
99-1898.08,5.C.1,Required Level of Education,RL,8,1.35,N
99-1898.08,5.C.1,Required Level of Education,RL,9,1.06,N
99-1898.08,5.C.1,Required Level of Education,RL,10,1.14,N
99-1898.08,5.C.1,Required Level of Education,RL,11,3.36,N
99-1898.08,5.C.1,Required Level of Education,RL,12,7.68,N
99-1899.09,5.C.1,Required Level of Education,RL,1,36.82,N
99-1899.09,5.C.1,Required Level of Education,RL,2,37.84,N
99-1899.09,5.C.1,Required Level of Education,RL,3,37.80,N
99-1899.09,5.C.1,Required Level of Education,RL,4,9.48,N
99-1899.09,5.C.1,Required Level of Education,RL,5,7.18,N
99-1899.09,5.C.1,Required Level of Education,RL,6,11.03,N
99-1899.09,5.C.1,Required Level of Education,RL,7,5.75,N
99-1899.09,5.C.1,Required Level of Education,RL,8,6.78,N
99-1899.09,5.C.1,Required Level of Education,RL,9,7.24,N
99-1899.09,5.C.1,Required Level of Education,RL,10,1.29,N
99-1899.09,5.C.1,Required Level of Education,RL,11,4.00,N
99-1899.09,5.C.1,Required Level of Education,RL,12,1.67,N
99-1900.10,5.C.1,Required Level of Education,RL,1,47.89,N
99-1900.10,5.C.1,Required Level of Education,RL,2,57.42,N
99-1900.10,5.C.1,Required Level of Education,RL,3,51.22,N
99-1900.10,5.C.1,Required Level of Education,RL,4,13.94,N
99-1900.10,5.C.1,Required Level of Education,RL,5,13.12,N
99-1900.10,5.C.1,Required Level of Education,RL,6,19.64,N
99-1900.10,5.C.1,Required Level of Education,RL,7,7.57,N
99-1900.10,5.C.1,Required Level of Education,RL,8,6.20,N
99-1900.10,5.C.1,Required Level of Education,RL,9,6.91,N
99-1900.10,5.C.1,Required Level of Education,RL,10,2.99,N
99-1900.10,5.C.1,Required Level of Education,RL,11,3.83,N
99-1900.10,5.C.1,Required Level of Education,RL,12,4.09,N
99-1901.11,5.C.1,Required Level of Education,RL,1,58.15,N
99-1901.11,5.C.1,Required Level of Education,RL,2,49.19,N
99-1901.11,5.C.1,Required Level of Education,RL,3,58.83,N
99-1901.11,5.C.1,Required Level of Education,RL,4,13.49,N
99-1901.11,5.C.1,Required Level of Education,RL,5,6.28,N
99-1901.11,5.C.1,Required Level of Education,RL,6,17.32,N
99-1901.11,5.C.1,Required Level of Education,RL,7,7.93,N
99-1901.11,5.C.1,Required Level of Education,RL,8,7.94,N
99-1901.11,5.C.1,Required Level of Education,RL,9,3.45,N
99-1901.11,5.C.1,Required Level of Education,RL,10,6.53,N
99-1901.11,5.C.1,Required Level of Education,RL,11,1.82,N
99-1901.11,5.C.1,Required Level of Education,RL,12,4.51,N
99-1902.12,5.C.1,Required Level of Education,RL,1,12.66,N
99-1902.12,5.C.1,Required Level of Education,RL,2,7.00,N
99-1902.12,5.C.1,Required Level of Education,RL,3,17.61,N
99-1902.12,5.C.1,Required Level of Education,RL,4,67.96,N
99-1902.12,5.C.1,Required Level of Education,RL,5,51.03,N
99-1902.12,5.C.1,Required Level of Education,RL,6,58.21,N
99-1902.12,5.C.1,Required Level of Education,RL,7,11.99,N
99-1902.12,5.C.1,Required Level of Education,RL,8,22.77,N
99-1902.12,5.C.1,Required Level of Education,RL,9,16.67,N
99-1902.12,5.C.1,Required Level of Education,RL,10,3.07,N
99-1902.12,5.C.1,Required Level of Education,RL,11,7.61,N
99-1902.12,5.C.1,Required Level of Education,RL,12,6.64,N
99-1903.13,5.C.1,Required Level of Education,RL,1,1.50,N
99-1903.13,5.C.1,Required Level of Education,RL,2,7.54,N
99-1903.13,5.C.1,Required Level of Education,RL,3,7.86,N
99-1903.13,5.C.1,Required Level of Education,RL,4,8.50,N
99-1903.13,5.C.1,Required Level of Education,RL,5,7.31,N
99-1903.13,5.C.1,Required Level of Education,RL,6,9.40,N
99-1903.13,5.C.1,Required Level of Education,RL,7,51.96,N
99-1903.13,5.C.1,Required Level of Education,RL,8,55.56,N
99-1903.13,5.C.1,Required Level of Education,RL,9,37.41,N
99-1903.13,5.C.1,Required Level of Education,RL,10,16.66,N
99-1903.13,5.C.1,Required Level of Education,RL,11,15.63,N
99-1903.13,5.C.1,Required Level of Education,RL,12,21.79,N
99-1904.14,5.C.1,Required Level of Education,RL,1,5.91,N
99-1904.14,5.C.1,Required Level of Education,RL,2,4.01,N
99-1904.14,5.C.1,Required Level of Education,RL,3,2.45,N
99-1904.14,5.C.1,Required Level of Education,RL,4,15.62,N
99-1904.14,5.C.1,Required Level of Education,RL,5,11.52,N
99-1904.14,5.C.1,Required Level of Education,RL,6,8.32,N
99-1904.14,5.C.1,Required Level of Education,RL,7,63.64,N
99-1904.14,5.C.1,Required Level of Education,RL,8,35.07,N
99-1904.14,5.C.1,Required Level of Education,RL,9,44.25,N
99-1904.14,5.C.1,Required Level of Education,RL,10,14.98,N
99-1904.14,5.C.1,Required Level of Education,RL,11,8.11,N
99-1904.14,5.C.1,Required Level of Education,RL,12,14.92,N
99-1905.15,5.C.1,Required Level of Education,RL,1,7.17,N
99-1905.15,5.C.1,Required Level of Education,RL,2,22.94,N
99-1905.15,5.C.1,Required Level of Education,RL,3,20.79,N
99-1905.15,5.C.1,Required Level of Education,RL,4,68.87,N
99-1905.15,5.C.1,Required Level of Education,RL,5,31.90,N
99-1905.15,5.C.1,Required Level of Education,RL,6,41.43,N
99-1905.15,5.C.1,Required Level of Education,RL,7,7.51,N
99-1905.15,5.C.1,Required Level of Education,RL,8,16.09,N
99-1905.15,5.C.1,Required Level of Education,RL,9,14.39,N
99-1905.15,5.C.1,Required Level of Education,RL,10,2.67,N
99-1905.15,5.C.1,Required Level of Education,RL,11,7.82,N
99-1905.15,5.C.1,Required Level of Education,RL,12,2.93,N
99-1906.16,5.C.1,Required Level of Education,RL,1,37.11,N
99-1906.16,5.C.1,Required Level of Education,RL,2,51.27,N
99-1906.16,5.C.1,Required Level of Education,RL,3,62.24,N
99-1906.16,5.C.1,Required Level of Education,RL,4,19.23,N
99-1906.16,5.C.1,Required Level of Education,RL,5,20.77,N
99-1906.16,5.C.1,Required Level of Education,RL,6,13.94,N
99-1906.16,5.C.1,Required Level of Education,RL,7,5.88,N
99-1906.16,5.C.1,Required Level of Education,RL,8,1.10,N
99-1906.16,5.C.1,Required Level of Education,RL,9,6.99,N
99-1906.16,5.C.1,Required Level of Education,RL,10,2.90,N
99-1906.16,5.C.1,Required Level of Education,RL,11,6.81,N
99-1906.16,5.C.1,Required Level of Education,RL,12,3.83,N
99-1907.17,5.C.1,Required Level of Education,RL,1,57.40,N
99-1907.17,5.C.1,Required Level of Education,RL,2,40.28,N
99-1907.17,5.C.1,Required Level of Education,RL,3,41.50,N
99-1907.17,5.C.1,Required Level of Education,RL,4,14.51,N
99-1907.17,5.C.1,Required Level of Education,RL,5,12.89,N
99-1907.17,5.C.1,Required Level of Education,RL,6,10.55,N
99-1907.17,5.C.1,Required Level of Education,RL,7,4.49,N
99-1907.17,5.C.1,Required Level of Education,RL,8,2.75,N
99-1907.17,5.C.1,Required Level of Education,RL,9,4.54,N
99-1907.17,5.C.1,Required Level of Education,RL,10,7.28,N
99-1907.17,5.C.1,Required Level of Education,RL,11,7.67,N
99-1907.17,5.C.1,Required Level of Education,RL,12,4.69,N
99-1908.18,5.C.1,Required Level of Education,RL,1,55.63,N
99-1908.18,5.C.1,Required Level of Education,RL,2,34.14,N
99-1908.18,5.C.1,Required Level of Education,RL,3,41.64,N
99-1908.18,5.C.1,Required Level of Education,RL,4,22.87,N
99-1908.18,5.C.1,Required Level of Education,RL,5,11.67,N
99-1908.18,5.C.1,Required Level of Education,RL,6,18.13,N
99-1908.18,5.C.1,Required Level of Education,RL,7,7.86,N
99-1908.18,5.C.1,Required Level of Education,RL,8,5.29,N
99-1908.18,5.C.1,Required Level of Education,RL,9,7.99,N
99-1908.18,5.C.1,Required Level of Education,RL,10,4.10,N
99-1908.18,5.C.1,Required Level of Education,RL,11,5.17,N
99-1908.18,5.C.1,Required Level of Education,RL,12,5.14,N
99-1909.19,5.C.1,Required Level of Education,RL,1,64.99,N
99-1909.19,5.C.1,Required Level of Education,RL,2,35.75,N
99-1909.19,5.C.1,Required Level of Education,RL,3,57.50,N
99-1909.19,5.C.1,Required Level of Education,RL,4,23.13,N
99-1909.19,5.C.1,Required Level of Education,RL,5,17.61,N
99-1909.19,5.C.1,Required Level of Education,RL,6,16.19,N
99-1909.19,5.C.1,Required Level of Education,RL,7,4.02,N
99-1909.19,5.C.1,Required Level of Education,RL,8,3.92,N
99-1909.19,5.C.1,Required Level of Education,RL,9,6.12,N
99-1909.19,5.C.1,Required Level of Education,RL,10,6.33,N
99-1909.19,5.C.1,Required Level of Education,RL,11,5.42,N
99-1909.19,5.C.1,Required Level of Education,RL,12,2.53,N
99-1910.20,5.C.1,Required Level of Education,RL,1,56.13,N
99-1910.20,5.C.1,Required Level of Education,RL,2,48.50,N
99-1910.20,5.C.1,Required Level of Education,RL,3,51.12,N
99-1910.20,5.C.1,Required Level of Education,RL,4,21.59,N
99-1910.20,5.C.1,Required Level of Education,RL,5,19.62,N
99-1910.20,5.C.1,Required Level of Education,RL,6,8.37,N
99-1910.20,5.C.1,Required Level of Education,RL,7,1.93,N
99-1910.20,5.C.1,Required Level of Education,RL,8,7.57,N
99-1910.20,5.C.1,Required Level of Education,RL,9,6.18,N
99-1910.20,5.C.1,Required Level of Education,RL,10,4.73,N
99-1910.20,5.C.1,Required Level of Education,RL,11,3.64,N
99-1910.20,5.C.1,Required Level of Education,RL,12,1.84,N
99-1911.21,5.C.1,Required Level of Education,RL,1,18.43,N
99-1911.21,5.C.1,Required Level of Education,RL,2,17.64,N
99-1911.21,5.C.1,Required Level of Education,RL,3,5.16,N
99-1911.21,5.C.1,Required Level of Education,RL,4,61.25,N
99-1911.21,5.C.1,Required Level of Education,RL,5,50.35,N
99-1911.21,5.C.1,Required Level of Education,RL,6,59.45,N
99-1911.21,5.C.1,Required Level of Education,RL,7,21.80,N
99-1911.21,5.C.1,Required Level of Education,RL,8,5.27,N
99-1911.21,5.C.1,Required Level of Education,RL,9,5.02,N
99-1911.21,5.C.1,Required Level of Education,RL,10,3.41,N
99-1911.21,5.C.1,Required Level of Education,RL,11,5.27,N
99-1911.21,5.C.1,Required Level of Education,RL,12,1.59,N
99-1912.22,5.C.1,Required Level of Education,RL,1,6.60,N
99-1912.22,5.C.1,Required Level of Education,RL,2,7.34,N
99-1912.22,5.C.1,Required Level of Education,RL,3,6.07,N
99-1912.22,5.C.1,Required Level of Education,RL,4,21.03,N
99-1912.22,5.C.1,Required Level of Education,RL,5,21.35,N
99-1912.22,5.C.1,Required Level of Education,RL,6,10.25,N
99-1912.22,5.C.1,Required Level of Education,RL,7,32.76,N
99-1912.22,5.C.1,Required Level of Education,RL,8,34.85,N
99-1912.22,5.C.1,Required Level of Education,RL,9,32.51,N
99-1912.22,5.C.1,Required Level of Education,RL,10,5.66,N
99-1912.22,5.C.1,Required Level of Education,RL,11,13.74,N
99-1912.22,5.C.1,Required Level of Education,RL,12,24.80,N
99-1913.23,5.C.1,Required Level of Education,RL,1,1.29,N
99-1913.23,5.C.1,Required Level of Education,RL,2,1.97,N
99-1913.23,5.C.1,Required Level of Education,RL,3,6.40,N
99-1913.23,5.C.1,Required Level of Education,RL,4,18.65,N
99-1913.23,5.C.1,Required Level of Education,RL,5,8.86,N
99-1913.23,5.C.1,Required Level of Education,RL,6,19.78,N
99-1913.23,5.C.1,Required Level of Education,RL,7,37.92,N
99-1913.23,5.C.1,Required Level of Education,RL,8,45.98,N
99-1913.23,5.C.1,Required Level of Education,RL,9,54.87,N
99-1913.23,5.C.1,Required Level of Education,RL,10,16.79,N
99-1913.23,5.C.1,Required Level of Education,RL,11,7.49,N
99-1913.23,5.C.1,Required Level of Education,RL,12,14.90,N
99-1914.24,5.C.1,Required Level of Education,RL,1,13.26,N
99-1914.24,5.C.1,Required Level of Education,RL,2,20.95,N
99-1914.24,5.C.1,Required Level of Education,RL,3,24.93,N
99-1914.24,5.C.1,Required Level of Education,RL,4,32.60,N
99-1914.24,5.C.1,Required Level of Education,RL,5,47.09,N
99-1914.24,5.C.1,Required Level of Education,RL,6,30.51,N
99-1914.24,5.C.1,Required Level of Education,RL,7,21.81,N
99-1914.24,5.C.1,Required Level of Education,RL,8,14.94,N
99-1914.24,5.C.1,Required Level of Education,RL,9,11.45,N
99-1914.24,5.C.1,Required Level of Education,RL,10,7.27,N
99-1914.24,5.C.1,Required Level of Education,RL,11,5.55,N
99-1914.24,5.C.1,Required Level of Education,RL,12,3.16,N
99-1915.25,5.C.1,Required Level of Education,RL,1,42.69,N
99-1915.25,5.C.1,Required Level of Education,RL,2,34.36,N
99-1915.25,5.C.1,Required Level of Education,RL,3,42.89,N
99-1915.25,5.C.1,Required Level of Education,RL,4,19.80,N
99-1915.25,5.C.1,Required Level of Education,RL,5,18.16,N
99-1915.25,5.C.1,Required Level of Education,RL,6,10.17,N
99-1915.25,5.C.1,Required Level of Education,RL,7,4.04,N
99-1915.25,5.C.1,Required Level of Education,RL,8,1.30,N
99-1915.25,5.C.1,Required Level of Education,RL,9,2.45,N
99-1915.25,5.C.1,Required Level of Education,RL,10,2.64,N
99-1915.25,5.C.1,Required Level of Education,RL,11,3.97,N
99-1915.25,5.C.1,Required Level of Education,RL,12,6.64,N
99-1916.26,5.C.1,Required Level of Education,RL,1,59.18,N
99-1916.26,5.C.1,Required Level of Education,RL,2,53.24,N
99-1916.26,5.C.1,Required Level of Education,RL,3,39.24,N
99-1916.26,5.C.1,Required Level of Education,RL,4,20.07,N
99-1916.26,5.C.1,Required Level of Education,RL,5,22.34,N
99-1916.26,5.C.1,Required Level of Education,RL,6,5.29,N
99-1916.26,5.C.1,Required Level of Education,RL,7,7.10,N
99-1916.26,5.C.1,Required Level of Education,RL,8,6.52,N
99-1916.26,5.C.1,Required Level of Education,RL,9,4.31,N
99-1916.26,5.C.1,Required Level of Education,RL,10,1.31,N
99-1916.26,5.C.1,Required Level of Education,RL,11,1.26,N
99-1916.26,5.C.1,Required Level of Education,RL,12,1.80,N
99-1917.27,5.C.1,Required Level of Education,RL,1,40.84,N
99-1917.27,5.C.1,Required Level of Education,RL,2,54.76,N
99-1917.27,5.C.1,Required Level of Education,RL,3,52.14,N
99-1917.27,5.C.1,Required Level of Education,RL,4,17.64,N
99-1917.27,5.C.1,Required Level of Education,RL,5,11.06,N
99-1917.27,5.C.1,Required Level of Education,RL,6,5.94,N
99-1917.27,5.C.1,Required Level of Education,RL,7,6.19,N
99-1917.27,5.C.1,Required Level of Education,RL,8,5.49,N
99-1917.27,5.C.1,Required Level of Education,RL,9,2.79,N
99-1917.27,5.C.1,Required Level of Education,RL,10,2.26,N
99-1917.27,5.C.1,Required Level of Education,RL,11,6.55,N
99-1917.27,5.C.1,Required Level of Education,RL,12,6.38,N
99-1918.28,5.C.1,Required Level of Education,RL,1,52.55,N
99-1918.28,5.C.1,Required Level of Education,RL,2,60.05,N
99-1918.28,5.C.1,Required Level of Education,RL,3,34.77,N
99-1918.28,5.C.1,Required Level of Education,RL,4,22.62,N
99-1918.28,5.C.1,Required Level of Education,RL,5,23.14,N
99-1918.28,5.C.1,Required Level of Education,RL,6,23.10,N
99-1918.28,5.C.1,Required Level of Education,RL,7,7.80,N
99-1918.28,5.C.1,Required Level of Education,RL,8,1.13,N
99-1918.28,5.C.1,Required Level of Education,RL,9,3.36,N
99-1918.28,5.C.1,Required Level of Education,RL,10,7.33,N
99-1918.28,5.C.1,Required Level of Education,RL,11,3.33,N
99-1918.28,5.C.1,Required Level of Education,RL,12,1.40,N
99-1919.29,5.C.1,Required Level of Education,RL,1,40.85,N
99-1919.29,5.C.1,Required Level of Education,RL,2,39.01,N
99-1919.29,5.C.1,Required Level of Education,RL,3,59.82,N
99-1919.29,5.C.1,Required Level of Education,RL,4,24.96,N
99-1919.29,5.C.1,Required Level of Education,RL,5,17.20,N
99-1919.29,5.C.1,Required Level of Education,RL,6,11.50,N
99-1919.29,5.C.1,Required Level of Education,RL,7,6.78,N
99-1919.29,5.C.1,Required Level of Education,RL,8,1.09,N
99-1919.29,5.C.1,Required Level of Education,RL,9,1.01,N
99-1919.29,5.C.1,Required Level of Education,RL,10,7.29,N
99-1919.29,5.C.1,Required Level of Education,RL,11,5.89,N
99-1919.29,5.C.1,Required Level of Education,RL,12,7.49,N
99-1920.30,5.C.1,Required Level of Education,RL,1,6.56,N
99-1920.30,5.C.1,Required Level of Education,RL,2,23.61,N
99-1920.30,5.C.1,Required Level of Education,RL,3,20.24,N
99-1920.30,5.C.1,Required Level of Education,RL,4,49.17,N
99-1920.30,5.C.1,Required Level of Education,RL,5,66.90,N
99-1920.30,5.C.1,Required Level of Education,RL,6,39.48,N
99-1920.30,5.C.1,Required Level of Education,RL,7,24.22,N
99-1920.30,5.C.1,Required Level of Education,RL,8,12.70,N
99-1920.30,5.C.1,Required Level of Education,RL,9,11.49,N
99-1920.30,5.C.1,Required Level of Education,RL,10,5.00,N
99-1920.30,5.C.1,Required Level of Education,RL,11,7.91,N
99-1920.30,5.C.1,Required Level of Education,RL,12,7.13,N
99-1921.31,5.C.1,Required Level of Education,RL,1,3.81,N
99-1921.31,5.C.1,Required Level of Education,RL,2,6.87,N
99-1921.31,5.C.1,Required Level of Education,RL,3,3.84,N
99-1921.31,5.C.1,Required Level of Education,RL,4,6.47,N
99-1921.31,5.C.1,Required Level of Education,RL,5,24.61,N
99-1921.31,5.C.1,Required Level of Education,RL,6,12.48,N
99-1921.31,5.C.1,Required Level of Education,RL,7,62.85,N
99-1921.31,5.C.1,Required Level of Education,RL,8,59.32,N
99-1921.31,5.C.1,Required Level of Education,RL,9,49.88,N
99-1921.31,5.C.1,Required Level of Education,RL,10,21.38,N
99-1921.31,5.C.1,Required Level of Education,RL,11,23.16,N
99-1921.31,5.C.1,Required Level of Education,RL,12,16.56,N
99-1922.32,5.C.1,Required Level of Education,RL,1,1.00,N
99-1922.32,5.C.1,Required Level of Education,RL,2,5.06,N
99-1922.32,5.C.1,Required Level of Education,RL,3,7.71,N
99-1922.32,5.C.1,Required Level of Education,RL,4,10.66,N
99-1922.32,5.C.1,Required Level of Education,RL,5,14.65,N
99-1922.32,5.C.1,Required Level of Education,RL,6,8.85,N
99-1922.32,5.C.1,Required Level of Education,RL,7,65.16,N
99-1922.32,5.C.1,Required Level of Education,RL,8,31.27,N
99-1922.32,5.C.1,Required Level of Education,RL,9,65.08,N
99-1922.32,5.C.1,Required Level of Education,RL,10,15.34,N
99-1922.32,5.C.1,Required Level of Education,RL,11,7.27,N
99-1922.32,5.C.1,Required Level of Education,RL,12,21.43,N
99-1923.33,5.C.1,Required Level of Education,RL,1,17.01,N
99-1923.33,5.C.1,Required Level of Education,RL,2,6.83,N
99-1923.33,5.C.1,Required Level of Education,RL,3,20.78,N
99-1923.33,5.C.1,Required Level of Education,RL,4,62.57,N
99-1923.33,5.C.1,Required Level of Education,RL,5,40.96,N
99-1923.33,5.C.1,Required Level of Education,RL,6,69.34,N
99-1923.33,5.C.1,Required Level of Education,RL,7,9.83,N
99-1923.33,5.C.1,Required Level of Education,RL,8,14.88,N
99-1923.33,5.C.1,Required Level of Education,RL,9,13.91,N
99-1923.33,5.C.1,Required Level of Education,RL,10,4.34,N
99-1923.33,5.C.1,Required Level of Education,RL,11,6.78,N
99-1923.33,5.C.1,Required Level of Education,RL,12,6.76,N
99-1924.34,5.C.1,Required Level of Education,RL,1,68.07,N
99-1924.34,5.C.1,Required Level of Education,RL,2,35.44,N
99-1924.34,5.C.1,Required Level of Education,RL,3,51.23,N
99-1924.34,5.C.1,Required Level of Education,RL,4,20.57,N
99-1924.34,5.C.1,Required Level of Education,RL,5,12.23,N
99-1924.34,5.C.1,Required Level of Education,RL,6,18.13,N
99-1924.34,5.C.1,Required Level of Education,RL,7,5.12,N
99-1924.34,5.C.1,Required Level of Education,RL,8,7.47,N
99-1924.34,5.C.1,Required Level of Education,RL,9,2.11,N
99-1924.34,5.C.1,Required Level of Education,RL,10,1.78,N
99-1924.34,5.C.1,Required Level of Education,RL,11,5.26,N
99-1924.34,5.C.1,Required Level of Education,RL,12,5.91,N
99-1925.35,5.C.1,Required Level of Education,RL,1,46.32,N
99-1925.35,5.C.1,Required Level of Education,RL,2,38.06,N
99-1925.35,5.C.1,Required Level of Education,RL,3,37.64,N
99-1925.35,5.C.1,Required Level of Education,RL,4,19.55,N
99-1925.35,5.C.1,Required Level of Education,RL,5,5.87,N
99-1925.35,5.C.1,Required Level of Education,RL,6,22.59,N
99-1925.35,5.C.1,Required Level of Education,RL,7,6.53,N
99-1925.35,5.C.1,Required Level of Education,RL,8,7.78,N
99-1925.35,5.C.1,Required Level of Education,RL,9,7.28,N
99-1925.35,5.C.1,Required Level of Education,RL,10,6.16,N
99-1925.35,5.C.1,Required Level of Education,RL,11,3.43,N
99-1925.35,5.C.1,Required Level of Education,RL,12,4.75,N
99-1926.36,5.C.1,Required Level of Education,RL,1,69.07,N
99-1926.36,5.C.1,Required Level of Education,RL,2,55.37,N
99-1926.36,5.C.1,Required Level of Education,RL,3,55.21,N
99-1926.36,5.C.1,Required Level of Education,RL,4,18.53,N
99-1926.36,5.C.1,Required Level of Education,RL,5,6.59,N
99-1926.36,5.C.1,Required Level of Education,RL,6,9.32,N
99-1926.36,5.C.1,Required Level of Education,RL,7,5.59,N
99-1926.36,5.C.1,Required Level of Education,RL,8,3.49,N
99-1926.36,5.C.1,Required Level of Education,RL,9,1.32,N
99-1926.36,5.C.1,Required Level of Education,RL,10,5.93,N
99-1926.36,5.C.1,Required Level of Education,RL,11,7.46,N
99-1926.36,5.C.1,Required Level of Education,RL,12,4.93,N
99-1927.37,5.C.1,Required Level of Education,RL,1,37.19,N
99-1927.37,5.C.1,Required Level of Education,RL,2,65.34,N
99-1927.37,5.C.1,Required Level of Education,RL,3,33.26,N
99-1927.37,5.C.1,Required Level of Education,RL,4,22.23,N
99-1927.37,5.C.1,Required Level of Education,RL,5,22.86,N
99-1927.37,5.C.1,Required Level of Education,RL,6,16.51,N
99-1927.37,5.C.1,Required Level of Education,RL,7,3.85,N
99-1927.37,5.C.1,Required Level of Education,RL,8,7.66,N
99-1927.37,5.C.1,Required Level of Education,RL,9,2.99,N
99-1927.37,5.C.1,Required Level of Education,RL,10,1.50,N
99-1927.37,5.C.1,Required Level of Education,RL,11,3.96,N
99-1927.37,5.C.1,Required Level of Education,RL,12,4.83,N
99-1928.38,5.C.1,Required Level of Education,RL,1,51.94,N
99-1928.38,5.C.1,Required Level of Education,RL,2,65.51,N
99-1928.38,5.C.1,Required Level of Education,RL,3,52.30,N
99-1928.38,5.C.1,Required Level of Education,RL,4,23.47,N
99-1928.38,5.C.1,Required Level of Education,RL,5,9.25,N
99-1928.38,5.C.1,Required Level of Education,RL,6,21.33,N
99-1928.38,5.C.1,Required Level of Education,RL,7,1.25,N
99-1928.38,5.C.1,Required Level of Education,RL,8,2.59,N
99-1928.38,5.C.1,Required Level of Education,RL,9,3.85,N
99-1928.38,5.C.1,Required Level of Education,RL,10,7.73,N
99-1928.38,5.C.1,Required Level of Education,RL,11,2.78,N
99-1928.38,5.C.1,Required Level of Education,RL,12,2.92,N
99-1929.39,5.C.1,Required Level of Education,RL,1,6.82,N
99-1929.39,5.C.1,Required Level of Education,RL,2,14.92,N
99-1929.39,5.C.1,Required Level of Education,RL,3,9.45,N
99-1929.39,5.C.1,Required Level of Education,RL,4,61.75,N
99-1929.39,5.C.1,Required Level of Education,RL,5,69.13,N
99-1929.39,5.C.1,Required Level of Education,RL,6,49.68,N
99-1929.39,5.C.1,Required Level of Education,RL,7,20.24,N
99-1929.39,5.C.1,Required Level of Education,RL,8,13.83,N
99-1929.39,5.C.1,Required Level of Education,RL,9,14.01,N
99-1929.39,5.C.1,Required Level of Education,RL,10,7.25,N
99-1929.39,5.C.1,Required Level of Education,RL,11,5.19,N
99-1929.39,5.C.1,Required Level of Education,RL,12,4.08,N
99-1930.40,5.C.1,Required Level of Education,RL,1,3.62,N
99-1930.40,5.C.1,Required Level of Education,RL,2,2.63,N
99-1930.40,5.C.1,Required Level of Education,RL,3,6.88,N
99-1930.40,5.C.1,Required Level of Education,RL,4,21.15,N
99-1930.40,5.C.1,Required Level of Education,RL,5,15.84,N
99-1930.40,5.C.1,Required Level of Education,RL,6,14.32,N
99-1930.40,5.C.1,Required Level of Education,RL,7,30.78,N
99-1930.40,5.C.1,Required Level of Education,RL,8,57.49,N
99-1930.40,5.C.1,Required Level of Education,RL,9,52.41,N
99-1930.40,5.C.1,Required Level of Education,RL,10,21.07,N
99-1930.40,5.C.1,Required Level of Education,RL,11,22.98,N
99-1930.40,5.C.1,Required Level of Education,RL,12,22.23,N
99-1931.41,5.C.1,Required Level of Education,RL,1,6.77,N
99-1931.41,5.C.1,Required Level of Education,RL,2,5.76,N
99-1931.41,5.C.1,Required Level of Education,RL,3,4.04,N
99-1931.41,5.C.1,Required Level of Education,RL,4,13.97,N
99-1931.41,5.C.1,Required Level of Education,RL,5,11.34,N
99-1931.41,5.C.1,Required Level of Education,RL,6,10.62,N
99-1931.41,5.C.1,Required Level of Education,RL,7,67.65,N
99-1931.41,5.C.1,Required Level of Education,RL,8,59.92,N
99-1931.41,5.C.1,Required Level of Education,RL,9,38.32,N
99-1931.41,5.C.1,Required Level of Education,RL,10,10.61,N
99-1931.41,5.C.1,Required Level of Education,RL,11,22.99,N
99-1931.41,5.C.1,Required Level of Education,RL,12,8.98,N
99-1932.42,5.C.1,Required Level of Education,RL,1,18.36,N
99-1932.42,5.C.1,Required Level of Education,RL,2,13.78,N
99-1932.42,5.C.1,Required Level of Education,RL,3,13.52,N
99-1932.42,5.C.1,Required Level of Education,RL,4,61.13,N
99-1932.42,5.C.1,Required Level of Education,RL,5,67.11,N
99-1932.42,5.C.1,Required Level of Education,RL,6,36.61,N
99-1932.42,5.C.1,Required Level of Education,RL,7,8.51,N
99-1932.42,5.C.1,Required Level of Education,RL,8,20.33,N
99-1932.42,5.C.1,Required Level of Education,RL,9,13.21,N
99-1932.42,5.C.1,Required Level of Education,RL,10,1.69,N
99-1932.42,5.C.1,Required Level of Education,RL,11,1.33,N
99-1932.42,5.C.1,Required Level of Education,RL,12,4.02,N
99-1933.43,5.C.1,Required Level of Education,RL,1,45.28,N
99-1933.43,5.C.1,Required Level of Education,RL,2,65.38,N
99-1933.43,5.C.1,Required Level of Education,RL,3,65.79,N
99-1933.43,5.C.1,Required Level of Education,RL,4,6.82,N
99-1933.43,5.C.1,Required Level of Education,RL,5,23.08,N
99-1933.43,5.C.1,Required Level of Education,RL,6,6.35,N
99-1933.43,5.C.1,Required Level of Education,RL,7,6.37,N
99-1933.43,5.C.1,Required Level of Education,RL,8,7.97,N
99-1933.43,5.C.1,Required Level of Education,RL,9,6.25,N
99-1933.43,5.C.1,Required Level of Education,RL,10,3.64,N
99-1933.43,5.C.1,Required Level of Education,RL,11,2.64,N
99-1933.43,5.C.1,Required Level of Education,RL,12,3.45,N
99-1934.44,5.C.1,Required Level of Education,RL,1,37.35,N
99-1934.44,5.C.1,Required Level of Education,RL,2,54.93,N
99-1934.44,5.C.1,Required Level of Education,RL,3,45.77,N
99-1934.44,5.C.1,Required Level of Education,RL,4,17.24,N
99-1934.44,5.C.1,Required Level of Education,RL,5,14.54,N
99-1934.44,5.C.1,Required Level of Education,RL,6,22.36,N
99-1934.44,5.C.1,Required Level of Education,RL,7,5.21,N
99-1934.44,5.C.1,Required Level of Education,RL,8,7.95,N
99-1934.44,5.C.1,Required Level of Education,RL,9,1.50,N
99-1934.44,5.C.1,Required Level of Education,RL,10,7.34,N
99-1934.44,5.C.1,Required Level of Education,RL,11,1.97,N
99-1934.44,5.C.1,Required Level of Education,RL,12,7.86,N
99-1935.45,5.C.1,Required Level of Education,RL,1,42.41,N
99-1935.45,5.C.1,Required Level of Education,RL,2,41.39,N
99-1935.45,5.C.1,Required Level of Education,RL,3,35.45,N
99-1935.45,5.C.1,Required Level of Education,RL,4,5.78,N
99-1935.45,5.C.1,Required Level of Education,RL,5,11.59,N
99-1935.45,5.C.1,Required Level of Education,RL,6,14.84,N
99-1935.45,5.C.1,Required Level of Education,RL,7,2.62,N
99-1935.45,5.C.1,Required Level of Education,RL,8,3.81,N
99-1935.45,5.C.1,Required Level of Education,RL,9,1.81,N
99-1935.45,5.C.1,Required Level of Education,RL,10,5.83,N
99-1935.45,5.C.1,Required Level of Education,RL,11,3.20,N
99-1935.45,5.C.1,Required Level of Education,RL,12,3.38,N
99-1936.46,5.C.1,Required Level of Education,RL,1,63.61,N
99-1936.46,5.C.1,Required Level of Education,RL,2,39.67,N
99-1936.46,5.C.1,Required Level of Education,RL,3,65.85,N
99-1936.46,5.C.1,Required Level of Education,RL,4,20.48,N
99-1936.46,5.C.1,Required Level of Education,RL,5,11.30,N
99-1936.46,5.C.1,Required Level of Education,RL,6,19.53,N
99-1936.46,5.C.1,Required Level of Education,RL,7,4.85,N
99-1936.46,5.C.1,Required Level of Education,RL,8,3.49,N
99-1936.46,5.C.1,Required Level of Education,RL,9,3.24,N
99-1936.46,5.C.1,Required Level of Education,RL,10,7.32,N
99-1936.46,5.C.1,Required Level of Education,RL,11,6.15,N
99-1936.46,5.C.1,Required Level of Education,RL,12,5.80,N
99-1937.47,5.C.1,Required Level of Education,RL,1,45.87,N
99-1937.47,5.C.1,Required Level of Education,RL,2,49.45,N
99-1937.47,5.C.1,Required Level of Education,RL,3,36.02,N
99-1937.47,5.C.1,Required Level of Education,RL,4,19.75,N
99-1937.47,5.C.1,Required Level of Education,RL,5,19.28,N
99-1937.47,5.C.1,Required Level of Education,RL,6,12.55,N
99-1937.47,5.C.1,Required Level of Education,RL,7,3.15,N
99-1937.47,5.C.1,Required Level of Education,RL,8,1.16,N
99-1937.47,5.C.1,Required Level of Education,RL,9,6.75,N
99-1937.47,5.C.1,Required Level of Education,RL,10,7.83,N
99-1937.47,5.C.1,Required Level of Education,RL,11,5.79,N
99-1937.47,5.C.1,Required Level of Education,RL,12,5.28,N
99-1938.48,5.C.1,Required Level of Education,RL,1,5.90,N
99-1938.48,5.C.1,Required Level of Education,RL,2,19.04,N
99-1938.48,5.C.1,Required Level of Education,RL,3,11.22,N
99-1938.48,5.C.1,Required Level of Education,RL,4,67.90,N
99-1938.48,5.C.1,Required Level of Education,RL,5,36.60,N
99-1938.48,5.C.1,Required Level of Education,RL,6,54.11,N
99-1938.48,5.C.1,Required Level of Education,RL,7,11.04,N
99-1938.48,5.C.1,Required Level of Education,RL,8,7.21,N
99-1938.48,5.C.1,Required Level of Education,RL,9,12.34,N
99-1938.48,5.C.1,Required Level of Education,RL,10,3.11,N
99-1938.48,5.C.1,Required Level of Education,RL,11,1.59,N
99-1938.48,5.C.1,Required Level of Education,RL,12,4.12,N
99-1939.49,5.C.1,Required Level of Education,RL,1,1.38,N
99-1939.49,5.C.1,Required Level of Education,RL,2,7.80,N
99-1939.49,5.C.1,Required Level of Education,RL,3,6.48,N
99-1939.49,5.C.1,Required Level of Education,RL,4,22.68,N
99-1939.49,5.C.1,Required Level of Education,RL,5,23.18,N
99-1939.49,5.C.1,Required Level of Education,RL,6,13.86,N
99-1939.49,5.C.1,Required Level of Education,RL,7,55.28,N
99-1939.49,5.C.1,Required Level of Education,RL,8,69.91,N
99-1939.49,5.C.1,Required Level of Education,RL,9,57.29,N
99-1939.49,5.C.1,Required Level of Education,RL,10,14.42,N
99-1939.49,5.C.1,Required Level of Education,RL,11,17.84,N
99-1939.49,5.C.1,Required Level of Education,RL,12,12.53,N
99-1940.50,5.C.1,Required Level of Education,RL,1,4.60,N
99-1940.50,5.C.1,Required Level of Education,RL,2,1.04,N
99-1940.50,5.C.1,Required Level of Education,RL,3,5.99,N
99-1940.50,5.C.1,Required Level of Education,RL,4,16.17,N
99-1940.50,5.C.1,Required Level of Education,RL,5,15.55,N
99-1940.50,5.C.1,Required Level of Education,RL,6,12.37,N
99-1940.50,5.C.1,Required Level of Education,RL,7,58.17,N
99-1940.50,5.C.1,Required Level of Education,RL,8,58.39,N
99-1940.50,5.C.1,Required Level of Education,RL,9,60.79,N
99-1940.50,5.C.1,Required Level of Education,RL,10,5.38,N
99-1940.50,5.C.1,Required Level of Education,RL,11,12.46,N
99-1940.50,5.C.1,Required Level of Education,RL,12,19.06,N
99-1941.51,5.C.1,Required Level of Education,RL,1,17.70,N
99-1941.51,5.C.1,Required Level of Education,RL,2,21.98,N
99-1941.51,5.C.1,Required Level of Education,RL,3,21.26,N
99-1941.51,5.C.1,Required Level of Education,RL,4,66.16,N
99-1941.51,5.C.1,Required Level of Education,RL,5,61.99,N
99-1941.51,5.C.1,Required Level of Education,RL,6,43.11,N
99-1941.51,5.C.1,Required Level of Education,RL,7,13.54,N
99-1941.51,5.C.1,Required Level of Education,RL,8,18.39,N
99-1941.51,5.C.1,Required Level of Education,RL,9,7.75,N
99-1941.51,5.C.1,Required Level of Education,RL,10,1.97,N
99-1941.51,5.C.1,Required Level of Education,RL,11,7.92,N
99-1941.51,5.C.1,Required Level of Education,RL,12,5.12,N
99-1942.52,5.C.1,Required Level of Education,RL,1,62.05,N
99-1942.52,5.C.1,Required Level of Education,RL,2,49.87,N
99-1942.52,5.C.1,Required Level of Education,RL,3,52.71,N
99-1942.52,5.C.1,Required Level of Education,RL,4,10.63,N
99-1942.52,5.C.1,Required Level of Education,RL,5,13.74,N
99-1942.52,5.C.1,Required Level of Education,RL,6,18.25,N
99-1942.52,5.C.1,Required Level of Education,RL,7,2.85,N
99-1942.52,5.C.1,Required Level of Education,RL,8,4.48,N
99-1942.52,5.C.1,Required Level of Education,RL,9,3.31,N
99-1942.52,5.C.1,Required Level of Education,RL,10,3.41,N
99-1942.52,5.C.1,Required Level of Education,RL,11,1.19,N
99-1942.52,5.C.1,Required Level of Education,RL,12,3.88,N
99-1943.53,5.C.1,Required Level of Education,RL,1,34.26,N
99-1943.53,5.C.1,Required Level of Education,RL,2,30.54,N
99-1943.53,5.C.1,Required Level of Education,RL,3,57.50,N
99-1943.53,5.C.1,Required Level of Education,RL,4,23.91,N
99-1943.53,5.C.1,Required Level of Education,RL,5,5.84,N
99-1943.53,5.C.1,Required Level of Education,RL,6,24.51,N
99-1943.53,5.C.1,Required Level of Education,RL,7,4.93,N
99-1943.53,5.C.1,Required Level of Education,RL,8,6.40,N
99-1943.53,5.C.1,Required Level of Education,RL,9,5.88,N
99-1943.53,5.C.1,Required Level of Education,RL,10,1.29,N
99-1943.53,5.C.1,Required Level of Education,RL,11,2.51,N
99-1943.53,5.C.1,Required Level of Education,RL,12,5.50,N
99-1944.54,5.C.1,Required Level of Education,RL,1,49.88,N
99-1944.54,5.C.1,Required Level of Education,RL,2,58.84,N
99-1944.54,5.C.1,Required Level of Education,RL,3,37.72,N
99-1944.54,5.C.1,Required Level of Education,RL,4,17.11,N
99-1944.54,5.C.1,Required Level of Education,RL,5,22.69,N
99-1944.54,5.C.1,Required Level of Education,RL,6,14.21,N
99-1944.54,5.C.1,Required Level of Education,RL,7,5.06,N
99-1944.54,5.C.1,Required Level of Education,RL,8,3.36,N
99-1944.54,5.C.1,Required Level of Education,RL,9,7.88,N
99-1944.54,5.C.1,Required Level of Education,RL,10,7.42,N
99-1944.54,5.C.1,Required Level of Education,RL,11,7.92,N
99-1944.54,5.C.1,Required Level of Education,RL,12,2.20,N
99-1945.55,5.C.1,Required Level of Education,RL,1,31.91,N
99-1945.55,5.C.1,Required Level of Education,RL,2,49.68,N
99-1945.55,5.C.1,Required Level of Education,RL,3,54.05,N
99-1945.55,5.C.1,Required Level of Education,RL,4,20.54,N
99-1945.55,5.C.1,Required Level of Education,RL,5,24.30,N
99-1945.55,5.C.1,Required Level of Education,RL,6,6.34,N
99-1945.55,5.C.1,Required Level of Education,RL,7,3.78,N
99-1945.55,5.C.1,Required Level of Education,RL,8,2.22,N
99-1945.55,5.C.1,Required Level of Education,RL,9,2.25,N
99-1945.55,5.C.1,Required Level of Education,RL,10,3.93,N
99-1945.55,5.C.1,Required Level of Education,RL,11,5.87,N
99-1945.55,5.C.1,Required Level of Education,RL,12,1.15,N
99-1946.56,5.C.1,Required Level of Education,RL,1,64.34,N
99-1946.56,5.C.1,Required Level of Education,RL,2,63.88,N
99-1946.56,5.C.1,Required Level of Education,RL,3,32.92,N
99-1946.56,5.C.1,Required Level of Education,RL,4,13.62,N
99-1946.56,5.C.1,Required Level of Education,RL,5,5.79,N
99-1946.56,5.C.1,Required Level of Education,RL,6,17.24,N
99-1946.56,5.C.1,Required Level of Education,RL,7,3.19,N
99-1946.56,5.C.1,Required Level of Education,RL,8,3.36,N
99-1946.56,5.C.1,Required Level of Education,RL,9,3.64,N
99-1946.56,5.C.1,Required Level of Education,RL,10,4.71,N
99-1946.56,5.C.1,Required Level of Education,RL,11,6.87,N
99-1946.56,5.C.1,Required Level of Education,RL,12,3.69,N
99-1947.57,5.C.1,Required Level of Education,RL,1,5.67,N
99-1947.57,5.C.1,Required Level of Education,RL,2,12.16,N
99-1947.57,5.C.1,Required Level of Education,RL,3,24.06,N
99-1947.57,5.C.1,Required Level of Education,RL,4,32.11,N
99-1947.57,5.C.1,Required Level of Education,RL,5,43.49,N
99-1947.57,5.C.1,Required Level of Education,RL,6,33.20,N
99-1947.57,5.C.1,Required Level of Education,RL,7,6.03,N
99-1947.57,5.C.1,Required Level of Education,RL,8,23.55,N
99-1947.57,5.C.1,Required Level of Education,RL,9,8.88,N
99-1947.57,5.C.1,Required Level of Education,RL,10,4.50,N
99-1947.57,5.C.1,Required Level of Education,RL,11,4.87,N
99-1947.57,5.C.1,Required Level of Education,RL,12,5.19,N
99-1948.58,5.C.1,Required Level of Education,RL,1,2.34,N
99-1948.58,5.C.1,Required Level of Education,RL,2,2.07,N
99-1948.58,5.C.1,Required Level of Education,RL,3,1.74,N
99-1948.58,5.C.1,Required Level of Education,RL,4,7.89,N
99-1948.58,5.C.1,Required Level of Education,RL,5,8.33,N
99-1948.58,5.C.1,Required Level of Education,RL,6,22.84,N
99-1948.58,5.C.1,Required Level of Education,RL,7,54.88,N
99-1948.58,5.C.1,Required Level of Education,RL,8,33.08,N
99-1948.58,5.C.1,Required Level of Education,RL,9,61.15,N
99-1948.58,5.C.1,Required Level of Education,RL,10,22.43,N
99-1948.58,5.C.1,Required Level of Education,RL,11,14.19,N
99-1948.58,5.C.1,Required Level of Education,RL,12,24.91,N
99-1949.59,5.C.1,Required Level of Education,RL,1,4.33,N
99-1949.59,5.C.1,Required Level of Education,RL,2,4.81,N
99-1949.59,5.C.1,Required Level of Education,RL,3,6.75,N
99-1949.59,5.C.1,Required Level of Education,RL,4,6.89,N
99-1949.59,5.C.1,Required Level of Education,RL,5,14.17,N
99-1949.59,5.C.1,Required Level of Education,RL,6,12.68,N
99-1949.59,5.C.1,Required Level of Education,RL,7,59.14,N
99-1949.59,5.C.1,Required Level of Education,RL,8,52.88,N
99-1949.59,5.C.1,Required Level of Education,RL,9,43.62,N
99-1949.59,5.C.1,Required Level of Education,RL,10,17.54,N
99-1949.59,5.C.1,Required Level of Education,RL,11,15.18,N
99-1949.59,5.C.1,Required Level of Education,RL,12,13.78,N
99-1950.60,5.C.1,Required Level of Education,RL,1,23.80,N
99-1950.60,5.C.1,Required Level of Education,RL,2,21.63,N
99-1950.60,5.C.1,Required Level of Education,RL,3,20.26,N
99-1950.60,5.C.1,Required Level of Education,RL,4,61.89,N
99-1950.60,5.C.1,Required Level of Education,RL,5,41.81,N
99-1950.60,5.C.1,Required Level of Education,RL,6,65.22,N
99-1950.60,5.C.1,Required Level of Education,RL,7,16.29,N
99-1950.60,5.C.1,Required Level of Education,RL,8,10.79,N
99-1950.60,5.C.1,Required Level of Education,RL,9,9.40,N
99-1950.60,5.C.1,Required Level of Education,RL,10,5.11,N
99-1950.60,5.C.1,Required Level of Education,RL,11,4.14,N
99-1950.60,5.C.1,Required Level of Education,RL,12,3.57,N
99-1951.61,5.C.1,Required Level of Education,RL,1,65.11,N
99-1951.61,5.C.1,Required Level of Education,RL,2,35.73,N
99-1951.61,5.C.1,Required Level of Education,RL,3,45.92,N
99-1951.61,5.C.1,Required Level of Education,RL,4,9.35,N
99-1951.61,5.C.1,Required Level of Education,RL,5,14.71,N
99-1951.61,5.C.1,Required Level of Education,RL,6,15.74,N
99-1951.61,5.C.1,Required Level of Education,RL,7,1.40,N
99-1951.61,5.C.1,Required Level of Education,RL,8,4.06,N
99-1951.61,5.C.1,Required Level of Education,RL,9,7.54,N
99-1951.61,5.C.1,Required Level of Education,RL,10,6.71,N
99-1951.61,5.C.1,Required Level of Education,RL,11,6.67,N
99-1951.61,5.C.1,Required Level of Education,RL,12,6.75,N
99-1952.62,5.C.1,Required Level of Education,RL,1,42.34,N
99-1952.62,5.C.1,Required Level of Education,RL,2,37.14,N
99-1952.62,5.C.1,Required Level of Education,RL,3,59.22,N
99-1952.62,5.C.1,Required Level of Education,RL,4,7.29,N
99-1952.62,5.C.1,Required Level of Education,RL,5,24.20,N
99-1952.62,5.C.1,Required Level of Education,RL,6,16.62,N
99-1952.62,5.C.1,Required Level of Education,RL,7,3.72,N
99-1952.62,5.C.1,Required Level of Education,RL,8,6.60,N
99-1952.62,5.C.1,Required Level of Education,RL,9,5.73,N
99-1952.62,5.C.1,Required Level of Education,RL,10,3.01,N
99-1952.62,5.C.1,Required Level of Education,RL,11,1.84,N
99-1952.62,5.C.1,Required Level of Education,RL,12,2.88,N
99-1953.63,5.C.1,Required Level of Education,RL,1,48.49,N
99-1953.63,5.C.1,Required Level of Education,RL,2,55.84,N
99-1953.63,5.C.1,Required Level of Education,RL,3,37.87,N
99-1953.63,5.C.1,Required Level of Education,RL,4,6.93,N
99-1953.63,5.C.1,Required Level of Education,RL,5,6.20,N
99-1953.63,5.C.1,Required Level of Education,RL,6,9.25,N
99-1953.63,5.C.1,Required Level of Education,RL,7,7.24,N
99-1953.63,5.C.1,Required Level of Education,RL,8,6.46,N
99-1953.63,5.C.1,Required Level of Education,RL,9,7.11,N
99-1953.63,5.C.1,Required Level of Education,RL,10,6.27,N
99-1953.63,5.C.1,Required Level of Education,RL,11,1.12,N
99-1953.63,5.C.1,Required Level of Education,RL,12,2.74,N
99-1954.64,5.C.1,Required Level of Education,RL,1,38.99,N
99-1954.64,5.C.1,Required Level of Education,RL,2,51.45,N
99-1954.64,5.C.1,Required Level of Education,RL,3,39.94,N
99-1954.64,5.C.1,Required Level of Education,RL,4,15.89,N
99-1954.64,5.C.1,Required Level of Education,RL,5,9.97,N
99-1954.64,5.C.1,Required Level of Education,RL,6,13.48,N
99-1954.64,5.C.1,Required Level of Education,RL,7,3.40,N
99-1954.64,5.C.1,Required Level of Education,RL,8,4.75,N
99-1954.64,5.C.1,Required Level of Education,RL,9,7.71,N
99-1954.64,5.C.1,Required Level of Education,RL,10,6.55,N
99-1954.64,5.C.1,Required Level of Education,RL,11,5.65,N
99-1954.64,5.C.1,Required Level of Education,RL,12,5.46,N
99-1955.65,5.C.1,Required Level of Education,RL,1,55.41,N
99-1955.65,5.C.1,Required Level of Education,RL,2,62.32,N
99-1955.65,5.C.1,Required Level of Education,RL,3,32.40,N
99-1955.65,5.C.1,Required Level of Education,RL,4,21.01,N
99-1955.65,5.C.1,Required Level of Education,RL,5,13.44,N
99-1955.65,5.C.1,Required Level of Education,RL,6,12.28,N
99-1955.65,5.C.1,Required Level of Education,RL,7,3.46,N
99-1955.65,5.C.1,Required Level of Education,RL,8,3.23,N
99-1955.65,5.C.1,Required Level of Education,RL,9,7.74,N
99-1955.65,5.C.1,Required Level of Education,RL,10,7.85,N
99-1955.65,5.C.1,Required Level of Education,RL,11,3.82,N
99-1955.65,5.C.1,Required Level of Education,RL,12,7.62,N
99-1956.66,5.C.1,Required Level of Education,RL,1,11.22,N
99-1956.66,5.C.1,Required Level of Education,RL,2,22.46,N
99-1956.66,5.C.1,Required Level of Education,RL,3,6.72,N
99-1956.66,5.C.1,Required Level of Education,RL,4,54.63,N
99-1956.66,5.C.1,Required Level of Education,RL,5,55.18,N
99-1956.66,5.C.1,Required Level of Education,RL,6,61.20,N
99-1956.66,5.C.1,Required Level of Education,RL,7,15.22,N
99-1956.66,5.C.1,Required Level of Education,RL,8,7.64,N
99-1956.66,5.C.1,Required Level of Education,RL,9,18.06,N
99-1956.66,5.C.1,Required Level of Education,RL,10,5.48,N
99-1956.66,5.C.1,Required Level of Education,RL,11,2.21,N
99-1956.66,5.C.1,Required Level of Education,RL,12,6.37,N
99-1957.67,5.C.1,Required Level of Education,RL,1,5.39,N
99-1957.67,5.C.1,Required Level of Education,RL,2,7.04,N
99-1957.67,5.C.1,Required Level of Education,RL,3,6.03,N
99-1957.67,5.C.1,Required Level of Education,RL,4,21.09,N
99-1957.67,5.C.1,Required Level of Education,RL,5,5.48,N
99-1957.67,5.C.1,Required Level of Education,RL,6,5.27,N
99-1957.67,5.C.1,Required Level of Education,RL,7,32.79,N
99-1957.67,5.C.1,Required Level of Education,RL,8,34.27,N
99-1957.67,5.C.1,Required Level of Education,RL,9,31.00,N
99-1957.67,5.C.1,Required Level of Education,RL,10,22.63,N
99-1957.67,5.C.1,Required Level of Education,RL,11,17.19,N
99-1957.67,5.C.1,Required Level of Education,RL,12,12.91,N
99-1958.68,5.C.1,Required Level of Education,RL,1,7.97,N
99-1958.68,5.C.1,Required Level of Education,RL,2,6.19,N
99-1958.68,5.C.1,Required Level of Education,RL,3,5.59,N
99-1958.68,5.C.1,Required Level of Education,RL,4,7.41,N
99-1958.68,5.C.1,Required Level of Education,RL,5,9.05,N
99-1958.68,5.C.1,Required Level of Education,RL,6,8.79,N
99-1958.68,5.C.1,Required Level of Education,RL,7,40.14,N
99-1958.68,5.C.1,Required Level of Education,RL,8,42.27,N
99-1958.68,5.C.1,Required Level of Education,RL,9,69.42,N
99-1958.68,5.C.1,Required Level of Education,RL,10,14.32,N
99-1958.68,5.C.1,Required Level of Education,RL,11,7.34,N
99-1958.68,5.C.1,Required Level of Education,RL,12,10.78,N
99-1959.69,5.C.1,Required Level of Education,RL,1,10.23,N
99-1959.69,5.C.1,Required Level of Education,RL,2,22.21,N
99-1959.69,5.C.1,Required Level of Education,RL,3,14.83,N
99-1959.69,5.C.1,Required Level of Education,RL,4,59.78,N
99-1959.69,5.C.1,Required Level of Education,RL,5,68.94,N
99-1959.69,5.C.1,Required Level of Education,RL,6,55.72,N
99-1959.69,5.C.1,Required Level of Education,RL,7,6.11,N
99-1959.69,5.C.1,Required Level of Education,RL,8,7.14,N
99-1959.69,5.C.1,Required Level of Education,RL,9,24.53,N
99-1959.69,5.C.1,Required Level of Education,RL,10,3.41,N
99-1959.69,5.C.1,Required Level of Education,RL,11,2.38,N
99-1959.69,5.C.1,Required Level of Education,RL,12,5.42,N
99-1960.70,5.C.1,Required Level of Education,RL,1,49.08,N
99-1960.70,5.C.1,Required Level of Education,RL,2,54.52,N
99-1960.70,5.C.1,Required Level of Education,RL,3,54.48,N
99-1960.70,5.C.1,Required Level of Education,RL,4,18.23,N
99-1960.70,5.C.1,Required Level of Education,RL,5,18.75,N
99-1960.70,5.C.1,Required Level of Education,RL,6,18.67,N
99-1960.70,5.C.1,Required Level of Education,RL,7,6.97,N
99-1960.70,5.C.1,Required Level of Education,RL,8,2.68,N
99-1960.70,5.C.1,Required Level of Education,RL,9,6.60,N
99-1960.70,5.C.1,Required Level of Education,RL,10,5.39,N
99-1960.70,5.C.1,Required Level of Education,RL,11,7.97,N
99-1960.70,5.C.1,Required Level of Education,RL,12,4.56,N
99-1961.71,5.C.1,Required Level of Education,RL,1,65.85,N
99-1961.71,5.C.1,Required Level of Education,RL,2,45.98,N
99-1961.71,5.C.1,Required Level of Education,RL,3,34.72,N
99-1961.71,5.C.1,Required Level of Education,RL,4,10.82,N
99-1961.71,5.C.1,Required Level of Education,RL,5,9.81,N
99-1961.71,5.C.1,Required Level of Education,RL,6,7.83,N
99-1961.71,5.C.1,Required Level of Education,RL,7,5.09,N
99-1961.71,5.C.1,Required Level of Education,RL,8,4.78,N
99-1961.71,5.C.1,Required Level of Education,RL,9,3.50,N
99-1961.71,5.C.1,Required Level of Education,RL,10,7.87,N
99-1961.71,5.C.1,Required Level of Education,RL,11,3.27,N
99-1961.71,5.C.1,Required Level of Education,RL,12,4.99,N
99-1962.72,5.C.1,Required Level of Education,RL,1,38.34,N
99-1962.72,5.C.1,Required Level of Education,RL,2,61.17,N
99-1962.72,5.C.1,Required Level of Education,RL,3,50.19,N
99-1962.72,5.C.1,Required Level of Education,RL,4,21.07,N
99-1962.72,5.C.1,Required Level of Education,RL,5,18.58,N
99-1962.72,5.C.1,Required Level of Education,RL,6,5.83,N
99-1962.72,5.C.1,Required Level of Education,RL,7,1.88,N
99-1962.72,5.C.1,Required Level of Education,RL,8,7.50,N
99-1962.72,5.C.1,Required Level of Education,RL,9,6.98,N
99-1962.72,5.C.1,Required Level of Education,RL,10,3.74,N
99-1962.72,5.C.1,Required Level of Education,RL,11,1.72,N
99-1962.72,5.C.1,Required Level of Education,RL,12,6.13,N
99-1963.73,5.C.1,Required Level of Education,RL,1,32.65,N
99-1963.73,5.C.1,Required Level of Education,RL,2,52.93,N
99-1963.73,5.C.1,Required Level of Education,RL,3,44.37,N
99-1963.73,5.C.1,Required Level of Education,RL,4,6.99,N
99-1963.73,5.C.1,Required Level of Education,RL,5,16.97,N
99-1963.73,5.C.1,Required Level of Education,RL,6,20.71,N
99-1963.73,5.C.1,Required Level of Education,RL,7,6.17,N
99-1963.73,5.C.1,Required Level of Education,RL,8,5.09,N
99-1963.73,5.C.1,Required Level of Education,RL,9,5.32,N
99-1963.73,5.C.1,Required Level of Education,RL,10,3.84,N
99-1963.73,5.C.1,Required Level of Education,RL,11,6.00,N
99-1963.73,5.C.1,Required Level of Education,RL,12,5.97,N
99-1964.74,5.C.1,Required Level of Education,RL,1,67.59,N
99-1964.74,5.C.1,Required Level of Education,RL,2,62.64,N
99-1964.74,5.C.1,Required Level of Education,RL,3,67.49,N
99-1964.74,5.C.1,Required Level of Education,RL,4,24.07,N
99-1964.74,5.C.1,Required Level of Education,RL,5,19.55,N
99-1964.74,5.C.1,Required Level of Education,RL,6,8.75,N
99-1964.74,5.C.1,Required Level of Education,RL,7,7.88,N
99-1964.74,5.C.1,Required Level of Education,RL,8,3.96,N
99-1964.74,5.C.1,Required Level of Education,RL,9,1.22,N
99-1964.74,5.C.1,Required Level of Education,RL,10,7.87,N
99-1964.74,5.C.1,Required Level of Education,RL,11,5.81,N
99-1964.74,5.C.1,Required Level of Education,RL,12,3.23,N
99-1965.75,5.C.1,Required Level of Education,RL,1,13.75,N
99-1965.75,5.C.1,Required Level of Education,RL,2,22.80,N
99-1965.75,5.C.1,Required Level of Education,RL,3,24.68,N
99-1965.75,5.C.1,Required Level of Education,RL,4,43.16,N
99-1965.75,5.C.1,Required Level of Education,RL,5,47.46,N
99-1965.75,5.C.1,Required Level of Education,RL,6,49.71,N
99-1965.75,5.C.1,Required Level of Education,RL,7,20.24,N
99-1965.75,5.C.1,Required Level of Education,RL,8,20.66,N
99-1965.75,5.C.1,Required Level of Education,RL,9,20.60,N
99-1965.75,5.C.1,Required Level of Education,RL,10,1.27,N
99-1965.75,5.C.1,Required Level of Education,RL,11,1.62,N
99-1965.75,5.C.1,Required Level of Education,RL,12,6.10,N
99-1966.76,5.C.1,Required Level of Education,RL,1,1.84,N
99-1966.76,5.C.1,Required Level of Education,RL,2,4.24,N
99-1966.76,5.C.1,Required Level of Education,RL,3,3.50,N
99-1966.76,5.C.1,Required Level of Education,RL,4,5.91,N
99-1966.76,5.C.1,Required Level of Education,RL,5,17.47,N
99-1966.76,5.C.1,Required Level of Education,RL,6,23.21,N
99-1966.76,5.C.1,Required Level of Education,RL,7,43.97,N
99-1966.76,5.C.1,Required Level of Education,RL,8,67.57,N
99-1966.76,5.C.1,Required Level of Education,RL,9,46.68,N
99-1966.76,5.C.1,Required Level of Education,RL,10,8.34,N
99-1966.76,5.C.1,Required Level of Education,RL,11,13.29,N
99-1966.76,5.C.1,Required Level of Education,RL,12,14.59,N
99-1967.77,5.C.1,Required Level of Education,RL,1,6.37,N
99-1967.77,5.C.1,Required Level of Education,RL,2,3.45,N
99-1967.77,5.C.1,Required Level of Education,RL,3,5.76,N
99-1967.77,5.C.1,Required Level of Education,RL,4,17.41,N
99-1967.77,5.C.1,Required Level of Education,RL,5,12.36,N
99-1967.77,5.C.1,Required Level of Education,RL,6,6.78,N
99-1967.77,5.C.1,Required Level of Education,RL,7,60.35,N
99-1967.77,5.C.1,Required Level of Education,RL,8,42.80,N
99-1967.77,5.C.1,Required Level of Education,RL,9,44.90,N
99-1967.77,5.C.1,Required Level of Education,RL,10,7.00,N
99-1967.77,5.C.1,Required Level of Education,RL,11,8.43,N
99-1967.77,5.C.1,Required Level of Education,RL,12,11.92,N
99-1968.78,5.C.1,Required Level of Education,RL,1,23.25,N
99-1968.78,5.C.1,Required Level of Education,RL,2,23.91,N
99-1968.78,5.C.1,Required Level of Education,RL,3,17.19,N
99-1968.78,5.C.1,Required Level of Education,RL,4,45.72,N
99-1968.78,5.C.1,Required Level of Education,RL,5,46.93,N
99-1968.78,5.C.1,Required Level of Education,RL,6,60.77,N
99-1968.78,5.C.1,Required Level of Education,RL,7,15.85,N
99-1968.78,5.C.1,Required Level of Education,RL,8,7.02,N
99-1968.78,5.C.1,Required Level of Education,RL,9,12.06,N
99-1968.78,5.C.1,Required Level of Education,RL,10,5.82,N
99-1968.78,5.C.1,Required Level of Education,RL,11,1.50,N
99-1968.78,5.C.1,Required Level of Education,RL,12,4.06,N
99-1969.79,5.C.1,Required Level of Education,RL,1,63.82,N
99-1969.79,5.C.1,Required Level of Education,RL,2,67.07,N
99-1969.79,5.C.1,Required Level of Education,RL,3,48.37,N
99-1969.79,5.C.1,Required Level of Education,RL,4,24.00,N
99-1969.79,5.C.1,Required Level of Education,RL,5,15.14,N
99-1969.79,5.C.1,Required Level of Education,RL,6,7.47,N
99-1969.79,5.C.1,Required Level of Education,RL,7,7.04,N
99-1969.79,5.C.1,Required Level of Education,RL,8,5.05,N
99-1969.79,5.C.1,Required Level of Education,RL,9,1.75,N
99-1969.79,5.C.1,Required Level of Education,RL,10,3.80,N
99-1969.79,5.C.1,Required Level of Education,RL,11,6.61,N
99-1969.79,5.C.1,Required Level of Education,RL,12,2.32,N
99-1970.80,5.C.1,Required Level of Education,RL,1,68.27,N
99-1970.80,5.C.1,Required Level of Education,RL,2,30.36,N
99-1970.80,5.C.1,Required Level of Education,RL,3,59.88,N
99-1970.80,5.C.1,Required Level of Education,RL,4,11.44,N
99-1970.80,5.C.1,Required Level of Education,RL,5,17.25,N
99-1970.80,5.C.1,Required Level of Education,RL,6,6.80,N
99-1970.80,5.C.1,Required Level of Education,RL,7,3.63,N
99-1970.80,5.C.1,Required Level of Education,RL,8,6.49,N
99-1970.80,5.C.1,Required Level of Education,RL,9,2.46,N
99-1970.80,5.C.1,Required Level of Education,RL,10,6.69,N
99-1970.80,5.C.1,Required Level of Education,RL,11,3.89,N
99-1970.80,5.C.1,Required Level of Education,RL,12,5.76,N
99-1971.81,5.C.1,Required Level of Education,RL,1,39.18,N
99-1971.81,5.C.1,Required Level of Education,RL,2,33.14,N
99-1971.81,5.C.1,Required Level of Education,RL,3,40.45,N
99-1971.81,5.C.1,Required Level of Education,RL,4,20.00,N
99-1971.81,5.C.1,Required Level of Education,RL,5,21.87,N
99-1971.81,5.C.1,Required Level of Education,RL,6,9.55,N
99-1971.81,5.C.1,Required Level of Education,RL,7,2.88,N
99-1971.81,5.C.1,Required Level of Education,RL,8,2.74,N
99-1971.81,5.C.1,Required Level of Education,RL,9,6.86,N
99-1971.81,5.C.1,Required Level of Education,RL,10,3.86,N
99-1971.81,5.C.1,Required Level of Education,RL,11,1.74,N
99-1971.81,5.C.1,Required Level of Education,RL,12,5.19,N
99-1972.82,5.C.1,Required Level of Education,RL,1,36.38,N
99-1972.82,5.C.1,Required Level of Education,RL,2,43.28,N
99-1972.82,5.C.1,Required Level of Education,RL,3,43.98,N
99-1972.82,5.C.1,Required Level of Education,RL,4,20.47,N
99-1972.82,5.C.1,Required Level of Education,RL,5,12.83,N
99-1972.82,5.C.1,Required Level of Education,RL,6,16.46,N
99-1972.82,5.C.1,Required Level of Education,RL,7,5.63,N
99-1972.82,5.C.1,Required Level of Education,RL,8,6.33,N
99-1972.82,5.C.1,Required Level of Education,RL,9,1.44,N
99-1972.82,5.C.1,Required Level of Education,RL,10,7.53,N
99-1972.82,5.C.1,Required Level of Education,RL,11,4.70,N
99-1972.82,5.C.1,Required Level of Education,RL,12,4.60,N
99-1973.83,5.C.1,Required Level of Education,RL,1,38.89,N
99-1973.83,5.C.1,Required Level of Education,RL,2,37.83,N
99-1973.83,5.C.1,Required Level of Education,RL,3,39.06,N
99-1973.83,5.C.1,Required Level of Education,RL,4,14.70,N
99-1973.83,5.C.1,Required Level of Education,RL,5,19.70,N
99-1973.83,5.C.1,Required Level of Education,RL,6,24.82,N
99-1973.83,5.C.1,Required Level of Education,RL,7,4.97,N
99-1973.83,5.C.1,Required Level of Education,RL,8,4.97,N
99-1973.83,5.C.1,Required Level of Education,RL,9,7.10,N
99-1973.83,5.C.1,Required Level of Education,RL,10,4.48,N
99-1973.83,5.C.1,Required Level of Education,RL,11,5.91,N
99-1973.83,5.C.1,Required Level of Education,RL,12,3.63,N
99-1974.84,5.C.1,Required Level of Education,RL,1,14.03,N
99-1974.84,5.C.1,Required Level of Education,RL,2,18.00,N
99-1974.84,5.C.1,Required Level of Education,RL,3,8.69,N
99-1974.84,5.C.1,Required Level of Education,RL,4,58.57,N
99-1974.84,5.C.1,Required Level of Education,RL,5,58.95,N
99-1974.84,5.C.1,Required Level of Education,RL,6,47.22,N
99-1974.84,5.C.1,Required Level of Education,RL,7,15.72,N
99-1974.84,5.C.1,Required Level of Education,RL,8,11.34,N
99-1974.84,5.C.1,Required Level of Education,RL,9,20.62,N
99-1974.84,5.C.1,Required Level of Education,RL,10,4.62,N
99-1974.84,5.C.1,Required Level of Education,RL,11,1.83,N
99-1974.84,5.C.1,Required Level of Education,RL,12,1.69,N
99-1975.85,5.C.1,Required Level of Education,RL,1,4.77,N
99-1975.85,5.C.1,Required Level of Education,RL,2,3.21,N
99-1975.85,5.C.1,Required Level of Education,RL,3,2.83,N
99-1975.85,5.C.1,Required Level of Education,RL,4,6.98,N
99-1975.85,5.C.1,Required Level of Education,RL,5,17.29,N
99-1975.85,5.C.1,Required Level of Education,RL,6,20.40,N
99-1975.85,5.C.1,Required Level of Education,RL,7,48.77,N
99-1975.85,5.C.1,Required Level of Education,RL,8,57.22,N
99-1975.85,5.C.1,Required Level of Education,RL,9,34.69,N
99-1975.85,5.C.1,Required Level of Education,RL,10,16.70,N
99-1975.85,5.C.1,Required Level of Education,RL,11,12.31,N
99-1975.85,5.C.1,Required Level of Education,RL,12,5.80,N
99-1976.86,5.C.1,Required Level of Education,RL,1,1.07,N
99-1976.86,5.C.1,Required Level of Education,RL,2,4.00,N
99-1976.86,5.C.1,Required Level of Education,RL,3,2.28,N
99-1976.86,5.C.1,Required Level of Education,RL,4,17.43,N
99-1976.86,5.C.1,Required Level of Education,RL,5,9.42,N
99-1976.86,5.C.1,Required Level of Education,RL,6,11.47,N
99-1976.86,5.C.1,Required Level of Education,RL,7,32.05,N
99-1976.86,5.C.1,Required Level of Education,RL,8,35.14,N
99-1976.86,5.C.1,Required Level of Education,RL,9,66.23,N
99-1976.86,5.C.1,Required Level of Education,RL,10,17.61,N
99-1976.86,5.C.1,Required Level of Education,RL,11,16.15,N
99-1976.86,5.C.1,Required Level of Education,RL,12,14.37,N
99-1977.87,5.C.1,Required Level of Education,RL,1,7.69,N
99-1977.87,5.C.1,Required Level of Education,RL,2,12.15,N
99-1977.87,5.C.1,Required Level of Education,RL,3,18.55,N
99-1977.87,5.C.1,Required Level of Education,RL,4,51.44,N
99-1977.87,5.C.1,Required Level of Education,RL,5,40.16,N
99-1977.87,5.C.1,Required Level of Education,RL,6,47.33,N
99-1977.87,5.C.1,Required Level of Education,RL,7,8.13,N
99-1977.87,5.C.1,Required Level of Education,RL,8,13.27,N
99-1977.87,5.C.1,Required Level of Education,RL,9,15.72,N
99-1977.87,5.C.1,Required Level of Education,RL,10,3.67,N
99-1977.87,5.C.1,Required Level of Education,RL,11,5.01,N
99-1977.87,5.C.1,Required Level of Education,RL,12,3.92,N
99-1978.88,5.C.1,Required Level of Education,RL,1,48.31,N
99-1978.88,5.C.1,Required Level of Education,RL,2,69.50,N
99-1978.88,5.C.1,Required Level of Education,RL,3,62.04,N
99-1978.88,5.C.1,Required Level of Education,RL,4,21.49,N
99-1978.88,5.C.1,Required Level of Education,RL,5,16.36,N
99-1978.88,5.C.1,Required Level of Education,RL,6,24.39,N
99-1978.88,5.C.1,Required Level of Education,RL,7,4.48,N
99-1978.88,5.C.1,Required Level of Education,RL,8,5.29,N
99-1978.88,5.C.1,Required Level of Education,RL,9,4.52,N
99-1978.88,5.C.1,Required Level of Education,RL,10,7.75,N
99-1978.88,5.C.1,Required Level of Education,RL,11,4.79,N
99-1978.88,5.C.1,Required Level of Education,RL,12,6.82,N
99-1979.89,5.C.1,Required Level of Education,RL,1,54.44,N
99-1979.89,5.C.1,Required Level of Education,RL,2,40.66,N
99-1979.89,5.C.1,Required Level of Education,RL,3,36.66,N
99-1979.89,5.C.1,Required Level of Education,RL,4,5.41,N
99-1979.89,5.C.1,Required Level of Education,RL,5,12.05,N
99-1979.89,5.C.1,Required Level of Education,RL,6,14.21,N
99-1979.89,5.C.1,Required Level of Education,RL,7,6.55,N
99-1979.89,5.C.1,Required Level of Education,RL,8,4.64,N
99-1979.89,5.C.1,Required Level of Education,RL,9,7.71,N
99-1979.89,5.C.1,Required Level of Education,RL,10,1.88,N
99-1979.89,5.C.1,Required Level of Education,RL,11,5.32,N
99-1979.89,5.C.1,Required Level of Education,RL,12,3.52,N
99-1980.90,5.C.1,Required Level of Education,RL,1,40.72,N
99-1980.90,5.C.1,Required Level of Education,RL,2,56.10,N
99-1980.90,5.C.1,Required Level of Education,RL,3,40.12,N
99-1980.90,5.C.1,Required Level of Education,RL,4,21.76,N
99-1980.90,5.C.1,Required Level of Education,RL,5,17.93,N
99-1980.90,5.C.1,Required Level of Education,RL,6,8.93,N
99-1980.90,5.C.1,Required Level of Education,RL,7,5.89,N
99-1980.90,5.C.1,Required Level of Education,RL,8,3.03,N
99-1980.90,5.C.1,Required Level of Education,RL,9,6.20,N
99-1980.90,5.C.1,Required Level of Education,RL,10,1.28,N
99-1980.90,5.C.1,Required Level of Education,RL,11,6.46,N
99-1980.90,5.C.1,Required Level of Education,RL,12,7.81,N
99-1981.91,5.C.1,Required Level of Education,RL,1,41.03,N
99-1981.91,5.C.1,Required Level of Education,RL,2,68.35,N
99-1981.91,5.C.1,Required Level of Education,RL,3,43.33,N
99-1981.91,5.C.1,Required Level of Education,RL,4,10.54,N
99-1981.91,5.C.1,Required Level of Education,RL,5,12.11,N
99-1981.91,5.C.1,Required Level of Education,RL,6,17.39,N
99-1981.91,5.C.1,Required Level of Education,RL,7,2.37,N
99-1981.91,5.C.1,Required Level of Education,RL,8,3.52,N
99-1981.91,5.C.1,Required Level of Education,RL,9,5.14,N
99-1981.91,5.C.1,Required Level of Education,RL,10,5.19,N
99-1981.91,5.C.1,Required Level of Education,RL,11,6.37,N
99-1981.91,5.C.1,Required Level of Education,RL,12,7.12,N
99-1982.92,5.C.1,Required Level of Education,RL,1,55.68,N
99-1982.92,5.C.1,Required Level of Education,RL,2,38.37,N
99-1982.92,5.C.1,Required Level of Education,RL,3,44.00,N
99-1982.92,5.C.1,Required Level of Education,RL,4,21.03,N
99-1982.92,5.C.1,Required Level of Education,RL,5,18.21,N
99-1982.92,5.C.1,Required Level of Education,RL,6,16.78,N
99-1982.92,5.C.1,Required Level of Education,RL,7,5.40,N
99-1982.92,5.C.1,Required Level of Education,RL,8,3.17,N
99-1982.92,5.C.1,Required Level of Education,RL,9,3.82,N
99-1982.92,5.C.1,Required Level of Education,RL,10,3.05,N
99-1982.92,5.C.1,Required Level of Education,RL,11,1.45,N
99-1982.92,5.C.1,Required Level of Education,RL,12,6.82,N
99-1983.93,5.C.1,Required Level of Education,RL,1,23.85,N
99-1983.93,5.C.1,Required Level of Education,RL,2,17.11,N
99-1983.93,5.C.1,Required Level of Education,RL,3,12.32,N
99-1983.93,5.C.1,Required Level of Education,RL,4,58.29,N
99-1983.93,5.C.1,Required Level of Education,RL,5,56.34,N
99-1983.93,5.C.1,Required Level of Education,RL,6,48.06,N
99-1983.93,5.C.1,Required Level of Education,RL,7,5.78,N
99-1983.93,5.C.1,Required Level of Education,RL,8,22.35,N
99-1983.93,5.C.1,Required Level of Education,RL,9,10.28,N
99-1983.93,5.C.1,Required Level of Education,RL,10,3.82,N
99-1983.93,5.C.1,Required Level of Education,RL,11,6.11,N
99-1983.93,5.C.1,Required Level of Education,RL,12,2.67,N
99-1984.94,5.C.1,Required Level of Education,RL,1,5.38,N
99-1984.94,5.C.1,Required Level of Education,RL,2,2.72,N
99-1984.94,5.C.1,Required Level of Education,RL,3,1.67,N
99-1984.94,5.C.1,Required Level of Education,RL,4,10.19,N
99-1984.94,5.C.1,Required Level of Education,RL,5,24.33,N
99-1984.94,5.C.1,Required Level of Education,RL,6,24.92,N
99-1984.94,5.C.1,Required Level of Education,RL,7,68.84,N
99-1984.94,5.C.1,Required Level of Education,RL,8,46.86,N
99-1984.94,5.C.1,Required Level of Education,RL,9,63.10,N
99-1984.94,5.C.1,Required Level of Education,RL,10,6.93,N
99-1984.94,5.C.1,Required Level of Education,RL,11,19.17,N
99-1984.94,5.C.1,Required Level of Education,RL,12,21.14,N
99-1985.95,5.C.1,Required Level of Education,RL,1,6.77,N
99-1985.95,5.C.1,Required Level of Education,RL,2,6.10,N
99-1985.95,5.C.1,Required Level of Education,RL,3,3.82,N
99-1985.95,5.C.1,Required Level of Education,RL,4,23.68,N
99-1985.95,5.C.1,Required Level of Education,RL,5,15.38,N
99-1985.95,5.C.1,Required Level of Education,RL,6,17.41,N
99-1985.95,5.C.1,Required Level of Education,RL,7,32.59,N
99-1985.95,5.C.1,Required Level of Education,RL,8,38.38,N
99-1985.95,5.C.1,Required Level of Education,RL,9,38.89,N
99-1985.95,5.C.1,Required Level of Education,RL,10,18.47,N
99-1985.95,5.C.1,Required Level of Education,RL,11,6.44,N
99-1985.95,5.C.1,Required Level of Education,RL,12,17.61,N
99-1986.96,5.C.1,Required Level of Education,RL,1,15.63,N
99-1986.96,5.C.1,Required Level of Education,RL,2,18.96,N
99-1986.96,5.C.1,Required Level of Education,RL,3,16.95,N
99-1986.96,5.C.1,Required Level of Education,RL,4,40.71,N
99-1986.96,5.C.1,Required Level of Education,RL,5,69.14,N
99-1986.96,5.C.1,Required Level of Education,RL,6,65.84,N
99-1986.96,5.C.1,Required Level of Education,RL,7,21.60,N
99-1986.96,5.C.1,Required Level of Education,RL,8,22.46,N
99-1986.96,5.C.1,Required Level of Education,RL,9,7.00,N
99-1986.96,5.C.1,Required Level of Education,RL,10,5.96,N
99-1986.96,5.C.1,Required Level of Education,RL,11,2.54,N
99-1986.96,5.C.1,Required Level of Education,RL,12,2.72,N
99-1987.97,5.C.1,Required Level of Education,RL,1,30.94,N
99-1987.97,5.C.1,Required Level of Education,RL,2,44.96,N
99-1987.97,5.C.1,Required Level of Education,RL,3,46.86,N
99-1987.97,5.C.1,Required Level of Education,RL,4,11.09,N
99-1987.97,5.C.1,Required Level of Education,RL,5,15.12,N
99-1987.97,5.C.1,Required Level of Education,RL,6,23.90,N
99-1987.97,5.C.1,Required Level of Education,RL,7,1.15,N
99-1987.97,5.C.1,Required Level of Education,RL,8,3.85,N
99-1987.97,5.C.1,Required Level of Education,RL,9,5.27,N
99-1987.97,5.C.1,Required Level of Education,RL,10,7.73,N
99-1987.97,5.C.1,Required Level of Education,RL,11,6.68,N
99-1987.97,5.C.1,Required Level of Education,RL,12,4.50,N
99-1988.98,5.C.1,Required Level of Education,RL,1,36.67,N
99-1988.98,5.C.1,Required Level of Education,RL,2,62.10,N
99-1988.98,5.C.1,Required Level of Education,RL,3,43.46,N
99-1988.98,5.C.1,Required Level of Education,RL,4,13.05,N
99-1988.98,5.C.1,Required Level of Education,RL,5,8.91,N
99-1988.98,5.C.1,Required Level of Education,RL,6,11.40,N
99-1988.98,5.C.1,Required Level of Education,RL,7,5.52,N
99-1988.98,5.C.1,Required Level of Education,RL,8,6.59,N
99-1988.98,5.C.1,Required Level of Education,RL,9,3.93,N
99-1988.98,5.C.1,Required Level of Education,RL,10,6.62,N
99-1988.98,5.C.1,Required Level of Education,RL,11,6.25,N
99-1988.98,5.C.1,Required Level of Education,RL,12,4.97,N
99-1989.99,5.C.1,Required Level of Education,RL,1,57.85,N
99-1989.99,5.C.1,Required Level of Education,RL,2,34.85,N
99-1989.99,5.C.1,Required Level of Education,RL,3,32.93,N
99-1989.99,5.C.1,Required Level of Education,RL,4,12.82,N
99-1989.99,5.C.1,Required Level of Education,RL,5,8.06,N
99-1989.99,5.C.1,Required Level of Education,RL,6,15.68,N
99-1989.99,5.C.1,Required Level of Education,RL,7,5.39,N
99-1989.99,5.C.1,Required Level of Education,RL,8,3.67,N
99-1989.99,5.C.1,Required Level of Education,RL,9,2.88,N
99-1989.99,5.C.1,Required Level of Education,RL,10,2.29,N
99-1989.99,5.C.1,Required Level of Education,RL,11,6.16,N
99-1989.99,5.C.1,Required Level of Education,RL,12,7.39,N
99-1990.01,5.C.1,Required Level of Education,RL,1,32.09,N
99-1990.01,5.C.1,Required Level of Education,RL,2,58.13,N
99-1990.01,5.C.1,Required Level of Education,RL,3,57.45,N
99-1990.01,5.C.1,Required Level of Education,RL,4,22.04,N
99-1990.01,5.C.1,Required Level of Education,RL,5,7.03,N
99-1990.01,5.C.1,Required Level of Education,RL,6,8.94,N
99-1990.01,5.C.1,Required Level of Education,RL,7,1.77,N
99-1990.01,5.C.1,Required Level of Education,RL,8,7.99,N
99-1990.01,5.C.1,Required Level of Education,RL,9,1.88,N
99-1990.01,5.C.1,Required Level of Education,RL,10,5.51,N
99-1990.01,5.C.1,Required Level of Education,RL,11,1.13,N
99-1990.01,5.C.1,Required Level of Education,RL,12,6.03,N
99-1991.02,5.C.1,Required Level of Education,RL,1,33.80,N
99-1991.02,5.C.1,Required Level of Education,RL,2,63.72,N
99-1991.02,5.C.1,Required Level of Education,RL,3,57.98,N
99-1991.02,5.C.1,Required Level of Education,RL,4,9.49,N
99-1991.02,5.C.1,Required Level of Education,RL,5,17.71,N
99-1991.02,5.C.1,Required Level of Education,RL,6,11.95,N
99-1991.02,5.C.1,Required Level of Education,RL,7,3.15,N
99-1991.02,5.C.1,Required Level of Education,RL,8,7.76,N
99-1991.02,5.C.1,Required Level of Education,RL,9,5.89,N
99-1991.02,5.C.1,Required Level of Education,RL,10,5.60,N
99-1991.02,5.C.1,Required Level of Education,RL,11,2.02,N
99-1991.02,5.C.1,Required Level of Education,RL,12,5.35,N
99-1992.03,5.C.1,Required Level of Education,RL,1,16.24,N
99-1992.03,5.C.1,Required Level of Education,RL,2,15.66,N
99-1992.03,5.C.1,Required Level of Education,RL,3,24.66,N
99-1992.03,5.C.1,Required Level of Education,RL,4,36.77,N
99-1992.03,5.C.1,Required Level of Education,RL,5,36.56,N
99-1992.03,5.C.1,Required Level of Education,RL,6,59.80,N
99-1992.03,5.C.1,Required Level of Education,RL,7,15.02,N
99-1992.03,5.C.1,Required Level of Education,RL,8,24.51,N
99-1992.03,5.C.1,Required Level of Education,RL,9,14.24,N
99-1992.03,5.C.1,Required Level of Education,RL,10,7.22,N
99-1992.03,5.C.1,Required Level of Education,RL,11,1.07,N
99-1992.03,5.C.1,Required Level of Education,RL,12,1.99,N
99-1993.04,5.C.1,Required Level of Education,RL,1,5.91,N
99-1993.04,5.C.1,Required Level of Education,RL,2,1.83,N
99-1993.04,5.C.1,Required Level of Education,RL,3,1.23,N
99-1993.04,5.C.1,Required Level of Education,RL,4,7.03,N
99-1993.04,5.C.1,Required Level of Education,RL,5,12.90,N
99-1993.04,5.C.1,Required Level of Education,RL,6,8.48,N
99-1993.04,5.C.1,Required Level of Education,RL,7,39.43,N
99-1993.04,5.C.1,Required Level of Education,RL,8,30.46,N
99-1993.04,5.C.1,Required Level of Education,RL,9,37.88,N
99-1993.04,5.C.1,Required Level of Education,RL,10,22.16,N
99-1993.04,5.C.1,Required Level of Education,RL,11,14.18,N
99-1993.04,5.C.1,Required Level of Education,RL,12,18.93,N
99-1994.05,5.C.1,Required Level of Education,RL,1,6.99,N
99-1994.05,5.C.1,Required Level of Education,RL,2,3.48,N
99-1994.05,5.C.1,Required Level of Education,RL,3,1.42,N
99-1994.05,5.C.1,Required Level of Education,RL,4,16.88,N
99-1994.05,5.C.1,Required Level of Education,RL,5,7.79,N
99-1994.05,5.C.1,Required Level of Education,RL,6,15.25,N
99-1994.05,5.C.1,Required Level of Education,RL,7,47.82,N
99-1994.05,5.C.1,Required Level of Education,RL,8,47.39,N
99-1994.05,5.C.1,Required Level of Education,RL,9,49.71,N
99-1994.05,5.C.1,Required Level of Education,RL,10,18.53,N
99-1994.05,5.C.1,Required Level of Education,RL,11,11.25,N
99-1994.05,5.C.1,Required Level of Education,RL,12,7.62,N
99-1995.06,5.C.1,Required Level of Education,RL,1,6.26,N
99-1995.06,5.C.1,Required Level of Education,RL,2,18.17,N
99-1995.06,5.C.1,Required Level of Education,RL,3,13.10,N
99-1995.06,5.C.1,Required Level of Education,RL,4,51.33,N
99-1995.06,5.C.1,Required Level of Education,RL,5,33.88,N
99-1995.06,5.C.1,Required Level of Education,RL,6,68.81,N
99-1995.06,5.C.1,Required Level of Education,RL,7,6.93,N
99-1995.06,5.C.1,Required Level of Education,RL,8,15.88,N
99-1995.06,5.C.1,Required Level of Education,RL,9,21.12,N
99-1995.06,5.C.1,Required Level of Education,RL,10,6.86,N
99-1995.06,5.C.1,Required Level of Education,RL,11,1.01,N
99-1995.06,5.C.1,Required Level of Education,RL,12,7.35,N
99-1996.07,5.C.1,Required Level of Education,RL,1,62.56,N
99-1996.07,5.C.1,Required Level of Education,RL,2,63.40,N
99-1996.07,5.C.1,Required Level of Education,RL,3,31.74,N
99-1996.07,5.C.1,Required Level of Education,RL,4,17.19,N
99-1996.07,5.C.1,Required Level of Education,RL,5,12.77,N
99-1996.07,5.C.1,Required Level of Education,RL,6,21.49,N
99-1996.07,5.C.1,Required Level of Education,RL,7,5.28,N
99-1996.07,5.C.1,Required Level of Education,RL,8,2.83,N
99-1996.07,5.C.1,Required Level of Education,RL,9,6.58,N
99-1996.07,5.C.1,Required Level of Education,RL,10,6.02,N
99-1996.07,5.C.1,Required Level of Education,RL,11,1.73,N
99-1996.07,5.C.1,Required Level of Education,RL,12,6.00,N
99-1997.08,5.C.1,Required Level of Education,RL,1,64.06,N
99-1997.08,5.C.1,Required Level of Education,RL,2,47.43,N
99-1997.08,5.C.1,Required Level of Education,RL,3,69.37,N
99-1997.08,5.C.1,Required Level of Education,RL,4,17.37,N
99-1997.08,5.C.1,Required Level of Education,RL,5,21.39,N
99-1997.08,5.C.1,Required Level of Education,RL,6,20.22,N
99-1997.08,5.C.1,Required Level of Education,RL,7,3.21,N
99-1997.08,5.C.1,Required Level of Education,RL,8,4.62,N
99-1997.08,5.C.1,Required Level of Education,RL,9,5.05,N
99-1997.08,5.C.1,Required Level of Education,RL,10,2.93,N
99-1997.08,5.C.1,Required Level of Education,RL,11,3.25,N
99-1997.08,5.C.1,Required Level of Education,RL,12,4.19,N
99-1998.09,5.C.1,Required Level of Education,RL,1,58.63,N
99-1998.09,5.C.1,Required Level of Education,RL,2,66.41,N
99-1998.09,5.C.1,Required Level of Education,RL,3,38.69,N
99-1998.09,5.C.1,Required Level of Education,RL,4,7.47,N
99-1998.09,5.C.1,Required Level of Education,RL,5,23.91,N
99-1998.09,5.C.1,Required Level of Education,RL,6,17.53,N
99-1998.09,5.C.1,Required Level of Education,RL,7,2.92,N
99-1998.09,5.C.1,Required Level of Education,RL,8,7.65,N
99-1998.09,5.C.1,Required Level of Education,RL,9,7.43,N
99-1998.09,5.C.1,Required Level of Education,RL,10,1.63,N
99-1998.09,5.C.1,Required Level of Education,RL,11,6.73,N
99-1998.09,5.C.1,Required Level of Education,RL,12,6.46,N
99-1999.10,5.C.1,Required Level of Education,RL,1,49.16,N
99-1999.10,5.C.1,Required Level of Education,RL,2,59.51,N
99-1999.10,5.C.1,Required Level of Education,RL,3,41.21,N
99-1999.10,5.C.1,Required Level of Education,RL,4,23.54,N
99-1999.10,5.C.1,Required Level of Education,RL,5,18.23,N
99-1999.10,5.C.1,Required Level of Education,RL,6,8.80,N
99-1999.10,5.C.1,Required Level of Education,RL,7,7.77,N
99-1999.10,5.C.1,Required Level of Education,RL,8,1.30,N
99-1999.10,5.C.1,Required Level of Education,RL,9,1.43,N
99-1999.10,5.C.1,Required Level of Education,RL,10,2.64,N
99-1999.10,5.C.1,Required Level of Education,RL,11,5.69,N
99-1999.10,5.C.1,Required Level of Education,RL,12,2.29,N
99-2000.11,5.C.1,Required Level of Education,RL,1,43.79,N
99-2000.11,5.C.1,Required Level of Education,RL,2,62.65,N
99-2000.11,5.C.1,Required Level of Education,RL,3,55.97,N
99-2000.11,5.C.1,Required Level of Education,RL,4,18.73,N
99-2000.11,5.C.1,Required Level of Education,RL,5,17.23,N
99-2000.11,5.C.1,Required Level of Education,RL,6,13.76,N
99-2000.11,5.C.1,Required Level of Education,RL,7,3.83,N
99-2000.11,5.C.1,Required Level of Education,RL,8,7.54,N
99-2000.11,5.C.1,Required Level of Education,RL,9,4.18,N
99-2000.11,5.C.1,Required Level of Education,RL,10,6.30,N
99-2000.11,5.C.1,Required Level of Education,RL,11,7.15,N
99-2000.11,5.C.1,Required Level of Education,RL,12,4.04,N
99-2001.12,5.C.1,Required Level of Education,RL,1,13.62,N
99-2001.12,5.C.1,Required Level of Education,RL,2,11.07,N
99-2001.12,5.C.1,Required Level of Education,RL,3,11.86,N
99-2001.12,5.C.1,Required Level of Education,RL,4,65.66,N
99-2001.12,5.C.1,Required Level of Education,RL,5,55.51,N
99-2001.12,5.C.1,Required Level of Education,RL,6,45.33,N
99-2001.12,5.C.1,Required Level of Education,RL,7,22.83,N
99-2001.12,5.C.1,Required Level of Education,RL,8,21.12,N
99-2001.12,5.C.1,Required Level of Education,RL,9,13.52,N
99-2001.12,5.C.1,Required Level of Education,RL,10,1.97,N
99-2001.12,5.C.1,Required Level of Education,RL,11,3.59,N
99-2001.12,5.C.1,Required Level of Education,RL,12,2.29,N
99-2002.13,5.C.1,Required Level of Education,RL,1,3.63,N
99-2002.13,5.C.1,Required Level of Education,RL,2,1.01,N
99-2002.13,5.C.1,Required Level of Education,RL,3,2.08,N
99-2002.13,5.C.1,Required Level of Education,RL,4,13.77,N
99-2002.13,5.C.1,Required Level of Education,RL,5,18.43,N
99-2002.13,5.C.1,Required Level of Education,RL,6,22.14,N
99-2002.13,5.C.1,Required Level of Education,RL,7,43.63,N
99-2002.13,5.C.1,Required Level of Education,RL,8,67.60,N
99-2002.13,5.C.1,Required Level of Education,RL,9,58.88,N
99-2002.13,5.C.1,Required Level of Education,RL,10,13.29,N
99-2002.13,5.C.1,Required Level of Education,RL,11,19.30,N
99-2002.13,5.C.1,Required Level of Education,RL,12,10.82,N
99-2003.14,5.C.1,Required Level of Education,RL,1,3.38,N
99-2003.14,5.C.1,Required Level of Education,RL,2,4.64,N
99-2003.14,5.C.1,Required Level of Education,RL,3,2.12,N
99-2003.14,5.C.1,Required Level of Education,RL,4,17.38,N
99-2003.14,5.C.1,Required Level of Education,RL,5,15.00,N
99-2003.14,5.C.1,Required Level of Education,RL,6,24.83,N
99-2003.14,5.C.1,Required Level of Education,RL,7,58.86,N
99-2003.14,5.C.1,Required Level of Education,RL,8,41.37,N
99-2003.14,5.C.1,Required Level of Education,RL,9,40.80,N
99-2003.14,5.C.1,Required Level of Education,RL,10,8.19,N
99-2003.14,5.C.1,Required Level of Education,RL,11,6.03,N
99-2003.14,5.C.1,Required Level of Education,RL,12,17.06,N
99-2004.15,5.C.1,Required Level of Education,RL,1,18.34,N
99-2004.15,5.C.1,Required Level of Education,RL,2,7.76,N
99-2004.15,5.C.1,Required Level of Education,RL,3,15.72,N
99-2004.15,5.C.1,Required Level of Education,RL,4,64.40,N
99-2004.15,5.C.1,Required Level of Education,RL,5,30.83,N
99-2004.15,5.C.1,Required Level of Education,RL,6,40.54,N
99-2004.15,5.C.1,Required Level of Education,RL,7,9.01,N
99-2004.15,5.C.1,Required Level of Education,RL,8,9.96,N
99-2004.15,5.C.1,Required Level of Education,RL,9,23.36,N
99-2004.15,5.C.1,Required Level of Education,RL,10,6.09,N
99-2004.15,5.C.1,Required Level of Education,RL,11,4.54,N
99-2004.15,5.C.1,Required Level of Education,RL,12,7.69,N
99-2005.16,5.C.1,Required Level of Education,RL,1,47.17,N
99-2005.16,5.C.1,Required Level of Education,RL,2,37.62,N
99-2005.16,5.C.1,Required Level of Education,RL,3,33.38,N
99-2005.16,5.C.1,Required Level of Education,RL,4,7.97,N
99-2005.16,5.C.1,Required Level of Education,RL,5,18.19,N
99-2005.16,5.C.1,Required Level of Education,RL,6,24.57,N
99-2005.16,5.C.1,Required Level of Education,RL,7,5.89,N
99-2005.16,5.C.1,Required Level of Education,RL,8,7.91,N
99-2005.16,5.C.1,Required Level of Education,RL,9,3.20,N
99-2005.16,5.C.1,Required Level of Education,RL,10,1.90,N
99-2005.16,5.C.1,Required Level of Education,RL,11,6.26,N
99-2005.16,5.C.1,Required Level of Education,RL,12,1.15,N
99-2006.17,5.C.1,Required Level of Education,RL,1,40.65,N
99-2006.17,5.C.1,Required Level of Education,RL,2,48.60,N
99-2006.17,5.C.1,Required Level of Education,RL,3,51.81,N
99-2006.17,5.C.1,Required Level of Education,RL,4,23.42,N
99-2006.17,5.C.1,Required Level of Education,RL,5,23.35,N
99-2006.17,5.C.1,Required Level of Education,RL,6,15.10,N
99-2006.17,5.C.1,Required Level of Education,RL,7,5.79,N
99-2006.17,5.C.1,Required Level of Education,RL,8,7.34,N
99-2006.17,5.C.1,Required Level of Education,RL,9,5.83,N
99-2006.17,5.C.1,Required Level of Education,RL,10,6.17,N
99-2006.17,5.C.1,Required Level of Education,RL,11,3.20,N
99-2006.17,5.C.1,Required Level of Education,RL,12,6.19,N
99-2007.18,5.C.1,Required Level of Education,RL,1,53.66,N
99-2007.18,5.C.1,Required Level of Education,RL,2,64.41,N
99-2007.18,5.C.1,Required Level of Education,RL,3,49.74,N
99-2007.18,5.C.1,Required Level of Education,RL,4,8.04,N
99-2007.18,5.C.1,Required Level of Education,RL,5,18.78,N
99-2007.18,5.C.1,Required Level of Education,RL,6,9.44,N
99-2007.18,5.C.1,Required Level of Education,RL,7,4.98,N
99-2007.18,5.C.1,Required Level of Education,RL,8,6.01,N
99-2007.18,5.C.1,Required Level of Education,RL,9,5.39,N
99-2007.18,5.C.1,Required Level of Education,RL,10,5.83,N
99-2007.18,5.C.1,Required Level of Education,RL,11,1.83,N
99-2007.18,5.C.1,Required Level of Education,RL,12,6.24,N
99-2008.19,5.C.1,Required Level of Education,RL,1,33.39,N
99-2008.19,5.C.1,Required Level of Education,RL,2,61.51,N
99-2008.19,5.C.1,Required Level of Education,RL,3,49.09,N
99-2008.19,5.C.1,Required Level of Education,RL,4,22.70,N
99-2008.19,5.C.1,Required Level of Education,RL,5,13.88,N
99-2008.19,5.C.1,Required Level of Education,RL,6,7.92,N
99-2008.19,5.C.1,Required Level of Education,RL,7,5.16,N
99-2008.19,5.C.1,Required Level of Education,RL,8,2.62,N
99-2008.19,5.C.1,Required Level of Education,RL,9,2.93,N
99-2008.19,5.C.1,Required Level of Education,RL,10,2.58,N
99-2008.19,5.C.1,Required Level of Education,RL,11,1.55,N
99-2008.19,5.C.1,Required Level of Education,RL,12,2.68,N
99-2009.20,5.C.1,Required Level of Education,RL,1,41.50,N
99-2009.20,5.C.1,Required Level of Education,RL,2,68.07,N
99-2009.20,5.C.1,Required Level of Education,RL,3,47.26,N
99-2009.20,5.C.1,Required Level of Education,RL,4,8.74,N
99-2009.20,5.C.1,Required Level of Education,RL,5,20.21,N
99-2009.20,5.C.1,Required Level of Education,RL,6,10.18,N
99-2009.20,5.C.1,Required Level of Education,RL,7,5.95,N
99-2009.20,5.C.1,Required Level of Education,RL,8,5.71,N
99-2009.20,5.C.1,Required Level of Education,RL,9,1.50,N
99-2009.20,5.C.1,Required Level of Education,RL,10,3.34,N
99-2009.20,5.C.1,Required Level of Education,RL,11,2.48,N
99-2009.20,5.C.1,Required Level of Education,RL,12,7.04,N
99-2010.21,5.C.1,Required Level of Education,RL,1,20.77,N
99-2010.21,5.C.1,Required Level of Education,RL,2,20.86,N
99-2010.21,5.C.1,Required Level of Education,RL,3,22.42,N
99-2010.21,5.C.1,Required Level of Education,RL,4,40.60,N
99-2010.21,5.C.1,Required Level of Education,RL,5,67.18,N
99-2010.21,5.C.1,Required Level of Education,RL,6,33.84,N
99-2010.21,5.C.1,Required Level of Education,RL,7,12.51,N
99-2010.21,5.C.1,Required Level of Education,RL,8,15.01,N
99-2010.21,5.C.1,Required Level of Education,RL,9,8.11,N
99-2010.21,5.C.1,Required Level of Education,RL,10,3.97,N
99-2010.21,5.C.1,Required Level of Education,RL,11,7.55,N
99-2010.21,5.C.1,Required Level of Education,RL,12,7.07,N
99-2011.22,5.C.1,Required Level of Education,RL,1,6.65,N
99-2011.22,5.C.1,Required Level of Education,RL,2,2.62,N
99-2011.22,5.C.1,Required Level of Education,RL,3,2.53,N
99-2011.22,5.C.1,Required Level of Education,RL,4,17.90,N
99-2011.22,5.C.1,Required Level of Education,RL,5,23.21,N
99-2011.22,5.C.1,Required Level of Education,RL,6,13.27,N
99-2011.22,5.C.1,Required Level of Education,RL,7,32.73,N
99-2011.22,5.C.1,Required Level of Education,RL,8,33.66,N
99-2011.22,5.C.1,Required Level of Education,RL,9,69.65,N
99-2011.22,5.C.1,Required Level of Education,RL,10,7.37,N
99-2011.22,5.C.1,Required Level of Education,RL,11,24.92,N
99-2011.22,5.C.1,Required Level of Education,RL,12,18.78,N
99-2012.23,5.C.1,Required Level of Education,RL,1,2.47,N
99-2012.23,5.C.1,Required Level of Education,RL,2,4.50,N
99-2012.23,5.C.1,Required Level of Education,RL,3,7.55,N
99-2012.23,5.C.1,Required Level of Education,RL,4,5.19,N
99-2012.23,5.C.1,Required Level of Education,RL,5,5.85,N
99-2012.23,5.C.1,Required Level of Education,RL,6,8.47,N
99-2012.23,5.C.1,Required Level of Education,RL,7,39.20,N
99-2012.23,5.C.1,Required Level of Education,RL,8,62.12,N
99-2012.23,5.C.1,Required Level of Education,RL,9,49.17,N
99-2012.23,5.C.1,Required Level of Education,RL,10,10.88,N
99-2012.23,5.C.1,Required Level of Education,RL,11,12.70,N
99-2012.23,5.C.1,Required Level of Education,RL,12,15.36,N
99-2013.24,5.C.1,Required Level of Education,RL,1,9.81,N
99-2013.24,5.C.1,Required Level of Education,RL,2,24.11,N
99-2013.24,5.C.1,Required Level of Education,RL,3,14.71,N
99-2013.24,5.C.1,Required Level of Education,RL,4,32.96,N
99-2013.24,5.C.1,Required Level of Education,RL,5,62.62,N
99-2013.24,5.C.1,Required Level of Education,RL,6,52.13,N
99-2013.24,5.C.1,Required Level of Education,RL,7,7.32,N
99-2013.24,5.C.1,Required Level of Education,RL,8,7.76,N
99-2013.24,5.C.1,Required Level of Education,RL,9,8.75,N
99-2013.24,5.C.1,Required Level of Education,RL,10,4.13,N
99-2013.24,5.C.1,Required Level of Education,RL,11,1.72,N
99-2013.24,5.C.1,Required Level of Education,RL,12,7.25,N
99-2014.25,5.C.1,Required Level of Education,RL,1,31.40,N
99-2014.25,5.C.1,Required Level of Education,RL,2,53.81,N
99-2014.25,5.C.1,Required Level of Education,RL,3,56.37,N
99-2014.25,5.C.1,Required Level of Education,RL,4,17.35,N
99-2014.25,5.C.1,Required Level of Education,RL,5,14.59,N
99-2014.25,5.C.1,Required Level of Education,RL,6,6.61,N
99-2014.25,5.C.1,Required Level of Education,RL,7,1.35,N
99-2014.25,5.C.1,Required Level of Education,RL,8,3.08,N
99-2014.25,5.C.1,Required Level of Education,RL,9,3.30,N
99-2014.25,5.C.1,Required Level of Education,RL,10,7.91,N
99-2014.25,5.C.1,Required Level of Education,RL,11,7.28,N
99-2014.25,5.C.1,Required Level of Education,RL,12,2.46,N
99-2015.26,5.C.1,Required Level of Education,RL,1,42.38,N
99-2015.26,5.C.1,Required Level of Education,RL,2,65.63,N
99-2015.26,5.C.1,Required Level of Education,RL,3,40.72,N
99-2015.26,5.C.1,Required Level of Education,RL,4,17.86,N
99-2015.26,5.C.1,Required Level of Education,RL,5,8.79,N
99-2015.26,5.C.1,Required Level of Education,RL,6,19.96,N
99-2015.26,5.C.1,Required Level of Education,RL,7,7.89,N
99-2015.26,5.C.1,Required Level of Education,RL,8,5.65,N
99-2015.26,5.C.1,Required Level of Education,RL,9,7.74,N
99-2015.26,5.C.1,Required Level of Education,RL,10,7.96,N
99-2015.26,5.C.1,Required Level of Education,RL,11,6.10,N
99-2015.26,5.C.1,Required Level of Education,RL,12,4.11,N
