O*NET-SOC Code,Title,Description
15-1252.00,Software Developers,"Design, develop, and maintain software applications."
15-1253.00,Software Quality Assurance Analysts and Testers,Test software to identify defects and ensure quality.
15-1254.00,Web Developers,Create and maintain websites and web applications.
15-1255.00,Web and Digital Interface Designers,Design the visual layout and user interface of websites.
15-1211.00,Computer Systems Analysts,Study an organization's computer systems and design improvements.
15-1212.00,Information Security Analysts,Plan and implement security measures to protect computer networks.
15-1221.00,Computer and Information Research Scientists,Invent and design new approaches to computing technology.
15-1231.00,Computer Network Support Specialists,"Analyze, test, troubleshoot, and evaluate existing network systems."
15-1232.00,Computer User Support Specialists,Provide technical assistance to computer users.
15-1241.00,Computer Network Architects,Design and build data communication networks.
15-1242.00,Database Administrators,Use software to store and organize data.
15-1243.00,Database Architects,Design strategies for enterprise databases.
15-1244.00,Network and Computer Systems Administrators,"Install, configure, and maintain an organization's computer systems."
15-1251.00,Computer Programmers,"Write, test, and maintain code for software programs."
15-2051.00,Data Scientists,Use data analysis tools to identify patterns and extract insights.
15-2041.00,Statisticians,"Apply statistical methods to collect, analyze, and interpret data."
15-2031.00,Operations Research Analysts,Use mathematics and logic to help organizations solve problems.
15-1299.08,Computer Systems Engineers/Architects,Design and develop solutions to complex applications problems.
15-1299.09,Information Technology Project Managers,"Plan, initiate, and manage information technology projects."
15-1299.05,Information Security Engineers,Develop and oversee the implementation of information security.
15-2099.01,Bioinformatics Technicians,Apply principles of computer science to the field of biology.
15-1299.04,Penetration Testers,Evaluate network and system security by attempting to breach them.
15-2021.00,Mathematicians,Conduct research in fundamental mathematics.
19-3022.00,Survey Researchers,"Design surveys, collect data, and analyze data to answer questions."
43-9111.00,Statistical Assistants,Compile and compute data according to statistical formulas.
17-2141.00,Mechanical Engineers,"Research, design, develop, build, and test mechanical devices."
17-2141.01,Fuel Cell Engineers,"Design, evaluate, modify, or construct fuel cell components."
17-2141.02,Automotive Engineers,"Design, develop, or test self-propelled ground vehicles."
17-2151.00,Mining and Geological Engineers,Design open pit and underground mines.
17-2161.00,Nuclear Engineers,"Research, design, develop, and monitor nuclear equipment."
17-2171.00,Petroleum Engineers,Design methods for extracting oil and gas from deposits.
17-2181.00,Environmental Engineers,"Use principles of engineering, soil science, biology, and chemistry."
17-2199.00,"Engineers, All Other",All engineers not listed separately.
17-2011.00,Aerospace Engineers,"Design aircraft, spacecraft, satellites, and missiles."
17-2021.00,Agricultural Engineers,Apply knowledge of engineering technology and sciences to agricultural problems.
17-2031.00,Bioengineers and Biomedical Engineers,"Apply knowledge of engineering, biology, and biomechanical principles."
17-2041.00,Chemical Engineers,"Apply principles of chemistry, biology, and physics to solve problems."
17-2051.00,Civil Engineers,"Perform engineering duties in planning, designing, and overseeing construction."
17-2061.00,Computer Hardware Engineers,"Research, design, develop, or test computer or computer-related equipment."
17-2071.00,Electrical Engineers,"Research, design, develop, test, or supervise the manufacturing of electrical equipment."
17-2072.00,"Electronics Engineers, Except Computer","Research, design, develop, or test electronic components."
17-2081.00,Environmental Engineers,Use engineering principles to develop solutions to environmental problems.
17-2111.00,Health and Safety Engineers,Promote worksite and product safety by applying engineering principles.
17-2112.00,Industrial Engineers,"Design, develop, test, and evaluate integrated systems."
17-2121.00,Marine Engineers and Naval Architects,"Design, build, and maintain ships, boats, and related equipment."
17-2131.00,Materials Engineers,Evaluate materials and develop machinery and processes to manufacture materials.
17-1011.00,"Architects, Except Landscape and Naval",Plan and design structures such as private residences and office buildings.
17-1012.00,Landscape Architects,Plan and design land areas for projects such as parks and other recreational facilities.
17-1021.00,Cartographers and Photogrammetrists,"Research, study, and prepare maps and other spatial data."
17-1022.00,Surveyors,Make precise measurements to determine property boundaries.
47-1011.00,First-Line Supervisors of Construction Trades,Directly supervise and coordinate activities of construction or extraction workers.
47-2011.00,Boilermakers,"Assemble, install, and repair boilers, closed vats, and other large vessels."
47-2031.00,Carpenters,"Construct, erect, install, and repair structures and fixtures made from wood."
47-2051.00,Cement Masons and Concrete Finishers,Smooth and finish surfaces of poured concrete.
47-2061.00,Construction Laborers,Perform tasks involving physical labor at construction sites.
47-2073.00,Operating Engineers and Other Construction Equipment Operators,Operate construction equipment to excavate and grade earth.
47-2111.00,Electricians,"Install, maintain, and repair electrical wiring, equipment, and fixtures."
47-2121.00,Glaziers,"Install glass in windows, skylights, storefronts, and display cases."
47-2131.00,"Insulation Workers, Floor, Ceiling, and Wall",Line and cover structures with insulating materials.
47-2141.00,"Painters, Construction and Maintenance","Paint walls, equipment, buildings, bridges, and other structural surfaces."
47-2152.00,"Plumbers, Pipefitters, and Steamfitters","Assemble, install, alter, and repair pipe systems."
47-2161.00,Plasterers and Stucco Masons,"Apply plaster, stucco, or similar materials to interior and exterior surfaces."
47-2171.00,Reinforcing Iron and Rebar Workers,Position and secure steel bars or mesh in concrete forms.
47-2181.00,Roofers,"Cover roofs of structures with shingles, slate, asphalt, aluminum, and related materials."
47-2211.00,Sheet Metal Workers,"Fabricate, assemble, install, and repair sheet metal products."
47-2221.00,Structural Iron and Steel Workers,"Raise, place, and unite iron or steel girders, columns, and other structural members."
29-1141.00,Registered Nurses,"Assess patient health problems and needs, develop and implement nursing care plans."
29-1171.00,Nurse Practitioners,"Diagnose and treat acute, episodic, or chronic illness."
29-1151.00,Nurse Anesthetists,Administer anesthesia for surgery or other medical procedures.
29-1161.00,Nurse Midwives,Coordinate independent management of women's health care.
29-1021.00,"Dentists, General","Diagnose and treat problems with patients' teeth, gums, and related parts of the mouth."
29-1022.00,Oral and Maxillofacial Surgeons,"Perform surgery on the mouth, jaw, and face."
29-1023.00,Orthodontists,"Examine, diagnose, and treat dental malocclusions and oral cavity anomalies."
29-1031.00,Dietitians and Nutritionists,Plan and conduct food service or nutritional programs.
29-1041.00,Optometrists,"Diagnose, manage, and treat conditions and diseases of the human eye."
29-1051.00,Pharmacists,Dispense prescription medications to patients.
29-1062.00,Family Medicine Physicians,"Diagnose, treat, and help prevent diseases and injuries."
29-1063.00,"Internists, General",Diagnose and provide non-surgical treatment of a wide range of diseases.
29-1064.00,Obstetricians and Gynecologists,"Provide medical care related to pregnancy, childbirth, and disorders of the reproductive system."
29-1065.00,"Pediatricians, General","Diagnose, treat, and help prevent children's diseases and injuries."
29-1071.00,Physician Assistants,Practice medicine with physician supervision.
29-1081.00,Podiatrists,Diagnose and treat diseases and deformities of the human foot.
29-1122.00,Occupational Therapists,"Assess, plan, and organize rehabilitative programs."
29-1123.00,Physical Therapists,"Assess, plan, organize, and participate in rehabilitative programs."
29-1124.00,Radiation Therapists,Provide radiation therapy to patients as prescribed by a radiologist.
29-1125.00,Recreational Therapists,"Plan, direct, and coordinate medically approved recreation programs."
29-1126.00,Respiratory Therapists,"Assess, treat, and care for patients with breathing disorders."
29-1127.00,Speech-Language Pathologists,"Assess and treat persons with speech, language, voice, and fluency disorders."
29-1128.00,Exercise Physiologists,"Assess, plan, or implement fitness programs."
29-1129.02,Music Therapists,Apply evidence-based music interventions to accomplish individualized goals.
29-1215.00,Family Medicine Physicians,Provide primary care to patients of all ages.
25-1011.00,"Business Teachers, Postsecondary",Teach courses in business administration and management.
25-1021.00,"Computer Science Teachers, Postsecondary",Teach courses in computer science.
25-1022.00,"Mathematical Science Teachers, Postsecondary",Teach courses in mathematical sciences.
25-1032.00,"Vocational Education Teachers, Postsecondary",Teach or instruct vocational or occupational subjects.
25-1041.00,"Agricultural Sciences Teachers, Postsecondary",Teach courses in agriculture and agricultural sciences.
25-1042.00,"Biological Science Teachers, Postsecondary",Teach courses in biological sciences.
25-1043.00,"Forestry and Conservation Science Teachers, Postsecondary",Teach courses in environmental and conservation science.
25-1051.00,"Atmospheric, Earth, Marine, and Space Sciences Teachers, Postsecondary","Teach courses in astronomy, meteorology, and other earth sciences."
25-1052.00,"Chemistry Teachers, Postsecondary",Teach courses in chemistry.
25-1053.00,"Environmental Science Teachers, Postsecondary",Teach courses in environmental science.
25-1054.00,"Physics Teachers, Postsecondary",Teach courses in physics.
25-1061.00,"Anthropology and Archeology Teachers, Postsecondary",Teach courses in anthropology and archeology.
25-1062.00,"Area, Ethnic, and Cultural Studies Teachers, Postsecondary","Teach courses in area, ethnic, and cultural studies."
25-1063.00,"Economics Teachers, Postsecondary",Teach courses in economics.
25-1064.00,"Geography Teachers, Postsecondary",Teach courses in geography.
25-1065.00,"Political Science Teachers, Postsecondary",Teach courses in political science.
25-1066.00,"Psychology Teachers, Postsecondary",Teach courses in psychology.
25-1067.00,"Sociology Teachers, Postsecondary",Teach courses in sociology.
25-1069.00,"Social Sciences Teachers, Postsecondary, All Other",Teach courses in social sciences not listed separately.
25-1071.00,"Health Specialties Teachers, Postsecondary",Teach courses in health specialties.
25-1072.00,"Nursing Instructors and Teachers, Postsecondary",Demonstrate and teach patient care in classroom and clinical units.
25-1081.00,"Education Teachers, Postsecondary",Teach courses pertaining to education.
25-1082.00,"Library Science Teachers, Postsecondary",Teach courses in library science.
25-1111.00,"Criminal Justice and Law Enforcement Teachers, Postsecondary",Teach courses in criminal justice.
25-1112.00,"Law Teachers, Postsecondary",Teach courses in law.
25-1113.00,"Social Work Teachers, Postsecondary",Teach courses in social work.
25-1121.00,"Art, Drama, and Music Teachers, Postsecondary",Teach theoretical and applied aspects of arts.
25-1122.00,"Communications Teachers, Postsecondary",Teach courses in communications.
25-1123.00,"English Language and Literature Teachers, Postsecondary",Teach courses in English language and literature.
25-1124.00,"Foreign Language and Literature Teachers, Postsecondary",Teach courses in foreign language and literature.
25-1125.00,"History Teachers, Postsecondary",Teach courses in human history.
25-1126.00,"Philosophy and Religion Teachers, Postsecondary","Teach courses in philosophy, religion, and theology."
25-1191.00,Graduate Teaching Assistants,Assist teaching faculty in higher education.
25-1199.00,"Postsecondary Teachers, All Other",All postsecondary teachers not listed separately.
25-2011.00,"Preschool Teachers, Except Special Education","Instruct children in activities designed to promote social, physical, and intellectual growth."
25-2012.00,"Kindergarten Teachers, Except Special Education",Teach academic and social skills to kindergarten students.
25-2021.00,"Elementary School Teachers, Except Special Education",Teach academic subjects to students in elementary schools.
25-2022.00,"Middle School Teachers, Except Special and Career/Technical Education",Teach students in middle school.
25-2023.00,"Career/Technical Education Teachers, Middle School",Teach vocational and career education courses to middle school students.
25-2031.00,"Secondary School Teachers, Except Special and Career/Technical Education",Instruct students in secondary school.
25-2032.00,"Career/Technical Education Teachers, Secondary School","Teach vocational, career and technical education courses to secondary school students."
25-2051.00,"Special Education Teachers, Preschool","Teach academic, social, and life skills to students with learning, emotional, or physical disabilities."
25-2052.00,"Special Education Teachers, Kindergarten","Teach elementary school students with learning, emotional, or physical disabilities."
25-2053.00,"Special Education Teachers, Elementary School","Teach elementary school students with learning, emotional, or physical disabilities."
25-2054.00,"Special Education Teachers, Secondary School","Teach secondary school students with learning, emotional, or physical disabilities."
25-2055.00,"Special Education Teachers, All Other",All special education teachers not listed separately.
25-2059.00,"Special Education Teachers, All Other","Teach academic, social, and life skills to students with special needs."
25-3011.00,"Adult Basic Education, Adult Secondary Education, and English as a Second Language Instructors",Teach adult students basic and secondary level subjects.
25-3021.00,Self-Enrichment Teachers,Teach or instruct individuals or groups for the primary purpose of personal enrichment.
25-3031.00,"Substitute Teachers, Short-Term",Provide instruction on a short-term basis as a temporary replacement.
25-3041.00,Tutors,Teach or instruct students individually outside of classroom settings.
25-4011.00,Archivists,"Appraise, edit, and direct safekeeping of permanent records and historically valuable documents."
25-4012.00,Curators,Administer collections in museums and other cultural institutions.
25-4013.00,Museum Technicians and Conservators,"Restore, maintain, or prepare objects in museum collections."
25-4021.00,Librarians and Media Collections Specialists,Administer library services.
25-4022.00,Library Technicians,Assist librarians by helping library patrons.
25-9011.00,Audio-Visual and Multimedia Collections Specialists,"Prepare, plan, and operate audio-visual teaching aids."
25-9031.00,Instructional Coordinators,"Develop instructional material, coordinate educational content."
25-9041.00,Teacher Assistants,"Assist a preschool, elementary, middle, or secondary school teacher."
11-1011.00,Chief Executives,Determine and formulate policies and provide overall direction of companies.
11-1021.00,General and Operations Managers,"Plan, direct, or coordinate operations of an organization."
11-1031.00,Legislators,"Develop, introduce, or enact laws."
11-2011.00,Advertising and Promotions Managers,"Plan, direct, or coordinate advertising policies and programs."
11-2021.00,Marketing Managers,"Plan, direct, or coordinate marketing policies and programs."
11-2022.00,Sales Managers,"Plan, direct, or coordinate actual distribution of product or service to the customer."
11-2031.00,Public Relations and Fundraising Managers,"Plan, direct, or coordinate activities designed to create a favorable public image."
11-3012.00,Administrative Services and Facilities Managers,"Plan, direct, or coordinate supportive services of an organization."
11-3013.00,Facilities Managers,"Plan, direct, or coordinate operations and functionalities of facilities."
11-3021.00,Computer and Information Systems Managers,"Plan, direct, or coordinate activities in such fields as electronic data processing."
11-3031.00,Financial Managers,"Plan, direct, or coordinate accounting, investing, banking, insurance, securities."
11-3051.00,Industrial Production Managers,"Plan, direct, or coordinate the work activities and resources necessary for manufacturing products."
11-3061.00,Purchasing Managers,"Plan, direct, or coordinate the activities of buyers, purchasing officers."
11-3071.00,"Transportation, Storage, and Distribution Managers","Plan, direct, or coordinate transportation, storage, or distribution activities."
11-3111.00,Compensation and Benefits Managers,"Plan, develop, implement, and administer compensation and benefits programs."
11-3121.00,Human Resources Managers,"Plan, direct, and coordinate human resource management activities."
11-3131.00,Training and Development Managers,"Plan, direct, or coordinate the training and development activities and staff."
11-9013.00,"Farmers, Ranchers, and Other Agricultural Managers","Plan, direct, or coordinate the management of agricultural activities."
11-9021.00,Construction Managers,"Plan, direct, or coordinate, usually through subordinate supervisory personnel, activities concerned with the construction and maintenance of structures."
11-9031.00,"Education and Childcare Administrators, Preschool and Daycare","Plan, direct, or coordinate the academic and nonacademic activities of preschool and childcare centers."
11-9032.00,"Education Administrators, Kindergarten through Secondary","Plan, direct, or coordinate the academic, administrative, or auxiliary activities of kindergarten through secondary schools."
11-9033.00,"Education Administrators, Postsecondary","Plan, direct, or coordinate research, instructional, student administration and services."
11-9039.00,"Education Administrators, All Other",All education administrators not listed separately.
11-9041.00,Architectural and Engineering Managers,"Plan, direct, or coordinate activities in such fields as architecture and engineering."
11-9051.00,Food Service Managers,"Plan, direct, or coordinate activities of an organization or department that serves food and beverages."
11-9061.00,Funeral Home Managers,"Plan, direct, or coordinate the services or resources of funeral homes."
11-9071.00,Gaming Managers,"Plan, direct, or coordinate gaming operations in a casino."
11-9081.00,Lodging Managers,"Plan, direct, or coordinate activities of an organization or department that provides lodging and other accommodations."
11-9111.00,Medical and Health Services Managers,"Plan, direct, or coordinate medical and health services."
11-9121.00,Natural Sciences Managers,"Plan, direct, or coordinate activities in such fields as life sciences, physical sciences, and social sciences."
11-9131.00,Postmasters and Mail Superintendents,"Direct and coordinate operational, administrative, management, and supportive services."
11-9141.00,"Property, Real Estate, and Community Association Managers","Plan, direct, or coordinate the selling, buying, leasing, or governance activities."
11-9151.00,Social and Community Service Managers,"Plan, direct, or coordinate the activities of a social service program."
11-9161.00,Emergency Management Directors,Plan and direct disaster response or crisis management activities.
11-9171.00,Funeral Home Managers,"Plan, direct, or coordinate the services or resources of funeral homes."
11-9199.00,"Managers, All Other",All managers not listed separately.
13-1011.00,"Agents and Business Managers of Artists, Performers, and Athletes","Represent and promote artists, performers, and athletes."
13-1021.00,"Buyers and Purchasing Agents, Farm Products",Purchase farm products for further processing or resale.
13-1022.00,"Wholesale and Retail Buyers, Except Farm Products",Buy merchandise for resale to consumers at the wholesale or retail level.
13-1023.00,"Purchasing Agents, Except Wholesale, Retail, and Farm Products","Purchase machinery, equipment, tools, parts, supplies, or services."
13-1031.00,"Claims Adjusters, Examiners, and Investigators",Review claims and determine the appropriate amount of coverage.
13-1041.00,Compliance Officers,"Examine, evaluate, and investigate eligibility for or conformity with laws and regulations."
13-1051.00,Cost Estimators,"Prepare cost estimates for product manufacturing, construction projects, or services."
13-1061.00,Emergency Management Specialists,Coordinate disaster response or crisis management activities.
13-1071.00,Human Resources Specialists,"Recruit, screen, interview, or place individuals within an organization."
13-1075.00,Labor Relations Specialists,"Resolve disputes between workers and managers, negotiate collective bargaining agreements."
13-1081.00,Logisticians,Analyze and coordinate the logistical functions of a firm or organization.
13-1082.00,Project Management Specialists,"Analyze and coordinate the schedule, timeline, procurement, staffing, and budget."
13-1111.00,Management Analysts,"Conduct organizational studies and evaluations, design systems and procedures."
13-1121.00,"Meeting, Convention, and Event Planners",Coordinate activities of staff and convention personnel to make arrangements.
13-1131.00,Fundraisers,Organize activities to raise funds or otherwise solicit and gather monetary donations.
13-1141.00,"Compensation, Benefits, and Job Analysis Specialists",Conduct programs of compensation and benefits and job analysis.
13-1151.00,Training and Development Specialists,Design or conduct work-related training and development programs.
13-1161.00,Market Research Analysts and Marketing Specialists,"Research conditions in local, regional, national, or online markets."
13-1199.00,"Business Operations Specialists, All Other",All business operations specialists not listed separately.
13-2011.00,Accountants and Auditors,Examine and prepare financial records.
13-2021.00,Appraisers and Assessors of Real Estate,Estimate the value of real estate property.
13-2031.00,Budget Analysts,"Examine budget estimates for completeness, accuracy, and conformance with procedures."
13-2041.00,Credit Analysts,Analyze credit data and financial statements of individuals or firms.
13-2051.00,Financial and Investment Analysts,"Assess the performance of stocks, bonds, and other types of investments."
13-2052.00,Personal Financial Advisors,Advise clients on financial plans.
13-2053.00,Insurance Underwriters,Review insurance applications and determine coverage amounts and premiums.
13-2061.00,Financial Examiners,Enforce or ensure compliance with laws and regulations governing financial and securities institutions.
13-2071.00,Credit Counselors,Advise and educate individuals or organizations on acquiring and managing debt.
13-2072.00,Loan Officers,"Evaluate, authorize, or recommend approval of commercial, real estate, or credit loans."
13-2081.00,"Tax Examiners and Collectors, and Revenue Agents",Determine tax liability or collect taxes from individuals or business firms.
13-2082.00,Tax Preparers,Prepare tax returns for individuals or small businesses.
13-2099.00,"Financial Specialists, All Other",All financial specialists not listed separately.
99-1218.21,Arts / Media Specialist 1,"Perform specialized duties in the arts / media sector, applying technical expertise and domain knowledge to achieve organizational objectives."
99-1219.22,Legal Specialist 2,"Perform specialized duties in the legal sector, applying technical expertise and domain knowledge to achieve organizational objectives."
99-1220.23,Science Specialist 3,"Perform specialized duties in the science sector, applying technical expertise and domain knowledge to achieve organizational objectives."
99-1221.24,Social Services Specialist 4,"Perform specialized duties in the social services sector, applying technical expertise and domain knowledge to achieve organizational objectives."
99-1222.25,Agriculture Specialist 5,"Perform specialized duties in the agriculture sector, applying technical expertise and domain knowledge to achieve organizational objectives."
99-1223.26,Manufacturing Specialist 6,"Perform specialized duties in the manufacturing sector, applying technical expertise and domain knowledge to achieve organizational objectives."
99-1224.27,Transportation Specialist 7,"Perform specialized duties in the transportation sector, applying technical expertise and domain knowledge to achieve organizational objectives."
99-1225.28,Sales Specialist 8,"Perform specialized duties in the sales sector, applying technical expertise and domain knowledge to achieve organizational objectives."
99-1226.29,Administrative Specialist 9,"Perform specialized duties in the administrative sector, applying technical expertise and domain knowledge to achieve organizational objectives."
99-1227.30,Arts / Media Specialist 10,"Perform specialized duties in the arts / media sector, applying technical expertise and domain knowledge to achieve organizational objectives."
99-1228.31,Legal Specialist 11,"Perform specialized duties in the legal sector, applying technical expertise and domain knowledge to achieve organizational objectives."
99-1229.32,Science Specialist 12,"Perform specialized duties in the science sector, applying technical expertise and domain knowledge to achieve organizational objectives."
99-1230.33,Social Services Specialist 13,"Perform specialized duties in the social services sector, applying technical expertise and domain knowledge to achieve organizational objectives."
99-1231.34,Agriculture Specialist 14,"Perform specialized duties in the agriculture sector, applying technical expertise and domain knowledge to achieve organizational objectives."
99-1232.35,Manufacturing Specialist 15,"Perform specialized duties in the manufacturing sector, applying technical expertise and domain knowledge to achieve organizational objectives."
99-1233.36,Transportation Specialist 16,"Perform specialized duties in the transportation sector, applying technical expertise and domain knowledge to achieve organizational objectives."
99-1234.37,Sales Specialist 17,"Perform specialized duties in the sales sector, applying technical expertise and domain knowledge to achieve organizational objectives."
99-1235.38,Administrative Specialist 18,"Perform specialized duties in the administrative sector, applying technical expertise and domain knowledge to achieve organizational objectives."
99-1236.39,Arts / Media Specialist 19,"Perform specialized duties in the arts / media sector, applying technical expertise and domain knowledge to achieve organizational objectives."
99-1237.40,Legal Specialist 20,"Perform specialized duties in the legal sector, applying technical expertise and domain knowledge to achieve organizational objectives."
99-1238.41,Science Specialist 21,"Perform specialized duties in the science sector, applying technical expertise and domain knowledge to achieve organizational objectives."
99-1239.42,Social Services Specialist 22,"Perform specialized duties in the social services sector, applying technical expertise and domain knowledge to achieve organizational objectives."
99-1240.43,Agriculture Specialist 23,"Perform specialized duties in the agriculture sector, applying technical expertise and domain knowledge to achieve organizational objectives."
99-1241.44,Manufacturing Specialist 24,"Perform specialized duties in the manufacturing sector, applying technical expertise and domain knowledge to achieve organizational objectives."
99-1242.45,Transportation Specialist 25,"Perform specialized duties in the transportation sector, applying technical expertise and domain knowledge to achieve organizational objectives."
99-1243.46,Sales Specialist 26,"Perform specialized duties in the sales sector, applying technical expertise and domain knowledge to achieve organizational objectives."
99-1244.47,Administrative Specialist 27,"Perform specialized duties in the administrative sector, applying technical expertise and domain knowledge to achieve organizational objectives."
99-1245.48,Arts / Media Specialist 28,"Perform specialized duties in the arts / media sector, applying technical expertise and domain knowledge to achieve organizational objectives."
99-1246.49,Legal Specialist 29,"Perform specialized duties in the legal sector, applying technical expertise and domain knowledge to achieve organizational objectives."
99-1247.50,Science Specialist 30,"Perform specialized duties in the science sector, applying technical expertise and domain knowledge to achieve organizational objectives."
99-1248.51,Social Services Specialist 31,"Perform specialized duties in the social services sector, applying technical expertise and domain knowledge to achieve organizational objectives."
99-1249.52,Agriculture Specialist 32,"Perform specialized duties in the agriculture sector, applying technical expertise and domain knowledge to achieve organizational objectives."
99-1250.53,Manufacturing Specialist 33,"Perform specialized duties in the manufacturing sector, applying technical expertise and domain knowledge to achieve organizational objectives."
99-1251.54,Transportation Specialist 34,"Perform specialized duties in the transportation sector, applying technical expertise and domain knowledge to achieve organizational objectives."
99-1252.55,Sales Specialist 35,"Perform specialized duties in the sales sector, applying technical expertise and domain knowledge to achieve organizational objectives."
99-1253.56,Administrative Specialist 36,"Perform specialized duties in the administrative sector, applying technical expertise and domain knowledge to achieve organizational objectives."
99-1254.57,Arts / Media Specialist 37,"Perform specialized duties in the arts / media sector, applying technical expertise and domain knowledge to achieve organizational objectives."
99-1255.58,Legal Specialist 38,"Perform specialized duties in the legal sector, applying technical expertise and domain knowledge to achieve organizational objectives."
99-1256.59,Science Specialist 39,"Perform specialized duties in the science sector, applying technical expertise and domain knowledge to achieve organizational objectives."
99-1257.60,Social Services Specialist 40,"Perform specialized duties in the social services sector, applying technical expertise and domain knowledge to achieve organizational objectives."
99-1258.61,Agriculture Specialist 41,"Perform specialized duties in the agriculture sector, applying technical expertise and domain knowledge to achieve organizational objectives."
99-1259.62,Manufacturing Specialist 42,"Perform specialized duties in the manufacturing sector, applying technical expertise and domain knowledge to achieve organizational objectives."
99-1260.63,Transportation Specialist 43,"Perform specialized duties in the transportation sector, applying technical expertise and domain knowledge to achieve organizational objectives."
99-1261.64,Sales Specialist 44,"Perform specialized duties in the sales sector, applying technical expertise and domain knowledge to achieve organizational objectives."
99-1262.65,Administrative Specialist 45,"Perform specialized duties in the administrative sector, applying technical expertise and domain knowledge to achieve organizational objectives."
99-1263.66,Arts / Media Specialist 46,"Perform specialized duties in the arts / media sector, applying technical expertise and domain knowledge to achieve organizational objectives."
99-1264.67,Legal Specialist 47,"Perform specialized duties in the legal sector, applying technical expertise and domain knowledge to achieve organizational objectives."
99-1265.68,Science Specialist 48,"Perform specialized duties in the science sector, applying technical expertise and domain knowledge to achieve organizational objectives."
99-1266.69,Social Services Specialist 49,"Perform specialized duties in the social services sector, applying technical expertise and domain knowledge to achieve organizational objectives."
99-1267.70,Agriculture Specialist 50,"Perform specialized duties in the agriculture sector, applying technical expertise and domain knowledge to achieve organizational objectives."
99-1268.71,Manufacturing Specialist 51,"Perform specialized duties in the manufacturing sector, applying technical expertise and domain knowledge to achieve organizational objectives."
99-1269.72,Transportation Specialist 52,"Perform specialized duties in the transportation sector, applying technical expertise and domain knowledge to achieve organizational objectives."
99-1270.73,Sales Specialist 53,"Perform specialized duties in the sales sector, applying technical expertise and domain knowledge to achieve organizational objectives."
99-1271.74,Administrative Specialist 54,"Perform specialized duties in the administrative sector, applying technical expertise and domain knowledge to achieve organizational objectives."
99-1272.75,Arts / Media Specialist 55,"Perform specialized duties in the arts / media sector, applying technical expertise and domain knowledge to achieve organizational objectives."
99-1273.76,Legal Specialist 56,"Perform specialized duties in the legal sector, applying technical expertise and domain knowledge to achieve organizational objectives."
99-1274.77,Science Specialist 57,"Perform specialized duties in the science sector, applying technical expertise and domain knowledge to achieve organizational objectives."
99-1275.78,Social Services Specialist 58,"Perform specialized duties in the social services sector, applying technical expertise and domain knowledge to achieve organizational objectives."
99-1276.79,Agriculture Specialist 59,"Perform specialized duties in the agriculture sector, applying technical expertise and domain knowledge to achieve organizational objectives."
99-1277.80,Manufacturing Specialist 60,"Perform specialized duties in the manufacturing sector, applying technical expertise and domain knowledge to achieve organizational objectives."
99-1278.81,Transportation Specialist 61,"Perform specialized duties in the transportation sector, applying technical expertise and domain knowledge to achieve organizational objectives."
99-1279.82,Sales Specialist 62,"Perform specialized duties in the sales sector, applying technical expertise and domain knowledge to achieve organizational objectives."
99-1280.83,Administrative Specialist 63,"Perform specialized duties in the administrative sector, applying technical expertise and domain knowledge to achieve organizational objectives."
99-1281.84,Arts / Media Specialist 64,"Perform specialized duties in the arts / media sector, applying technical expertise and domain knowledge to achieve organizational objectives."
99-1282.85,Legal Specialist 65,"Perform specialized duties in the legal sector, applying technical expertise and domain knowledge to achieve organizational objectives."
99-1283.86,Science Specialist 66,"Perform specialized duties in the science sector, applying technical expertise and domain knowledge to achieve organizational objectives."
99-1284.87,Social Services Specialist 67,"Perform specialized duties in the social services sector, applying technical expertise and domain knowledge to achieve organizational objectives."
99-1285.88,Agriculture Specialist 68,"Perform specialized duties in the agriculture sector, applying technical expertise and domain knowledge to achieve organizational objectives."
99-1286.89,Manufacturing Specialist 69,"Perform specialized duties in the manufacturing sector, applying technical expertise and domain knowledge to achieve organizational objectives."
99-1287.90,Transportation Specialist 70,"Perform specialized duties in the transportation sector, applying technical expertise and domain knowledge to achieve organizational objectives."
99-1288.91,Sales Specialist 71,"Perform specialized duties in the sales sector, applying technical expertise and domain knowledge to achieve organizational objectives."
99-1289.92,Administrative Specialist 72,"Perform specialized duties in the administrative sector, applying technical expertise and domain knowledge to achieve organizational objectives."
99-1290.93,Arts / Media Specialist 73,"Perform specialized duties in the arts / media sector, applying technical expertise and domain knowledge to achieve organizational objectives."
99-1291.94,Legal Specialist 74,"Perform specialized duties in the legal sector, applying technical expertise and domain knowledge to achieve organizational objectives."
99-1292.95,Science Specialist 75,"Perform specialized duties in the science sector, applying technical expertise and domain knowledge to achieve organizational objectives."
99-1293.96,Social Services Specialist 76,"Perform specialized duties in the social services sector, applying technical expertise and domain knowledge to achieve organizational objectives."
99-1294.97,Agriculture Specialist 77,"Perform specialized duties in the agriculture sector, applying technical expertise and domain knowledge to achieve organizational objectives."
99-1295.98,Manufacturing Specialist 78,"Perform specialized duties in the manufacturing sector, applying technical expertise and domain knowledge to achieve organizational objectives."
99-1296.99,Transportation Specialist 79,"Perform specialized duties in the transportation sector, applying technical expertise and domain knowledge to achieve organizational objectives."
99-1297.01,Sales Specialist 80,"Perform specialized duties in the sales sector, applying technical expertise and domain knowledge to achieve organizational objectives."
99-1298.02,Administrative Specialist 81,"Perform specialized duties in the administrative sector, applying technical expertise and domain knowledge to achieve organizational objectives."
99-1299.03,Arts / Media Specialist 82,"Perform specialized duties in the arts / media sector, applying technical expertise and domain knowledge to achieve organizational objectives."
99-1300.04,Legal Specialist 83,"Perform specialized duties in the legal sector, applying technical expertise and domain knowledge to achieve organizational objectives."
99-1301.05,Science Specialist 84,"Perform specialized duties in the science sector, applying technical expertise and domain knowledge to achieve organizational objectives."
99-1302.06,Social Services Specialist 85,"Perform specialized duties in the social services sector, applying technical expertise and domain knowledge to achieve organizational objectives."
99-1303.07,Agriculture Specialist 86,"Perform specialized duties in the agriculture sector, applying technical expertise and domain knowledge to achieve organizational objectives."
99-1304.08,Manufacturing Specialist 87,"Perform specialized duties in the manufacturing sector, applying technical expertise and domain knowledge to achieve organizational objectives."
99-1305.09,Transportation Specialist 88,"Perform specialized duties in the transportation sector, applying technical expertise and domain knowledge to achieve organizational objectives."
99-1306.10,Sales Specialist 89,"Perform specialized duties in the sales sector, applying technical expertise and domain knowledge to achieve organizational objectives."
99-1307.11,Administrative Specialist 90,"Perform specialized duties in the administrative sector, applying technical expertise and domain knowledge to achieve organizational objectives."
99-1308.12,Arts / Media Specialist 91,"Perform specialized duties in the arts / media sector, applying technical expertise and domain knowledge to achieve organizational objectives."
99-1309.13,Legal Specialist 92,"Perform specialized duties in the legal sector, applying technical expertise and domain knowledge to achieve organizational objectives."
99-1310.14,Science Specialist 93,"Perform specialized duties in the science sector, applying technical expertise and domain knowledge to achieve organizational objectives."
99-1311.15,Social Services Specialist 94,"Perform specialized duties in the social services sector, applying technical expertise and domain knowledge to achieve organizational objectives."
99-1312.16,Agriculture Specialist 95,"Perform specialized duties in the agriculture sector, applying technical expertise and domain knowledge to achieve organizational objectives."
99-1313.17,Manufacturing Specialist 96,"Perform specialized duties in the manufacturing sector, applying technical expertise and domain knowledge to achieve organizational objectives."
99-1314.18,Transportation Specialist 97,"Perform specialized duties in the transportation sector, applying technical expertise and domain knowledge to achieve organizational objectives."
99-1315.19,Sales Specialist 98,"Perform specialized duties in the sales sector, applying technical expertise and domain knowledge to achieve organizational objectives."
99-1316.20,Administrative Specialist 99,"Perform specialized duties in the administrative sector, applying technical expertise and domain knowledge to achieve organizational objectives."
99-1317.21,Arts / Media Specialist 100,"Perform specialized duties in the arts / media sector, applying technical expertise and domain knowledge to achieve organizational objectives."
99-1318.22,Legal Specialist 101,"Perform specialized duties in the legal sector, applying technical expertise and domain knowledge to achieve organizational objectives."
99-1319.23,Science Specialist 102,"Perform specialized duties in the science sector, applying technical expertise and domain knowledge to achieve organizational objectives."
99-1320.24,Social Services Specialist 103,"Perform specialized duties in the social services sector, applying technical expertise and domain knowledge to achieve organizational objectives."
99-1321.25,Agriculture Specialist 104,"Perform specialized duties in the agriculture sector, applying technical expertise and domain knowledge to achieve organizational objectives."
99-1322.26,Manufacturing Specialist 105,"Perform specialized duties in the manufacturing sector, applying technical expertise and domain knowledge to achieve organizational objectives."
99-1323.27,Transportation Specialist 106,"Perform specialized duties in the transportation sector, applying technical expertise and domain knowledge to achieve organizational objectives."
99-1324.28,Sales Specialist 107,"Perform specialized duties in the sales sector, applying technical expertise and domain knowledge to achieve organizational objectives."
99-1325.29,Administrative Specialist 108,"Perform specialized duties in the administrative sector, applying technical expertise and domain knowledge to achieve organizational objectives."
99-1326.30,Arts / Media Specialist 109,"Perform specialized duties in the arts / media sector, applying technical expertise and domain knowledge to achieve organizational objectives."
99-1327.31,Legal Specialist 110,"Perform specialized duties in the legal sector, applying technical expertise and domain knowledge to achieve organizational objectives."
99-1328.32,Science Specialist 111,"Perform specialized duties in the science sector, applying technical expertise and domain knowledge to achieve organizational objectives."
99-1329.33,Social Services Specialist 112,"Perform specialized duties in the social services sector, applying technical expertise and domain knowledge to achieve organizational objectives."
99-1330.34,Agriculture Specialist 113,"Perform specialized duties in the agriculture sector, applying technical expertise and domain knowledge to achieve organizational objectives."
99-1331.35,Manufacturing Specialist 114,"Perform specialized duties in the manufacturing sector, applying technical expertise and domain knowledge to achieve organizational objectives."
99-1332.36,Transportation Specialist 115,"Perform specialized duties in the transportation sector, applying technical expertise and domain knowledge to achieve organizational objectives."
99-1333.37,Sales Specialist 116,"Perform specialized duties in the sales sector, applying technical expertise and domain knowledge to achieve organizational objectives."
99-1334.38,Administrative Specialist 117,"Perform specialized duties in the administrative sector, applying technical expertise and domain knowledge to achieve organizational objectives."
99-1335.39,Arts / Media Specialist 118,"Perform specialized duties in the arts / media sector, applying technical expertise and domain knowledge to achieve organizational objectives."
99-1336.40,Legal Specialist 119,"Perform specialized duties in the legal sector, applying technical expertise and domain knowledge to achieve organizational objectives."
99-1337.41,Science Specialist 120,"Perform specialized duties in the science sector, applying technical expertise and domain knowledge to achieve organizational objectives."
99-1338.42,Social Services Specialist 121,"Perform specialized duties in the social services sector, applying technical expertise and domain knowledge to achieve organizational objectives."
99-1339.43,Agriculture Specialist 122,"Perform specialized duties in the agriculture sector, applying technical expertise and domain knowledge to achieve organizational objectives."
99-1340.44,Manufacturing Specialist 123,"Perform specialized duties in the manufacturing sector, applying technical expertise and domain knowledge to achieve organizational objectives."
99-1341.45,Transportation Specialist 124,"Perform specialized duties in the transportation sector, applying technical expertise and domain knowledge to achieve organizational objectives."
99-1342.46,Sales Specialist 125,"Perform specialized duties in the sales sector, applying technical expertise and domain knowledge to achieve organizational objectives."
99-1343.47,Administrative Specialist 126,"Perform specialized duties in the administrative sector, applying technical expertise and domain knowledge to achieve organizational objectives."
99-1344.48,Arts / Media Specialist 127,"Perform specialized duties in the arts / media sector, applying technical expertise and domain knowledge to achieve organizational objectives."
99-1345.49,Legal Specialist 128,"Perform specialized duties in the legal sector, applying technical expertise and domain knowledge to achieve organizational objectives."
99-1346.50,Science Specialist 129,"Perform specialized duties in the science sector, applying technical expertise and domain knowledge to achieve organizational objectives."
99-1347.51,Social Services Specialist 130,"Perform specialized duties in the social services sector, applying technical expertise and domain knowledge to achieve organizational objectives."
99-1348.52,Agriculture Specialist 131,"Perform specialized duties in the agriculture sector, applying technical expertise and domain knowledge to achieve organizational objectives."
99-1349.53,Manufacturing Specialist 132,"Perform specialized duties in the manufacturing sector, applying technical expertise and domain knowledge to achieve organizational objectives."
99-1350.54,Transportation Specialist 133,"Perform specialized duties in the transportation sector, applying technical expertise and domain knowledge to achieve organizational objectives."
99-1351.55,Sales Specialist 134,"Perform specialized duties in the sales sector, applying technical expertise and domain knowledge to achieve organizational objectives."
99-1352.56,Administrative Specialist 135,"Perform specialized duties in the administrative sector, applying technical expertise and domain knowledge to achieve organizational objectives."
99-1353.57,Arts / Media Specialist 136,"Perform specialized duties in the arts / media sector, applying technical expertise and domain knowledge to achieve organizational objectives."
99-1354.58,Legal Specialist 137,"Perform specialized duties in the legal sector, applying technical expertise and domain knowledge to achieve organizational objectives."
99-1355.59,Science Specialist 138,"Perform specialized duties in the science sector, applying technical expertise and domain knowledge to achieve organizational objectives."
99-1356.60,Social Services Specialist 139,"Perform specialized duties in the social services sector, applying technical expertise and domain knowledge to achieve organizational objectives."
99-1357.61,Agriculture Specialist 140,"Perform specialized duties in the agriculture sector, applying technical expertise and domain knowledge to achieve organizational objectives."
99-1358.62,Manufacturing Specialist 141,"Perform specialized duties in the manufacturing sector, applying technical expertise and domain knowledge to achieve organizational objectives."
99-1359.63,Transportation Specialist 142,"Perform specialized duties in the transportation sector, applying technical expertise and domain knowledge to achieve organizational objectives."
99-1360.64,Sales Specialist 143,"Perform specialized duties in the sales sector, applying technical expertise and domain knowledge to achieve organizational objectives."
99-1361.65,Administrative Specialist 144,"Perform specialized duties in the administrative sector, applying technical expertise and domain knowledge to achieve organizational objectives."
99-1362.66,Arts / Media Specialist 145,"Perform specialized duties in the arts / media sector, applying technical expertise and domain knowledge to achieve organizational objectives."
99-1363.67,Legal Specialist 146,"Perform specialized duties in the legal sector, applying technical expertise and domain knowledge to achieve organizational objectives."
99-1364.68,Science Specialist 147,"Perform specialized duties in the science sector, applying technical expertise and domain knowledge to achieve organizational objectives."
99-1365.69,Social Services Specialist 148,"Perform specialized duties in the social services sector, applying technical expertise and domain knowledge to achieve organizational objectives."
99-1366.70,Agriculture Specialist 149,"Perform specialized duties in the agriculture sector, applying technical expertise and domain knowledge to achieve organizational objectives."
99-1367.71,Manufacturing Specialist 150,"Perform specialized duties in the manufacturing sector, applying technical expertise and domain knowledge to achieve organizational objectives."
99-1368.72,Transportation Specialist 151,"Perform specialized duties in the transportation sector, applying technical expertise and domain knowledge to achieve organizational objectives."
99-1369.73,Sales Specialist 152,"Perform specialized duties in the sales sector, applying technical expertise and domain knowledge to achieve organizational objectives."
99-1370.74,Administrative Specialist 153,"Perform specialized duties in the administrative sector, applying technical expertise and domain knowledge to achieve organizational objectives."
99-1371.75,Arts / Media Specialist 154,"Perform specialized duties in the arts / media sector, applying technical expertise and domain knowledge to achieve organizational objectives."
99-1372.76,Legal Specialist 155,"Perform specialized duties in the legal sector, applying technical expertise and domain knowledge to achieve organizational objectives."
99-1373.77,Science Specialist 156,"Perform specialized duties in the science sector, applying technical expertise and domain knowledge to achieve organizational objectives."
99-1374.78,Social Services Specialist 157,"Perform specialized duties in the social services sector, applying technical expertise and domain knowledge to achieve organizational objectives."
99-1375.79,Agriculture Specialist 158,"Perform specialized duties in the agriculture sector, applying technical expertise and domain knowledge to achieve organizational objectives."
99-1376.80,Manufacturing Specialist 159,"Perform specialized duties in the manufacturing sector, applying technical expertise and domain knowledge to achieve organizational objectives."
99-1377.81,Transportation Specialist 160,"Perform specialized duties in the transportation sector, applying technical expertise and domain knowledge to achieve organizational objectives."
99-1378.82,Sales Specialist 161,"Perform specialized duties in the sales sector, applying technical expertise and domain knowledge to achieve organizational objectives."
99-1379.83,Administrative Specialist 162,"Perform specialized duties in the administrative sector, applying technical expertise and domain knowledge to achieve organizational objectives."
99-1380.84,Arts / Media Specialist 163,"Perform specialized duties in the arts / media sector, applying technical expertise and domain knowledge to achieve organizational objectives."
99-1381.85,Legal Specialist 164,"Perform specialized duties in the legal sector, applying technical expertise and domain knowledge to achieve organizational objectives."
99-1382.86,Science Specialist 165,"Perform specialized duties in the science sector, applying technical expertise and domain knowledge to achieve organizational objectives."
99-1383.87,Social Services Specialist 166,"Perform specialized duties in the social services sector, applying technical expertise and domain knowledge to achieve organizational objectives."
99-1384.88,Agriculture Specialist 167,"Perform specialized duties in the agriculture sector, applying technical expertise and domain knowledge to achieve organizational objectives."
99-1385.89,Manufacturing Specialist 168,"Perform specialized duties in the manufacturing sector, applying technical expertise and domain knowledge to achieve organizational objectives."
99-1386.90,Transportation Specialist 169,"Perform specialized duties in the transportation sector, applying technical expertise and domain knowledge to achieve organizational objectives."
99-1387.91,Sales Specialist 170,"Perform specialized duties in the sales sector, applying technical expertise and domain knowledge to achieve organizational objectives."
99-1388.92,Administrative Specialist 171,"Perform specialized duties in the administrative sector, applying technical expertise and domain knowledge to achieve organizational objectives."
99-1389.93,Arts / Media Specialist 172,"Perform specialized duties in the arts / media sector, applying technical expertise and domain knowledge to achieve organizational objectives."
99-1390.94,Legal Specialist 173,"Perform specialized duties in the legal sector, applying technical expertise and domain knowledge to achieve organizational objectives."
99-1391.95,Science Specialist 174,"Perform specialized duties in the science sector, applying technical expertise and domain knowledge to achieve organizational objectives."
99-1392.96,Social Services Specialist 175,"Perform specialized duties in the social services sector, applying technical expertise and domain knowledge to achieve organizational objectives."
99-1393.97,Agriculture Specialist 176,"Perform specialized duties in the agriculture sector, applying technical expertise and domain knowledge to achieve organizational objectives."
99-1394.98,Manufacturing Specialist 177,"Perform specialized duties in the manufacturing sector, applying technical expertise and domain knowledge to achieve organizational objectives."
99-1395.99,Transportation Specialist 178,"Perform specialized duties in the transportation sector, applying technical expertise and domain knowledge to achieve organizational objectives."
99-1396.01,Sales Specialist 179,"Perform specialized duties in the sales sector, applying technical expertise and domain knowledge to achieve organizational objectives."
99-1397.02,Administrative Specialist 180,"Perform specialized duties in the administrative sector, applying technical expertise and domain knowledge to achieve organizational objectives."
99-1398.03,Arts / Media Specialist 181,"Perform specialized duties in the arts / media sector, applying technical expertise and domain knowledge to achieve organizational objectives."
99-1399.04,Legal Specialist 182,"Perform specialized duties in the legal sector, applying technical expertise and domain knowledge to achieve organizational objectives."
99-1400.05,Science Specialist 183,"Perform specialized duties in the science sector, applying technical expertise and domain knowledge to achieve organizational objectives."
99-1401.06,Social Services Specialist 184,"Perform specialized duties in the social services sector, applying technical expertise and domain knowledge to achieve organizational objectives."
99-1402.07,Agriculture Specialist 185,"Perform specialized duties in the agriculture sector, applying technical expertise and domain knowledge to achieve organizational objectives."
99-1403.08,Manufacturing Specialist 186,"Perform specialized duties in the manufacturing sector, applying technical expertise and domain knowledge to achieve organizational objectives."
99-1404.09,Transportation Specialist 187,"Perform specialized duties in the transportation sector, applying technical expertise and domain knowledge to achieve organizational objectives."
99-1405.10,Sales Specialist 188,"Perform specialized duties in the sales sector, applying technical expertise and domain knowledge to achieve organizational objectives."
99-1406.11,Administrative Specialist 189,"Perform specialized duties in the administrative sector, applying technical expertise and domain knowledge to achieve organizational objectives."
99-1407.12,Arts / Media Specialist 190,"Perform specialized duties in the arts / media sector, applying technical expertise and domain knowledge to achieve organizational objectives."
99-1408.13,Legal Specialist 191,"Perform specialized duties in the legal sector, applying technical expertise and domain knowledge to achieve organizational objectives."
99-1409.14,Science Specialist 192,"Perform specialized duties in the science sector, applying technical expertise and domain knowledge to achieve organizational objectives."
99-1410.15,Social Services Specialist 193,"Perform specialized duties in the social services sector, applying technical expertise and domain knowledge to achieve organizational objectives."
99-1411.16,Agriculture Specialist 194,"Perform specialized duties in the agriculture sector, applying technical expertise and domain knowledge to achieve organizational objectives."
99-1412.17,Manufacturing Specialist 195,"Perform specialized duties in the manufacturing sector, applying technical expertise and domain knowledge to achieve organizational objectives."
99-1413.18,Transportation Specialist 196,"Perform specialized duties in the transportation sector, applying technical expertise and domain knowledge to achieve organizational objectives."
99-1414.19,Sales Specialist 197,"Perform specialized duties in the sales sector, applying technical expertise and domain knowledge to achieve organizational objectives."
99-1415.20,Administrative Specialist 198,"Perform specialized duties in the administrative sector, applying technical expertise and domain knowledge to achieve organizational objectives."
99-1416.21,Arts / Media Specialist 199,"Perform specialized duties in the arts / media sector, applying technical expertise and domain knowledge to achieve organizational objectives."
99-1417.22,Legal Specialist 200,"Perform specialized duties in the legal sector, applying technical expertise and domain knowledge to achieve organizational objectives."
99-1418.23,Science Specialist 201,"Perform specialized duties in the science sector, applying technical expertise and domain knowledge to achieve organizational objectives."
99-1419.24,Social Services Specialist 202,"Perform specialized duties in the social services sector, applying technical expertise and domain knowledge to achieve organizational objectives."
99-1420.25,Agriculture Specialist 203,"Perform specialized duties in the agriculture sector, applying technical expertise and domain knowledge to achieve organizational objectives."
99-1421.26,Manufacturing Specialist 204,"Perform specialized duties in the manufacturing sector, applying technical expertise and domain knowledge to achieve organizational objectives."
99-1422.27,Transportation Specialist 205,"Perform specialized duties in the transportation sector, applying technical expertise and domain knowledge to achieve organizational objectives."
99-1423.28,Sales Specialist 206,"Perform specialized duties in the sales sector, applying technical expertise and domain knowledge to achieve organizational objectives."
99-1424.29,Administrative Specialist 207,"Perform specialized duties in the administrative sector, applying technical expertise and domain knowledge to achieve organizational objectives."
99-1425.30,Arts / Media Specialist 208,"Perform specialized duties in the arts / media sector, applying technical expertise and domain knowledge to achieve organizational objectives."
99-1426.31,Legal Specialist 209,"Perform specialized duties in the legal sector, applying technical expertise and domain knowledge to achieve organizational objectives."
99-1427.32,Science Specialist 210,"Perform specialized duties in the science sector, applying technical expertise and domain knowledge to achieve organizational objectives."
99-1428.33,Social Services Specialist 211,"Perform specialized duties in the social services sector, applying technical expertise and domain knowledge to achieve organizational objectives."
99-1429.34,Agriculture Specialist 212,"Perform specialized duties in the agriculture sector, applying technical expertise and domain knowledge to achieve organizational objectives."
99-1430.35,Manufacturing Specialist 213,"Perform specialized duties in the manufacturing sector, applying technical expertise and domain knowledge to achieve organizational objectives."
99-1431.36,Transportation Specialist 214,"Perform specialized duties in the transportation sector, applying technical expertise and domain knowledge to achieve organizational objectives."
99-1432.37,Sales Specialist 215,"Perform specialized duties in the sales sector, applying technical expertise and domain knowledge to achieve organizational objectives."
99-1433.38,Administrative Specialist 216,"Perform specialized duties in the administrative sector, applying technical expertise and domain knowledge to achieve organizational objectives."
99-1434.39,Arts / Media Specialist 217,"Perform specialized duties in the arts / media sector, applying technical expertise and domain knowledge to achieve organizational objectives."
99-1435.40,Legal Specialist 218,"Perform specialized duties in the legal sector, applying technical expertise and domain knowledge to achieve organizational objectives."
99-1436.41,Science Specialist 219,"Perform specialized duties in the science sector, applying technical expertise and domain knowledge to achieve organizational objectives."
99-1437.42,Social Services Specialist 220,"Perform specialized duties in the social services sector, applying technical expertise and domain knowledge to achieve organizational objectives."
99-1438.43,Agriculture Specialist 221,"Perform specialized duties in the agriculture sector, applying technical expertise and domain knowledge to achieve organizational objectives."
99-1439.44,Manufacturing Specialist 222,"Perform specialized duties in the manufacturing sector, applying technical expertise and domain knowledge to achieve organizational objectives."
99-1440.45,Transportation Specialist 223,"Perform specialized duties in the transportation sector, applying technical expertise and domain knowledge to achieve organizational objectives."
99-1441.46,Sales Specialist 224,"Perform specialized duties in the sales sector, applying technical expertise and domain knowledge to achieve organizational objectives."
99-1442.47,Administrative Specialist 225,"Perform specialized duties in the administrative sector, applying technical expertise and domain knowledge to achieve organizational objectives."
99-1443.48,Arts / Media Specialist 226,"Perform specialized duties in the arts / media sector, applying technical expertise and domain knowledge to achieve organizational objectives."
99-1444.49,Legal Specialist 227,"Perform specialized duties in the legal sector, applying technical expertise and domain knowledge to achieve organizational objectives."
99-1445.50,Science Specialist 228,"Perform specialized duties in the science sector, applying technical expertise and domain knowledge to achieve organizational objectives."
99-1446.51,Social Services Specialist 229,"Perform specialized duties in the social services sector, applying technical expertise and domain knowledge to achieve organizational objectives."
99-1447.52,Agriculture Specialist 230,"Perform specialized duties in the agriculture sector, applying technical expertise and domain knowledge to achieve organizational objectives."
99-1448.53,Manufacturing Specialist 231,"Perform specialized duties in the manufacturing sector, applying technical expertise and domain knowledge to achieve organizational objectives."
99-1449.54,Transportation Specialist 232,"Perform specialized duties in the transportation sector, applying technical expertise and domain knowledge to achieve organizational objectives."
99-1450.55,Sales Specialist 233,"Perform specialized duties in the sales sector, applying technical expertise and domain knowledge to achieve organizational objectives."
99-1451.56,Administrative Specialist 234,"Perform specialized duties in the administrative sector, applying technical expertise and domain knowledge to achieve organizational objectives."
99-1452.57,Arts / Media Specialist 235,"Perform specialized duties in the arts / media sector, applying technical expertise and domain knowledge to achieve organizational objectives."
99-1453.58,Legal Specialist 236,"Perform specialized duties in the legal sector, applying technical expertise and domain knowledge to achieve organizational objectives."
99-1454.59,Science Specialist 237,"Perform specialized duties in the science sector, applying technical expertise and domain knowledge to achieve organizational objectives."
99-1455.60,Social Services Specialist 238,"Perform specialized duties in the social services sector, applying technical expertise and domain knowledge to achieve organizational objectives."
99-1456.61,Agriculture Specialist 239,"Perform specialized duties in the agriculture sector, applying technical expertise and domain knowledge to achieve organizational objectives."
99-1457.62,Manufacturing Specialist 240,"Perform specialized duties in the manufacturing sector, applying technical expertise and domain knowledge to achieve organizational objectives."
99-1458.63,Transportation Specialist 241,"Perform specialized duties in the transportation sector, applying technical expertise and domain knowledge to achieve organizational objectives."
99-1459.64,Sales Specialist 242,"Perform specialized duties in the sales sector, applying technical expertise and domain knowledge to achieve organizational objectives."
99-1460.65,Administrative Specialist 243,"Perform specialized duties in the administrative sector, applying technical expertise and domain knowledge to achieve organizational objectives."
99-1461.66,Arts / Media Specialist 244,"Perform specialized duties in the arts / media sector, applying technical expertise and domain knowledge to achieve organizational objectives."
99-1462.67,Legal Specialist 245,"Perform specialized duties in the legal sector, applying technical expertise and domain knowledge to achieve organizational objectives."
99-1463.68,Science Specialist 246,"Perform specialized duties in the science sector, applying technical expertise and domain knowledge to achieve organizational objectives."
99-1464.69,Social Services Specialist 247,"Perform specialized duties in the social services sector, applying technical expertise and domain knowledge to achieve organizational objectives."
99-1465.70,Agriculture Specialist 248,"Perform specialized duties in the agriculture sector, applying technical expertise and domain knowledge to achieve organizational objectives."
99-1466.71,Manufacturing Specialist 249,"Perform specialized duties in the manufacturing sector, applying technical expertise and domain knowledge to achieve organizational objectives."
99-1467.72,Transportation Specialist 250,"Perform specialized duties in the transportation sector, applying technical expertise and domain knowledge to achieve organizational objectives."
99-1468.73,Sales Specialist 251,"Perform specialized duties in the sales sector, applying technical expertise and domain knowledge to achieve organizational objectives."
99-1469.74,Administrative Specialist 252,"Perform specialized duties in the administrative sector, applying technical expertise and domain knowledge to achieve organizational objectives."
99-1470.75,Arts / Media Specialist 253,"Perform specialized duties in the arts / media sector, applying technical expertise and domain knowledge to achieve organizational objectives."
99-1471.76,Legal Specialist 254,"Perform specialized duties in the legal sector, applying technical expertise and domain knowledge to achieve organizational objectives."
99-1472.77,Science Specialist 255,"Perform specialized duties in the science sector, applying technical expertise and domain knowledge to achieve organizational objectives."
99-1473.78,Social Services Specialist 256,"Perform specialized duties in the social services sector, applying technical expertise and domain knowledge to achieve organizational objectives."
99-1474.79,Agriculture Specialist 257,"Perform specialized duties in the agriculture sector, applying technical expertise and domain knowledge to achieve organizational objectives."
99-1475.80,Manufacturing Specialist 258,"Perform specialized duties in the manufacturing sector, applying technical expertise and domain knowledge to achieve organizational objectives."
99-1476.81,Transportation Specialist 259,"Perform specialized duties in the transportation sector, applying technical expertise and domain knowledge to achieve organizational objectives."
99-1477.82,Sales Specialist 260,"Perform specialized duties in the sales sector, applying technical expertise and domain knowledge to achieve organizational objectives."
99-1478.83,Administrative Specialist 261,"Perform specialized duties in the administrative sector, applying technical expertise and domain knowledge to achieve organizational objectives."
99-1479.84,Arts / Media Specialist 262,"Perform specialized duties in the arts / media sector, applying technical expertise and domain knowledge to achieve organizational objectives."
99-1480.85,Legal Specialist 263,"Perform specialized duties in the legal sector, applying technical expertise and domain knowledge to achieve organizational objectives."
99-1481.86,Science Specialist 264,"Perform specialized duties in the science sector, applying technical expertise and domain knowledge to achieve organizational objectives."
99-1482.87,Social Services Specialist 265,"Perform specialized duties in the social services sector, applying technical expertise and domain knowledge to achieve organizational objectives."
99-1483.88,Agriculture Specialist 266,"Perform specialized duties in the agriculture sector, applying technical expertise and domain knowledge to achieve organizational objectives."
99-1484.89,Manufacturing Specialist 267,"Perform specialized duties in the manufacturing sector, applying technical expertise and domain knowledge to achieve organizational objectives."
99-1485.90,Transportation Specialist 268,"Perform specialized duties in the transportation sector, applying technical expertise and domain knowledge to achieve organizational objectives."
99-1486.91,Sales Specialist 269,"Perform specialized duties in the sales sector, applying technical expertise and domain knowledge to achieve organizational objectives."
99-1487.92,Administrative Specialist 270,"Perform specialized duties in the administrative sector, applying technical expertise and domain knowledge to achieve organizational objectives."
99-1488.93,Arts / Media Specialist 271,"Perform specialized duties in the arts / media sector, applying technical expertise and domain knowledge to achieve organizational objectives."
99-1489.94,Legal Specialist 272,"Perform specialized duties in the legal sector, applying technical expertise and domain knowledge to achieve organizational objectives."
99-1490.95,Science Specialist 273,"Perform specialized duties in the science sector, applying technical expertise and domain knowledge to achieve organizational objectives."
99-1491.96,Social Services Specialist 274,"Perform specialized duties in the social services sector, applying technical expertise and domain knowledge to achieve organizational objectives."
99-1492.97,Agriculture Specialist 275,"Perform specialized duties in the agriculture sector, applying technical expertise and domain knowledge to achieve organizational objectives."
99-1493.98,Manufacturing Specialist 276,"Perform specialized duties in the manufacturing sector, applying technical expertise and domain knowledge to achieve organizational objectives."
99-1494.99,Transportation Specialist 277,"Perform specialized duties in the transportation sector, applying technical expertise and domain knowledge to achieve organizational objectives."
99-1495.01,Sales Specialist 278,"Perform specialized duties in the sales sector, applying technical expertise and domain knowledge to achieve organizational objectives."
99-1496.02,Administrative Specialist 279,"Perform specialized duties in the administrative sector, applying technical expertise and domain knowledge to achieve organizational objectives."
99-1497.03,Arts / Media Specialist 280,"Perform specialized duties in the arts / media sector, applying technical expertise and domain knowledge to achieve organizational objectives."
99-1498.04,Legal Specialist 281,"Perform specialized duties in the legal sector, applying technical expertise and domain knowledge to achieve organizational objectives."
99-1499.05,Science Specialist 282,"Perform specialized duties in the science sector, applying technical expertise and domain knowledge to achieve organizational objectives."
99-1500.06,Social Services Specialist 283,"Perform specialized duties in the social services sector, applying technical expertise and domain knowledge to achieve organizational objectives."
99-1501.07,Agriculture Specialist 284,"Perform specialized duties in the agriculture sector, applying technical expertise and domain knowledge to achieve organizational objectives."
99-1502.08,Manufacturing Specialist 285,"Perform specialized duties in the manufacturing sector, applying technical expertise and domain knowledge to achieve organizational objectives."
99-1503.09,Transportation Specialist 286,"Perform specialized duties in the transportation sector, applying technical expertise and domain knowledge to achieve organizational objectives."
99-1504.10,Sales Specialist 287,"Perform specialized duties in the sales sector, applying technical expertise and domain knowledge to achieve organizational objectives."
99-1505.11,Administrative Specialist 288,"Perform specialized duties in the administrative sector, applying technical expertise and domain knowledge to achieve organizational objectives."
99-1506.12,Arts / Media Specialist 289,"Perform specialized duties in the arts / media sector, applying technical expertise and domain knowledge to achieve organizational objectives."
99-1507.13,Legal Specialist 290,"Perform specialized duties in the legal sector, applying technical expertise and domain knowledge to achieve organizational objectives."
99-1508.14,Science Specialist 291,"Perform specialized duties in the science sector, applying technical expertise and domain knowledge to achieve organizational objectives."
99-1509.15,Social Services Specialist 292,"Perform specialized duties in the social services sector, applying technical expertise and domain knowledge to achieve organizational objectives."
99-1510.16,Agriculture Specialist 293,"Perform specialized duties in the agriculture sector, applying technical expertise and domain knowledge to achieve organizational objectives."
99-1511.17,Manufacturing Specialist 294,"Perform specialized duties in the manufacturing sector, applying technical expertise and domain knowledge to achieve organizational objectives."
99-1512.18,Transportation Specialist 295,"Perform specialized duties in the transportation sector, applying technical expertise and domain knowledge to achieve organizational objectives."
99-1513.19,Sales Specialist 296,"Perform specialized duties in the sales sector, applying technical expertise and domain knowledge to achieve organizational objectives."
99-1514.20,Administrative Specialist 297,"Perform specialized duties in the administrative sector, applying technical expertise and domain knowledge to achieve organizational objectives."
99-1515.21,Arts / Media Specialist 298,"Perform specialized duties in the arts / media sector, applying technical expertise and domain knowledge to achieve organizational objectives."
99-1516.22,Legal Specialist 299,"Perform specialized duties in the legal sector, applying technical expertise and domain knowledge to achieve organizational objectives."
99-1517.23,Science Specialist 300,"Perform specialized duties in the science sector, applying technical expertise and domain knowledge to achieve organizational objectives."
99-1518.24,Social Services Specialist 301,"Perform specialized duties in the social services sector, applying technical expertise and domain knowledge to achieve organizational objectives."
99-1519.25,Agriculture Specialist 302,"Perform specialized duties in the agriculture sector, applying technical expertise and domain knowledge to achieve organizational objectives."
99-1520.26,Manufacturing Specialist 303,"Perform specialized duties in the manufacturing sector, applying technical expertise and domain knowledge to achieve organizational objectives."
99-1521.27,Transportation Specialist 304,"Perform specialized duties in the transportation sector, applying technical expertise and domain knowledge to achieve organizational objectives."
99-1522.28,Sales Specialist 305,"Perform specialized duties in the sales sector, applying technical expertise and domain knowledge to achieve organizational objectives."
99-1523.29,Administrative Specialist 306,"Perform specialized duties in the administrative sector, applying technical expertise and domain knowledge to achieve organizational objectives."
99-1524.30,Arts / Media Specialist 307,"Perform specialized duties in the arts / media sector, applying technical expertise and domain knowledge to achieve organizational objectives."
99-1525.31,Legal Specialist 308,"Perform specialized duties in the legal sector, applying technical expertise and domain knowledge to achieve organizational objectives."
99-1526.32,Science Specialist 309,"Perform specialized duties in the science sector, applying technical expertise and domain knowledge to achieve organizational objectives."
99-1527.33,Social Services Specialist 310,"Perform specialized duties in the social services sector, applying technical expertise and domain knowledge to achieve organizational objectives."
99-1528.34,Agriculture Specialist 311,"Perform specialized duties in the agriculture sector, applying technical expertise and domain knowledge to achieve organizational objectives."
99-1529.35,Manufacturing Specialist 312,"Perform specialized duties in the manufacturing sector, applying technical expertise and domain knowledge to achieve organizational objectives."
99-1530.36,Transportation Specialist 313,"Perform specialized duties in the transportation sector, applying technical expertise and domain knowledge to achieve organizational objectives."
99-1531.37,Sales Specialist 314,"Perform specialized duties in the sales sector, applying technical expertise and domain knowledge to achieve organizational objectives."
99-1532.38,Administrative Specialist 315,"Perform specialized duties in the administrative sector, applying technical expertise and domain knowledge to achieve organizational objectives."
99-1533.39,Arts / Media Specialist 316,"Perform specialized duties in the arts / media sector, applying technical expertise and domain knowledge to achieve organizational objectives."
99-1534.40,Legal Specialist 317,"Perform specialized duties in the legal sector, applying technical expertise and domain knowledge to achieve organizational objectives."
99-1535.41,Science Specialist 318,"Perform specialized duties in the science sector, applying technical expertise and domain knowledge to achieve organizational objectives."
99-1536.42,Social Services Specialist 319,"Perform specialized duties in the social services sector, applying technical expertise and domain knowledge to achieve organizational objectives."
99-1537.43,Agriculture Specialist 320,"Perform specialized duties in the agriculture sector, applying technical expertise and domain knowledge to achieve organizational objectives."
99-1538.44,Manufacturing Specialist 321,"Perform specialized duties in the manufacturing sector, applying technical expertise and domain knowledge to achieve organizational objectives."
99-1539.45,Transportation Specialist 322,"Perform specialized duties in the transportation sector, applying technical expertise and domain knowledge to achieve organizational objectives."
99-1540.46,Sales Specialist 323,"Perform specialized duties in the sales sector, applying technical expertise and domain knowledge to achieve organizational objectives."
99-1541.47,Administrative Specialist 324,"Perform specialized duties in the administrative sector, applying technical expertise and domain knowledge to achieve organizational objectives."
99-1542.48,Arts / Media Specialist 325,"Perform specialized duties in the arts / media sector, applying technical expertise and domain knowledge to achieve organizational objectives."
99-1543.49,Legal Specialist 326,"Perform specialized duties in the legal sector, applying technical expertise and domain knowledge to achieve organizational objectives."
99-1544.50,Science Specialist 327,"Perform specialized duties in the science sector, applying technical expertise and domain knowledge to achieve organizational objectives."
99-1545.51,Social Services Specialist 328,"Perform specialized duties in the social services sector, applying technical expertise and domain knowledge to achieve organizational objectives."
99-1546.52,Agriculture Specialist 329,"Perform specialized duties in the agriculture sector, applying technical expertise and domain knowledge to achieve organizational objectives."
99-1547.53,Manufacturing Specialist 330,"Perform specialized duties in the manufacturing sector, applying technical expertise and domain knowledge to achieve organizational objectives."
99-1548.54,Transportation Specialist 331,"Perform specialized duties in the transportation sector, applying technical expertise and domain knowledge to achieve organizational objectives."
99-1549.55,Sales Specialist 332,"Perform specialized duties in the sales sector, applying technical expertise and domain knowledge to achieve organizational objectives."
99-1550.56,Administrative Specialist 333,"Perform specialized duties in the administrative sector, applying technical expertise and domain knowledge to achieve organizational objectives."
99-1551.57,Arts / Media Specialist 334,"Perform specialized duties in the arts / media sector, applying technical expertise and domain knowledge to achieve organizational objectives."
99-1552.58,Legal Specialist 335,"Perform specialized duties in the legal sector, applying technical expertise and domain knowledge to achieve organizational objectives."
99-1553.59,Science Specialist 336,"Perform specialized duties in the science sector, applying technical expertise and domain knowledge to achieve organizational objectives."
99-1554.60,Social Services Specialist 337,"Perform specialized duties in the social services sector, applying technical expertise and domain knowledge to achieve organizational objectives."
99-1555.61,Agriculture Specialist 338,"Perform specialized duties in the agriculture sector, applying technical expertise and domain knowledge to achieve organizational objectives."
99-1556.62,Manufacturing Specialist 339,"Perform specialized duties in the manufacturing sector, applying technical expertise and domain knowledge to achieve organizational objectives."
99-1557.63,Transportation Specialist 340,"Perform specialized duties in the transportation sector, applying technical expertise and domain knowledge to achieve organizational objectives."
99-1558.64,Sales Specialist 341,"Perform specialized duties in the sales sector, applying technical expertise and domain knowledge to achieve organizational objectives."
99-1559.65,Administrative Specialist 342,"Perform specialized duties in the administrative sector, applying technical expertise and domain knowledge to achieve organizational objectives."
99-1560.66,Arts / Media Specialist 343,"Perform specialized duties in the arts / media sector, applying technical expertise and domain knowledge to achieve organizational objectives."
99-1561.67,Legal Specialist 344,"Perform specialized duties in the legal sector, applying technical expertise and domain knowledge to achieve organizational objectives."
99-1562.68,Science Specialist 345,"Perform specialized duties in the science sector, applying technical expertise and domain knowledge to achieve organizational objectives."
99-1563.69,Social Services Specialist 346,"Perform specialized duties in the social services sector, applying technical expertise and domain knowledge to achieve organizational objectives."
99-1564.70,Agriculture Specialist 347,"Perform specialized duties in the agriculture sector, applying technical expertise and domain knowledge to achieve organizational objectives."
99-1565.71,Manufacturing Specialist 348,"Perform specialized duties in the manufacturing sector, applying technical expertise and domain knowledge to achieve organizational objectives."
99-1566.72,Transportation Specialist 349,"Perform specialized duties in the transportation sector, applying technical expertise and domain knowledge to achieve organizational objectives."
99-1567.73,Sales Specialist 350,"Perform specialized duties in the sales sector, applying technical expertise and domain knowledge to achieve organizational objectives."
99-1568.74,Administrative Specialist 351,"Perform specialized duties in the administrative sector, applying technical expertise and domain knowledge to achieve organizational objectives."
99-1569.75,Arts / Media Specialist 352,"Perform specialized duties in the arts / media sector, applying technical expertise and domain knowledge to achieve organizational objectives."
99-1570.76,Legal Specialist 353,"Perform specialized duties in the legal sector, applying technical expertise and domain knowledge to achieve organizational objectives."
99-1571.77,Science Specialist 354,"Perform specialized duties in the science sector, applying technical expertise and domain knowledge to achieve organizational objectives."
99-1572.78,Social Services Specialist 355,"Perform specialized duties in the social services sector, applying technical expertise and domain knowledge to achieve organizational objectives."
99-1573.79,Agriculture Specialist 356,"Perform specialized duties in the agriculture sector, applying technical expertise and domain knowledge to achieve organizational objectives."
99-1574.80,Manufacturing Specialist 357,"Perform specialized duties in the manufacturing sector, applying technical expertise and domain knowledge to achieve organizational objectives."
99-1575.81,Transportation Specialist 358,"Perform specialized duties in the transportation sector, applying technical expertise and domain knowledge to achieve organizational objectives."
99-1576.82,Sales Specialist 359,"Perform specialized duties in the sales sector, applying technical expertise and domain knowledge to achieve organizational objectives."
99-1577.83,Administrative Specialist 360,"Perform specialized duties in the administrative sector, applying technical expertise and domain knowledge to achieve organizational objectives."
99-1578.84,Arts / Media Specialist 361,"Perform specialized duties in the arts / media sector, applying technical expertise and domain knowledge to achieve organizational objectives."
99-1579.85,Legal Specialist 362,"Perform specialized duties in the legal sector, applying technical expertise and domain knowledge to achieve organizational objectives."
99-1580.86,Science Specialist 363,"Perform specialized duties in the science sector, applying technical expertise and domain knowledge to achieve organizational objectives."
99-1581.87,Social Services Specialist 364,"Perform specialized duties in the social services sector, applying technical expertise and domain knowledge to achieve organizational objectives."
99-1582.88,Agriculture Specialist 365,"Perform specialized duties in the agriculture sector, applying technical expertise and domain knowledge to achieve organizational objectives."
99-1583.89,Manufacturing Specialist 366,"Perform specialized duties in the manufacturing sector, applying technical expertise and domain knowledge to achieve organizational objectives."
99-1584.90,Transportation Specialist 367,"Perform specialized duties in the transportation sector, applying technical expertise and domain knowledge to achieve organizational objectives."
99-1585.91,Sales Specialist 368,"Perform specialized duties in the sales sector, applying technical expertise and domain knowledge to achieve organizational objectives."
99-1586.92,Administrative Specialist 369,"Perform specialized duties in the administrative sector, applying technical expertise and domain knowledge to achieve organizational objectives."
99-1587.93,Arts / Media Specialist 370,"Perform specialized duties in the arts / media sector, applying technical expertise and domain knowledge to achieve organizational objectives."
99-1588.94,Legal Specialist 371,"Perform specialized duties in the legal sector, applying technical expertise and domain knowledge to achieve organizational objectives."
99-1589.95,Science Specialist 372,"Perform specialized duties in the science sector, applying technical expertise and domain knowledge to achieve organizational objectives."
99-1590.96,Social Services Specialist 373,"Perform specialized duties in the social services sector, applying technical expertise and domain knowledge to achieve organizational objectives."
99-1591.97,Agriculture Specialist 374,"Perform specialized duties in the agriculture sector, applying technical expertise and domain knowledge to achieve organizational objectives."
99-1592.98,Manufacturing Specialist 375,"Perform specialized duties in the manufacturing sector, applying technical expertise and domain knowledge to achieve organizational objectives."
99-1593.99,Transportation Specialist 376,"Perform specialized duties in the transportation sector, applying technical expertise and domain knowledge to achieve organizational objectives."
99-1594.01,Sales Specialist 377,"Perform specialized duties in the sales sector, applying technical expertise and domain knowledge to achieve organizational objectives."
99-1595.02,Administrative Specialist 378,"Perform specialized duties in the administrative sector, applying technical expertise and domain knowledge to achieve organizational objectives."
99-1596.03,Arts / Media Specialist 379,"Perform specialized duties in the arts / media sector, applying technical expertise and domain knowledge to achieve organizational objectives."
99-1597.04,Legal Specialist 380,"Perform specialized duties in the legal sector, applying technical expertise and domain knowledge to achieve organizational objectives."
99-1598.05,Science Specialist 381,"Perform specialized duties in the science sector, applying technical expertise and domain knowledge to achieve organizational objectives."
99-1599.06,Social Services Specialist 382,"Perform specialized duties in the social services sector, applying technical expertise and domain knowledge to achieve organizational objectives."
99-1600.07,Agriculture Specialist 383,"Perform specialized duties in the agriculture sector, applying technical expertise and domain knowledge to achieve organizational objectives."
99-1601.08,Manufacturing Specialist 384,"Perform specialized duties in the manufacturing sector, applying technical expertise and domain knowledge to achieve organizational objectives."
99-1602.09,Transportation Specialist 385,"Perform specialized duties in the transportation sector, applying technical expertise and domain knowledge to achieve organizational objectives."
99-1603.10,Sales Specialist 386,"Perform specialized duties in the sales sector, applying technical expertise and domain knowledge to achieve organizational objectives."
99-1604.11,Administrative Specialist 387,"Perform specialized duties in the administrative sector, applying technical expertise and domain knowledge to achieve organizational objectives."
99-1605.12,Arts / Media Specialist 388,"Perform specialized duties in the arts / media sector, applying technical expertise and domain knowledge to achieve organizational objectives."
99-1606.13,Legal Specialist 389,"Perform specialized duties in the legal sector, applying technical expertise and domain knowledge to achieve organizational objectives."
99-1607.14,Science Specialist 390,"Perform specialized duties in the science sector, applying technical expertise and domain knowledge to achieve organizational objectives."
99-1608.15,Social Services Specialist 391,"Perform specialized duties in the social services sector, applying technical expertise and domain knowledge to achieve organizational objectives."
99-1609.16,Agriculture Specialist 392,"Perform specialized duties in the agriculture sector, applying technical expertise and domain knowledge to achieve organizational objectives."
99-1610.17,Manufacturing Specialist 393,"Perform specialized duties in the manufacturing sector, applying technical expertise and domain knowledge to achieve organizational objectives."
99-1611.18,Transportation Specialist 394,"Perform specialized duties in the transportation sector, applying technical expertise and domain knowledge to achieve organizational objectives."
99-1612.19,Sales Specialist 395,"Perform specialized duties in the sales sector, applying technical expertise and domain knowledge to achieve organizational objectives."
99-1613.20,Administrative Specialist 396,"Perform specialized duties in the administrative sector, applying technical expertise and domain knowledge to achieve organizational objectives."
99-1614.21,Arts / Media Specialist 397,"Perform specialized duties in the arts / media sector, applying technical expertise and domain knowledge to achieve organizational objectives."
99-1615.22,Legal Specialist 398,"Perform specialized duties in the legal sector, applying technical expertise and domain knowledge to achieve organizational objectives."
99-1616.23,Science Specialist 399,"Perform specialized duties in the science sector, applying technical expertise and domain knowledge to achieve organizational objectives."
99-1617.24,Social Services Specialist 400,"Perform specialized duties in the social services sector, applying technical expertise and domain knowledge to achieve organizational objectives."
99-1618.25,Agriculture Specialist 401,"Perform specialized duties in the agriculture sector, applying technical expertise and domain knowledge to achieve organizational objectives."
99-1619.26,Manufacturing Specialist 402,"Perform specialized duties in the manufacturing sector, applying technical expertise and domain knowledge to achieve organizational objectives."
99-1620.27,Transportation Specialist 403,"Perform specialized duties in the transportation sector, applying technical expertise and domain knowledge to achieve organizational objectives."
99-1621.28,Sales Specialist 404,"Perform specialized duties in the sales sector, applying technical expertise and domain knowledge to achieve organizational objectives."
99-1622.29,Administrative Specialist 405,"Perform specialized duties in the administrative sector, applying technical expertise and domain knowledge to achieve organizational objectives."
99-1623.30,Arts / Media Specialist 406,"Perform specialized duties in the arts / media sector, applying technical expertise and domain knowledge to achieve organizational objectives."
99-1624.31,Legal Specialist 407,"Perform specialized duties in the legal sector, applying technical expertise and domain knowledge to achieve organizational objectives."
99-1625.32,Science Specialist 408,"Perform specialized duties in the science sector, applying technical expertise and domain knowledge to achieve organizational objectives."
99-1626.33,Social Services Specialist 409,"Perform specialized duties in the social services sector, applying technical expertise and domain knowledge to achieve organizational objectives."
99-1627.34,Agriculture Specialist 410,"Perform specialized duties in the agriculture sector, applying technical expertise and domain knowledge to achieve organizational objectives."
99-1628.35,Manufacturing Specialist 411,"Perform specialized duties in the manufacturing sector, applying technical expertise and domain knowledge to achieve organizational objectives."
99-1629.36,Transportation Specialist 412,"Perform specialized duties in the transportation sector, applying technical expertise and domain knowledge to achieve organizational objectives."
99-1630.37,Sales Specialist 413,"Perform specialized duties in the sales sector, applying technical expertise and domain knowledge to achieve organizational objectives."
99-1631.38,Administrative Specialist 414,"Perform specialized duties in the administrative sector, applying technical expertise and domain knowledge to achieve organizational objectives."
99-1632.39,Arts / Media Specialist 415,"Perform specialized duties in the arts / media sector, applying technical expertise and domain knowledge to achieve organizational objectives."
99-1633.40,Legal Specialist 416,"Perform specialized duties in the legal sector, applying technical expertise and domain knowledge to achieve organizational objectives."
99-1634.41,Science Specialist 417,"Perform specialized duties in the science sector, applying technical expertise and domain knowledge to achieve organizational objectives."
99-1635.42,Social Services Specialist 418,"Perform specialized duties in the social services sector, applying technical expertise and domain knowledge to achieve organizational objectives."
99-1636.43,Agriculture Specialist 419,"Perform specialized duties in the agriculture sector, applying technical expertise and domain knowledge to achieve organizational objectives."
99-1637.44,Manufacturing Specialist 420,"Perform specialized duties in the manufacturing sector, applying technical expertise and domain knowledge to achieve organizational objectives."
99-1638.45,Transportation Specialist 421,"Perform specialized duties in the transportation sector, applying technical expertise and domain knowledge to achieve organizational objectives."
99-1639.46,Sales Specialist 422,"Perform specialized duties in the sales sector, applying technical expertise and domain knowledge to achieve organizational objectives."
99-1640.47,Administrative Specialist 423,"Perform specialized duties in the administrative sector, applying technical expertise and domain knowledge to achieve organizational objectives."
99-1641.48,Arts / Media Specialist 424,"Perform specialized duties in the arts / media sector, applying technical expertise and domain knowledge to achieve organizational objectives."
99-1642.49,Legal Specialist 425,"Perform specialized duties in the legal sector, applying technical expertise and domain knowledge to achieve organizational objectives."
99-1643.50,Science Specialist 426,"Perform specialized duties in the science sector, applying technical expertise and domain knowledge to achieve organizational objectives."
99-1644.51,Social Services Specialist 427,"Perform specialized duties in the social services sector, applying technical expertise and domain knowledge to achieve organizational objectives."
99-1645.52,Agriculture Specialist 428,"Perform specialized duties in the agriculture sector, applying technical expertise and domain knowledge to achieve organizational objectives."
99-1646.53,Manufacturing Specialist 429,"Perform specialized duties in the manufacturing sector, applying technical expertise and domain knowledge to achieve organizational objectives."
99-1647.54,Transportation Specialist 430,"Perform specialized duties in the transportation sector, applying technical expertise and domain knowledge to achieve organizational objectives."
99-1648.55,Sales Specialist 431,"Perform specialized duties in the sales sector, applying technical expertise and domain knowledge to achieve organizational objectives."
99-1649.56,Administrative Specialist 432,"Perform specialized duties in the administrative sector, applying technical expertise and domain knowledge to achieve organizational objectives."
99-1650.57,Arts / Media Specialist 433,"Perform specialized duties in the arts / media sector, applying technical expertise and domain knowledge to achieve organizational objectives."
99-1651.58,Legal Specialist 434,"Perform specialized duties in the legal sector, applying technical expertise and domain knowledge to achieve organizational objectives."
99-1652.59,Science Specialist 435,"Perform specialized duties in the science sector, applying technical expertise and domain knowledge to achieve organizational objectives."
99-1653.60,Social Services Specialist 436,"Perform specialized duties in the social services sector, applying technical expertise and domain knowledge to achieve organizational objectives."
99-1654.61,Agriculture Specialist 437,"Perform specialized duties in the agriculture sector, applying technical expertise and domain knowledge to achieve organizational objectives."
99-1655.62,Manufacturing Specialist 438,"Perform specialized duties in the manufacturing sector, applying technical expertise and domain knowledge to achieve organizational objectives."
99-1656.63,Transportation Specialist 439,"Perform specialized duties in the transportation sector, applying technical expertise and domain knowledge to achieve organizational objectives."
99-1657.64,Sales Specialist 440,"Perform specialized duties in the sales sector, applying technical expertise and domain knowledge to achieve organizational objectives."
99-1658.65,Administrative Specialist 441,"Perform specialized duties in the administrative sector, applying technical expertise and domain knowledge to achieve organizational objectives."
99-1659.66,Arts / Media Specialist 442,"Perform specialized duties in the arts / media sector, applying technical expertise and domain knowledge to achieve organizational objectives."
99-1660.67,Legal Specialist 443,"Perform specialized duties in the legal sector, applying technical expertise and domain knowledge to achieve organizational objectives."
99-1661.68,Science Specialist 444,"Perform specialized duties in the science sector, applying technical expertise and domain knowledge to achieve organizational objectives."
99-1662.69,Social Services Specialist 445,"Perform specialized duties in the social services sector, applying technical expertise and domain knowledge to achieve organizational objectives."
99-1663.70,Agriculture Specialist 446,"Perform specialized duties in the agriculture sector, applying technical expertise and domain knowledge to achieve organizational objectives."
99-1664.71,Manufacturing Specialist 447,"Perform specialized duties in the manufacturing sector, applying technical expertise and domain knowledge to achieve organizational objectives."
99-1665.72,Transportation Specialist 448,"Perform specialized duties in the transportation sector, applying technical expertise and domain knowledge to achieve organizational objectives."
99-1666.73,Sales Specialist 449,"Perform specialized duties in the sales sector, applying technical expertise and domain knowledge to achieve organizational objectives."
99-1667.74,Administrative Specialist 450,"Perform specialized duties in the administrative sector, applying technical expertise and domain knowledge to achieve organizational objectives."
99-1668.75,Arts / Media Specialist 451,"Perform specialized duties in the arts / media sector, applying technical expertise and domain knowledge to achieve organizational objectives."
99-1669.76,Legal Specialist 452,"Perform specialized duties in the legal sector, applying technical expertise and domain knowledge to achieve organizational objectives."
99-1670.77,Science Specialist 453,"Perform specialized duties in the science sector, applying technical expertise and domain knowledge to achieve organizational objectives."
99-1671.78,Social Services Specialist 454,"Perform specialized duties in the social services sector, applying technical expertise and domain knowledge to achieve organizational objectives."
99-1672.79,Agriculture Specialist 455,"Perform specialized duties in the agriculture sector, applying technical expertise and domain knowledge to achieve organizational objectives."
99-1673.80,Manufacturing Specialist 456,"Perform specialized duties in the manufacturing sector, applying technical expertise and domain knowledge to achieve organizational objectives."
99-1674.81,Transportation Specialist 457,"Perform specialized duties in the transportation sector, applying technical expertise and domain knowledge to achieve organizational objectives."
99-1675.82,Sales Specialist 458,"Perform specialized duties in the sales sector, applying technical expertise and domain knowledge to achieve organizational objectives."
99-1676.83,Administrative Specialist 459,"Perform specialized duties in the administrative sector, applying technical expertise and domain knowledge to achieve organizational objectives."
99-1677.84,Arts / Media Specialist 460,"Perform specialized duties in the arts / media sector, applying technical expertise and domain knowledge to achieve organizational objectives."
99-1678.85,Legal Specialist 461,"Perform specialized duties in the legal sector, applying technical expertise and domain knowledge to achieve organizational objectives."
99-1679.86,Science Specialist 462,"Perform specialized duties in the science sector, applying technical expertise and domain knowledge to achieve organizational objectives."
99-1680.87,Social Services Specialist 463,"Perform specialized duties in the social services sector, applying technical expertise and domain knowledge to achieve organizational objectives."
99-1681.88,Agriculture Specialist 464,"Perform specialized duties in the agriculture sector, applying technical expertise and domain knowledge to achieve organizational objectives."
99-1682.89,Manufacturing Specialist 465,"Perform specialized duties in the manufacturing sector, applying technical expertise and domain knowledge to achieve organizational objectives."
99-1683.90,Transportation Specialist 466,"Perform specialized duties in the transportation sector, applying technical expertise and domain knowledge to achieve organizational objectives."
99-1684.91,Sales Specialist 467,"Perform specialized duties in the sales sector, applying technical expertise and domain knowledge to achieve organizational objectives."
99-1685.92,Administrative Specialist 468,"Perform specialized duties in the administrative sector, applying technical expertise and domain knowledge to achieve organizational objectives."
99-1686.93,Arts / Media Specialist 469,"Perform specialized duties in the arts / media sector, applying technical expertise and domain knowledge to achieve organizational objectives."
99-1687.94,Legal Specialist 470,"Perform specialized duties in the legal sector, applying technical expertise and domain knowledge to achieve organizational objectives."
99-1688.95,Science Specialist 471,"Perform specialized duties in the science sector, applying technical expertise and domain knowledge to achieve organizational objectives."
99-1689.96,Social Services Specialist 472,"Perform specialized duties in the social services sector, applying technical expertise and domain knowledge to achieve organizational objectives."
99-1690.97,Agriculture Specialist 473,"Perform specialized duties in the agriculture sector, applying technical expertise and domain knowledge to achieve organizational objectives."
99-1691.98,Manufacturing Specialist 474,"Perform specialized duties in the manufacturing sector, applying technical expertise and domain knowledge to achieve organizational objectives."
99-1692.99,Transportation Specialist 475,"Perform specialized duties in the transportation sector, applying technical expertise and domain knowledge to achieve organizational objectives."
99-1693.01,Sales Specialist 476,"Perform specialized duties in the sales sector, applying technical expertise and domain knowledge to achieve organizational objectives."
99-1694.02,Administrative Specialist 477,"Perform specialized duties in the administrative sector, applying technical expertise and domain knowledge to achieve organizational objectives."
99-1695.03,Arts / Media Specialist 478,"Perform specialized duties in the arts / media sector, applying technical expertise and domain knowledge to achieve organizational objectives."
99-1696.04,Legal Specialist 479,"Perform specialized duties in the legal sector, applying technical expertise and domain knowledge to achieve organizational objectives."
99-1697.05,Science Specialist 480,"Perform specialized duties in the science sector, applying technical expertise and domain knowledge to achieve organizational objectives."
99-1698.06,Social Services Specialist 481,"Perform specialized duties in the social services sector, applying technical expertise and domain knowledge to achieve organizational objectives."
99-1699.07,Agriculture Specialist 482,"Perform specialized duties in the agriculture sector, applying technical expertise and domain knowledge to achieve organizational objectives."
99-1700.08,Manufacturing Specialist 483,"Perform specialized duties in the manufacturing sector, applying technical expertise and domain knowledge to achieve organizational objectives."
99-1701.09,Transportation Specialist 484,"Perform specialized duties in the transportation sector, applying technical expertise and domain knowledge to achieve organizational objectives."
99-1702.10,Sales Specialist 485,"Perform specialized duties in the sales sector, applying technical expertise and domain knowledge to achieve organizational objectives."
99-1703.11,Administrative Specialist 486,"Perform specialized duties in the administrative sector, applying technical expertise and domain knowledge to achieve organizational objectives."
99-1704.12,Arts / Media Specialist 487,"Perform specialized duties in the arts / media sector, applying technical expertise and domain knowledge to achieve organizational objectives."
99-1705.13,Legal Specialist 488,"Perform specialized duties in the legal sector, applying technical expertise and domain knowledge to achieve organizational objectives."
99-1706.14,Science Specialist 489,"Perform specialized duties in the science sector, applying technical expertise and domain knowledge to achieve organizational objectives."
99-1707.15,Social Services Specialist 490,"Perform specialized duties in the social services sector, applying technical expertise and domain knowledge to achieve organizational objectives."
99-1708.16,Agriculture Specialist 491,"Perform specialized duties in the agriculture sector, applying technical expertise and domain knowledge to achieve organizational objectives."
99-1709.17,Manufacturing Specialist 492,"Perform specialized duties in the manufacturing sector, applying technical expertise and domain knowledge to achieve organizational objectives."
99-1710.18,Transportation Specialist 493,"Perform specialized duties in the transportation sector, applying technical expertise and domain knowledge to achieve organizational objectives."
99-1711.19,Sales Specialist 494,"Perform specialized duties in the sales sector, applying technical expertise and domain knowledge to achieve organizational objectives."
99-1712.20,Administrative Specialist 495,"Perform specialized duties in the administrative sector, applying technical expertise and domain knowledge to achieve organizational objectives."
99-1713.21,Arts / Media Specialist 496,"Perform specialized duties in the arts / media sector, applying technical expertise and domain knowledge to achieve organizational objectives."
99-1714.22,Legal Specialist 497,"Perform specialized duties in the legal sector, applying technical expertise and domain knowledge to achieve organizational objectives."
99-1715.23,Science Specialist 498,"Perform specialized duties in the science sector, applying technical expertise and domain knowledge to achieve organizational objectives."
99-1716.24,Social Services Specialist 499,"Perform specialized duties in the social services sector, applying technical expertise and domain knowledge to achieve organizational objectives."
99-1717.25,Agriculture Specialist 500,"Perform specialized duties in the agriculture sector, applying technical expertise and domain knowledge to achieve organizational objectives."
99-1718.26,Manufacturing Specialist 501,"Perform specialized duties in the manufacturing sector, applying technical expertise and domain knowledge to achieve organizational objectives."
99-1719.27,Transportation Specialist 502,"Perform specialized duties in the transportation sector, applying technical expertise and domain knowledge to achieve organizational objectives."
99-1720.28,Sales Specialist 503,"Perform specialized duties in the sales sector, applying technical expertise and domain knowledge to achieve organizational objectives."
99-1721.29,Administrative Specialist 504,"Perform specialized duties in the administrative sector, applying technical expertise and domain knowledge to achieve organizational objectives."
99-1722.30,Arts / Media Specialist 505,"Perform specialized duties in the arts / media sector, applying technical expertise and domain knowledge to achieve organizational objectives."
99-1723.31,Legal Specialist 506,"Perform specialized duties in the legal sector, applying technical expertise and domain knowledge to achieve organizational objectives."
99-1724.32,Science Specialist 507,"Perform specialized duties in the science sector, applying technical expertise and domain knowledge to achieve organizational objectives."
99-1725.33,Social Services Specialist 508,"Perform specialized duties in the social services sector, applying technical expertise and domain knowledge to achieve organizational objectives."
99-1726.34,Agriculture Specialist 509,"Perform specialized duties in the agriculture sector, applying technical expertise and domain knowledge to achieve organizational objectives."
99-1727.35,Manufacturing Specialist 510,"Perform specialized duties in the manufacturing sector, applying technical expertise and domain knowledge to achieve organizational objectives."
99-1728.36,Transportation Specialist 511,"Perform specialized duties in the transportation sector, applying technical expertise and domain knowledge to achieve organizational objectives."
99-1729.37,Sales Specialist 512,"Perform specialized duties in the sales sector, applying technical expertise and domain knowledge to achieve organizational objectives."
99-1730.38,Administrative Specialist 513,"Perform specialized duties in the administrative sector, applying technical expertise and domain knowledge to achieve organizational objectives."
99-1731.39,Arts / Media Specialist 514,"Perform specialized duties in the arts / media sector, applying technical expertise and domain knowledge to achieve organizational objectives."
99-1732.40,Legal Specialist 515,"Perform specialized duties in the legal sector, applying technical expertise and domain knowledge to achieve organizational objectives."
99-1733.41,Science Specialist 516,"Perform specialized duties in the science sector, applying technical expertise and domain knowledge to achieve organizational objectives."
99-1734.42,Social Services Specialist 517,"Perform specialized duties in the social services sector, applying technical expertise and domain knowledge to achieve organizational objectives."
99-1735.43,Agriculture Specialist 518,"Perform specialized duties in the agriculture sector, applying technical expertise and domain knowledge to achieve organizational objectives."
99-1736.44,Manufacturing Specialist 519,"Perform specialized duties in the manufacturing sector, applying technical expertise and domain knowledge to achieve organizational objectives."
99-1737.45,Transportation Specialist 520,"Perform specialized duties in the transportation sector, applying technical expertise and domain knowledge to achieve organizational objectives."
99-1738.46,Sales Specialist 521,"Perform specialized duties in the sales sector, applying technical expertise and domain knowledge to achieve organizational objectives."
99-1739.47,Administrative Specialist 522,"Perform specialized duties in the administrative sector, applying technical expertise and domain knowledge to achieve organizational objectives."
99-1740.48,Arts / Media Specialist 523,"Perform specialized duties in the arts / media sector, applying technical expertise and domain knowledge to achieve organizational objectives."
99-1741.49,Legal Specialist 524,"Perform specialized duties in the legal sector, applying technical expertise and domain knowledge to achieve organizational objectives."
99-1742.50,Science Specialist 525,"Perform specialized duties in the science sector, applying technical expertise and domain knowledge to achieve organizational objectives."
99-1743.51,Social Services Specialist 526,"Perform specialized duties in the social services sector, applying technical expertise and domain knowledge to achieve organizational objectives."
99-1744.52,Agriculture Specialist 527,"Perform specialized duties in the agriculture sector, applying technical expertise and domain knowledge to achieve organizational objectives."
99-1745.53,Manufacturing Specialist 528,"Perform specialized duties in the manufacturing sector, applying technical expertise and domain knowledge to achieve organizational objectives."
99-1746.54,Transportation Specialist 529,"Perform specialized duties in the transportation sector, applying technical expertise and domain knowledge to achieve organizational objectives."
99-1747.55,Sales Specialist 530,"Perform specialized duties in the sales sector, applying technical expertise and domain knowledge to achieve organizational objectives."
99-1748.56,Administrative Specialist 531,"Perform specialized duties in the administrative sector, applying technical expertise and domain knowledge to achieve organizational objectives."
99-1749.57,Arts / Media Specialist 532,"Perform specialized duties in the arts / media sector, applying technical expertise and domain knowledge to achieve organizational objectives."
99-1750.58,Legal Specialist 533,"Perform specialized duties in the legal sector, applying technical expertise and domain knowledge to achieve organizational objectives."
99-1751.59,Science Specialist 534,"Perform specialized duties in the science sector, applying technical expertise and domain knowledge to achieve organizational objectives."
99-1752.60,Social Services Specialist 535,"Perform specialized duties in the social services sector, applying technical expertise and domain knowledge to achieve organizational objectives."
99-1753.61,Agriculture Specialist 536,"Perform specialized duties in the agriculture sector, applying technical expertise and domain knowledge to achieve organizational objectives."
99-1754.62,Manufacturing Specialist 537,"Perform specialized duties in the manufacturing sector, applying technical expertise and domain knowledge to achieve organizational objectives."
99-1755.63,Transportation Specialist 538,"Perform specialized duties in the transportation sector, applying technical expertise and domain knowledge to achieve organizational objectives."
99-1756.64,Sales Specialist 539,"Perform specialized duties in the sales sector, applying technical expertise and domain knowledge to achieve organizational objectives."
99-1757.65,Administrative Specialist 540,"Perform specialized duties in the administrative sector, applying technical expertise and domain knowledge to achieve organizational objectives."
99-1758.66,Arts / Media Specialist 541,"Perform specialized duties in the arts / media sector, applying technical expertise and domain knowledge to achieve organizational objectives."
99-1759.67,Legal Specialist 542,"Perform specialized duties in the legal sector, applying technical expertise and domain knowledge to achieve organizational objectives."
99-1760.68,Science Specialist 543,"Perform specialized duties in the science sector, applying technical expertise and domain knowledge to achieve organizational objectives."
99-1761.69,Social Services Specialist 544,"Perform specialized duties in the social services sector, applying technical expertise and domain knowledge to achieve organizational objectives."
99-1762.70,Agriculture Specialist 545,"Perform specialized duties in the agriculture sector, applying technical expertise and domain knowledge to achieve organizational objectives."
99-1763.71,Manufacturing Specialist 546,"Perform specialized duties in the manufacturing sector, applying technical expertise and domain knowledge to achieve organizational objectives."
99-1764.72,Transportation Specialist 547,"Perform specialized duties in the transportation sector, applying technical expertise and domain knowledge to achieve organizational objectives."
99-1765.73,Sales Specialist 548,"Perform specialized duties in the sales sector, applying technical expertise and domain knowledge to achieve organizational objectives."
99-1766.74,Administrative Specialist 549,"Perform specialized duties in the administrative sector, applying technical expertise and domain knowledge to achieve organizational objectives."
99-1767.75,Arts / Media Specialist 550,"Perform specialized duties in the arts / media sector, applying technical expertise and domain knowledge to achieve organizational objectives."
99-1768.76,Legal Specialist 551,"Perform specialized duties in the legal sector, applying technical expertise and domain knowledge to achieve organizational objectives."
99-1769.77,Science Specialist 552,"Perform specialized duties in the science sector, applying technical expertise and domain knowledge to achieve organizational objectives."
99-1770.78,Social Services Specialist 553,"Perform specialized duties in the social services sector, applying technical expertise and domain knowledge to achieve organizational objectives."
99-1771.79,Agriculture Specialist 554,"Perform specialized duties in the agriculture sector, applying technical expertise and domain knowledge to achieve organizational objectives."
99-1772.80,Manufacturing Specialist 555,"Perform specialized duties in the manufacturing sector, applying technical expertise and domain knowledge to achieve organizational objectives."
99-1773.81,Transportation Specialist 556,"Perform specialized duties in the transportation sector, applying technical expertise and domain knowledge to achieve organizational objectives."
99-1774.82,Sales Specialist 557,"Perform specialized duties in the sales sector, applying technical expertise and domain knowledge to achieve organizational objectives."
99-1775.83,Administrative Specialist 558,"Perform specialized duties in the administrative sector, applying technical expertise and domain knowledge to achieve organizational objectives."
99-1776.84,Arts / Media Specialist 559,"Perform specialized duties in the arts / media sector, applying technical expertise and domain knowledge to achieve organizational objectives."
99-1777.85,Legal Specialist 560,"Perform specialized duties in the legal sector, applying technical expertise and domain knowledge to achieve organizational objectives."
99-1778.86,Science Specialist 561,"Perform specialized duties in the science sector, applying technical expertise and domain knowledge to achieve organizational objectives."
99-1779.87,Social Services Specialist 562,"Perform specialized duties in the social services sector, applying technical expertise and domain knowledge to achieve organizational objectives."
99-1780.88,Agriculture Specialist 563,"Perform specialized duties in the agriculture sector, applying technical expertise and domain knowledge to achieve organizational objectives."
99-1781.89,Manufacturing Specialist 564,"Perform specialized duties in the manufacturing sector, applying technical expertise and domain knowledge to achieve organizational objectives."
99-1782.90,Transportation Specialist 565,"Perform specialized duties in the transportation sector, applying technical expertise and domain knowledge to achieve organizational objectives."
99-1783.91,Sales Specialist 566,"Perform specialized duties in the sales sector, applying technical expertise and domain knowledge to achieve organizational objectives."
99-1784.92,Administrative Specialist 567,"Perform specialized duties in the administrative sector, applying technical expertise and domain knowledge to achieve organizational objectives."
99-1785.93,Arts / Media Specialist 568,"Perform specialized duties in the arts / media sector, applying technical expertise and domain knowledge to achieve organizational objectives."
99-1786.94,Legal Specialist 569,"Perform specialized duties in the legal sector, applying technical expertise and domain knowledge to achieve organizational objectives."
99-1787.95,Science Specialist 570,"Perform specialized duties in the science sector, applying technical expertise and domain knowledge to achieve organizational objectives."
99-1788.96,Social Services Specialist 571,"Perform specialized duties in the social services sector, applying technical expertise and domain knowledge to achieve organizational objectives."
99-1789.97,Agriculture Specialist 572,"Perform specialized duties in the agriculture sector, applying technical expertise and domain knowledge to achieve organizational objectives."
99-1790.98,Manufacturing Specialist 573,"Perform specialized duties in the manufacturing sector, applying technical expertise and domain knowledge to achieve organizational objectives."
99-1791.99,Transportation Specialist 574,"Perform specialized duties in the transportation sector, applying technical expertise and domain knowledge to achieve organizational objectives."
99-1792.01,Sales Specialist 575,"Perform specialized duties in the sales sector, applying technical expertise and domain knowledge to achieve organizational objectives."
99-1793.02,Administrative Specialist 576,"Perform specialized duties in the administrative sector, applying technical expertise and domain knowledge to achieve organizational objectives."
99-1794.03,Arts / Media Specialist 577,"Perform specialized duties in the arts / media sector, applying technical expertise and domain knowledge to achieve organizational objectives."
99-1795.04,Legal Specialist 578,"Perform specialized duties in the legal sector, applying technical expertise and domain knowledge to achieve organizational objectives."
99-1796.05,Science Specialist 579,"Perform specialized duties in the science sector, applying technical expertise and domain knowledge to achieve organizational objectives."
99-1797.06,Social Services Specialist 580,"Perform specialized duties in the social services sector, applying technical expertise and domain knowledge to achieve organizational objectives."
99-1798.07,Agriculture Specialist 581,"Perform specialized duties in the agriculture sector, applying technical expertise and domain knowledge to achieve organizational objectives."
99-1799.08,Manufacturing Specialist 582,"Perform specialized duties in the manufacturing sector, applying technical expertise and domain knowledge to achieve organizational objectives."
99-1800.09,Transportation Specialist 583,"Perform specialized duties in the transportation sector, applying technical expertise and domain knowledge to achieve organizational objectives."
99-1801.10,Sales Specialist 584,"Perform specialized duties in the sales sector, applying technical expertise and domain knowledge to achieve organizational objectives."
99-1802.11,Administrative Specialist 585,"Perform specialized duties in the administrative sector, applying technical expertise and domain knowledge to achieve organizational objectives."
99-1803.12,Arts / Media Specialist 586,"Perform specialized duties in the arts / media sector, applying technical expertise and domain knowledge to achieve organizational objectives."
99-1804.13,Legal Specialist 587,"Perform specialized duties in the legal sector, applying technical expertise and domain knowledge to achieve organizational objectives."
99-1805.14,Science Specialist 588,"Perform specialized duties in the science sector, applying technical expertise and domain knowledge to achieve organizational objectives."
99-1806.15,Social Services Specialist 589,"Perform specialized duties in the social services sector, applying technical expertise and domain knowledge to achieve organizational objectives."
99-1807.16,Agriculture Specialist 590,"Perform specialized duties in the agriculture sector, applying technical expertise and domain knowledge to achieve organizational objectives."
99-1808.17,Manufacturing Specialist 591,"Perform specialized duties in the manufacturing sector, applying technical expertise and domain knowledge to achieve organizational objectives."
99-1809.18,Transportation Specialist 592,"Perform specialized duties in the transportation sector, applying technical expertise and domain knowledge to achieve organizational objectives."
99-1810.19,Sales Specialist 593,"Perform specialized duties in the sales sector, applying technical expertise and domain knowledge to achieve organizational objectives."
99-1811.20,Administrative Specialist 594,"Perform specialized duties in the administrative sector, applying technical expertise and domain knowledge to achieve organizational objectives."
99-1812.21,Arts / Media Specialist 595,"Perform specialized duties in the arts / media sector, applying technical expertise and domain knowledge to achieve organizational objectives."
99-1813.22,Legal Specialist 596,"Perform specialized duties in the legal sector, applying technical expertise and domain knowledge to achieve organizational objectives."
99-1814.23,Science Specialist 597,"Perform specialized duties in the science sector, applying technical expertise and domain knowledge to achieve organizational objectives."
99-1815.24,Social Services Specialist 598,"Perform specialized duties in the social services sector, applying technical expertise and domain knowledge to achieve organizational objectives."
99-1816.25,Agriculture Specialist 599,"Perform specialized duties in the agriculture sector, applying technical expertise and domain knowledge to achieve organizational objectives."
99-1817.26,Manufacturing Specialist 600,"Perform specialized duties in the manufacturing sector, applying technical expertise and domain knowledge to achieve organizational objectives."
99-1818.27,Transportation Specialist 601,"Perform specialized duties in the transportation sector, applying technical expertise and domain knowledge to achieve organizational objectives."
99-1819.28,Sales Specialist 602,"Perform specialized duties in the sales sector, applying technical expertise and domain knowledge to achieve organizational objectives."
99-1820.29,Administrative Specialist 603,"Perform specialized duties in the administrative sector, applying technical expertise and domain knowledge to achieve organizational objectives."
99-1821.30,Arts / Media Specialist 604,"Perform specialized duties in the arts / media sector, applying technical expertise and domain knowledge to achieve organizational objectives."
99-1822.31,Legal Specialist 605,"Perform specialized duties in the legal sector, applying technical expertise and domain knowledge to achieve organizational objectives."
99-1823.32,Science Specialist 606,"Perform specialized duties in the science sector, applying technical expertise and domain knowledge to achieve organizational objectives."
99-1824.33,Social Services Specialist 607,"Perform specialized duties in the social services sector, applying technical expertise and domain knowledge to achieve organizational objectives."
99-1825.34,Agriculture Specialist 608,"Perform specialized duties in the agriculture sector, applying technical expertise and domain knowledge to achieve organizational objectives."
99-1826.35,Manufacturing Specialist 609,"Perform specialized duties in the manufacturing sector, applying technical expertise and domain knowledge to achieve organizational objectives."
99-1827.36,Transportation Specialist 610,"Perform specialized duties in the transportation sector, applying technical expertise and domain knowledge to achieve organizational objectives."
99-1828.37,Sales Specialist 611,"Perform specialized duties in the sales sector, applying technical expertise and domain knowledge to achieve organizational objectives."
99-1829.38,Administrative Specialist 612,"Perform specialized duties in the administrative sector, applying technical expertise and domain knowledge to achieve organizational objectives."
99-1830.39,Arts / Media Specialist 613,"Perform specialized duties in the arts / media sector, applying technical expertise and domain knowledge to achieve organizational objectives."
99-1831.40,Legal Specialist 614,"Perform specialized duties in the legal sector, applying technical expertise and domain knowledge to achieve organizational objectives."
99-1832.41,Science Specialist 615,"Perform specialized duties in the science sector, applying technical expertise and domain knowledge to achieve organizational objectives."
99-1833.42,Social Services Specialist 616,"Perform specialized duties in the social services sector, applying technical expertise and domain knowledge to achieve organizational objectives."
99-1834.43,Agriculture Specialist 617,"Perform specialized duties in the agriculture sector, applying technical expertise and domain knowledge to achieve organizational objectives."
99-1835.44,Manufacturing Specialist 618,"Perform specialized duties in the manufacturing sector, applying technical expertise and domain knowledge to achieve organizational objectives."
99-1836.45,Transportation Specialist 619,"Perform specialized duties in the transportation sector, applying technical expertise and domain knowledge to achieve organizational objectives."
99-1837.46,Sales Specialist 620,"Perform specialized duties in the sales sector, applying technical expertise and domain knowledge to achieve organizational objectives."
99-1838.47,Administrative Specialist 621,"Perform specialized duties in the administrative sector, applying technical expertise and domain knowledge to achieve organizational objectives."
99-1839.48,Arts / Media Specialist 622,"Perform specialized duties in the arts / media sector, applying technical expertise and domain knowledge to achieve organizational objectives."
99-1840.49,Legal Specialist 623,"Perform specialized duties in the legal sector, applying technical expertise and domain knowledge to achieve organizational objectives."
99-1841.50,Science Specialist 624,"Perform specialized duties in the science sector, applying technical expertise and domain knowledge to achieve organizational objectives."
99-1842.51,Social Services Specialist 625,"Perform specialized duties in the social services sector, applying technical expertise and domain knowledge to achieve organizational objectives."
99-1843.52,Agriculture Specialist 626,"Perform specialized duties in the agriculture sector, applying technical expertise and domain knowledge to achieve organizational objectives."
99-1844.53,Manufacturing Specialist 627,"Perform specialized duties in the manufacturing sector, applying technical expertise and domain knowledge to achieve organizational objectives."
99-1845.54,Transportation Specialist 628,"Perform specialized duties in the transportation sector, applying technical expertise and domain knowledge to achieve organizational objectives."
99-1846.55,Sales Specialist 629,"Perform specialized duties in the sales sector, applying technical expertise and domain knowledge to achieve organizational objectives."
99-1847.56,Administrative Specialist 630,"Perform specialized duties in the administrative sector, applying technical expertise and domain knowledge to achieve organizational objectives."
99-1848.57,Arts / Media Specialist 631,"Perform specialized duties in the arts / media sector, applying technical expertise and domain knowledge to achieve organizational objectives."
99-1849.58,Legal Specialist 632,"Perform specialized duties in the legal sector, applying technical expertise and domain knowledge to achieve organizational objectives."
99-1850.59,Science Specialist 633,"Perform specialized duties in the science sector, applying technical expertise and domain knowledge to achieve organizational objectives."
99-1851.60,Social Services Specialist 634,"Perform specialized duties in the social services sector, applying technical expertise and domain knowledge to achieve organizational objectives."
99-1852.61,Agriculture Specialist 635,"Perform specialized duties in the agriculture sector, applying technical expertise and domain knowledge to achieve organizational objectives."
99-1853.62,Manufacturing Specialist 636,"Perform specialized duties in the manufacturing sector, applying technical expertise and domain knowledge to achieve organizational objectives."
99-1854.63,Transportation Specialist 637,"Perform specialized duties in the transportation sector, applying technical expertise and domain knowledge to achieve organizational objectives."
99-1855.64,Sales Specialist 638,"Perform specialized duties in the sales sector, applying technical expertise and domain knowledge to achieve organizational objectives."
99-1856.65,Administrative Specialist 639,"Perform specialized duties in the administrative sector, applying technical expertise and domain knowledge to achieve organizational objectives."
99-1857.66,Arts / Media Specialist 640,"Perform specialized duties in the arts / media sector, applying technical expertise and domain knowledge to achieve organizational objectives."
99-1858.67,Legal Specialist 641,"Perform specialized duties in the legal sector, applying technical expertise and domain knowledge to achieve organizational objectives."
99-1859.68,Science Specialist 642,"Perform specialized duties in the science sector, applying technical expertise and domain knowledge to achieve organizational objectives."
99-1860.69,Social Services Specialist 643,"Perform specialized duties in the social services sector, applying technical expertise and domain knowledge to achieve organizational objectives."
99-1861.70,Agriculture Specialist 644,"Perform specialized duties in the agriculture sector, applying technical expertise and domain knowledge to achieve organizational objectives."
99-1862.71,Manufacturing Specialist 645,"Perform specialized duties in the manufacturing sector, applying technical expertise and domain knowledge to achieve organizational objectives."
99-1863.72,Transportation Specialist 646,"Perform specialized duties in the transportation sector, applying technical expertise and domain knowledge to achieve organizational objectives."
99-1864.73,Sales Specialist 647,"Perform specialized duties in the sales sector, applying technical expertise and domain knowledge to achieve organizational objectives."
99-1865.74,Administrative Specialist 648,"Perform specialized duties in the administrative sector, applying technical expertise and domain knowledge to achieve organizational objectives."
99-1866.75,Arts / Media Specialist 649,"Perform specialized duties in the arts / media sector, applying technical expertise and domain knowledge to achieve organizational objectives."
99-1867.76,Legal Specialist 650,"Perform specialized duties in the legal sector, applying technical expertise and domain knowledge to achieve organizational objectives."
99-1868.77,Science Specialist 651,"Perform specialized duties in the science sector, applying technical expertise and domain knowledge to achieve organizational objectives."
99-1869.78,Social Services Specialist 652,"Perform specialized duties in the social services sector, applying technical expertise and domain knowledge to achieve organizational objectives."
99-1870.79,Agriculture Specialist 653,"Perform specialized duties in the agriculture sector, applying technical expertise and domain knowledge to achieve organizational objectives."
99-1871.80,Manufacturing Specialist 654,"Perform specialized duties in the manufacturing sector, applying technical expertise and domain knowledge to achieve organizational objectives."
99-1872.81,Transportation Specialist 655,"Perform specialized duties in the transportation sector, applying technical expertise and domain knowledge to achieve organizational objectives."
99-1873.82,Sales Specialist 656,"Perform specialized duties in the sales sector, applying technical expertise and domain knowledge to achieve organizational objectives."
99-1874.83,Administrative Specialist 657,"Perform specialized duties in the administrative sector, applying technical expertise and domain knowledge to achieve organizational objectives."
99-1875.84,Arts / Media Specialist 658,"Perform specialized duties in the arts / media sector, applying technical expertise and domain knowledge to achieve organizational objectives."
99-1876.85,Legal Specialist 659,"Perform specialized duties in the legal sector, applying technical expertise and domain knowledge to achieve organizational objectives."
99-1877.86,Science Specialist 660,"Perform specialized duties in the science sector, applying technical expertise and domain knowledge to achieve organizational objectives."
99-1878.87,Social Services Specialist 661,"Perform specialized duties in the social services sector, applying technical expertise and domain knowledge to achieve organizational objectives."
99-1879.88,Agriculture Specialist 662,"Perform specialized duties in the agriculture sector, applying technical expertise and domain knowledge to achieve organizational objectives."
99-1880.89,Manufacturing Specialist 663,"Perform specialized duties in the manufacturing sector, applying technical expertise and domain knowledge to achieve organizational objectives."
99-1881.90,Transportation Specialist 664,"Perform specialized duties in the transportation sector, applying technical expertise and domain knowledge to achieve organizational objectives."
99-1882.91,Sales Specialist 665,"Perform specialized duties in the sales sector, applying technical expertise and domain knowledge to achieve organizational objectives."
99-1883.92,Administrative Specialist 666,"Perform specialized duties in the administrative sector, applying technical expertise and domain knowledge to achieve organizational objectives."
99-1884.93,Arts / Media Specialist 667,"Perform specialized duties in the arts / media sector, applying technical expertise and domain knowledge to achieve organizational objectives."
99-1885.94,Legal Specialist 668,"Perform specialized duties in the legal sector, applying technical expertise and domain knowledge to achieve organizational objectives."
99-1886.95,Science Specialist 669,"Perform specialized duties in the science sector, applying technical expertise and domain knowledge to achieve organizational objectives."
99-1887.96,Social Services Specialist 670,"Perform specialized duties in the social services sector, applying technical expertise and domain knowledge to achieve organizational objectives."
99-1888.97,Agriculture Specialist 671,"Perform specialized duties in the agriculture sector, applying technical expertise and domain knowledge to achieve organizational objectives."
99-1889.98,Manufacturing Specialist 672,"Perform specialized duties in the manufacturing sector, applying technical expertise and domain knowledge to achieve organizational objectives."
99-1890.99,Transportation Specialist 673,"Perform specialized duties in the transportation sector, applying technical expertise and domain knowledge to achieve organizational objectives."
99-1891.01,Sales Specialist 674,"Perform specialized duties in the sales sector, applying technical expertise and domain knowledge to achieve organizational objectives."
99-1892.02,Administrative Specialist 675,"Perform specialized duties in the administrative sector, applying technical expertise and domain knowledge to achieve organizational objectives."
99-1893.03,Arts / Media Specialist 676,"Perform specialized duties in the arts / media sector, applying technical expertise and domain knowledge to achieve organizational objectives."
99-1894.04,Legal Specialist 677,"Perform specialized duties in the legal sector, applying technical expertise and domain knowledge to achieve organizational objectives."
99-1895.05,Science Specialist 678,"Perform specialized duties in the science sector, applying technical expertise and domain knowledge to achieve organizational objectives."
99-1896.06,Social Services Specialist 679,"Perform specialized duties in the social services sector, applying technical expertise and domain knowledge to achieve organizational objectives."
99-1897.07,Agriculture Specialist 680,"Perform specialized duties in the agriculture sector, applying technical expertise and domain knowledge to achieve organizational objectives."
99-1898.08,Manufacturing Specialist 681,"Perform specialized duties in the manufacturing sector, applying technical expertise and domain knowledge to achieve organizational objectives."
99-1899.09,Transportation Specialist 682,"Perform specialized duties in the transportation sector, applying technical expertise and domain knowledge to achieve organizational objectives."
99-1900.10,Sales Specialist 683,"Perform specialized duties in the sales sector, applying technical expertise and domain knowledge to achieve organizational objectives."
99-1901.11,Administrative Specialist 684,"Perform specialized duties in the administrative sector, applying technical expertise and domain knowledge to achieve organizational objectives."
99-1902.12,Arts / Media Specialist 685,"Perform specialized duties in the arts / media sector, applying technical expertise and domain knowledge to achieve organizational objectives."
99-1903.13,Legal Specialist 686,"Perform specialized duties in the legal sector, applying technical expertise and domain knowledge to achieve organizational objectives."
99-1904.14,Science Specialist 687,"Perform specialized duties in the science sector, applying technical expertise and domain knowledge to achieve organizational objectives."
99-1905.15,Social Services Specialist 688,"Perform specialized duties in the social services sector, applying technical expertise and domain knowledge to achieve organizational objectives."
99-1906.16,Agriculture Specialist 689,"Perform specialized duties in the agriculture sector, applying technical expertise and domain knowledge to achieve organizational objectives."
99-1907.17,Manufacturing Specialist 690,"Perform specialized duties in the manufacturing sector, applying technical expertise and domain knowledge to achieve organizational objectives."
99-1908.18,Transportation Specialist 691,"Perform specialized duties in the transportation sector, applying technical expertise and domain knowledge to achieve organizational objectives."
99-1909.19,Sales Specialist 692,"Perform specialized duties in the sales sector, applying technical expertise and domain knowledge to achieve organizational objectives."
99-1910.20,Administrative Specialist 693,"Perform specialized duties in the administrative sector, applying technical expertise and domain knowledge to achieve organizational objectives."
99-1911.21,Arts / Media Specialist 694,"Perform specialized duties in the arts / media sector, applying technical expertise and domain knowledge to achieve organizational objectives."
99-1912.22,Legal Specialist 695,"Perform specialized duties in the legal sector, applying technical expertise and domain knowledge to achieve organizational objectives."
99-1913.23,Science Specialist 696,"Perform specialized duties in the science sector, applying technical expertise and domain knowledge to achieve organizational objectives."
99-1914.24,Social Services Specialist 697,"Perform specialized duties in the social services sector, applying technical expertise and domain knowledge to achieve organizational objectives."
99-1915.25,Agriculture Specialist 698,"Perform specialized duties in the agriculture sector, applying technical expertise and domain knowledge to achieve organizational objectives."
99-1916.26,Manufacturing Specialist 699,"Perform specialized duties in the manufacturing sector, applying technical expertise and domain knowledge to achieve organizational objectives."
99-1917.27,Transportation Specialist 700,"Perform specialized duties in the transportation sector, applying technical expertise and domain knowledge to achieve organizational objectives."
99-1918.28,Sales Specialist 701,"Perform specialized duties in the sales sector, applying technical expertise and domain knowledge to achieve organizational objectives."
99-1919.29,Administrative Specialist 702,"Perform specialized duties in the administrative sector, applying technical expertise and domain knowledge to achieve organizational objectives."
99-1920.30,Arts / Media Specialist 703,"Perform specialized duties in the arts / media sector, applying technical expertise and domain knowledge to achieve organizational objectives."
99-1921.31,Legal Specialist 704,"Perform specialized duties in the legal sector, applying technical expertise and domain knowledge to achieve organizational objectives."
99-1922.32,Science Specialist 705,"Perform specialized duties in the science sector, applying technical expertise and domain knowledge to achieve organizational objectives."
99-1923.33,Social Services Specialist 706,"Perform specialized duties in the social services sector, applying technical expertise and domain knowledge to achieve organizational objectives."
99-1924.34,Agriculture Specialist 707,"Perform specialized duties in the agriculture sector, applying technical expertise and domain knowledge to achieve organizational objectives."
99-1925.35,Manufacturing Specialist 708,"Perform specialized duties in the manufacturing sector, applying technical expertise and domain knowledge to achieve organizational objectives."
99-1926.36,Transportation Specialist 709,"Perform specialized duties in the transportation sector, applying technical expertise and domain knowledge to achieve organizational objectives."
99-1927.37,Sales Specialist 710,"Perform specialized duties in the sales sector, applying technical expertise and domain knowledge to achieve organizational objectives."
99-1928.38,Administrative Specialist 711,"Perform specialized duties in the administrative sector, applying technical expertise and domain knowledge to achieve organizational objectives."
99-1929.39,Arts / Media Specialist 712,"Perform specialized duties in the arts / media sector, applying technical expertise and domain knowledge to achieve organizational objectives."
99-1930.40,Legal Specialist 713,"Perform specialized duties in the legal sector, applying technical expertise and domain knowledge to achieve organizational objectives."
99-1931.41,Science Specialist 714,"Perform specialized duties in the science sector, applying technical expertise and domain knowledge to achieve organizational objectives."
99-1932.42,Social Services Specialist 715,"Perform specialized duties in the social services sector, applying technical expertise and domain knowledge to achieve organizational objectives."
99-1933.43,Agriculture Specialist 716,"Perform specialized duties in the agriculture sector, applying technical expertise and domain knowledge to achieve organizational objectives."
99-1934.44,Manufacturing Specialist 717,"Perform specialized duties in the manufacturing sector, applying technical expertise and domain knowledge to achieve organizational objectives."
99-1935.45,Transportation Specialist 718,"Perform specialized duties in the transportation sector, applying technical expertise and domain knowledge to achieve organizational objectives."
99-1936.46,Sales Specialist 719,"Perform specialized duties in the sales sector, applying technical expertise and domain knowledge to achieve organizational objectives."
99-1937.47,Administrative Specialist 720,"Perform specialized duties in the administrative sector, applying technical expertise and domain knowledge to achieve organizational objectives."
99-1938.48,Arts / Media Specialist 721,"Perform specialized duties in the arts / media sector, applying technical expertise and domain knowledge to achieve organizational objectives."
99-1939.49,Legal Specialist 722,"Perform specialized duties in the legal sector, applying technical expertise and domain knowledge to achieve organizational objectives."
99-1940.50,Science Specialist 723,"Perform specialized duties in the science sector, applying technical expertise and domain knowledge to achieve organizational objectives."
99-1941.51,Social Services Specialist 724,"Perform specialized duties in the social services sector, applying technical expertise and domain knowledge to achieve organizational objectives."
99-1942.52,Agriculture Specialist 725,"Perform specialized duties in the agriculture sector, applying technical expertise and domain knowledge to achieve organizational objectives."
99-1943.53,Manufacturing Specialist 726,"Perform specialized duties in the manufacturing sector, applying technical expertise and domain knowledge to achieve organizational objectives."
99-1944.54,Transportation Specialist 727,"Perform specialized duties in the transportation sector, applying technical expertise and domain knowledge to achieve organizational objectives."
99-1945.55,Sales Specialist 728,"Perform specialized duties in the sales sector, applying technical expertise and domain knowledge to achieve organizational objectives."
99-1946.56,Administrative Specialist 729,"Perform specialized duties in the administrative sector, applying technical expertise and domain knowledge to achieve organizational objectives."
99-1947.57,Arts / Media Specialist 730,"Perform specialized duties in the arts / media sector, applying technical expertise and domain knowledge to achieve organizational objectives."
99-1948.58,Legal Specialist 731,"Perform specialized duties in the legal sector, applying technical expertise and domain knowledge to achieve organizational objectives."
99-1949.59,Science Specialist 732,"Perform specialized duties in the science sector, applying technical expertise and domain knowledge to achieve organizational objectives."
99-1950.60,Social Services Specialist 733,"Perform specialized duties in the social services sector, applying technical expertise and domain knowledge to achieve organizational objectives."
99-1951.61,Agriculture Specialist 734,"Perform specialized duties in the agriculture sector, applying technical expertise and domain knowledge to achieve organizational objectives."
99-1952.62,Manufacturing Specialist 735,"Perform specialized duties in the manufacturing sector, applying technical expertise and domain knowledge to achieve organizational objectives."
99-1953.63,Transportation Specialist 736,"Perform specialized duties in the transportation sector, applying technical expertise and domain knowledge to achieve organizational objectives."
99-1954.64,Sales Specialist 737,"Perform specialized duties in the sales sector, applying technical expertise and domain knowledge to achieve organizational objectives."
99-1955.65,Administrative Specialist 738,"Perform specialized duties in the administrative sector, applying technical expertise and domain knowledge to achieve organizational objectives."
99-1956.66,Arts / Media Specialist 739,"Perform specialized duties in the arts / media sector, applying technical expertise and domain knowledge to achieve organizational objectives."
99-1957.67,Legal Specialist 740,"Perform specialized duties in the legal sector, applying technical expertise and domain knowledge to achieve organizational objectives."
99-1958.68,Science Specialist 741,"Perform specialized duties in the science sector, applying technical expertise and domain knowledge to achieve organizational objectives."
99-1959.69,Social Services Specialist 742,"Perform specialized duties in the social services sector, applying technical expertise and domain knowledge to achieve organizational objectives."
99-1960.70,Agriculture Specialist 743,"Perform specialized duties in the agriculture sector, applying technical expertise and domain knowledge to achieve organizational objectives."
99-1961.71,Manufacturing Specialist 744,"Perform specialized duties in the manufacturing sector, applying technical expertise and domain knowledge to achieve organizational objectives."
99-1962.72,Transportation Specialist 745,"Perform specialized duties in the transportation sector, applying technical expertise and domain knowledge to achieve organizational objectives."
99-1963.73,Sales Specialist 746,"Perform specialized duties in the sales sector, applying technical expertise and domain knowledge to achieve organizational objectives."
99-1964.74,Administrative Specialist 747,"Perform specialized duties in the administrative sector, applying technical expertise and domain knowledge to achieve organizational objectives."
99-1965.75,Arts / Media Specialist 748,"Perform specialized duties in the arts / media sector, applying technical expertise and domain knowledge to achieve organizational objectives."
99-1966.76,Legal Specialist 749,"Perform specialized duties in the legal sector, applying technical expertise and domain knowledge to achieve organizational objectives."
99-1967.77,Science Specialist 750,"Perform specialized duties in the science sector, applying technical expertise and domain knowledge to achieve organizational objectives."
99-1968.78,Social Services Specialist 751,"Perform specialized duties in the social services sector, applying technical expertise and domain knowledge to achieve organizational objectives."
99-1969.79,Agriculture Specialist 752,"Perform specialized duties in the agriculture sector, applying technical expertise and domain knowledge to achieve organizational objectives."
99-1970.80,Manufacturing Specialist 753,"Perform specialized duties in the manufacturing sector, applying technical expertise and domain knowledge to achieve organizational objectives."
99-1971.81,Transportation Specialist 754,"Perform specialized duties in the transportation sector, applying technical expertise and domain knowledge to achieve organizational objectives."
99-1972.82,Sales Specialist 755,"Perform specialized duties in the sales sector, applying technical expertise and domain knowledge to achieve organizational objectives."
99-1973.83,Administrative Specialist 756,"Perform specialized duties in the administrative sector, applying technical expertise and domain knowledge to achieve organizational objectives."
99-1974.84,Arts / Media Specialist 757,"Perform specialized duties in the arts / media sector, applying technical expertise and domain knowledge to achieve organizational objectives."
99-1975.85,Legal Specialist 758,"Perform specialized duties in the legal sector, applying technical expertise and domain knowledge to achieve organizational objectives."
99-1976.86,Science Specialist 759,"Perform specialized duties in the science sector, applying technical expertise and domain knowledge to achieve organizational objectives."
99-1977.87,Social Services Specialist 760,"Perform specialized duties in the social services sector, applying technical expertise and domain knowledge to achieve organizational objectives."
99-1978.88,Agriculture Specialist 761,"Perform specialized duties in the agriculture sector, applying technical expertise and domain knowledge to achieve organizational objectives."
99-1979.89,Manufacturing Specialist 762,"Perform specialized duties in the manufacturing sector, applying technical expertise and domain knowledge to achieve organizational objectives."
99-1980.90,Transportation Specialist 763,"Perform specialized duties in the transportation sector, applying technical expertise and domain knowledge to achieve organizational objectives."
99-1981.91,Sales Specialist 764,"Perform specialized duties in the sales sector, applying technical expertise and domain knowledge to achieve organizational objectives."
99-1982.92,Administrative Specialist 765,"Perform specialized duties in the administrative sector, applying technical expertise and domain knowledge to achieve organizational objectives."
99-1983.93,Arts / Media Specialist 766,"Perform specialized duties in the arts / media sector, applying technical expertise and domain knowledge to achieve organizational objectives."
99-1984.94,Legal Specialist 767,"Perform specialized duties in the legal sector, applying technical expertise and domain knowledge to achieve organizational objectives."
99-1985.95,Science Specialist 768,"Perform specialized duties in the science sector, applying technical expertise and domain knowledge to achieve organizational objectives."
99-1986.96,Social Services Specialist 769,"Perform specialized duties in the social services sector, applying technical expertise and domain knowledge to achieve organizational objectives."
99-1987.97,Agriculture Specialist 770,"Perform specialized duties in the agriculture sector, applying technical expertise and domain knowledge to achieve organizational objectives."
99-1988.98,Manufacturing Specialist 771,"Perform specialized duties in the manufacturing sector, applying technical expertise and domain knowledge to achieve organizational objectives."
99-1989.99,Transportation Specialist 772,"Perform specialized duties in the transportation sector, applying technical expertise and domain knowledge to achieve organizational objectives."
99-1990.01,Sales Specialist 773,"Perform specialized duties in the sales sector, applying technical expertise and domain knowledge to achieve organizational objectives."
99-1991.02,Administrative Specialist 774,"Perform specialized duties in the administrative sector, applying technical expertise and domain knowledge to achieve organizational objectives."
99-1992.03,Arts / Media Specialist 775,"Perform specialized duties in the arts / media sector, applying technical expertise and domain knowledge to achieve organizational objectives."
99-1993.04,Legal Specialist 776,"Perform specialized duties in the legal sector, applying technical expertise and domain knowledge to achieve organizational objectives."
99-1994.05,Science Specialist 777,"Perform specialized duties in the science sector, applying technical expertise and domain knowledge to achieve organizational objectives."
99-1995.06,Social Services Specialist 778,"Perform specialized duties in the social services sector, applying technical expertise and domain knowledge to achieve organizational objectives."
99-1996.07,Agriculture Specialist 779,"Perform specialized duties in the agriculture sector, applying technical expertise and domain knowledge to achieve organizational objectives."
99-1997.08,Manufacturing Specialist 780,"Perform specialized duties in the manufacturing sector, applying technical expertise and domain knowledge to achieve organizational objectives."
99-1998.09,Transportation Specialist 781,"Perform specialized duties in the transportation sector, applying technical expertise and domain knowledge to achieve organizational objectives."
99-1999.10,Sales Specialist 782,"Perform specialized duties in the sales sector, applying technical expertise and domain knowledge to achieve organizational objectives."
99-2000.11,Administrative Specialist 783,"Perform specialized duties in the administrative sector, applying technical expertise and domain knowledge to achieve organizational objectives."
99-2001.12,Arts / Media Specialist 784,"Perform specialized duties in the arts / media sector, applying technical expertise and domain knowledge to achieve organizational objectives."
99-2002.13,Legal Specialist 785,"Perform specialized duties in the legal sector, applying technical expertise and domain knowledge to achieve organizational objectives."
99-2003.14,Science Specialist 786,"Perform specialized duties in the science sector, applying technical expertise and domain knowledge to achieve organizational objectives."
99-2004.15,Social Services Specialist 787,"Perform specialized duties in the social services sector, applying technical expertise and domain knowledge to achieve organizational objectives."
99-2005.16,Agriculture Specialist 788,"Perform specialized duties in the agriculture sector, applying technical expertise and domain knowledge to achieve organizational objectives."
99-2006.17,Manufacturing Specialist 789,"Perform specialized duties in the manufacturing sector, applying technical expertise and domain knowledge to achieve organizational objectives."
99-2007.18,Transportation Specialist 790,"Perform specialized duties in the transportation sector, applying technical expertise and domain knowledge to achieve organizational objectives."
99-2008.19,Sales Specialist 791,"Perform specialized duties in the sales sector, applying technical expertise and domain knowledge to achieve organizational objectives."
99-2009.20,Administrative Specialist 792,"Perform specialized duties in the administrative sector, applying technical expertise and domain knowledge to achieve organizational objectives."
99-2010.21,Arts / Media Specialist 793,"Perform specialized duties in the arts / media sector, applying technical expertise and domain knowledge to achieve organizational objectives."
99-2011.22,Legal Specialist 794,"Perform specialized duties in the legal sector, applying technical expertise and domain knowledge to achieve organizational objectives."
99-2012.23,Science Specialist 795,"Perform specialized duties in the science sector, applying technical expertise and domain knowledge to achieve organizational objectives."
99-2013.24,Social Services Specialist 796,"Perform specialized duties in the social services sector, applying technical expertise and domain knowledge to achieve organizational objectives."
99-2014.25,Agriculture Specialist 797,"Perform specialized duties in the agriculture sector, applying technical expertise and domain knowledge to achieve organizational objectives."
99-2015.26,Manufacturing Specialist 798,"Perform specialized duties in the manufacturing sector, applying technical expertise and domain knowledge to achieve organizational objectives."
