O*NET-SOC Code,Title,Related O*NET-SOC Code,Related Title,Relatedness Tier,Index
15-1252.00,Software Developers,99-1428.33,Social Services Specialist 211,Closely Related,1
15-1252.00,Software Developers,99-1500.06,Social Services Specialist 283,Related,2
15-1252.00,Software Developers,99-1264.67,Legal Specialist 47,Somewhat Related,3
15-1252.00,Software Developers,29-1124.00,Radiation Therapists,Somewhat Related,4
15-1253.00,Software Quality Assurance Analysts and Testers,99-1347.51,Social Services Specialist 130,Closely Related,1
15-1253.00,Software Quality Assurance Analysts and Testers,19-3022.00,Survey Researchers,Related,2
15-1253.00,Software Quality Assurance Analysts and Testers,29-1051.00,Pharmacists,Somewhat Related,3
15-1253.00,Software Quality Assurance Analysts and Testers,99-1496.02,Administrative Specialist 279,Somewhat Related,4
15-1254.00,Web Developers,25-1122.00,"Communications Teachers, Postsecondary",Closely Related,1
15-1254.00,Web Developers,99-1291.94,Legal Specialist 74,Related,2
15-1255.00,Web and Digital Interface Designers,99-1980.90,Transportation Specialist 763,Closely Related,1
15-1255.00,Web and Digital Interface Designers,99-1319.23,Science Specialist 102,Related,2
15-1211.00,Computer Systems Analysts,99-1921.31,Legal Specialist 704,Closely Related,1
15-1211.00,Computer Systems Analysts,99-1640.47,Administrative Specialist 423,Related,2
15-1212.00,Information Security Analysts,25-3021.00,Self-Enrichment Teachers,Closely Related,1
15-1212.00,Information Security Analysts,99-1279.82,Sales Specialist 62,Related,2
15-1221.00,Computer and Information Research Scientists,13-2099.00,"Financial Specialists, All Other",Closely Related,1
15-1221.00,Computer and Information Research Scientists,99-1869.78,Social Services Specialist 652,Related,2
15-1221.00,Computer and Information Research Scientists,99-1779.87,Social Services Specialist 562,Somewhat Related,3
15-1231.00,Computer Network Support Specialists,29-1063.00,"Internists, General",Closely Related,1
15-1231.00,Computer Network Support Specialists,99-1628.35,Manufacturing Specialist 411,Related,2
15-1231.00,Computer Network Support Specialists,99-1418.23,Science Specialist 201,Somewhat Related,3
15-1231.00,Computer Network Support Specialists,25-9011.00,Audio-Visual and Multimedia Collections Specialists,Somewhat Related,4
15-1231.00,Computer Network Support Specialists,99-1718.26,Manufacturing Specialist 501,Somewhat Related,5
15-1232.00,Computer User Support Specialists,99-1946.56,Administrative Specialist 729,Closely Related,1
15-1232.00,Computer User Support Specialists,17-2011.00,Aerospace Engineers,Related,2
15-1241.00,Computer Network Architects,99-1329.33,Social Services Specialist 112,Closely Related,1
15-1241.00,Computer Network Architects,99-1258.61,Agriculture Specialist 41,Related,2
15-1241.00,Computer Network Architects,99-1366.70,Agriculture Specialist 149,Somewhat Related,3
15-1242.00,Database Administrators,25-1043.00,"Forestry and Conservation Science Teachers, Postsecondary",Closely Related,1
15-1242.00,Database Administrators,99-1422.27,Transportation Specialist 205,Related,2
15-1242.00,Database Administrators,25-1021.00,"Computer Science Teachers, Postsecondary",Somewhat Related,3
15-1242.00,Database Administrators,15-2021.00,Mathematicians,Somewhat Related,4
15-1243.00,Database Architects,99-1325.29,Administrative Specialist 108,Closely Related,1
15-1243.00,Database Architects,99-1803.12,Arts / Media Specialist 586,Related,2
15-1243.00,Database Architects,99-1397.02,Administrative Specialist 180,Somewhat Related,3
15-1243.00,Database Architects,99-1716.24,Social Services Specialist 499,Somewhat Related,4
15-1244.00,Network and Computer Systems Administrators,99-1608.15,Social Services Specialist 391,Closely Related,1
15-1244.00,Network and Computer Systems Administrators,99-1680.87,Social Services Specialist 463,Related,2
15-1244.00,Network and Computer Systems Administrators,47-2171.00,Reinforcing Iron and Rebar Workers,Somewhat Related,3
15-1244.00,Network and Computer Systems Administrators,99-1505.11,Administrative Specialist 288,Somewhat Related,4
15-1251.00,Computer Programmers,99-1934.44,Manufacturing Specialist 717,Closely Related,1
15-1251.00,Computer Programmers,13-2081.00,"Tax Examiners and Collectors, and Revenue Agents",Related,2
15-1251.00,Computer Programmers,99-1360.64,Sales Specialist 143,Somewhat Related,3
15-1251.00,Computer Programmers,11-3031.00,Financial Managers,Somewhat Related,4
15-2051.00,Data Scientists,99-1256.59,Science Specialist 39,Closely Related,1
15-2051.00,Data Scientists,99-1512.18,Transportation Specialist 295,Related,2
15-2041.00,Statisticians,99-1301.05,Science Specialist 84,Closely Related,1
15-2041.00,Statisticians,13-2081.00,"Tax Examiners and Collectors, and Revenue Agents",Related,2
15-2041.00,Statisticians,99-1425.30,Arts / Media Specialist 208,Somewhat Related,3
15-2041.00,Statisticians,99-1395.99,Transportation Specialist 178,Somewhat Related,4
15-2041.00,Statisticians,99-1856.65,Administrative Specialist 639,Somewhat Related,5
15-2031.00,Operations Research Analysts,25-9011.00,Audio-Visual and Multimedia Collections Specialists,Closely Related,1
15-2031.00,Operations Research Analysts,99-1599.06,Social Services Specialist 382,Related,2
15-2031.00,Operations Research Analysts,99-1467.72,Transportation Specialist 250,Somewhat Related,3
15-2031.00,Operations Research Analysts,99-1568.74,Administrative Specialist 351,Somewhat Related,4
15-2031.00,Operations Research Analysts,29-1129.02,Music Therapists,Somewhat Related,5
15-1299.08,Computer Systems Engineers/Architects,47-2211.00,Sheet Metal Workers,Closely Related,1
15-1299.08,Computer Systems Engineers/Architects,99-1904.14,Science Specialist 687,Related,2
15-1299.08,Computer Systems Engineers/Architects,99-1528.34,Agriculture Specialist 311,Somewhat Related,3
15-1299.08,Computer Systems Engineers/Architects,99-1628.35,Manufacturing Specialist 411,Somewhat Related,4
15-1299.08,Computer Systems Engineers/Architects,99-1925.35,Manufacturing Specialist 708,Somewhat Related,5
15-1299.09,Information Technology Project Managers,99-1640.47,Administrative Specialist 423,Closely Related,1
15-1299.09,Information Technology Project Managers,99-1880.89,Manufacturing Specialist 663,Related,2
15-1299.05,Information Security Engineers,99-1326.30,Arts / Media Specialist 109,Closely Related,1
15-1299.05,Information Security Engineers,99-1309.13,Legal Specialist 92,Related,2
15-1299.05,Information Security Engineers,11-9041.00,Architectural and Engineering Managers,Somewhat Related,3
15-1299.05,Information Security Engineers,13-1022.00,"Wholesale and Retail Buyers, Except Farm Products",Somewhat Related,4
15-2099.01,Bioinformatics Technicians,99-1638.45,Transportation Specialist 421,Closely Related,1
15-2099.01,Bioinformatics Technicians,99-1287.90,Transportation Specialist 70,Related,2
15-1299.04,Penetration Testers,99-1411.16,Agriculture Specialist 194,Closely Related,1
15-1299.04,Penetration Testers,99-1968.78,Social Services Specialist 751,Related,2
15-2021.00,Mathematicians,15-1255.00,Web and Digital Interface Designers,Closely Related,1
15-2021.00,Mathematicians,99-1640.47,Administrative Specialist 423,Related,2
19-3022.00,Survey Researchers,99-1635.42,Social Services Specialist 418,Closely Related,1
19-3022.00,Survey Researchers,99-1286.89,Manufacturing Specialist 69,Related,2
19-3022.00,Survey Researchers,99-1466.71,Manufacturing Specialist 249,Somewhat Related,3
19-3022.00,Survey Researchers,99-1450.55,Sales Specialist 233,Somewhat Related,4
43-9111.00,Statistical Assistants,99-1338.42,Social Services Specialist 121,Closely Related,1
43-9111.00,Statistical Assistants,99-1278.81,Transportation Specialist 61,Related,2
43-9111.00,Statistical Assistants,99-1995.06,Social Services Specialist 778,Somewhat Related,3
17-2141.00,Mechanical Engineers,99-1661.68,Science Specialist 444,Closely Related,1
17-2141.00,Mechanical Engineers,99-1643.50,Science Specialist 426,Related,2
17-2141.00,Mechanical Engineers,99-1532.38,Administrative Specialist 315,Somewhat Related,3
17-2141.01,Fuel Cell Engineers,99-1506.12,Arts / Media Specialist 289,Closely Related,1
17-2141.01,Fuel Cell Engineers,17-2161.00,Nuclear Engineers,Related,2
17-2141.01,Fuel Cell Engineers,11-2011.00,Advertising and Promotions Managers,Somewhat Related,3
17-2141.02,Automotive Engineers,99-1612.19,Sales Specialist 395,Closely Related,1
17-2141.02,Automotive Engineers,99-1994.05,Science Specialist 777,Related,2
17-2151.00,Mining and Geological Engineers,99-1865.74,Administrative Specialist 648,Closely Related,1
17-2151.00,Mining and Geological Engineers,99-1492.97,Agriculture Specialist 275,Related,2
17-2151.00,Mining and Geological Engineers,25-1051.00,"Atmospheric, Earth, Marine, and Space Sciences Teachers, Postsecondary",Somewhat Related,3
17-2151.00,Mining and Geological Engineers,11-9131.00,Postmasters and Mail Superintendents,Somewhat Related,4
17-2161.00,Nuclear Engineers,99-1804.13,Legal Specialist 587,Closely Related,1
17-2161.00,Nuclear Engineers,47-2221.00,Structural Iron and Steel Workers,Related,2
17-2161.00,Nuclear Engineers,99-1916.26,Manufacturing Specialist 699,Somewhat Related,3
17-2171.00,Petroleum Engineers,29-1171.00,Nurse Practitioners,Closely Related,1
17-2171.00,Petroleum Engineers,99-1710.18,Transportation Specialist 493,Related,2
17-2181.00,Environmental Engineers,99-2002.13,Legal Specialist 785,Closely Related,1
17-2181.00,Environmental Engineers,99-1402.07,Agriculture Specialist 185,Related,2
17-2181.00,Environmental Engineers,99-1814.23,Science Specialist 597,Somewhat Related,3
17-2199.00,"Engineers, All Other",29-1125.00,Recreational Therapists,Closely Related,1
17-2199.00,"Engineers, All Other",99-1681.88,Agriculture Specialist 464,Related,2
17-2199.00,"Engineers, All Other",99-1713.21,Arts / Media Specialist 496,Somewhat Related,3
17-2011.00,Aerospace Engineers,99-1877.86,Science Specialist 660,Closely Related,1
17-2011.00,Aerospace Engineers,99-1870.79,Agriculture Specialist 653,Related,2
17-2011.00,Aerospace Engineers,99-1922.32,Science Specialist 705,Somewhat Related,3
17-2011.00,Aerospace Engineers,99-1399.04,Legal Specialist 182,Somewhat Related,4
17-2011.00,Aerospace Engineers,99-1666.73,Sales Specialist 449,Somewhat Related,5
17-2021.00,Agricultural Engineers,99-1392.96,Social Services Specialist 175,Closely Related,1
17-2021.00,Agricultural Engineers,99-1785.93,Arts / Media Specialist 568,Related,2
17-2021.00,Agricultural Engineers,99-1412.17,Manufacturing Specialist 195,Somewhat Related,3
17-2021.00,Agricultural Engineers,99-1906.16,Agriculture Specialist 689,Somewhat Related,4
17-2031.00,Bioengineers and Biomedical Engineers,11-9013.00,"Farmers, Ranchers, and Other Agricultural Managers",Closely Related,1
17-2031.00,Bioengineers and Biomedical Engineers,99-1727.35,Manufacturing Specialist 510,Related,2
17-2031.00,Bioengineers and Biomedical Engineers,99-1539.45,Transportation Specialist 322,Somewhat Related,3
17-2031.00,Bioengineers and Biomedical Engineers,99-1905.15,Social Services Specialist 688,Somewhat Related,4
17-2031.00,Bioengineers and Biomedical Engineers,17-2171.00,Petroleum Engineers,Somewhat Related,5
17-2041.00,Chemical Engineers,99-1329.33,Social Services Specialist 112,Closely Related,1
17-2041.00,Chemical Engineers,99-1605.12,Arts / Media Specialist 388,Related,2
17-2051.00,Civil Engineers,99-1240.43,Agriculture Specialist 23,Closely Related,1
17-2051.00,Civil Engineers,99-1330.34,Agriculture Specialist 113,Related,2
17-2051.00,Civil Engineers,99-1374.78,Social Services Specialist 157,Somewhat Related,3
17-2051.00,Civil Engineers,99-1449.54,Transportation Specialist 232,Somewhat Related,4
17-2051.00,Civil Engineers,99-1908.18,Transportation Specialist 691,Somewhat Related,5
17-2061.00,Computer Hardware Engineers,99-1833.42,Social Services Specialist 616,Closely Related,1
17-2061.00,Computer Hardware Engineers,99-1977.87,Social Services Specialist 760,Related,2
17-2061.00,Computer Hardware Engineers,99-1962.72,Transportation Specialist 745,Somewhat Related,3
17-2071.00,Electrical Engineers,99-1945.55,Sales Specialist 728,Closely Related,1
17-2071.00,Electrical Engineers,99-1533.39,Arts / Media Specialist 316,Related,2
17-2071.00,Electrical Engineers,99-1552.58,Legal Specialist 335,Somewhat Related,3
17-2071.00,Electrical Engineers,99-1726.34,Agriculture Specialist 509,Somewhat Related,4
17-2071.00,Electrical Engineers,15-1253.00,Software Quality Assurance Analysts and Testers,Somewhat Related,5
17-2072.00,"Electronics Engineers, Except Computer",99-1605.12,Arts / Media Specialist 388,Closely Related,1
17-2072.00,"Electronics Engineers, Except Computer",17-2021.00,Agricultural Engineers,Related,2
17-2072.00,"Electronics Engineers, Except Computer",99-1889.98,Manufacturing Specialist 672,Somewhat Related,3
17-2072.00,"Electronics Engineers, Except Computer",99-1870.79,Agriculture Specialist 653,Somewhat Related,4
17-2072.00,"Electronics Engineers, Except Computer",99-1656.63,Transportation Specialist 439,Somewhat Related,5
17-2081.00,Environmental Engineers,99-1668.75,Arts / Media Specialist 451,Closely Related,1
17-2081.00,Environmental Engineers,99-1825.34,Agriculture Specialist 608,Related,2
17-2081.00,Environmental Engineers,99-1602.09,Transportation Specialist 385,Somewhat Related,3
17-2081.00,Environmental Engineers,99-1683.90,Transportation Specialist 466,Somewhat Related,4
17-2081.00,Environmental Engineers,47-2141.00,"Painters, Construction and Maintenance",Somewhat Related,5
17-2111.00,Health and Safety Engineers,99-1931.41,Science Specialist 714,Closely Related,1
17-2111.00,Health and Safety Engineers,99-1589.95,Science Specialist 372,Related,2
17-2111.00,Health and Safety Engineers,99-1235.38,Administrative Specialist 18,Somewhat Related,3
17-2112.00,Industrial Engineers,47-2211.00,Sheet Metal Workers,Closely Related,1
17-2112.00,Industrial Engineers,47-2011.00,Boilermakers,Related,2
17-2112.00,Industrial Engineers,29-1128.00,Exercise Physiologists,Somewhat Related,3
17-2121.00,Marine Engineers and Naval Architects,99-1584.90,Transportation Specialist 367,Closely Related,1
17-2121.00,Marine Engineers and Naval Architects,99-1669.76,Legal Specialist 452,Related,2
17-2121.00,Marine Engineers and Naval Architects,99-1289.92,Administrative Specialist 72,Somewhat Related,3
17-2121.00,Marine Engineers and Naval Architects,99-1833.42,Social Services Specialist 616,Somewhat Related,4
17-2131.00,Materials Engineers,99-1965.75,Arts / Media Specialist 748,Closely Related,1
17-2131.00,Materials Engineers,99-1461.66,Arts / Media Specialist 244,Related,2
17-2131.00,Materials Engineers,99-1823.32,Science Specialist 606,Somewhat Related,3
17-2131.00,Materials Engineers,99-1539.45,Transportation Specialist 322,Somewhat Related,4
17-1011.00,"Architects, Except Landscape and Naval",99-1608.15,Social Services Specialist 391,Closely Related,1
17-1011.00,"Architects, Except Landscape and Naval",47-2073.00,Operating Engineers and Other Construction Equipment Operators,Related,2
17-1011.00,"Architects, Except Landscape and Naval",99-1735.43,Agriculture Specialist 518,Somewhat Related,3
17-1011.00,"Architects, Except Landscape and Naval",99-1788.96,Social Services Specialist 571,Somewhat Related,4
17-1011.00,"Architects, Except Landscape and Naval",99-1415.20,Administrative Specialist 198,Somewhat Related,5
17-1012.00,Landscape Architects,99-1762.70,Agriculture Specialist 545,Closely Related,1
17-1012.00,Landscape Architects,99-1921.31,Legal Specialist 704,Related,2
17-1012.00,Landscape Architects,99-1387.91,Sales Specialist 170,Somewhat Related,3
17-1012.00,Landscape Architects,99-1580.86,Science Specialist 363,Somewhat Related,4
17-1012.00,Landscape Architects,17-2121.00,Marine Engineers and Naval Architects,Somewhat Related,5
17-1021.00,Cartographers and Photogrammetrists,99-1252.55,Sales Specialist 35,Closely Related,1
17-1021.00,Cartographers and Photogrammetrists,99-1853.62,Manufacturing Specialist 636,Related,2
17-1021.00,Cartographers and Photogrammetrists,99-1391.95,Science Specialist 174,Somewhat Related,3
17-1021.00,Cartographers and Photogrammetrists,47-2211.00,Sheet Metal Workers,Somewhat Related,4
17-1021.00,Cartographers and Photogrammetrists,29-1126.00,Respiratory Therapists,Somewhat Related,5
17-1022.00,Surveyors,99-1977.87,Social Services Specialist 760,Closely Related,1
17-1022.00,Surveyors,99-1713.21,Arts / Media Specialist 496,Related,2
17-1022.00,Surveyors,99-1273.76,Legal Specialist 56,Somewhat Related,3
17-1022.00,Surveyors,29-1124.00,Radiation Therapists,Somewhat Related,4
47-1011.00,First-Line Supervisors of Construction Trades,99-1399.04,Legal Specialist 182,Closely Related,1
47-1011.00,First-Line Supervisors of Construction Trades,99-1336.40,Legal Specialist 119,Related,2
47-1011.00,First-Line Supervisors of Construction Trades,99-1226.29,Administrative Specialist 9,Somewhat Related,3
47-2011.00,Boilermakers,99-1417.22,Legal Specialist 200,Closely Related,1
47-2011.00,Boilermakers,99-1336.40,Legal Specialist 119,Related,2
47-2031.00,Carpenters,99-1687.94,Legal Specialist 470,Closely Related,1
47-2031.00,Carpenters,29-1161.00,Nurse Midwives,Related,2
47-2031.00,Carpenters,99-1606.13,Legal Specialist 389,Somewhat Related,3
47-2051.00,Cement Masons and Concrete Finishers,99-1623.30,Arts / Media Specialist 406,Closely Related,1
47-2051.00,Cement Masons and Concrete Finishers,99-1595.02,Administrative Specialist 378,Related,2
47-2051.00,Cement Masons and Concrete Finishers,99-1818.27,Transportation Specialist 601,Somewhat Related,3
47-2051.00,Cement Masons and Concrete Finishers,25-1061.00,"Anthropology and Archeology Teachers, Postsecondary",Somewhat Related,4
47-2051.00,Cement Masons and Concrete Finishers,99-1866.75,Arts / Media Specialist 649,Somewhat Related,5
47-2061.00,Construction Laborers,99-1642.49,Legal Specialist 425,Closely Related,1
47-2061.00,Construction Laborers,99-1771.79,Agriculture Specialist 554,Related,2
47-2061.00,Construction Laborers,99-1818.27,Transportation Specialist 601,Somewhat Related,3
47-2073.00,Operating Engineers and Other Construction Equipment Operators,99-2009.20,Administrative Specialist 792,Closely Related,1
47-2073.00,Operating Engineers and Other Construction Equipment Operators,29-1125.00,Recreational Therapists,Related,2
47-2073.00,Operating Engineers and Other Construction Equipment Operators,99-1741.49,Legal Specialist 524,Somewhat Related,3
47-2111.00,Electricians,99-1999.10,Sales Specialist 782,Closely Related,1
47-2111.00,Electricians,25-2054.00,"Special Education Teachers, Secondary School",Related,2
47-2121.00,Glaziers,99-1285.88,Agriculture Specialist 68,Closely Related,1
47-2121.00,Glaziers,99-1659.66,Arts / Media Specialist 442,Related,2
47-2121.00,Glaziers,99-1887.96,Social Services Specialist 670,Somewhat Related,3
47-2121.00,Glaziers,99-1827.36,Transportation Specialist 610,Somewhat Related,4
47-2131.00,"Insulation Workers, Floor, Ceiling, and Wall",99-1639.46,Sales Specialist 422,Closely Related,1
47-2131.00,"Insulation Workers, Floor, Ceiling, and Wall",99-1579.85,Legal Specialist 362,Related,2
47-2131.00,"Insulation Workers, Floor, Ceiling, and Wall",99-1760.68,Science Specialist 543,Somewhat Related,3
47-2141.00,"Painters, Construction and Maintenance",99-1410.15,Social Services Specialist 193,Closely Related,1
47-2141.00,"Painters, Construction and Maintenance",99-1591.97,Agriculture Specialist 374,Related,2
47-2141.00,"Painters, Construction and Maintenance",99-1794.03,Arts / Media Specialist 577,Somewhat Related,3
47-2141.00,"Painters, Construction and Maintenance",99-1946.56,Administrative Specialist 729,Somewhat Related,4
47-2152.00,"Plumbers, Pipefitters, and Steamfitters",99-1391.95,Science Specialist 174,Closely Related,1
47-2152.00,"Plumbers, Pipefitters, and Steamfitters",99-1231.34,Agriculture Specialist 14,Related,2
47-2152.00,"Plumbers, Pipefitters, and Steamfitters",15-1299.05,Information Security Engineers,Somewhat Related,3
47-2152.00,"Plumbers, Pipefitters, and Steamfitters",13-2072.00,Loan Officers,Somewhat Related,4
47-2161.00,Plasterers and Stucco Masons,25-1052.00,"Chemistry Teachers, Postsecondary",Closely Related,1
47-2161.00,Plasterers and Stucco Masons,99-1552.58,Legal Specialist 335,Related,2
47-2171.00,Reinforcing Iron and Rebar Workers,99-1864.73,Sales Specialist 647,Closely Related,1
47-2171.00,Reinforcing Iron and Rebar Workers,99-1501.07,Agriculture Specialist 284,Related,2
47-2181.00,Roofers,99-1629.36,Transportation Specialist 412,Closely Related,1
47-2181.00,Roofers,99-1422.27,Transportation Specialist 205,Related,2
47-2211.00,Sheet Metal Workers,99-1339.43,Agriculture Specialist 122,Closely Related,1
47-2211.00,Sheet Metal Workers,99-1452.57,Arts / Media Specialist 235,Related,2
47-2211.00,Sheet Metal Workers,99-1933.43,Agriculture Specialist 716,Somewhat Related,3
47-2211.00,Sheet Metal Workers,99-1643.50,Science Specialist 426,Somewhat Related,4
47-2221.00,Structural Iron and Steel Workers,99-1279.82,Sales Specialist 62,Closely Related,1
47-2221.00,Structural Iron and Steel Workers,99-1891.01,Sales Specialist 674,Related,2
47-2221.00,Structural Iron and Steel Workers,15-1244.00,Network and Computer Systems Administrators,Somewhat Related,3
47-2221.00,Structural Iron and Steel Workers,99-1830.39,Arts / Media Specialist 613,Somewhat Related,4
29-1141.00,Registered Nurses,99-1919.29,Administrative Specialist 702,Closely Related,1
29-1141.00,Registered Nurses,99-1370.74,Administrative Specialist 153,Related,2
29-1141.00,Registered Nurses,25-2023.00,"Career/Technical Education Teachers, Middle School",Somewhat Related,3
29-1141.00,Registered Nurses,99-1496.02,Administrative Specialist 279,Somewhat Related,4
29-1141.00,Registered Nurses,99-1548.54,Transportation Specialist 331,Somewhat Related,5
29-1171.00,Nurse Practitioners,99-1242.45,Transportation Specialist 25,Closely Related,1
29-1171.00,Nurse Practitioners,99-1754.62,Manufacturing Specialist 537,Related,2
29-1171.00,Nurse Practitioners,25-1052.00,"Chemistry Teachers, Postsecondary",Somewhat Related,3
29-1171.00,Nurse Practitioners,99-1804.13,Legal Specialist 587,Somewhat Related,4
29-1151.00,Nurse Anesthetists,99-1676.83,Administrative Specialist 459,Closely Related,1
29-1151.00,Nurse Anesthetists,99-1622.29,Administrative Specialist 405,Related,2
29-1151.00,Nurse Anesthetists,99-1468.73,Sales Specialist 251,Somewhat Related,3
29-1161.00,Nurse Midwives,99-1980.90,Transportation Specialist 763,Closely Related,1
29-1161.00,Nurse Midwives,25-1072.00,"Nursing Instructors and Teachers, Postsecondary",Related,2
29-1161.00,Nurse Midwives,29-1123.00,Physical Therapists,Somewhat Related,3
29-1161.00,Nurse Midwives,99-1924.34,Agriculture Specialist 707,Somewhat Related,4
29-1161.00,Nurse Midwives,99-1592.98,Manufacturing Specialist 375,Somewhat Related,5
29-1021.00,"Dentists, General",99-1357.61,Agriculture Specialist 140,Closely Related,1
29-1021.00,"Dentists, General",13-1121.00,"Meeting, Convention, and Event Planners",Related,2
29-1021.00,"Dentists, General",99-1964.74,Administrative Specialist 747,Somewhat Related,3
29-1021.00,"Dentists, General",99-1533.39,Arts / Media Specialist 316,Somewhat Related,4
29-1021.00,"Dentists, General",99-1345.49,Legal Specialist 128,Somewhat Related,5
29-1022.00,Oral and Maxillofacial Surgeons,99-1423.28,Sales Specialist 206,Closely Related,1
29-1022.00,Oral and Maxillofacial Surgeons,25-1191.00,Graduate Teaching Assistants,Related,2
29-1022.00,Oral and Maxillofacial Surgeons,99-1775.83,Administrative Specialist 558,Somewhat Related,3
29-1023.00,Orthodontists,99-1650.57,Arts / Media Specialist 433,Closely Related,1
29-1023.00,Orthodontists,11-3013.00,Facilities Managers,Related,2
29-1023.00,Orthodontists,99-1712.20,Administrative Specialist 495,Somewhat Related,3
29-1023.00,Orthodontists,99-1759.67,Legal Specialist 542,Somewhat Related,4
29-1023.00,Orthodontists,99-1423.28,Sales Specialist 206,Somewhat Related,5
29-1031.00,Dietitians and Nutritionists,99-1404.09,Transportation Specialist 187,Closely Related,1
29-1031.00,Dietitians and Nutritionists,11-9151.00,Social and Community Service Managers,Related,2
29-1031.00,Dietitians and Nutritionists,99-1892.02,Administrative Specialist 675,Somewhat Related,3
29-1041.00,Optometrists,99-1639.46,Sales Specialist 422,Closely Related,1
29-1041.00,Optometrists,99-1663.70,Agriculture Specialist 446,Related,2
29-1041.00,Optometrists,19-3022.00,Survey Researchers,Somewhat Related,3
29-1041.00,Optometrists,99-1363.67,Legal Specialist 146,Somewhat Related,4
29-1051.00,Pharmacists,25-1064.00,"Geography Teachers, Postsecondary",Closely Related,1
29-1051.00,Pharmacists,99-1859.68,Science Specialist 642,Related,2
29-1062.00,Family Medicine Physicians,99-1608.15,Social Services Specialist 391,Closely Related,1
29-1062.00,Family Medicine Physicians,99-1928.38,Administrative Specialist 711,Related,2
29-1062.00,Family Medicine Physicians,99-1764.72,Transportation Specialist 547,Somewhat Related,3
29-1063.00,"Internists, General",99-1537.43,Agriculture Specialist 320,Closely Related,1
29-1063.00,"Internists, General",99-1728.36,Transportation Specialist 511,Related,2
29-1063.00,"Internists, General",99-1453.58,Legal Specialist 236,Somewhat Related,3
29-1063.00,"Internists, General",99-1356.60,Social Services Specialist 139,Somewhat Related,4
29-1063.00,"Internists, General",25-3011.00,"Adult Basic Education, Adult Secondary Education, and English as a Second Language Instructors",Somewhat Related,5
29-1064.00,Obstetricians and Gynecologists,17-2121.00,Marine Engineers and Naval Architects,Closely Related,1
29-1064.00,Obstetricians and Gynecologists,99-1351.55,Sales Specialist 134,Related,2
29-1064.00,Obstetricians and Gynecologists,99-1740.48,Arts / Media Specialist 523,Somewhat Related,3
29-1064.00,Obstetricians and Gynecologists,99-1301.05,Science Specialist 84,Somewhat Related,4
29-1065.00,"Pediatricians, General",99-1898.08,Manufacturing Specialist 681,Closely Related,1
29-1065.00,"Pediatricians, General",11-3071.00,"Transportation, Storage, and Distribution Managers",Related,2
29-1065.00,"Pediatricians, General",99-1559.65,Administrative Specialist 342,Somewhat Related,3
29-1071.00,Physician Assistants,17-2112.00,Industrial Engineers,Closely Related,1
29-1071.00,Physician Assistants,99-1293.96,Social Services Specialist 76,Related,2
29-1071.00,Physician Assistants,99-1949.59,Science Specialist 732,Somewhat Related,3
29-1071.00,Physician Assistants,99-1487.92,Administrative Specialist 270,Somewhat Related,4
29-1081.00,Podiatrists,99-1346.50,Science Specialist 129,Closely Related,1
29-1081.00,Podiatrists,99-1595.02,Administrative Specialist 378,Related,2
29-1081.00,Podiatrists,99-1638.45,Transportation Specialist 421,Somewhat Related,3
29-1122.00,Occupational Therapists,99-1433.38,Administrative Specialist 216,Closely Related,1
29-1122.00,Occupational Therapists,25-1054.00,"Physics Teachers, Postsecondary",Related,2
29-1122.00,Occupational Therapists,11-9121.00,Natural Sciences Managers,Somewhat Related,3
29-1122.00,Occupational Therapists,99-1862.71,Manufacturing Specialist 645,Somewhat Related,4
29-1123.00,Physical Therapists,99-1800.09,Transportation Specialist 583,Closely Related,1
29-1123.00,Physical Therapists,25-1071.00,"Health Specialties Teachers, Postsecondary",Related,2
29-1123.00,Physical Therapists,99-1862.71,Manufacturing Specialist 645,Somewhat Related,3
29-1124.00,Radiation Therapists,99-1385.89,Manufacturing Specialist 168,Closely Related,1
29-1124.00,Radiation Therapists,99-1755.63,Transportation Specialist 538,Related,2
29-1124.00,Radiation Therapists,99-2012.23,Science Specialist 795,Somewhat Related,3
29-1124.00,Radiation Therapists,99-1923.33,Social Services Specialist 706,Somewhat Related,4
29-1124.00,Radiation Therapists,99-1939.49,Legal Specialist 722,Somewhat Related,5
29-1125.00,Recreational Therapists,99-1292.95,Science Specialist 75,Closely Related,1
29-1125.00,Recreational Therapists,99-1855.64,Sales Specialist 638,Related,2
29-1125.00,Recreational Therapists,25-1064.00,"Geography Teachers, Postsecondary",Somewhat Related,3
29-1125.00,Recreational Therapists,11-9161.00,Emergency Management Directors,Somewhat Related,4
29-1126.00,Respiratory Therapists,99-1378.82,Sales Specialist 161,Closely Related,1
29-1126.00,Respiratory Therapists,99-1771.79,Agriculture Specialist 554,Related,2
29-1126.00,Respiratory Therapists,99-1781.89,Manufacturing Specialist 564,Somewhat Related,3
29-1126.00,Respiratory Therapists,25-9011.00,Audio-Visual and Multimedia Collections Specialists,Somewhat Related,4
29-1126.00,Respiratory Therapists,99-1961.71,Manufacturing Specialist 744,Somewhat Related,5
29-1127.00,Speech-Language Pathologists,99-1715.23,Science Specialist 498,Closely Related,1
29-1127.00,Speech-Language Pathologists,99-1454.59,Science Specialist 237,Related,2
29-1127.00,Speech-Language Pathologists,99-1391.95,Science Specialist 174,Somewhat Related,3
29-1127.00,Speech-Language Pathologists,99-1633.40,Legal Specialist 416,Somewhat Related,4
29-1127.00,Speech-Language Pathologists,99-1524.30,Arts / Media Specialist 307,Somewhat Related,5
29-1128.00,Exercise Physiologists,25-9031.00,Instructional Coordinators,Closely Related,1
29-1128.00,Exercise Physiologists,99-1507.13,Legal Specialist 290,Related,2
29-1128.00,Exercise Physiologists,25-1051.00,"Atmospheric, Earth, Marine, and Space Sciences Teachers, Postsecondary",Somewhat Related,3
29-1128.00,Exercise Physiologists,99-1286.89,Manufacturing Specialist 69,Somewhat Related,4
29-1128.00,Exercise Physiologists,25-1199.00,"Postsecondary Teachers, All Other",Somewhat Related,5
29-1129.02,Music Therapists,99-1963.73,Sales Specialist 746,Closely Related,1
29-1129.02,Music Therapists,25-1022.00,"Mathematical Science Teachers, Postsecondary",Related,2
29-1129.02,Music Therapists,99-1305.09,Transportation Specialist 88,Somewhat Related,3
29-1129.02,Music Therapists,99-1273.76,Legal Specialist 56,Somewhat Related,4
29-1215.00,Family Medicine Physicians,99-1770.78,Social Services Specialist 553,Closely Related,1
29-1215.00,Family Medicine Physicians,11-2022.00,Sales Managers,Related,2
25-1011.00,"Business Teachers, Postsecondary",99-1891.01,Sales Specialist 674,Closely Related,1
25-1011.00,"Business Teachers, Postsecondary",99-1546.52,Agriculture Specialist 329,Related,2
25-1021.00,"Computer Science Teachers, Postsecondary",99-1651.58,Legal Specialist 434,Closely Related,1
25-1021.00,"Computer Science Teachers, Postsecondary",99-1891.01,Sales Specialist 674,Related,2
25-1021.00,"Computer Science Teachers, Postsecondary",99-1291.94,Legal Specialist 74,Somewhat Related,3
25-1022.00,"Mathematical Science Teachers, Postsecondary",99-1956.66,Arts / Media Specialist 739,Closely Related,1
25-1022.00,"Mathematical Science Teachers, Postsecondary",17-2071.00,Electrical Engineers,Related,2
25-1032.00,"Vocational Education Teachers, Postsecondary",99-1705.13,Legal Specialist 488,Closely Related,1
25-1032.00,"Vocational Education Teachers, Postsecondary",99-1747.55,Sales Specialist 530,Related,2
25-1041.00,"Agricultural Sciences Teachers, Postsecondary",99-1446.51,Social Services Specialist 229,Closely Related,1
25-1041.00,"Agricultural Sciences Teachers, Postsecondary",99-1245.48,Arts / Media Specialist 28,Related,2
25-1042.00,"Biological Science Teachers, Postsecondary",99-1611.18,Transportation Specialist 394,Closely Related,1
25-1042.00,"Biological Science Teachers, Postsecondary",99-1422.27,Transportation Specialist 205,Related,2
25-1042.00,"Biological Science Teachers, Postsecondary",13-1051.00,Cost Estimators,Somewhat Related,3
25-1042.00,"Biological Science Teachers, Postsecondary",99-1955.65,Administrative Specialist 738,Somewhat Related,4
25-1042.00,"Biological Science Teachers, Postsecondary",99-1998.09,Transportation Specialist 781,Somewhat Related,5
25-1043.00,"Forestry and Conservation Science Teachers, Postsecondary",99-1366.70,Agriculture Specialist 149,Closely Related,1
25-1043.00,"Forestry and Conservation Science Teachers, Postsecondary",99-1507.13,Legal Specialist 290,Related,2
25-1043.00,"Forestry and Conservation Science Teachers, Postsecondary",99-1659.66,Arts / Media Specialist 442,Somewhat Related,3
25-1043.00,"Forestry and Conservation Science Teachers, Postsecondary",99-1690.97,Agriculture Specialist 473,Somewhat Related,4
25-1051.00,"Atmospheric, Earth, Marine, and Space Sciences Teachers, Postsecondary",99-1309.13,Legal Specialist 92,Closely Related,1
25-1051.00,"Atmospheric, Earth, Marine, and Space Sciences Teachers, Postsecondary",13-1061.00,Emergency Management Specialists,Related,2
25-1052.00,"Chemistry Teachers, Postsecondary",99-1470.75,Arts / Media Specialist 253,Closely Related,1
25-1052.00,"Chemistry Teachers, Postsecondary",99-2012.23,Science Specialist 795,Related,2
25-1052.00,"Chemistry Teachers, Postsecondary",99-1506.12,Arts / Media Specialist 289,Somewhat Related,3
25-1052.00,"Chemistry Teachers, Postsecondary",99-1547.53,Manufacturing Specialist 330,Somewhat Related,4
25-1052.00,"Chemistry Teachers, Postsecondary",99-1853.62,Manufacturing Specialist 636,Somewhat Related,5
25-1053.00,"Environmental Science Teachers, Postsecondary",99-1669.76,Legal Specialist 452,Closely Related,1
25-1053.00,"Environmental Science Teachers, Postsecondary",99-1613.20,Administrative Specialist 396,Related,2
25-1054.00,"Physics Teachers, Postsecondary",99-1914.24,Social Services Specialist 697,Closely Related,1
25-1054.00,"Physics Teachers, Postsecondary",99-1477.82,Sales Specialist 260,Related,2
25-1054.00,"Physics Teachers, Postsecondary",99-1808.17,Manufacturing Specialist 591,Somewhat Related,3
25-1061.00,"Anthropology and Archeology Teachers, Postsecondary",99-1359.63,Transportation Specialist 142,Closely Related,1
25-1061.00,"Anthropology and Archeology Teachers, Postsecondary",99-1715.23,Science Specialist 498,Related,2
25-1061.00,"Anthropology and Archeology Teachers, Postsecondary",99-1975.85,Legal Specialist 758,Somewhat Related,3
25-1061.00,"Anthropology and Archeology Teachers, Postsecondary",99-1384.88,Agriculture Specialist 167,Somewhat Related,4
25-1062.00,"Area, Ethnic, and Cultural Studies Teachers, Postsecondary",99-1351.55,Sales Specialist 134,Closely Related,1
25-1062.00,"Area, Ethnic, and Cultural Studies Teachers, Postsecondary",99-1405.10,Sales Specialist 188,Related,2
25-1062.00,"Area, Ethnic, and Cultural Studies Teachers, Postsecondary",99-1712.20,Administrative Specialist 495,Somewhat Related,3
25-1063.00,"Economics Teachers, Postsecondary",99-1952.62,Manufacturing Specialist 735,Closely Related,1
25-1063.00,"Economics Teachers, Postsecondary",99-1290.93,Arts / Media Specialist 73,Related,2
25-1063.00,"Economics Teachers, Postsecondary",99-1834.43,Agriculture Specialist 617,Somewhat Related,3
25-1064.00,"Geography Teachers, Postsecondary",25-3031.00,"Substitute Teachers, Short-Term",Closely Related,1
25-1064.00,"Geography Teachers, Postsecondary",99-1669.76,Legal Specialist 452,Related,2
25-1064.00,"Geography Teachers, Postsecondary",99-1768.76,Legal Specialist 551,Somewhat Related,3
25-1065.00,"Political Science Teachers, Postsecondary",99-1898.08,Manufacturing Specialist 681,Closely Related,1
25-1065.00,"Political Science Teachers, Postsecondary",15-1254.00,Web Developers,Related,2
25-1065.00,"Political Science Teachers, Postsecondary",25-4012.00,Curators,Somewhat Related,3
25-1066.00,"Psychology Teachers, Postsecondary",99-1793.02,Administrative Specialist 576,Closely Related,1
25-1066.00,"Psychology Teachers, Postsecondary",99-1704.12,Arts / Media Specialist 487,Related,2
25-1066.00,"Psychology Teachers, Postsecondary",99-1746.54,Transportation Specialist 529,Somewhat Related,3
25-1066.00,"Psychology Teachers, Postsecondary",99-1277.80,Manufacturing Specialist 60,Somewhat Related,4
25-1066.00,"Psychology Teachers, Postsecondary",99-1485.90,Transportation Specialist 268,Somewhat Related,5
25-1067.00,"Sociology Teachers, Postsecondary",99-1885.94,Legal Specialist 668,Closely Related,1
25-1067.00,"Sociology Teachers, Postsecondary",99-1281.84,Arts / Media Specialist 64,Related,2
25-1067.00,"Sociology Teachers, Postsecondary",25-1071.00,"Health Specialties Teachers, Postsecondary",Somewhat Related,3
25-1067.00,"Sociology Teachers, Postsecondary",29-1127.00,Speech-Language Pathologists,Somewhat Related,4
25-1069.00,"Social Sciences Teachers, Postsecondary, All Other",99-1802.11,Administrative Specialist 585,Closely Related,1
25-1069.00,"Social Sciences Teachers, Postsecondary, All Other",99-1879.88,Agriculture Specialist 662,Related,2
25-1069.00,"Social Sciences Teachers, Postsecondary, All Other",99-1784.92,Administrative Specialist 567,Somewhat Related,3
25-1071.00,"Health Specialties Teachers, Postsecondary",99-1342.46,Sales Specialist 125,Closely Related,1
25-1071.00,"Health Specialties Teachers, Postsecondary",99-1669.76,Legal Specialist 452,Related,2
25-1071.00,"Health Specialties Teachers, Postsecondary",99-1990.01,Sales Specialist 773,Somewhat Related,3
25-1071.00,"Health Specialties Teachers, Postsecondary",99-1459.64,Sales Specialist 242,Somewhat Related,4
25-1072.00,"Nursing Instructors and Teachers, Postsecondary",99-1241.44,Manufacturing Specialist 24,Closely Related,1
25-1072.00,"Nursing Instructors and Teachers, Postsecondary",13-1051.00,Cost Estimators,Related,2
25-1072.00,"Nursing Instructors and Teachers, Postsecondary",99-1442.47,Administrative Specialist 225,Somewhat Related,3
25-1072.00,"Nursing Instructors and Teachers, Postsecondary",99-1577.83,Administrative Specialist 360,Somewhat Related,4
25-1081.00,"Education Teachers, Postsecondary",99-1582.88,Agriculture Specialist 365,Closely Related,1
25-1081.00,"Education Teachers, Postsecondary",99-1440.45,Transportation Specialist 223,Related,2
25-1081.00,"Education Teachers, Postsecondary",99-1523.29,Administrative Specialist 306,Somewhat Related,3
25-1082.00,"Library Science Teachers, Postsecondary",99-1956.66,Arts / Media Specialist 739,Closely Related,1
25-1082.00,"Library Science Teachers, Postsecondary",25-2053.00,"Special Education Teachers, Elementary School",Related,2
25-1082.00,"Library Science Teachers, Postsecondary",99-1755.63,Transportation Specialist 538,Somewhat Related,3
25-1111.00,"Criminal Justice and Law Enforcement Teachers, Postsecondary",99-1258.61,Agriculture Specialist 41,Closely Related,1
25-1111.00,"Criminal Justice and Law Enforcement Teachers, Postsecondary",99-1702.10,Sales Specialist 485,Related,2
25-1111.00,"Criminal Justice and Law Enforcement Teachers, Postsecondary",99-1305.09,Transportation Specialist 88,Somewhat Related,3
25-1111.00,"Criminal Justice and Law Enforcement Teachers, Postsecondary",99-1949.59,Science Specialist 732,Somewhat Related,4
25-1112.00,"Law Teachers, Postsecondary",99-1855.64,Sales Specialist 638,Closely Related,1
25-1112.00,"Law Teachers, Postsecondary",15-1231.00,Computer Network Support Specialists,Related,2
25-1112.00,"Law Teachers, Postsecondary",99-1510.16,Agriculture Specialist 293,Somewhat Related,3
25-1112.00,"Law Teachers, Postsecondary",99-1686.93,Arts / Media Specialist 469,Somewhat Related,4
25-1113.00,"Social Work Teachers, Postsecondary",11-9081.00,Lodging Managers,Closely Related,1
25-1113.00,"Social Work Teachers, Postsecondary",99-1693.01,Sales Specialist 476,Related,2
25-1121.00,"Art, Drama, and Music Teachers, Postsecondary",99-1516.22,Legal Specialist 299,Closely Related,1
25-1121.00,"Art, Drama, and Music Teachers, Postsecondary",17-2161.00,Nuclear Engineers,Related,2
25-1121.00,"Art, Drama, and Music Teachers, Postsecondary",99-1350.54,Transportation Specialist 133,Somewhat Related,3
25-1121.00,"Art, Drama, and Music Teachers, Postsecondary",13-2052.00,Personal Financial Advisors,Somewhat Related,4
25-1121.00,"Art, Drama, and Music Teachers, Postsecondary",99-1875.84,Arts / Media Specialist 658,Somewhat Related,5
25-1122.00,"Communications Teachers, Postsecondary",99-1891.01,Sales Specialist 674,Closely Related,1
25-1122.00,"Communications Teachers, Postsecondary",99-1524.30,Arts / Media Specialist 307,Related,2
25-1122.00,"Communications Teachers, Postsecondary",99-1268.71,Manufacturing Specialist 51,Somewhat Related,3
25-1122.00,"Communications Teachers, Postsecondary",99-1797.06,Social Services Specialist 580,Somewhat Related,4
25-1123.00,"English Language and Literature Teachers, Postsecondary",99-1930.40,Legal Specialist 713,Closely Related,1
25-1123.00,"English Language and Literature Teachers, Postsecondary",99-1233.36,Transportation Specialist 16,Related,2
25-1124.00,"Foreign Language and Literature Teachers, Postsecondary",99-1219.22,Legal Specialist 2,Closely Related,1
25-1124.00,"Foreign Language and Literature Teachers, Postsecondary",99-1734.42,Social Services Specialist 517,Related,2
25-1124.00,"Foreign Language and Literature Teachers, Postsecondary",99-1721.29,Administrative Specialist 504,Somewhat Related,3
25-1124.00,"Foreign Language and Literature Teachers, Postsecondary",99-1579.85,Legal Specialist 362,Somewhat Related,4
25-1124.00,"Foreign Language and Literature Teachers, Postsecondary",99-1469.74,Administrative Specialist 252,Somewhat Related,5
25-1125.00,"History Teachers, Postsecondary",99-1703.11,Administrative Specialist 486,Closely Related,1
25-1125.00,"History Teachers, Postsecondary",99-1894.04,Legal Specialist 677,Related,2
25-1125.00,"History Teachers, Postsecondary",99-1312.16,Agriculture Specialist 95,Somewhat Related,3
25-1126.00,"Philosophy and Religion Teachers, Postsecondary",99-1229.32,Science Specialist 12,Closely Related,1
25-1126.00,"Philosophy and Religion Teachers, Postsecondary",99-1595.02,Administrative Specialist 378,Related,2
25-1126.00,"Philosophy and Religion Teachers, Postsecondary",99-1918.28,Sales Specialist 701,Somewhat Related,3
25-1191.00,Graduate Teaching Assistants,99-1584.90,Transportation Specialist 367,Closely Related,1
25-1191.00,Graduate Teaching Assistants,11-9032.00,"Education Administrators, Kindergarten through Secondary",Related,2
25-1191.00,Graduate Teaching Assistants,99-1512.18,Transportation Specialist 295,Somewhat Related,3
25-1199.00,"Postsecondary Teachers, All Other",99-1237.40,Legal Specialist 20,Closely Related,1
25-1199.00,"Postsecondary Teachers, All Other",99-1782.90,Transportation Specialist 565,Related,2
25-1199.00,"Postsecondary Teachers, All Other",99-1294.97,Agriculture Specialist 77,Somewhat Related,3
25-2011.00,"Preschool Teachers, Except Special Education",99-1496.02,Administrative Specialist 279,Closely Related,1
25-2011.00,"Preschool Teachers, Except Special Education",99-1464.69,Social Services Specialist 247,Related,2
25-2011.00,"Preschool Teachers, Except Special Education",99-1881.90,Transportation Specialist 664,Somewhat Related,3
25-2011.00,"Preschool Teachers, Except Special Education",99-1998.09,Transportation Specialist 781,Somewhat Related,4
25-2011.00,"Preschool Teachers, Except Special Education",99-1387.91,Sales Specialist 170,Somewhat Related,5
25-2012.00,"Kindergarten Teachers, Except Special Education",99-1516.22,Legal Specialist 299,Closely Related,1
25-2012.00,"Kindergarten Teachers, Except Special Education",99-1581.87,Social Services Specialist 364,Related,2
25-2012.00,"Kindergarten Teachers, Except Special Education",99-1424.29,Administrative Specialist 207,Somewhat Related,3
25-2012.00,"Kindergarten Teachers, Except Special Education",99-1443.48,Arts / Media Specialist 226,Somewhat Related,4
25-2021.00,"Elementary School Teachers, Except Special Education",99-1982.92,Administrative Specialist 765,Closely Related,1
25-2021.00,"Elementary School Teachers, Except Special Education",99-1852.61,Agriculture Specialist 635,Related,2
25-2021.00,"Elementary School Teachers, Except Special Education",99-1391.95,Science Specialist 174,Somewhat Related,3
25-2022.00,"Middle School Teachers, Except Special and Career/Technical Education",15-1211.00,Computer Systems Analysts,Closely Related,1
25-2022.00,"Middle School Teachers, Except Special and Career/Technical Education",99-1961.71,Manufacturing Specialist 744,Related,2
25-2022.00,"Middle School Teachers, Except Special and Career/Technical Education",99-1456.61,Agriculture Specialist 239,Somewhat Related,3
25-2022.00,"Middle School Teachers, Except Special and Career/Technical Education",99-1899.09,Transportation Specialist 682,Somewhat Related,4
25-2023.00,"Career/Technical Education Teachers, Middle School",99-1652.59,Science Specialist 435,Closely Related,1
25-2023.00,"Career/Technical Education Teachers, Middle School",47-2111.00,Electricians,Related,2
25-2023.00,"Career/Technical Education Teachers, Middle School",99-1909.19,Sales Specialist 692,Somewhat Related,3
25-2023.00,"Career/Technical Education Teachers, Middle School",99-1502.08,Manufacturing Specialist 285,Somewhat Related,4
25-2023.00,"Career/Technical Education Teachers, Middle School",99-1249.52,Agriculture Specialist 32,Somewhat Related,5
25-2031.00,"Secondary School Teachers, Except Special and Career/Technical Education",99-1649.56,Administrative Specialist 432,Closely Related,1
25-2031.00,"Secondary School Teachers, Except Special and Career/Technical Education",99-1740.48,Arts / Media Specialist 523,Related,2
25-2031.00,"Secondary School Teachers, Except Special and Career/Technical Education",99-1854.63,Transportation Specialist 637,Somewhat Related,3
25-2031.00,"Secondary School Teachers, Except Special and Career/Technical Education",99-1983.93,Arts / Media Specialist 766,Somewhat Related,4
25-2032.00,"Career/Technical Education Teachers, Secondary School",99-1430.35,Manufacturing Specialist 213,Closely Related,1
25-2032.00,"Career/Technical Education Teachers, Secondary School",99-1698.06,Social Services Specialist 481,Related,2
25-2032.00,"Career/Technical Education Teachers, Secondary School",99-1946.56,Administrative Specialist 729,Somewhat Related,3
25-2032.00,"Career/Technical Education Teachers, Secondary School",13-1022.00,"Wholesale and Retail Buyers, Except Farm Products",Somewhat Related,4
25-2032.00,"Career/Technical Education Teachers, Secondary School",99-1761.69,Social Services Specialist 544,Somewhat Related,5
25-2051.00,"Special Education Teachers, Preschool",99-1442.47,Administrative Specialist 225,Closely Related,1
25-2051.00,"Special Education Teachers, Preschool",99-1838.47,Administrative Specialist 621,Related,2
25-2051.00,"Special Education Teachers, Preschool",99-1963.73,Sales Specialist 746,Somewhat Related,3
25-2051.00,"Special Education Teachers, Preschool",99-1346.50,Science Specialist 129,Somewhat Related,4
25-2052.00,"Special Education Teachers, Kindergarten",99-1994.05,Science Specialist 777,Closely Related,1
25-2052.00,"Special Education Teachers, Kindergarten",99-1958.68,Science Specialist 741,Related,2
25-2052.00,"Special Education Teachers, Kindergarten",99-1973.83,Administrative Specialist 756,Somewhat Related,3
25-2053.00,"Special Education Teachers, Elementary School",99-1427.32,Science Specialist 210,Closely Related,1
25-2053.00,"Special Education Teachers, Elementary School",99-1226.29,Administrative Specialist 9,Related,2
25-2054.00,"Special Education Teachers, Secondary School",25-1064.00,"Geography Teachers, Postsecondary",Closely Related,1
25-2054.00,"Special Education Teachers, Secondary School",99-1999.10,Sales Specialist 782,Related,2
25-2054.00,"Special Education Teachers, Secondary School",99-1534.40,Legal Specialist 317,Somewhat Related,3
25-2054.00,"Special Education Teachers, Secondary School",17-2151.00,Mining and Geological Engineers,Somewhat Related,4
25-2054.00,"Special Education Teachers, Secondary School",99-1907.17,Manufacturing Specialist 690,Somewhat Related,5
25-2055.00,"Special Education Teachers, All Other",99-1257.60,Social Services Specialist 40,Closely Related,1
25-2055.00,"Special Education Teachers, All Other",99-1645.52,Agriculture Specialist 428,Related,2
25-2055.00,"Special Education Teachers, All Other",99-1629.36,Transportation Specialist 412,Somewhat Related,3
25-2059.00,"Special Education Teachers, All Other",99-1361.65,Administrative Specialist 144,Closely Related,1
25-2059.00,"Special Education Teachers, All Other",99-1764.72,Transportation Specialist 547,Related,2
25-2059.00,"Special Education Teachers, All Other",99-1799.08,Manufacturing Specialist 582,Somewhat Related,3
25-2059.00,"Special Education Teachers, All Other",99-1940.50,Science Specialist 723,Somewhat Related,4
25-2059.00,"Special Education Teachers, All Other",99-1453.58,Legal Specialist 236,Somewhat Related,5
25-3011.00,"Adult Basic Education, Adult Secondary Education, and English as a Second Language Instructors",99-1861.70,Agriculture Specialist 644,Closely Related,1
25-3011.00,"Adult Basic Education, Adult Secondary Education, and English as a Second Language Instructors",99-1839.48,Arts / Media Specialist 622,Related,2
25-3011.00,"Adult Basic Education, Adult Secondary Education, and English as a Second Language Instructors",99-1291.94,Legal Specialist 74,Somewhat Related,3
25-3021.00,Self-Enrichment Teachers,99-1283.86,Science Specialist 66,Closely Related,1
25-3021.00,Self-Enrichment Teachers,99-1962.72,Transportation Specialist 745,Related,2
25-3021.00,Self-Enrichment Teachers,99-1865.74,Administrative Specialist 648,Somewhat Related,3
25-3021.00,Self-Enrichment Teachers,99-1220.23,Science Specialist 3,Somewhat Related,4
25-3021.00,Self-Enrichment Teachers,25-4021.00,Librarians and Media Collections Specialists,Somewhat Related,5
25-3031.00,"Substitute Teachers, Short-Term",99-1788.96,Social Services Specialist 571,Closely Related,1
25-3031.00,"Substitute Teachers, Short-Term",99-1958.68,Science Specialist 741,Related,2
25-3031.00,"Substitute Teachers, Short-Term",99-1230.33,Social Services Specialist 13,Somewhat Related,3
25-3031.00,"Substitute Teachers, Short-Term",99-1923.33,Social Services Specialist 706,Somewhat Related,4
25-3041.00,Tutors,99-1264.67,Legal Specialist 47,Closely Related,1
25-3041.00,Tutors,99-1326.30,Arts / Media Specialist 109,Related,2
25-4011.00,Archivists,17-2141.01,Fuel Cell Engineers,Closely Related,1
25-4011.00,Archivists,99-1656.63,Transportation Specialist 439,Related,2
25-4011.00,Archivists,99-1554.60,Social Services Specialist 337,Somewhat Related,3
25-4011.00,Archivists,25-2052.00,"Special Education Teachers, Kindergarten",Somewhat Related,4
25-4012.00,Curators,99-1292.95,Science Specialist 75,Closely Related,1
25-4012.00,Curators,25-2023.00,"Career/Technical Education Teachers, Middle School",Related,2
25-4012.00,Curators,25-1122.00,"Communications Teachers, Postsecondary",Somewhat Related,3
25-4012.00,Curators,99-1607.14,Science Specialist 390,Somewhat Related,4
25-4012.00,Curators,99-1725.33,Social Services Specialist 508,Somewhat Related,5
25-4013.00,Museum Technicians and Conservators,99-1502.08,Manufacturing Specialist 285,Closely Related,1
25-4013.00,Museum Technicians and Conservators,99-1767.75,Arts / Media Specialist 550,Related,2
25-4013.00,Museum Technicians and Conservators,25-1061.00,"Anthropology and Archeology Teachers, Postsecondary",Somewhat Related,3
25-4013.00,Museum Technicians and Conservators,99-1276.79,Agriculture Specialist 59,Somewhat Related,4
25-4013.00,Museum Technicians and Conservators,99-1858.67,Legal Specialist 641,Somewhat Related,5
25-4021.00,Librarians and Media Collections Specialists,15-1211.00,Computer Systems Analysts,Closely Related,1
25-4021.00,Librarians and Media Collections Specialists,99-1698.06,Social Services Specialist 481,Related,2
25-4021.00,Librarians and Media Collections Specialists,99-1866.75,Arts / Media Specialist 649,Somewhat Related,3
25-4022.00,Library Technicians,99-1748.56,Administrative Specialist 531,Closely Related,1
25-4022.00,Library Technicians,99-2004.15,Social Services Specialist 787,Related,2
25-4022.00,Library Technicians,99-1245.48,Arts / Media Specialist 28,Somewhat Related,3
25-4022.00,Library Technicians,29-1151.00,Nurse Anesthetists,Somewhat Related,4
25-9011.00,Audio-Visual and Multimedia Collections Specialists,17-1012.00,Landscape Architects,Closely Related,1
25-9011.00,Audio-Visual and Multimedia Collections Specialists,99-1995.06,Social Services Specialist 778,Related,2
25-9011.00,Audio-Visual and Multimedia Collections Specialists,99-1399.04,Legal Specialist 182,Somewhat Related,3
25-9031.00,Instructional Coordinators,25-2059.00,"Special Education Teachers, All Other",Closely Related,1
25-9031.00,Instructional Coordinators,99-1720.28,Sales Specialist 503,Related,2
25-9031.00,Instructional Coordinators,25-3021.00,Self-Enrichment Teachers,Somewhat Related,3
25-9031.00,Instructional Coordinators,99-1401.06,Social Services Specialist 184,Somewhat Related,4
25-9041.00,Teacher Assistants,99-1712.20,Administrative Specialist 495,Closely Related,1
25-9041.00,Teacher Assistants,99-1591.97,Agriculture Specialist 374,Related,2
11-1011.00,Chief Executives,99-1621.28,Sales Specialist 404,Closely Related,1
11-1011.00,Chief Executives,99-1657.64,Sales Specialist 440,Related,2
11-1011.00,Chief Executives,99-1763.71,Manufacturing Specialist 546,Somewhat Related,3
11-1021.00,General and Operations Managers,29-1127.00,Speech-Language Pathologists,Closely Related,1
11-1021.00,General and Operations Managers,99-1958.68,Science Specialist 741,Related,2
11-1021.00,General and Operations Managers,11-9131.00,Postmasters and Mail Superintendents,Somewhat Related,3
11-1021.00,General and Operations Managers,99-1659.66,Arts / Media Specialist 442,Somewhat Related,4
11-1021.00,General and Operations Managers,99-1470.75,Arts / Media Specialist 253,Somewhat Related,5
11-1031.00,Legislators,99-1815.24,Social Services Specialist 598,Closely Related,1
11-1031.00,Legislators,99-1867.76,Legal Specialist 650,Related,2
11-1031.00,Legislators,99-1807.16,Agriculture Specialist 590,Somewhat Related,3
11-1031.00,Legislators,99-1573.79,Agriculture Specialist 356,Somewhat Related,4
11-2011.00,Advertising and Promotions Managers,99-1481.86,Science Specialist 264,Closely Related,1
11-2011.00,Advertising and Promotions Managers,99-1833.42,Social Services Specialist 616,Related,2
11-2011.00,Advertising and Promotions Managers,99-1400.05,Science Specialist 183,Somewhat Related,3
11-2011.00,Advertising and Promotions Managers,99-1594.01,Sales Specialist 377,Somewhat Related,4
11-2021.00,Marketing Managers,99-1346.50,Science Specialist 129,Closely Related,1
11-2021.00,Marketing Managers,13-1051.00,Cost Estimators,Related,2
11-2021.00,Marketing Managers,99-1522.28,Sales Specialist 305,Somewhat Related,3
11-2022.00,Sales Managers,99-1651.58,Legal Specialist 434,Closely Related,1
11-2022.00,Sales Managers,15-1244.00,Network and Computer Systems Administrators,Related,2
11-2022.00,Sales Managers,99-1904.14,Science Specialist 687,Somewhat Related,3
11-2022.00,Sales Managers,11-9032.00,"Education Administrators, Kindergarten through Secondary",Somewhat Related,4
11-2031.00,Public Relations and Fundraising Managers,99-1510.16,Agriculture Specialist 293,Closely Related,1
11-2031.00,Public Relations and Fundraising Managers,99-1554.60,Social Services Specialist 337,Related,2
11-3012.00,Administrative Services and Facilities Managers,99-1534.40,Legal Specialist 317,Closely Related,1
11-3012.00,Administrative Services and Facilities Managers,99-1535.41,Science Specialist 318,Related,2
11-3012.00,Administrative Services and Facilities Managers,99-1789.97,Agriculture Specialist 572,Somewhat Related,3
11-3013.00,Facilities Managers,99-1237.40,Legal Specialist 20,Closely Related,1
11-3013.00,Facilities Managers,99-1826.35,Manufacturing Specialist 609,Related,2
11-3013.00,Facilities Managers,99-1927.37,Sales Specialist 710,Somewhat Related,3
11-3013.00,Facilities Managers,99-1548.54,Transportation Specialist 331,Somewhat Related,4
11-3021.00,Computer and Information Systems Managers,99-1981.91,Sales Specialist 764,Closely Related,1
11-3021.00,Computer and Information Systems Managers,99-1954.64,Sales Specialist 737,Related,2
11-3021.00,Computer and Information Systems Managers,13-1151.00,Training and Development Specialists,Somewhat Related,3
11-3021.00,Computer and Information Systems Managers,99-1771.79,Agriculture Specialist 554,Somewhat Related,4
11-3031.00,Financial Managers,99-1650.57,Arts / Media Specialist 433,Closely Related,1
11-3031.00,Financial Managers,99-1475.80,Manufacturing Specialist 258,Related,2
11-3051.00,Industrial Production Managers,99-1463.68,Science Specialist 246,Closely Related,1
11-3051.00,Industrial Production Managers,99-1860.69,Social Services Specialist 643,Related,2
11-3061.00,Purchasing Managers,99-1764.72,Transportation Specialist 547,Closely Related,1
11-3061.00,Purchasing Managers,15-2099.01,Bioinformatics Technicians,Related,2
11-3061.00,Purchasing Managers,99-1876.85,Legal Specialist 659,Somewhat Related,3
11-3061.00,Purchasing Managers,25-1191.00,Graduate Teaching Assistants,Somewhat Related,4
11-3071.00,"Transportation, Storage, and Distribution Managers",13-1141.00,"Compensation, Benefits, and Job Analysis Specialists",Closely Related,1
11-3071.00,"Transportation, Storage, and Distribution Managers",99-1333.37,Sales Specialist 116,Related,2
11-3071.00,"Transportation, Storage, and Distribution Managers",99-1349.53,Manufacturing Specialist 132,Somewhat Related,3
11-3071.00,"Transportation, Storage, and Distribution Managers",99-1667.74,Administrative Specialist 450,Somewhat Related,4
11-3111.00,Compensation and Benefits Managers,99-1609.16,Agriculture Specialist 392,Closely Related,1
11-3111.00,Compensation and Benefits Managers,99-1560.66,Arts / Media Specialist 343,Related,2
11-3111.00,Compensation and Benefits Managers,99-1275.78,Social Services Specialist 58,Somewhat Related,3
11-3111.00,Compensation and Benefits Managers,99-1855.64,Sales Specialist 638,Somewhat Related,4
11-3121.00,Human Resources Managers,13-2051.00,Financial and Investment Analysts,Closely Related,1
11-3121.00,Human Resources Managers,17-2051.00,Civil Engineers,Related,2
11-3121.00,Human Resources Managers,99-1913.23,Science Specialist 696,Somewhat Related,3
11-3121.00,Human Resources Managers,99-1863.72,Transportation Specialist 646,Somewhat Related,4
11-3121.00,Human Resources Managers,99-1753.61,Agriculture Specialist 536,Somewhat Related,5
11-3131.00,Training and Development Managers,99-1876.85,Legal Specialist 659,Closely Related,1
11-3131.00,Training and Development Managers,99-1888.97,Agriculture Specialist 671,Related,2
11-3131.00,Training and Development Managers,15-1299.08,Computer Systems Engineers/Architects,Somewhat Related,3
11-3131.00,Training and Development Managers,99-1922.32,Science Specialist 705,Somewhat Related,4
11-3131.00,Training and Development Managers,99-1638.45,Transportation Specialist 421,Somewhat Related,5
11-9013.00,"Farmers, Ranchers, and Other Agricultural Managers",99-1349.53,Manufacturing Specialist 132,Closely Related,1
11-9013.00,"Farmers, Ranchers, and Other Agricultural Managers",17-2112.00,Industrial Engineers,Related,2
11-9013.00,"Farmers, Ranchers, and Other Agricultural Managers",99-1620.27,Transportation Specialist 403,Somewhat Related,3
11-9021.00,Construction Managers,99-2002.13,Legal Specialist 785,Closely Related,1
11-9021.00,Construction Managers,99-1778.86,Science Specialist 561,Related,2
11-9031.00,"Education and Childcare Administrators, Preschool and Daycare",99-1601.08,Manufacturing Specialist 384,Closely Related,1
11-9031.00,"Education and Childcare Administrators, Preschool and Daycare",99-2006.17,Manufacturing Specialist 789,Related,2
11-9031.00,"Education and Childcare Administrators, Preschool and Daycare",99-1459.64,Sales Specialist 242,Somewhat Related,3
11-9032.00,"Education Administrators, Kindergarten through Secondary",11-2011.00,Advertising and Promotions Managers,Closely Related,1
11-9032.00,"Education Administrators, Kindergarten through Secondary",99-1547.53,Manufacturing Specialist 330,Related,2
11-9033.00,"Education Administrators, Postsecondary",25-2022.00,"Middle School Teachers, Except Special and Career/Technical Education",Closely Related,1
11-9033.00,"Education Administrators, Postsecondary",99-1656.63,Transportation Specialist 439,Related,2
11-9033.00,"Education Administrators, Postsecondary",99-1333.37,Sales Specialist 116,Somewhat Related,3
11-9039.00,"Education Administrators, All Other",99-1686.93,Arts / Media Specialist 469,Closely Related,1
11-9039.00,"Education Administrators, All Other",99-1724.32,Science Specialist 507,Related,2
11-9039.00,"Education Administrators, All Other",29-1125.00,Recreational Therapists,Somewhat Related,3
11-9039.00,"Education Administrators, All Other",99-1883.92,Administrative Specialist 666,Somewhat Related,4
11-9039.00,"Education Administrators, All Other",99-1850.59,Science Specialist 633,Somewhat Related,5
11-9041.00,Architectural and Engineering Managers,99-1706.14,Science Specialist 489,Closely Related,1
11-9041.00,Architectural and Engineering Managers,99-1252.55,Sales Specialist 35,Related,2
11-9041.00,Architectural and Engineering Managers,99-1691.98,Manufacturing Specialist 474,Somewhat Related,3
11-9051.00,Food Service Managers,99-1331.35,Manufacturing Specialist 114,Closely Related,1
11-9051.00,Food Service Managers,99-1532.38,Administrative Specialist 315,Related,2
11-9051.00,Food Service Managers,25-1072.00,"Nursing Instructors and Teachers, Postsecondary",Somewhat Related,3
11-9051.00,Food Service Managers,11-9171.00,Funeral Home Managers,Somewhat Related,4
11-9061.00,Funeral Home Managers,99-1676.83,Administrative Specialist 459,Closely Related,1
11-9061.00,Funeral Home Managers,13-1141.00,"Compensation, Benefits, and Job Analysis Specialists",Related,2
11-9061.00,Funeral Home Managers,99-1765.73,Sales Specialist 548,Somewhat Related,3
11-9061.00,Funeral Home Managers,11-9171.00,Funeral Home Managers,Somewhat Related,4
11-9061.00,Funeral Home Managers,99-1475.80,Manufacturing Specialist 258,Somewhat Related,5
11-9071.00,Gaming Managers,99-1959.69,Social Services Specialist 742,Closely Related,1
11-9071.00,Gaming Managers,99-1552.58,Legal Specialist 335,Related,2
11-9071.00,Gaming Managers,25-4022.00,Library Technicians,Somewhat Related,3
11-9081.00,Lodging Managers,99-1566.72,Transportation Specialist 349,Closely Related,1
11-9081.00,Lodging Managers,99-1900.10,Sales Specialist 683,Related,2
11-9081.00,Lodging Managers,47-2111.00,Electricians,Somewhat Related,3
11-9111.00,Medical and Health Services Managers,99-1650.57,Arts / Media Specialist 433,Closely Related,1
11-9111.00,Medical and Health Services Managers,99-1544.50,Science Specialist 327,Related,2
11-9111.00,Medical and Health Services Managers,99-1877.86,Science Specialist 660,Somewhat Related,3
11-9111.00,Medical and Health Services Managers,99-1396.01,Sales Specialist 179,Somewhat Related,4
11-9121.00,Natural Sciences Managers,99-1809.18,Transportation Specialist 592,Closely Related,1
11-9121.00,Natural Sciences Managers,99-1701.09,Transportation Specialist 484,Related,2
11-9121.00,Natural Sciences Managers,99-1982.92,Administrative Specialist 765,Somewhat Related,3
11-9121.00,Natural Sciences Managers,11-3121.00,Human Resources Managers,Somewhat Related,4
11-9121.00,Natural Sciences Managers,99-1281.84,Arts / Media Specialist 64,Somewhat Related,5
11-9131.00,Postmasters and Mail Superintendents,99-1550.56,Administrative Specialist 333,Closely Related,1
11-9131.00,Postmasters and Mail Superintendents,25-3031.00,"Substitute Teachers, Short-Term",Related,2
11-9131.00,Postmasters and Mail Superintendents,99-1817.26,Manufacturing Specialist 600,Somewhat Related,3
11-9131.00,Postmasters and Mail Superintendents,99-1481.86,Science Specialist 264,Somewhat Related,4
11-9131.00,Postmasters and Mail Superintendents,99-1509.15,Social Services Specialist 292,Somewhat Related,5
11-9141.00,"Property, Real Estate, and Community Association Managers",99-1841.50,Science Specialist 624,Closely Related,1
11-9141.00,"Property, Real Estate, and Community Association Managers",99-1453.58,Legal Specialist 236,Related,2
11-9141.00,"Property, Real Estate, and Community Association Managers",99-1737.45,Transportation Specialist 520,Somewhat Related,3
11-9141.00,"Property, Real Estate, and Community Association Managers",99-1910.20,Administrative Specialist 693,Somewhat Related,4
11-9141.00,"Property, Real Estate, and Community Association Managers",11-2011.00,Advertising and Promotions Managers,Somewhat Related,5
11-9151.00,Social and Community Service Managers,99-1251.54,Transportation Specialist 34,Closely Related,1
11-9151.00,Social and Community Service Managers,99-1264.67,Legal Specialist 47,Related,2
11-9151.00,Social and Community Service Managers,99-1753.61,Agriculture Specialist 536,Somewhat Related,3
11-9151.00,Social and Community Service Managers,99-1746.54,Transportation Specialist 529,Somewhat Related,4
11-9151.00,Social and Community Service Managers,99-1261.64,Sales Specialist 44,Somewhat Related,5
11-9161.00,Emergency Management Directors,99-1911.21,Arts / Media Specialist 694,Closely Related,1
11-9161.00,Emergency Management Directors,25-4011.00,Archivists,Related,2
11-9161.00,Emergency Management Directors,25-1064.00,"Geography Teachers, Postsecondary",Somewhat Related,3
11-9161.00,Emergency Management Directors,99-1729.37,Sales Specialist 512,Somewhat Related,4
11-9171.00,Funeral Home Managers,25-1126.00,"Philosophy and Religion Teachers, Postsecondary",Closely Related,1
11-9171.00,Funeral Home Managers,99-1936.46,Sales Specialist 719,Related,2
11-9171.00,Funeral Home Managers,99-1450.55,Sales Specialist 233,Somewhat Related,3
11-9171.00,Funeral Home Managers,17-2031.00,Bioengineers and Biomedical Engineers,Somewhat Related,4
11-9171.00,Funeral Home Managers,99-1416.21,Arts / Media Specialist 199,Somewhat Related,5
11-9199.00,"Managers, All Other",99-1727.35,Manufacturing Specialist 510,Closely Related,1
11-9199.00,"Managers, All Other",99-1849.58,Legal Specialist 632,Related,2
13-1011.00,"Agents and Business Managers of Artists, Performers, and Athletes",47-2181.00,Roofers,Closely Related,1
13-1011.00,"Agents and Business Managers of Artists, Performers, and Athletes",99-1756.64,Sales Specialist 539,Related,2
13-1021.00,"Buyers and Purchasing Agents, Farm Products",99-1969.79,Agriculture Specialist 752,Closely Related,1
13-1021.00,"Buyers and Purchasing Agents, Farm Products",99-1898.08,Manufacturing Specialist 681,Related,2
13-1021.00,"Buyers and Purchasing Agents, Farm Products",15-2099.01,Bioinformatics Technicians,Somewhat Related,3
13-1022.00,"Wholesale and Retail Buyers, Except Farm Products",99-1240.43,Agriculture Specialist 23,Closely Related,1
13-1022.00,"Wholesale and Retail Buyers, Except Farm Products",99-1947.57,Arts / Media Specialist 730,Related,2
13-1023.00,"Purchasing Agents, Except Wholesale, Retail, and Farm Products",99-1816.25,Agriculture Specialist 599,Closely Related,1
13-1023.00,"Purchasing Agents, Except Wholesale, Retail, and Farm Products",99-1517.23,Science Specialist 300,Related,2
13-1023.00,"Purchasing Agents, Except Wholesale, Retail, and Farm Products",99-1602.09,Transportation Specialist 385,Somewhat Related,3
13-1023.00,"Purchasing Agents, Except Wholesale, Retail, and Farm Products",47-2181.00,Roofers,Somewhat Related,4
13-1023.00,"Purchasing Agents, Except Wholesale, Retail, and Farm Products",99-1961.71,Manufacturing Specialist 744,Somewhat Related,5
13-1031.00,"Claims Adjusters, Examiners, and Investigators",99-1234.37,Sales Specialist 17,Closely Related,1
13-1031.00,"Claims Adjusters, Examiners, and Investigators",15-1255.00,Web and Digital Interface Designers,Related,2
13-1031.00,"Claims Adjusters, Examiners, and Investigators",99-1818.27,Transportation Specialist 601,Somewhat Related,3
13-1041.00,Compliance Officers,99-1301.05,Science Specialist 84,Closely Related,1
13-1041.00,Compliance Officers,17-2141.00,Mechanical Engineers,Related,2
13-1041.00,Compliance Officers,99-1229.32,Science Specialist 12,Somewhat Related,3
13-1041.00,Compliance Officers,99-2008.19,Sales Specialist 791,Somewhat Related,4
13-1051.00,Cost Estimators,99-1414.19,Sales Specialist 197,Closely Related,1
13-1051.00,Cost Estimators,11-3111.00,Compensation and Benefits Managers,Related,2
13-1051.00,Cost Estimators,11-9041.00,Architectural and Engineering Managers,Somewhat Related,3
13-1051.00,Cost Estimators,13-2021.00,Appraisers and Assessors of Real Estate,Somewhat Related,4
13-1061.00,Emergency Management Specialists,99-1387.91,Sales Specialist 170,Closely Related,1
13-1061.00,Emergency Management Specialists,15-1253.00,Software Quality Assurance Analysts and Testers,Related,2
13-1061.00,Emergency Management Specialists,99-1592.98,Manufacturing Specialist 375,Somewhat Related,3
13-1061.00,Emergency Management Specialists,99-1969.79,Agriculture Specialist 752,Somewhat Related,4
13-1061.00,Emergency Management Specialists,99-1986.96,Social Services Specialist 769,Somewhat Related,5
13-1071.00,Human Resources Specialists,99-1237.40,Legal Specialist 20,Closely Related,1
13-1071.00,Human Resources Specialists,99-1268.71,Manufacturing Specialist 51,Related,2
13-1071.00,Human Resources Specialists,99-1473.78,Social Services Specialist 256,Somewhat Related,3
13-1075.00,Labor Relations Specialists,99-1583.89,Manufacturing Specialist 366,Closely Related,1
13-1075.00,Labor Relations Specialists,99-1948.58,Legal Specialist 731,Related,2
13-1075.00,Labor Relations Specialists,99-1848.57,Arts / Media Specialist 631,Somewhat Related,3
13-1075.00,Labor Relations Specialists,99-1837.46,Sales Specialist 620,Somewhat Related,4
13-1081.00,Logisticians,99-1491.96,Social Services Specialist 274,Closely Related,1
13-1081.00,Logisticians,99-1647.54,Transportation Specialist 430,Related,2
13-1082.00,Project Management Specialists,17-2111.00,Health and Safety Engineers,Closely Related,1
13-1082.00,Project Management Specialists,99-1261.64,Sales Specialist 44,Related,2
13-1111.00,Management Analysts,13-2031.00,Budget Analysts,Closely Related,1
13-1111.00,Management Analysts,17-2131.00,Materials Engineers,Related,2
13-1111.00,Management Analysts,99-1394.98,Manufacturing Specialist 177,Somewhat Related,3
13-1121.00,"Meeting, Convention, and Event Planners",25-1043.00,"Forestry and Conservation Science Teachers, Postsecondary",Closely Related,1
13-1121.00,"Meeting, Convention, and Event Planners",99-1268.71,Manufacturing Specialist 51,Related,2
13-1121.00,"Meeting, Convention, and Event Planners",99-1577.83,Administrative Specialist 360,Somewhat Related,3
13-1121.00,"Meeting, Convention, and Event Planners",99-1223.26,Manufacturing Specialist 6,Somewhat Related,4
13-1121.00,"Meeting, Convention, and Event Planners",99-1839.48,Arts / Media Specialist 622,Somewhat Related,5
13-1131.00,Fundraisers,99-1839.48,Arts / Media Specialist 622,Closely Related,1
13-1131.00,Fundraisers,99-1224.27,Transportation Specialist 7,Related,2
13-1141.00,"Compensation, Benefits, and Job Analysis Specialists",99-1344.48,Arts / Media Specialist 127,Closely Related,1
13-1141.00,"Compensation, Benefits, and Job Analysis Specialists",99-1247.50,Science Specialist 30,Related,2
13-1141.00,"Compensation, Benefits, and Job Analysis Specialists",99-1723.31,Legal Specialist 506,Somewhat Related,3
13-1141.00,"Compensation, Benefits, and Job Analysis Specialists",99-1219.22,Legal Specialist 2,Somewhat Related,4
13-1141.00,"Compensation, Benefits, and Job Analysis Specialists",99-1412.17,Manufacturing Specialist 195,Somewhat Related,5
13-1151.00,Training and Development Specialists,99-1598.05,Science Specialist 381,Closely Related,1
13-1151.00,Training and Development Specialists,99-1419.24,Social Services Specialist 202,Related,2
13-1151.00,Training and Development Specialists,99-1544.50,Science Specialist 327,Somewhat Related,3
13-1151.00,Training and Development Specialists,99-1476.81,Transportation Specialist 259,Somewhat Related,4
13-1161.00,Market Research Analysts and Marketing Specialists,99-1426.31,Legal Specialist 209,Closely Related,1
13-1161.00,Market Research Analysts and Marketing Specialists,99-1641.48,Arts / Media Specialist 424,Related,2
13-1161.00,Market Research Analysts and Marketing Specialists,99-1951.61,Agriculture Specialist 734,Somewhat Related,3
13-1199.00,"Business Operations Specialists, All Other",11-3121.00,Human Resources Managers,Closely Related,1
13-1199.00,"Business Operations Specialists, All Other",99-1852.61,Agriculture Specialist 635,Related,2
13-2011.00,Accountants and Auditors,99-1886.95,Science Specialist 669,Closely Related,1
13-2011.00,Accountants and Auditors,99-1422.27,Transportation Specialist 205,Related,2
13-2011.00,Accountants and Auditors,29-1125.00,Recreational Therapists,Somewhat Related,3
13-2021.00,Appraisers and Assessors of Real Estate,99-1354.58,Legal Specialist 137,Closely Related,1
13-2021.00,Appraisers and Assessors of Real Estate,99-1633.40,Legal Specialist 416,Related,2
13-2031.00,Budget Analysts,99-1585.91,Sales Specialist 368,Closely Related,1
13-2031.00,Budget Analysts,99-1360.64,Sales Specialist 143,Related,2
13-2041.00,Credit Analysts,13-1131.00,Fundraisers,Closely Related,1
13-2041.00,Credit Analysts,99-1309.13,Legal Specialist 92,Related,2
13-2041.00,Credit Analysts,99-1281.84,Arts / Media Specialist 64,Somewhat Related,3
13-2051.00,Financial and Investment Analysts,99-1996.07,Agriculture Specialist 779,Closely Related,1
13-2051.00,Financial and Investment Analysts,29-1151.00,Nurse Anesthetists,Related,2
13-2051.00,Financial and Investment Analysts,99-1594.01,Sales Specialist 377,Somewhat Related,3
13-2052.00,Personal Financial Advisors,17-2121.00,Marine Engineers and Naval Architects,Closely Related,1
13-2052.00,Personal Financial Advisors,99-1260.63,Transportation Specialist 43,Related,2
13-2053.00,Insurance Underwriters,11-2031.00,Public Relations and Fundraising Managers,Closely Related,1
13-2053.00,Insurance Underwriters,25-1064.00,"Geography Teachers, Postsecondary",Related,2
13-2053.00,Insurance Underwriters,11-9031.00,"Education and Childcare Administrators, Preschool and Daycare",Somewhat Related,3
13-2053.00,Insurance Underwriters,99-1803.12,Arts / Media Specialist 586,Somewhat Related,4
13-2061.00,Financial Examiners,99-2007.18,Transportation Specialist 790,Closely Related,1
13-2061.00,Financial Examiners,11-3061.00,Purchasing Managers,Related,2
13-2061.00,Financial Examiners,99-1924.34,Agriculture Specialist 707,Somewhat Related,3
13-2071.00,Credit Counselors,99-1537.43,Agriculture Specialist 320,Closely Related,1
13-2071.00,Credit Counselors,99-1839.48,Arts / Media Specialist 622,Related,2
13-2072.00,Loan Officers,99-1972.82,Sales Specialist 755,Closely Related,1
13-2072.00,Loan Officers,47-2073.00,Operating Engineers and Other Construction Equipment Operators,Related,2
13-2072.00,Loan Officers,99-1226.29,Administrative Specialist 9,Somewhat Related,3
13-2072.00,Loan Officers,13-2071.00,Credit Counselors,Somewhat Related,4
13-2072.00,Loan Officers,99-1247.50,Science Specialist 30,Somewhat Related,5
13-2081.00,"Tax Examiners and Collectors, and Revenue Agents",13-1131.00,Fundraisers,Closely Related,1
13-2081.00,"Tax Examiners and Collectors, and Revenue Agents",99-1242.45,Transportation Specialist 25,Related,2
13-2082.00,Tax Preparers,99-1322.26,Manufacturing Specialist 105,Closely Related,1
13-2082.00,Tax Preparers,99-1891.01,Sales Specialist 674,Related,2
13-2082.00,Tax Preparers,13-1023.00,"Purchasing Agents, Except Wholesale, Retail, and Farm Products",Somewhat Related,3
13-2082.00,Tax Preparers,99-1846.55,Sales Specialist 629,Somewhat Related,4
13-2082.00,Tax Preparers,99-1398.03,Arts / Media Specialist 181,Somewhat Related,5
13-2099.00,"Financial Specialists, All Other",99-1273.76,Legal Specialist 56,Closely Related,1
13-2099.00,"Financial Specialists, All Other",25-1199.00,"Postsecondary Teachers, All Other",Related,2
99-1218.21,Arts / Media Specialist 1,99-1816.25,Agriculture Specialist 599,Closely Related,1
99-1218.21,Arts / Media Specialist 1,17-2112.00,Industrial Engineers,Related,2
99-1218.21,Arts / Media Specialist 1,99-1891.01,Sales Specialist 674,Somewhat Related,3
99-1218.21,Arts / Media Specialist 1,99-1684.91,Sales Specialist 467,Somewhat Related,4
99-1219.22,Legal Specialist 2,99-1308.12,Arts / Media Specialist 91,Closely Related,1
99-1219.22,Legal Specialist 2,99-1967.77,Science Specialist 750,Related,2
99-1219.22,Legal Specialist 2,99-1525.31,Legal Specialist 308,Somewhat Related,3
99-1220.23,Science Specialist 3,99-2005.16,Agriculture Specialist 788,Closely Related,1
99-1220.23,Science Specialist 3,99-1988.98,Manufacturing Specialist 771,Related,2
99-1220.23,Science Specialist 3,99-1422.27,Transportation Specialist 205,Somewhat Related,3
99-1220.23,Science Specialist 3,99-1520.26,Manufacturing Specialist 303,Somewhat Related,4
99-1221.24,Social Services Specialist 4,99-1534.40,Legal Specialist 317,Closely Related,1
99-1221.24,Social Services Specialist 4,25-2011.00,"Preschool Teachers, Except Special Education",Related,2
99-1222.25,Agriculture Specialist 5,99-1346.50,Science Specialist 129,Closely Related,1
99-1222.25,Agriculture Specialist 5,13-1161.00,Market Research Analysts and Marketing Specialists,Related,2
99-1222.25,Agriculture Specialist 5,13-2031.00,Budget Analysts,Somewhat Related,3
99-1222.25,Agriculture Specialist 5,99-1710.18,Transportation Specialist 493,Somewhat Related,4
99-1222.25,Agriculture Specialist 5,99-1967.77,Science Specialist 750,Somewhat Related,5
99-1223.26,Manufacturing Specialist 6,99-1536.42,Social Services Specialist 319,Closely Related,1
99-1223.26,Manufacturing Specialist 6,99-1388.92,Administrative Specialist 171,Related,2
99-1223.26,Manufacturing Specialist 6,99-1317.21,Arts / Media Specialist 100,Somewhat Related,3
99-1224.27,Transportation Specialist 7,15-1299.05,Information Security Engineers,Closely Related,1
99-1224.27,Transportation Specialist 7,99-1799.08,Manufacturing Specialist 582,Related,2
99-1224.27,Transportation Specialist 7,99-1409.14,Science Specialist 192,Somewhat Related,3
99-1224.27,Transportation Specialist 7,99-1675.82,Sales Specialist 458,Somewhat Related,4
99-1225.28,Sales Specialist 8,99-1382.86,Science Specialist 165,Closely Related,1
99-1225.28,Sales Specialist 8,99-1702.10,Sales Specialist 485,Related,2
99-1225.28,Sales Specialist 8,99-1255.58,Legal Specialist 38,Somewhat Related,3
99-1226.29,Administrative Specialist 9,25-1072.00,"Nursing Instructors and Teachers, Postsecondary",Closely Related,1
99-1226.29,Administrative Specialist 9,99-1781.89,Manufacturing Specialist 564,Related,2
99-1226.29,Administrative Specialist 9,99-1917.27,Transportation Specialist 700,Somewhat Related,3
99-1226.29,Administrative Specialist 9,15-1243.00,Database Architects,Somewhat Related,4
99-1226.29,Administrative Specialist 9,25-2032.00,"Career/Technical Education Teachers, Secondary School",Somewhat Related,5
99-1227.30,Arts / Media Specialist 10,15-2031.00,Operations Research Analysts,Closely Related,1
99-1227.30,Arts / Media Specialist 10,99-1430.35,Manufacturing Specialist 213,Related,2
99-1227.30,Arts / Media Specialist 10,99-1911.21,Arts / Media Specialist 694,Somewhat Related,3
99-1227.30,Arts / Media Specialist 10,99-1560.66,Arts / Media Specialist 343,Somewhat Related,4
99-1227.30,Arts / Media Specialist 10,99-1363.67,Legal Specialist 146,Somewhat Related,5
99-1228.31,Legal Specialist 11,99-1963.73,Sales Specialist 746,Closely Related,1
99-1228.31,Legal Specialist 11,99-1970.80,Manufacturing Specialist 753,Related,2
99-1229.32,Science Specialist 12,99-1583.89,Manufacturing Specialist 366,Closely Related,1
99-1229.32,Science Specialist 12,99-1939.49,Legal Specialist 722,Related,2
99-1229.32,Science Specialist 12,99-1364.68,Science Specialist 147,Somewhat Related,3
99-1229.32,Science Specialist 12,99-1319.23,Science Specialist 102,Somewhat Related,4
99-1229.32,Science Specialist 12,25-4012.00,Curators,Somewhat Related,5
99-1230.33,Social Services Specialist 13,99-1827.36,Transportation Specialist 610,Closely Related,1
99-1230.33,Social Services Specialist 13,99-1789.97,Agriculture Specialist 572,Related,2
99-1231.34,Agriculture Specialist 14,25-1126.00,"Philosophy and Religion Teachers, Postsecondary",Closely Related,1
99-1231.34,Agriculture Specialist 14,25-4013.00,Museum Technicians and Conservators,Related,2
99-1231.34,Agriculture Specialist 14,13-2053.00,Insurance Underwriters,Somewhat Related,3
99-1231.34,Agriculture Specialist 14,13-2081.00,"Tax Examiners and Collectors, and Revenue Agents",Somewhat Related,4
99-1231.34,Agriculture Specialist 14,99-1558.64,Sales Specialist 341,Somewhat Related,5
99-1232.35,Manufacturing Specialist 15,99-1480.85,Legal Specialist 263,Closely Related,1
99-1232.35,Manufacturing Specialist 15,47-2181.00,Roofers,Related,2
99-1233.36,Transportation Specialist 16,99-1484.89,Manufacturing Specialist 267,Closely Related,1
99-1233.36,Transportation Specialist 16,13-1131.00,Fundraisers,Related,2
99-1233.36,Transportation Specialist 16,25-1022.00,"Mathematical Science Teachers, Postsecondary",Somewhat Related,3
99-1233.36,Transportation Specialist 16,99-1272.75,Arts / Media Specialist 55,Somewhat Related,4
99-1233.36,Transportation Specialist 16,99-1474.79,Agriculture Specialist 257,Somewhat Related,5
99-1234.37,Sales Specialist 17,99-1920.30,Arts / Media Specialist 703,Closely Related,1
99-1234.37,Sales Specialist 17,29-1081.00,Podiatrists,Related,2
99-1234.37,Sales Specialist 17,29-1151.00,Nurse Anesthetists,Somewhat Related,3
99-1235.38,Administrative Specialist 18,99-1497.03,Arts / Media Specialist 280,Closely Related,1
99-1235.38,Administrative Specialist 18,99-1457.62,Manufacturing Specialist 240,Related,2
99-1235.38,Administrative Specialist 18,25-1067.00,"Sociology Teachers, Postsecondary",Somewhat Related,3
99-1236.39,Arts / Media Specialist 19,99-1516.22,Legal Specialist 299,Closely Related,1
99-1236.39,Arts / Media Specialist 19,99-1727.35,Manufacturing Specialist 510,Related,2
99-1237.40,Legal Specialist 20,99-1547.53,Manufacturing Specialist 330,Closely Related,1
99-1237.40,Legal Specialist 20,99-1992.03,Arts / Media Specialist 775,Related,2
99-1237.40,Legal Specialist 20,99-1879.88,Agriculture Specialist 662,Somewhat Related,3
99-1238.41,Science Specialist 21,13-1161.00,Market Research Analysts and Marketing Specialists,Closely Related,1
99-1238.41,Science Specialist 21,99-1865.74,Administrative Specialist 648,Related,2
99-1238.41,Science Specialist 21,99-1504.10,Sales Specialist 287,Somewhat Related,3
99-1238.41,Science Specialist 21,99-1823.32,Science Specialist 606,Somewhat Related,4
99-1239.42,Social Services Specialist 22,99-1335.39,Arts / Media Specialist 118,Closely Related,1
99-1239.42,Social Services Specialist 22,25-4021.00,Librarians and Media Collections Specialists,Related,2
99-1239.42,Social Services Specialist 22,99-1621.28,Sales Specialist 404,Somewhat Related,3
99-1239.42,Social Services Specialist 22,17-1022.00,Surveyors,Somewhat Related,4
99-1239.42,Social Services Specialist 22,99-1520.26,Manufacturing Specialist 303,Somewhat Related,5
99-1240.43,Agriculture Specialist 23,99-1887.96,Social Services Specialist 670,Closely Related,1
99-1240.43,Agriculture Specialist 23,99-1221.24,Social Services Specialist 4,Related,2
99-1241.44,Manufacturing Specialist 24,99-1827.36,Transportation Specialist 610,Closely Related,1
99-1241.44,Manufacturing Specialist 24,99-1652.59,Science Specialist 435,Related,2
99-1241.44,Manufacturing Specialist 24,29-1122.00,Occupational Therapists,Somewhat Related,3
99-1241.44,Manufacturing Specialist 24,99-1378.82,Sales Specialist 161,Somewhat Related,4
99-1241.44,Manufacturing Specialist 24,47-2073.00,Operating Engineers and Other Construction Equipment Operators,Somewhat Related,5
99-1242.45,Transportation Specialist 25,13-1022.00,"Wholesale and Retail Buyers, Except Farm Products",Closely Related,1
99-1242.45,Transportation Specialist 25,99-1535.41,Science Specialist 318,Related,2
99-1242.45,Transportation Specialist 25,99-1310.14,Science Specialist 93,Somewhat Related,3
99-1243.46,Sales Specialist 26,99-1948.58,Legal Specialist 731,Closely Related,1
99-1243.46,Sales Specialist 26,99-1993.04,Legal Specialist 776,Related,2
99-1243.46,Sales Specialist 26,29-1051.00,Pharmacists,Somewhat Related,3
99-1243.46,Sales Specialist 26,99-1943.53,Manufacturing Specialist 726,Somewhat Related,4
99-1244.47,Administrative Specialist 27,99-1671.78,Social Services Specialist 454,Closely Related,1
99-1244.47,Administrative Specialist 27,99-1456.61,Agriculture Specialist 239,Related,2
99-1244.47,Administrative Specialist 27,99-1227.30,Arts / Media Specialist 10,Somewhat Related,3
99-1245.48,Arts / Media Specialist 28,99-1998.09,Transportation Specialist 781,Closely Related,1
99-1245.48,Arts / Media Specialist 28,11-9161.00,Emergency Management Directors,Related,2
99-1245.48,Arts / Media Specialist 28,99-1812.21,Arts / Media Specialist 595,Somewhat Related,3
99-1245.48,Arts / Media Specialist 28,99-1381.85,Legal Specialist 164,Somewhat Related,4
99-1246.49,Legal Specialist 29,99-1551.57,Arts / Media Specialist 334,Closely Related,1
99-1246.49,Legal Specialist 29,11-9081.00,Lodging Managers,Related,2
99-1246.49,Legal Specialist 29,99-1510.16,Agriculture Specialist 293,Somewhat Related,3
99-1246.49,Legal Specialist 29,99-1333.37,Sales Specialist 116,Somewhat Related,4
99-1246.49,Legal Specialist 29,99-1998.09,Transportation Specialist 781,Somewhat Related,5
99-1247.50,Science Specialist 30,99-1617.24,Social Services Specialist 400,Closely Related,1
99-1247.50,Science Specialist 30,99-1626.33,Social Services Specialist 409,Related,2
99-1247.50,Science Specialist 30,13-2081.00,"Tax Examiners and Collectors, and Revenue Agents",Somewhat Related,3
99-1247.50,Science Specialist 30,99-1584.90,Transportation Specialist 367,Somewhat Related,4
99-1248.51,Social Services Specialist 31,25-1081.00,"Education Teachers, Postsecondary",Closely Related,1
99-1248.51,Social Services Specialist 31,99-1847.56,Administrative Specialist 630,Related,2
99-1248.51,Social Services Specialist 31,99-1281.84,Arts / Media Specialist 64,Somewhat Related,3
99-1248.51,Social Services Specialist 31,99-1679.86,Science Specialist 462,Somewhat Related,4
99-1249.52,Agriculture Specialist 32,99-1632.39,Arts / Media Specialist 415,Closely Related,1
99-1249.52,Agriculture Specialist 32,15-2099.01,Bioinformatics Technicians,Related,2
99-1249.52,Agriculture Specialist 32,99-1284.87,Social Services Specialist 67,Somewhat Related,3
99-1249.52,Agriculture Specialist 32,99-1258.61,Agriculture Specialist 41,Somewhat Related,4
99-1250.53,Manufacturing Specialist 33,99-1241.44,Manufacturing Specialist 24,Closely Related,1
99-1250.53,Manufacturing Specialist 33,99-1386.90,Transportation Specialist 169,Related,2
99-1250.53,Manufacturing Specialist 33,99-1944.54,Transportation Specialist 727,Somewhat Related,3
99-1251.54,Transportation Specialist 34,99-1734.42,Social Services Specialist 517,Closely Related,1
99-1251.54,Transportation Specialist 34,13-1131.00,Fundraisers,Related,2
99-1252.55,Sales Specialist 35,99-1219.22,Legal Specialist 2,Closely Related,1
99-1252.55,Sales Specialist 35,99-1290.93,Arts / Media Specialist 73,Related,2
99-1252.55,Sales Specialist 35,13-1121.00,"Meeting, Convention, and Event Planners",Somewhat Related,3
99-1253.56,Administrative Specialist 36,99-1996.07,Agriculture Specialist 779,Closely Related,1
99-1253.56,Administrative Specialist 36,17-1022.00,Surveyors,Related,2
99-1253.56,Administrative Specialist 36,99-1518.24,Social Services Specialist 301,Somewhat Related,3
99-1253.56,Administrative Specialist 36,99-1942.52,Agriculture Specialist 725,Somewhat Related,4
99-1253.56,Administrative Specialist 36,99-1816.25,Agriculture Specialist 599,Somewhat Related,5
99-1254.57,Arts / Media Specialist 37,99-1598.05,Science Specialist 381,Closely Related,1
99-1254.57,Arts / Media Specialist 37,99-1713.21,Arts / Media Specialist 496,Related,2
99-1254.57,Arts / Media Specialist 37,99-1220.23,Science Specialist 3,Somewhat Related,3
99-1254.57,Arts / Media Specialist 37,99-1764.72,Transportation Specialist 547,Somewhat Related,4
99-1254.57,Arts / Media Specialist 37,99-1774.82,Sales Specialist 557,Somewhat Related,5
99-1255.58,Legal Specialist 38,99-2015.26,Manufacturing Specialist 798,Closely Related,1
99-1255.58,Legal Specialist 38,99-1853.62,Manufacturing Specialist 636,Related,2
99-1256.59,Science Specialist 39,99-1826.35,Manufacturing Specialist 609,Closely Related,1
99-1256.59,Science Specialist 39,17-2121.00,Marine Engineers and Naval Architects,Related,2
99-1256.59,Science Specialist 39,99-1504.10,Sales Specialist 287,Somewhat Related,3
99-1257.60,Social Services Specialist 40,99-1716.24,Social Services Specialist 499,Closely Related,1
99-1257.60,Social Services Specialist 40,99-1382.86,Science Specialist 165,Related,2
99-1257.60,Social Services Specialist 40,99-1360.64,Sales Specialist 143,Somewhat Related,3
99-1258.61,Agriculture Specialist 41,99-1739.47,Administrative Specialist 522,Closely Related,1
99-1258.61,Agriculture Specialist 41,99-1737.45,Transportation Specialist 520,Related,2
99-1258.61,Agriculture Specialist 41,99-1462.67,Legal Specialist 245,Somewhat Related,3
99-1259.62,Manufacturing Specialist 42,99-1541.47,Administrative Specialist 324,Closely Related,1
99-1259.62,Manufacturing Specialist 42,99-1991.02,Administrative Specialist 774,Related,2
99-1259.62,Manufacturing Specialist 42,29-1063.00,"Internists, General",Somewhat Related,3
99-1260.63,Transportation Specialist 43,99-1433.38,Administrative Specialist 216,Closely Related,1
99-1260.63,Transportation Specialist 43,99-1523.29,Administrative Specialist 306,Related,2
99-1260.63,Transportation Specialist 43,99-1910.20,Administrative Specialist 693,Somewhat Related,3
99-1260.63,Transportation Specialist 43,99-1491.96,Social Services Specialist 274,Somewhat Related,4
99-1261.64,Sales Specialist 44,29-1151.00,Nurse Anesthetists,Closely Related,1
99-1261.64,Sales Specialist 44,99-1982.92,Administrative Specialist 765,Related,2
99-1261.64,Sales Specialist 44,99-1291.94,Legal Specialist 74,Somewhat Related,3
99-1262.65,Administrative Specialist 45,99-1948.58,Legal Specialist 731,Closely Related,1
99-1262.65,Administrative Specialist 45,99-1333.37,Sales Specialist 116,Related,2
99-1262.65,Administrative Specialist 45,99-1466.71,Manufacturing Specialist 249,Somewhat Related,3
99-1262.65,Administrative Specialist 45,15-1242.00,Database Administrators,Somewhat Related,4
99-1263.66,Arts / Media Specialist 46,99-1748.56,Administrative Specialist 531,Closely Related,1
99-1263.66,Arts / Media Specialist 46,99-1686.93,Arts / Media Specialist 469,Related,2
99-1263.66,Arts / Media Specialist 46,13-1061.00,Emergency Management Specialists,Somewhat Related,3
99-1263.66,Arts / Media Specialist 46,99-1551.57,Arts / Media Specialist 334,Somewhat Related,4
99-1263.66,Arts / Media Specialist 46,99-1870.79,Agriculture Specialist 653,Somewhat Related,5
99-1264.67,Legal Specialist 47,99-1426.31,Legal Specialist 209,Closely Related,1
99-1264.67,Legal Specialist 47,99-1678.85,Legal Specialist 461,Related,2
99-1264.67,Legal Specialist 47,99-2008.19,Sales Specialist 791,Somewhat Related,3
99-1264.67,Legal Specialist 47,99-1317.21,Arts / Media Specialist 100,Somewhat Related,4
99-1265.68,Science Specialist 48,29-1161.00,Nurse Midwives,Closely Related,1
99-1265.68,Science Specialist 48,99-1781.89,Manufacturing Specialist 564,Related,2
99-1266.69,Social Services Specialist 49,99-1617.24,Social Services Specialist 400,Closely Related,1
99-1266.69,Social Services Specialist 49,99-1846.55,Sales Specialist 629,Related,2
99-1267.70,Agriculture Specialist 50,11-9071.00,Gaming Managers,Closely Related,1
99-1267.70,Agriculture Specialist 50,99-1347.51,Social Services Specialist 130,Related,2
99-1267.70,Agriculture Specialist 50,99-1880.89,Manufacturing Specialist 663,Somewhat Related,3
99-1268.71,Manufacturing Specialist 51,99-1635.42,Social Services Specialist 418,Closely Related,1
99-1268.71,Manufacturing Specialist 51,99-1546.52,Agriculture Specialist 329,Related,2
99-1269.72,Transportation Specialist 52,99-1689.96,Social Services Specialist 472,Closely Related,1
99-1269.72,Transportation Specialist 52,99-1865.74,Administrative Specialist 648,Related,2
99-1270.73,Sales Specialist 53,99-1651.58,Legal Specialist 434,Closely Related,1
99-1270.73,Sales Specialist 53,99-1622.29,Administrative Specialist 405,Related,2
99-1270.73,Sales Specialist 53,99-1343.47,Administrative Specialist 126,Somewhat Related,3
99-1271.74,Administrative Specialist 54,99-1788.96,Social Services Specialist 571,Closely Related,1
99-1271.74,Administrative Specialist 54,99-1466.71,Manufacturing Specialist 249,Related,2
99-1272.75,Arts / Media Specialist 55,25-9041.00,Teacher Assistants,Closely Related,1
99-1272.75,Arts / Media Specialist 55,99-1376.80,Manufacturing Specialist 159,Related,2
99-1273.76,Legal Specialist 56,99-1537.43,Agriculture Specialist 320,Closely Related,1
99-1273.76,Legal Specialist 56,99-1869.78,Social Services Specialist 652,Related,2
99-1274.77,Science Specialist 57,99-1610.17,Manufacturing Specialist 393,Closely Related,1
99-1274.77,Science Specialist 57,99-1696.04,Legal Specialist 479,Related,2
99-1274.77,Science Specialist 57,99-1238.41,Science Specialist 21,Somewhat Related,3
99-1274.77,Science Specialist 57,11-9121.00,Natural Sciences Managers,Somewhat Related,4
99-1274.77,Science Specialist 57,99-1721.29,Administrative Specialist 504,Somewhat Related,5
99-1275.78,Social Services Specialist 58,99-1437.42,Social Services Specialist 220,Closely Related,1
99-1275.78,Social Services Specialist 58,17-2031.00,Bioengineers and Biomedical Engineers,Related,2
99-1276.79,Agriculture Specialist 59,99-1708.16,Agriculture Specialist 491,Closely Related,1
99-1276.79,Agriculture Specialist 59,99-1313.17,Manufacturing Specialist 96,Related,2
99-1276.79,Agriculture Specialist 59,99-1320.24,Social Services Specialist 103,Somewhat Related,3
99-1276.79,Agriculture Specialist 59,99-1657.64,Sales Specialist 440,Somewhat Related,4
99-1276.79,Agriculture Specialist 59,99-1921.31,Legal Specialist 704,Somewhat Related,5
99-1277.80,Manufacturing Specialist 60,99-1283.86,Science Specialist 66,Closely Related,1
99-1277.80,Manufacturing Specialist 60,99-1750.58,Legal Specialist 533,Related,2
99-1277.80,Manufacturing Specialist 60,17-2061.00,Computer Hardware Engineers,Somewhat Related,3
99-1277.80,Manufacturing Specialist 60,99-1860.69,Social Services Specialist 643,Somewhat Related,4
99-1277.80,Manufacturing Specialist 60,99-1967.77,Science Specialist 750,Somewhat Related,5
99-1278.81,Transportation Specialist 61,99-1497.03,Arts / Media Specialist 280,Closely Related,1
99-1278.81,Transportation Specialist 61,99-2010.21,Arts / Media Specialist 793,Related,2
99-1278.81,Transportation Specialist 61,99-1594.01,Sales Specialist 377,Somewhat Related,3
99-1278.81,Transportation Specialist 61,99-1441.46,Sales Specialist 224,Somewhat Related,4
99-1278.81,Transportation Specialist 61,15-1255.00,Web and Digital Interface Designers,Somewhat Related,5
99-1279.82,Sales Specialist 62,99-1656.63,Transportation Specialist 439,Closely Related,1
99-1279.82,Sales Specialist 62,11-3131.00,Training and Development Managers,Related,2
99-1279.82,Sales Specialist 62,99-1763.71,Manufacturing Specialist 546,Somewhat Related,3
99-1279.82,Sales Specialist 62,99-1498.04,Legal Specialist 281,Somewhat Related,4
99-1279.82,Sales Specialist 62,99-1609.16,Agriculture Specialist 392,Somewhat Related,5
99-1280.83,Administrative Specialist 63,11-9111.00,Medical and Health Services Managers,Closely Related,1
99-1280.83,Administrative Specialist 63,99-1917.27,Transportation Specialist 700,Related,2
99-1281.84,Arts / Media Specialist 64,99-1521.27,Transportation Specialist 304,Closely Related,1
99-1281.84,Arts / Media Specialist 64,99-1271.74,Administrative Specialist 54,Related,2
99-1282.85,Legal Specialist 65,99-1342.46,Sales Specialist 125,Closely Related,1
99-1282.85,Legal Specialist 65,99-1571.77,Science Specialist 354,Related,2
99-1282.85,Legal Specialist 65,11-2022.00,Sales Managers,Somewhat Related,3
99-1283.86,Science Specialist 66,11-2031.00,Public Relations and Fundraising Managers,Closely Related,1
99-1283.86,Science Specialist 66,15-1242.00,Database Administrators,Related,2
99-1283.86,Science Specialist 66,11-9039.00,"Education Administrators, All Other",Somewhat Related,3
99-1284.87,Social Services Specialist 67,99-1296.99,Transportation Specialist 79,Closely Related,1
99-1284.87,Social Services Specialist 67,99-1710.18,Transportation Specialist 493,Related,2
99-1284.87,Social Services Specialist 67,99-1972.82,Sales Specialist 755,Somewhat Related,3
99-1285.88,Agriculture Specialist 68,99-1489.94,Legal Specialist 272,Closely Related,1
99-1285.88,Agriculture Specialist 68,99-1769.77,Science Specialist 552,Related,2
99-1286.89,Manufacturing Specialist 69,99-1748.56,Administrative Specialist 531,Closely Related,1
99-1286.89,Manufacturing Specialist 69,99-1624.31,Legal Specialist 407,Related,2
99-1287.90,Transportation Specialist 70,11-9161.00,Emergency Management Directors,Closely Related,1
99-1287.90,Transportation Specialist 70,99-1859.68,Science Specialist 642,Related,2
99-1287.90,Transportation Specialist 70,99-1822.31,Legal Specialist 605,Somewhat Related,3
99-1288.91,Sales Specialist 71,99-1226.29,Administrative Specialist 9,Closely Related,1
99-1288.91,Sales Specialist 71,99-1687.94,Legal Specialist 470,Related,2
99-1288.91,Sales Specialist 71,99-1419.24,Social Services Specialist 202,Somewhat Related,3
99-1289.92,Administrative Specialist 72,99-1346.50,Science Specialist 129,Closely Related,1
99-1289.92,Administrative Specialist 72,99-1358.62,Manufacturing Specialist 141,Related,2
99-1289.92,Administrative Specialist 72,11-9041.00,Architectural and Engineering Managers,Somewhat Related,3
99-1289.92,Administrative Specialist 72,11-9061.00,Funeral Home Managers,Somewhat Related,4
99-1289.92,Administrative Specialist 72,99-1488.93,Arts / Media Specialist 271,Somewhat Related,5
99-1290.93,Arts / Media Specialist 73,99-1423.28,Sales Specialist 206,Closely Related,1
99-1290.93,Arts / Media Specialist 73,99-1218.21,Arts / Media Specialist 1,Related,2
99-1290.93,Arts / Media Specialist 73,25-9011.00,Audio-Visual and Multimedia Collections Specialists,Somewhat Related,3
99-1290.93,Arts / Media Specialist 73,99-1975.85,Legal Specialist 758,Somewhat Related,4
99-1291.94,Legal Specialist 74,99-1714.22,Legal Specialist 497,Closely Related,1
99-1291.94,Legal Specialist 74,11-3071.00,"Transportation, Storage, and Distribution Managers",Related,2
99-1292.95,Science Specialist 75,99-1873.82,Sales Specialist 656,Closely Related,1
99-1292.95,Science Specialist 75,13-1071.00,Human Resources Specialists,Related,2
99-1293.96,Social Services Specialist 76,99-1875.84,Arts / Media Specialist 658,Closely Related,1
99-1293.96,Social Services Specialist 76,15-1299.08,Computer Systems Engineers/Architects,Related,2
99-1294.97,Agriculture Specialist 77,99-1965.75,Arts / Media Specialist 748,Closely Related,1
99-1294.97,Agriculture Specialist 77,99-1485.90,Transportation Specialist 268,Related,2
99-1295.98,Manufacturing Specialist 78,99-1338.42,Social Services Specialist 121,Closely Related,1
99-1295.98,Manufacturing Specialist 78,13-2061.00,Financial Examiners,Related,2
99-1296.99,Transportation Specialist 79,99-1374.78,Social Services Specialist 157,Closely Related,1
99-1296.99,Transportation Specialist 79,13-1111.00,Management Analysts,Related,2
99-1297.01,Sales Specialist 80,99-1369.73,Sales Specialist 152,Closely Related,1
99-1297.01,Sales Specialist 80,99-1518.24,Social Services Specialist 301,Related,2
99-1297.01,Sales Specialist 80,99-1959.69,Social Services Specialist 742,Somewhat Related,3
99-1298.02,Administrative Specialist 81,99-1586.92,Administrative Specialist 369,Closely Related,1
99-1298.02,Administrative Specialist 81,99-1833.42,Social Services Specialist 616,Related,2
99-1299.03,Arts / Media Specialist 82,99-1313.17,Manufacturing Specialist 96,Closely Related,1
99-1299.03,Arts / Media Specialist 82,99-1544.50,Science Specialist 327,Related,2
99-1300.04,Legal Specialist 83,99-1512.18,Transportation Specialist 295,Closely Related,1
99-1300.04,Legal Specialist 83,99-1453.58,Legal Specialist 236,Related,2
99-1301.05,Science Specialist 84,99-1565.71,Manufacturing Specialist 348,Closely Related,1
99-1301.05,Science Specialist 84,99-1402.07,Agriculture Specialist 185,Related,2
99-1301.05,Science Specialist 84,99-1699.07,Agriculture Specialist 482,Somewhat Related,3
99-1302.06,Social Services Specialist 85,99-1989.99,Transportation Specialist 772,Closely Related,1
99-1302.06,Social Services Specialist 85,99-1779.87,Social Services Specialist 562,Related,2
99-1302.06,Social Services Specialist 85,99-1898.08,Manufacturing Specialist 681,Somewhat Related,3
99-1302.06,Social Services Specialist 85,99-1596.03,Arts / Media Specialist 379,Somewhat Related,4
99-1302.06,Social Services Specialist 85,99-1284.87,Social Services Specialist 67,Somewhat Related,5
99-1303.07,Agriculture Specialist 86,29-1151.00,Nurse Anesthetists,Closely Related,1
99-1303.07,Agriculture Specialist 86,99-1551.57,Arts / Media Specialist 334,Related,2
99-1304.08,Manufacturing Specialist 87,25-2022.00,"Middle School Teachers, Except Special and Career/Technical Education",Closely Related,1
99-1304.08,Manufacturing Specialist 87,25-2021.00,"Elementary School Teachers, Except Special Education",Related,2
99-1304.08,Manufacturing Specialist 87,99-1841.50,Science Specialist 624,Somewhat Related,3
99-1304.08,Manufacturing Specialist 87,99-1273.76,Legal Specialist 56,Somewhat Related,4
99-1305.09,Transportation Specialist 88,25-2022.00,"Middle School Teachers, Except Special and Career/Technical Education",Closely Related,1
99-1305.09,Transportation Specialist 88,99-1819.28,Sales Specialist 602,Related,2
99-1305.09,Transportation Specialist 88,99-1499.05,Science Specialist 282,Somewhat Related,3
99-1306.10,Sales Specialist 89,99-1452.57,Arts / Media Specialist 235,Closely Related,1
99-1306.10,Sales Specialist 89,99-1845.54,Transportation Specialist 628,Related,2
99-1306.10,Sales Specialist 89,99-1963.73,Sales Specialist 746,Somewhat Related,3
99-1306.10,Sales Specialist 89,99-1385.89,Manufacturing Specialist 168,Somewhat Related,4
99-1306.10,Sales Specialist 89,99-1413.18,Transportation Specialist 196,Somewhat Related,5
99-1307.11,Administrative Specialist 90,99-1347.51,Social Services Specialist 130,Closely Related,1
99-1307.11,Administrative Specialist 90,99-1446.51,Social Services Specialist 229,Related,2
99-1307.11,Administrative Specialist 90,99-1247.50,Science Specialist 30,Somewhat Related,3
99-1308.12,Arts / Media Specialist 91,13-2072.00,Loan Officers,Closely Related,1
99-1308.12,Arts / Media Specialist 91,99-1643.50,Science Specialist 426,Related,2
99-1308.12,Arts / Media Specialist 91,99-1270.73,Sales Specialist 53,Somewhat Related,3
99-1308.12,Arts / Media Specialist 91,99-1674.81,Transportation Specialist 457,Somewhat Related,4
99-1308.12,Arts / Media Specialist 91,99-1947.57,Arts / Media Specialist 730,Somewhat Related,5
99-1309.13,Legal Specialist 92,99-1679.86,Science Specialist 462,Closely Related,1
99-1309.13,Legal Specialist 92,47-2141.00,"Painters, Construction and Maintenance",Related,2
99-1309.13,Legal Specialist 92,29-1128.00,Exercise Physiologists,Somewhat Related,3
99-1309.13,Legal Specialist 92,99-1641.48,Arts / Media Specialist 424,Somewhat Related,4
99-1310.14,Science Specialist 93,99-1296.99,Transportation Specialist 79,Closely Related,1
99-1310.14,Science Specialist 93,99-1811.20,Administrative Specialist 594,Related,2
99-1310.14,Science Specialist 93,15-2041.00,Statisticians,Somewhat Related,3
99-1310.14,Science Specialist 93,99-1335.39,Arts / Media Specialist 118,Somewhat Related,4
99-1311.15,Social Services Specialist 94,13-1199.00,"Business Operations Specialists, All Other",Closely Related,1
99-1311.15,Social Services Specialist 94,99-1649.56,Administrative Specialist 432,Related,2
99-1311.15,Social Services Specialist 94,25-1072.00,"Nursing Instructors and Teachers, Postsecondary",Somewhat Related,3
99-1311.15,Social Services Specialist 94,99-1589.95,Science Specialist 372,Somewhat Related,4
99-1311.15,Social Services Specialist 94,99-1593.99,Transportation Specialist 376,Somewhat Related,5
99-1312.16,Agriculture Specialist 95,99-1449.54,Transportation Specialist 232,Closely Related,1
99-1312.16,Agriculture Specialist 95,99-1631.38,Administrative Specialist 414,Related,2
99-1312.16,Agriculture Specialist 95,99-1682.89,Manufacturing Specialist 465,Somewhat Related,3
99-1312.16,Agriculture Specialist 95,99-1613.20,Administrative Specialist 396,Somewhat Related,4
99-1312.16,Agriculture Specialist 95,99-1470.75,Arts / Media Specialist 253,Somewhat Related,5
99-1313.17,Manufacturing Specialist 96,99-1470.75,Arts / Media Specialist 253,Closely Related,1
99-1313.17,Manufacturing Specialist 96,99-1829.38,Administrative Specialist 612,Related,2
99-1313.17,Manufacturing Specialist 96,99-1439.44,Manufacturing Specialist 222,Somewhat Related,3
99-1313.17,Manufacturing Specialist 96,99-1674.81,Transportation Specialist 457,Somewhat Related,4
99-1314.18,Transportation Specialist 97,99-1723.31,Legal Specialist 506,Closely Related,1
99-1314.18,Transportation Specialist 97,11-3013.00,Facilities Managers,Related,2
99-1314.18,Transportation Specialist 97,99-1581.87,Social Services Specialist 364,Somewhat Related,3
99-1314.18,Transportation Specialist 97,11-2031.00,Public Relations and Fundraising Managers,Somewhat Related,4
99-1315.19,Sales Specialist 98,99-1231.34,Agriculture Specialist 14,Closely Related,1
99-1315.19,Sales Specialist 98,99-1293.96,Social Services Specialist 76,Related,2
99-1315.19,Sales Specialist 98,99-1424.29,Administrative Specialist 207,Somewhat Related,3
99-1315.19,Sales Specialist 98,99-1703.11,Administrative Specialist 486,Somewhat Related,4
99-1315.19,Sales Specialist 98,99-1369.73,Sales Specialist 152,Somewhat Related,5
99-1316.20,Administrative Specialist 99,15-1212.00,Information Security Analysts,Closely Related,1
99-1316.20,Administrative Specialist 99,99-1274.77,Science Specialist 57,Related,2
99-1317.21,Arts / Media Specialist 100,17-2051.00,Civil Engineers,Closely Related,1
99-1317.21,Arts / Media Specialist 100,99-1651.58,Legal Specialist 434,Related,2
99-1318.22,Legal Specialist 101,99-1225.28,Sales Specialist 8,Closely Related,1
99-1318.22,Legal Specialist 101,99-1271.74,Administrative Specialist 54,Related,2
99-1318.22,Legal Specialist 101,99-1711.19,Sales Specialist 494,Somewhat Related,3
99-1319.23,Science Specialist 102,99-1331.35,Manufacturing Specialist 114,Closely Related,1
99-1319.23,Science Specialist 102,99-1592.98,Manufacturing Specialist 375,Related,2
99-1319.23,Science Specialist 102,99-1296.99,Transportation Specialist 79,Somewhat Related,3
99-1319.23,Science Specialist 102,17-2181.00,Environmental Engineers,Somewhat Related,4
99-1320.24,Social Services Specialist 103,99-1497.03,Arts / Media Specialist 280,Closely Related,1
99-1320.24,Social Services Specialist 103,99-1501.07,Agriculture Specialist 284,Related,2
99-1320.24,Social Services Specialist 103,99-1278.81,Transportation Specialist 61,Somewhat Related,3
99-1320.24,Social Services Specialist 103,99-1930.40,Legal Specialist 713,Somewhat Related,4
99-1320.24,Social Services Specialist 103,99-1592.98,Manufacturing Specialist 375,Somewhat Related,5
99-1321.25,Agriculture Specialist 104,99-1309.13,Legal Specialist 92,Closely Related,1
99-1321.25,Agriculture Specialist 104,99-1656.63,Transportation Specialist 439,Related,2
99-1321.25,Agriculture Specialist 104,99-2009.20,Administrative Specialist 792,Somewhat Related,3
99-1322.26,Manufacturing Specialist 105,17-2071.00,Electrical Engineers,Closely Related,1
99-1322.26,Manufacturing Specialist 105,99-1497.03,Arts / Media Specialist 280,Related,2
99-1323.27,Transportation Specialist 106,17-2141.00,Mechanical Engineers,Closely Related,1
99-1323.27,Transportation Specialist 106,99-1556.62,Manufacturing Specialist 339,Related,2
99-1324.28,Sales Specialist 107,99-1239.42,Social Services Specialist 22,Closely Related,1
99-1324.28,Sales Specialist 107,99-1364.68,Science Specialist 147,Related,2
99-1324.28,Sales Specialist 107,99-1799.08,Manufacturing Specialist 582,Somewhat Related,3
99-1325.29,Administrative Specialist 108,99-1839.48,Arts / Media Specialist 622,Closely Related,1
99-1325.29,Administrative Specialist 108,11-3021.00,Computer and Information Systems Managers,Related,2
99-1325.29,Administrative Specialist 108,99-1880.89,Manufacturing Specialist 663,Somewhat Related,3
99-1325.29,Administrative Specialist 108,11-9131.00,Postmasters and Mail Superintendents,Somewhat Related,4
99-1325.29,Administrative Specialist 108,99-1276.79,Agriculture Specialist 59,Somewhat Related,5
99-1326.30,Arts / Media Specialist 109,99-1513.19,Sales Specialist 296,Closely Related,1
99-1326.30,Arts / Media Specialist 109,99-1357.61,Agriculture Specialist 140,Related,2
99-1326.30,Arts / Media Specialist 109,99-1304.08,Manufacturing Specialist 87,Somewhat Related,3
99-1326.30,Arts / Media Specialist 109,99-1914.24,Social Services Specialist 697,Somewhat Related,4
99-1327.31,Legal Specialist 110,29-1081.00,Podiatrists,Closely Related,1
99-1327.31,Legal Specialist 110,99-1975.85,Legal Specialist 758,Related,2
99-1327.31,Legal Specialist 110,99-2009.20,Administrative Specialist 792,Somewhat Related,3
99-1328.32,Science Specialist 111,99-1493.98,Manufacturing Specialist 276,Closely Related,1
99-1328.32,Science Specialist 111,99-1388.92,Administrative Specialist 171,Related,2
99-1328.32,Science Specialist 111,99-1884.93,Arts / Media Specialist 667,Somewhat Related,3
99-1328.32,Science Specialist 111,99-1964.74,Administrative Specialist 747,Somewhat Related,4
99-1328.32,Science Specialist 111,99-1676.83,Administrative Specialist 459,Somewhat Related,5
99-1329.33,Social Services Specialist 112,99-1312.16,Agriculture Specialist 95,Closely Related,1
99-1329.33,Social Services Specialist 112,29-1022.00,Oral and Maxillofacial Surgeons,Related,2
99-1329.33,Social Services Specialist 112,99-1488.93,Arts / Media Specialist 271,Somewhat Related,3
99-1329.33,Social Services Specialist 112,99-1426.31,Legal Specialist 209,Somewhat Related,4
99-1329.33,Social Services Specialist 112,99-1444.49,Legal Specialist 227,Somewhat Related,5
99-1330.34,Agriculture Specialist 113,17-2051.00,Civil Engineers,Closely Related,1
99-1330.34,Agriculture Specialist 113,99-1701.09,Transportation Specialist 484,Related,2
99-1331.35,Manufacturing Specialist 114,99-1997.08,Manufacturing Specialist 780,Closely Related,1
99-1331.35,Manufacturing Specialist 114,99-1310.14,Science Specialist 93,Related,2
99-1331.35,Manufacturing Specialist 114,99-1788.96,Social Services Specialist 571,Somewhat Related,3
99-1332.36,Transportation Specialist 115,11-9199.00,"Managers, All Other",Closely Related,1
99-1332.36,Transportation Specialist 115,99-1400.05,Science Specialist 183,Related,2
99-1333.37,Sales Specialist 116,99-1854.63,Transportation Specialist 637,Closely Related,1
99-1333.37,Sales Specialist 116,99-1602.09,Transportation Specialist 385,Related,2
99-1334.38,Administrative Specialist 117,29-1123.00,Physical Therapists,Closely Related,1
99-1334.38,Administrative Specialist 117,99-1553.59,Science Specialist 336,Related,2
99-1334.38,Administrative Specialist 117,99-1535.41,Science Specialist 318,Somewhat Related,3
99-1334.38,Administrative Specialist 117,99-1717.25,Agriculture Specialist 500,Somewhat Related,4
99-1335.39,Arts / Media Specialist 118,99-1678.85,Legal Specialist 461,Closely Related,1
99-1335.39,Arts / Media Specialist 118,99-1438.43,Agriculture Specialist 221,Related,2
99-1335.39,Arts / Media Specialist 118,99-1513.19,Sales Specialist 296,Somewhat Related,3
99-1336.40,Legal Specialist 119,99-1224.27,Transportation Specialist 7,Closely Related,1
99-1336.40,Legal Specialist 119,99-1793.02,Administrative Specialist 576,Related,2
99-1336.40,Legal Specialist 119,99-1988.98,Manufacturing Specialist 771,Somewhat Related,3
99-1337.41,Science Specialist 120,13-1061.00,Emergency Management Specialists,Closely Related,1
99-1337.41,Science Specialist 120,25-9031.00,Instructional Coordinators,Related,2
99-1337.41,Science Specialist 120,99-1408.13,Legal Specialist 191,Somewhat Related,3
99-1338.42,Social Services Specialist 121,99-1221.24,Social Services Specialist 4,Closely Related,1
99-1338.42,Social Services Specialist 121,99-1357.61,Agriculture Specialist 140,Related,2
99-1338.42,Social Services Specialist 121,99-2008.19,Sales Specialist 791,Somewhat Related,3
99-1339.43,Agriculture Specialist 122,99-1998.09,Transportation Specialist 781,Closely Related,1
99-1339.43,Agriculture Specialist 122,99-1294.97,Agriculture Specialist 77,Related,2
99-1339.43,Agriculture Specialist 122,99-1326.30,Arts / Media Specialist 109,Somewhat Related,3
99-1339.43,Agriculture Specialist 122,99-1232.35,Manufacturing Specialist 15,Somewhat Related,4
99-1340.44,Manufacturing Specialist 123,99-1754.62,Manufacturing Specialist 537,Closely Related,1
99-1340.44,Manufacturing Specialist 123,99-1337.41,Science Specialist 120,Related,2
99-1340.44,Manufacturing Specialist 123,99-1486.91,Sales Specialist 269,Somewhat Related,3
99-1341.45,Transportation Specialist 124,99-2004.15,Social Services Specialist 787,Closely Related,1
99-1341.45,Transportation Specialist 124,99-1934.44,Manufacturing Specialist 717,Related,2
99-1341.45,Transportation Specialist 124,99-1783.91,Sales Specialist 566,Somewhat Related,3
99-1341.45,Transportation Specialist 124,99-1584.90,Transportation Specialist 367,Somewhat Related,4
99-1342.46,Sales Specialist 125,99-1605.12,Arts / Media Specialist 388,Closely Related,1
99-1342.46,Sales Specialist 125,25-2012.00,"Kindergarten Teachers, Except Special Education",Related,2
99-1343.47,Administrative Specialist 126,15-1253.00,Software Quality Assurance Analysts and Testers,Closely Related,1
99-1343.47,Administrative Specialist 126,25-4013.00,Museum Technicians and Conservators,Related,2
99-1343.47,Administrative Specialist 126,99-1704.12,Arts / Media Specialist 487,Somewhat Related,3
99-1343.47,Administrative Specialist 126,17-2021.00,Agricultural Engineers,Somewhat Related,4
99-1343.47,Administrative Specialist 126,25-2021.00,"Elementary School Teachers, Except Special Education",Somewhat Related,5
99-1344.48,Arts / Media Specialist 127,99-1986.96,Social Services Specialist 769,Closely Related,1
99-1344.48,Arts / Media Specialist 127,13-1041.00,Compliance Officers,Related,2
99-1344.48,Arts / Media Specialist 127,99-1442.47,Administrative Specialist 225,Somewhat Related,3
99-1344.48,Arts / Media Specialist 127,11-9031.00,"Education and Childcare Administrators, Preschool and Daycare",Somewhat Related,4
99-1345.49,Legal Specialist 128,99-1858.67,Legal Specialist 641,Closely Related,1
99-1345.49,Legal Specialist 128,99-1803.12,Arts / Media Specialist 586,Related,2
99-1346.50,Science Specialist 129,99-1793.02,Administrative Specialist 576,Closely Related,1
99-1346.50,Science Specialist 129,47-2161.00,Plasterers and Stucco Masons,Related,2
99-1346.50,Science Specialist 129,99-1996.07,Agriculture Specialist 779,Somewhat Related,3
99-1346.50,Science Specialist 129,99-1559.65,Administrative Specialist 342,Somewhat Related,4
99-1346.50,Science Specialist 129,13-1075.00,Labor Relations Specialists,Somewhat Related,5
99-1347.51,Social Services Specialist 130,99-1617.24,Social Services Specialist 400,Closely Related,1
99-1347.51,Social Services Specialist 130,99-1773.81,Transportation Specialist 556,Related,2
99-1347.51,Social Services Specialist 130,99-1218.21,Arts / Media Specialist 1,Somewhat Related,3
99-1347.51,Social Services Specialist 130,99-1970.80,Manufacturing Specialist 753,Somewhat Related,4
99-1348.52,Agriculture Specialist 131,99-1848.57,Arts / Media Specialist 631,Closely Related,1
99-1348.52,Agriculture Specialist 131,99-1901.11,Administrative Specialist 684,Related,2
99-1349.53,Manufacturing Specialist 132,99-1449.54,Transportation Specialist 232,Closely Related,1
99-1349.53,Manufacturing Specialist 132,11-1021.00,General and Operations Managers,Related,2
99-1349.53,Manufacturing Specialist 132,99-1821.30,Arts / Media Specialist 604,Somewhat Related,3
99-1349.53,Manufacturing Specialist 132,13-2099.00,"Financial Specialists, All Other",Somewhat Related,4
99-1350.54,Transportation Specialist 133,99-1720.28,Sales Specialist 503,Closely Related,1
99-1350.54,Transportation Specialist 133,99-1915.25,Agriculture Specialist 698,Related,2
99-1350.54,Transportation Specialist 133,43-9111.00,Statistical Assistants,Somewhat Related,3
99-1351.55,Sales Specialist 134,99-1339.43,Agriculture Specialist 122,Closely Related,1
99-1351.55,Sales Specialist 134,99-1629.36,Transportation Specialist 412,Related,2
99-1351.55,Sales Specialist 134,25-1062.00,"Area, Ethnic, and Cultural Studies Teachers, Postsecondary",Somewhat Related,3
99-1351.55,Sales Specialist 134,99-1799.08,Manufacturing Specialist 582,Somewhat Related,4
99-1352.56,Administrative Specialist 135,99-1280.83,Administrative Specialist 63,Closely Related,1
99-1352.56,Administrative Specialist 135,99-1819.28,Sales Specialist 602,Related,2
99-1352.56,Administrative Specialist 135,25-1066.00,"Psychology Teachers, Postsecondary",Somewhat Related,3
99-1352.56,Administrative Specialist 135,99-1991.02,Administrative Specialist 774,Somewhat Related,4
99-1352.56,Administrative Specialist 135,99-1857.66,Arts / Media Specialist 640,Somewhat Related,5
99-1353.57,Arts / Media Specialist 136,15-2051.00,Data Scientists,Closely Related,1
99-1353.57,Arts / Media Specialist 136,99-1633.40,Legal Specialist 416,Related,2
99-1354.58,Legal Specialist 137,17-2072.00,"Electronics Engineers, Except Computer",Closely Related,1
99-1354.58,Legal Specialist 137,11-1021.00,General and Operations Managers,Related,2
99-1354.58,Legal Specialist 137,99-1969.79,Agriculture Specialist 752,Somewhat Related,3
99-1355.59,Science Specialist 138,99-1755.63,Transportation Specialist 538,Closely Related,1
99-1355.59,Science Specialist 138,99-1657.64,Sales Specialist 440,Related,2
99-1355.59,Science Specialist 138,25-2022.00,"Middle School Teachers, Except Special and Career/Technical Education",Somewhat Related,3
99-1356.60,Social Services Specialist 139,29-1021.00,"Dentists, General",Closely Related,1
99-1356.60,Social Services Specialist 139,99-1917.27,Transportation Specialist 700,Related,2
99-1356.60,Social Services Specialist 139,99-1514.20,Administrative Specialist 297,Somewhat Related,3
99-1356.60,Social Services Specialist 139,99-1894.04,Legal Specialist 677,Somewhat Related,4
99-1356.60,Social Services Specialist 139,17-1022.00,Surveyors,Somewhat Related,5
99-1357.61,Agriculture Specialist 140,99-1277.80,Manufacturing Specialist 60,Closely Related,1
99-1357.61,Agriculture Specialist 140,25-1069.00,"Social Sciences Teachers, Postsecondary, All Other",Related,2
99-1357.61,Agriculture Specialist 140,99-1663.70,Agriculture Specialist 446,Somewhat Related,3
99-1357.61,Agriculture Specialist 140,99-1877.86,Science Specialist 660,Somewhat Related,4
99-1358.62,Manufacturing Specialist 141,99-1340.44,Manufacturing Specialist 123,Closely Related,1
99-1358.62,Manufacturing Specialist 141,99-1259.62,Manufacturing Specialist 42,Related,2
99-1358.62,Manufacturing Specialist 141,99-1302.06,Social Services Specialist 85,Somewhat Related,3
99-1358.62,Manufacturing Specialist 141,99-1398.03,Arts / Media Specialist 181,Somewhat Related,4
99-1358.62,Manufacturing Specialist 141,99-1907.17,Manufacturing Specialist 690,Somewhat Related,5
99-1359.63,Transportation Specialist 142,99-1244.47,Administrative Specialist 27,Closely Related,1
99-1359.63,Transportation Specialist 142,99-1761.69,Social Services Specialist 544,Related,2
99-1359.63,Transportation Specialist 142,13-2052.00,Personal Financial Advisors,Somewhat Related,3
99-1359.63,Transportation Specialist 142,99-1540.46,Sales Specialist 323,Somewhat Related,4
99-1360.64,Sales Specialist 143,25-1072.00,"Nursing Instructors and Teachers, Postsecondary",Closely Related,1
99-1360.64,Sales Specialist 143,99-1476.81,Transportation Specialist 259,Related,2
99-1360.64,Sales Specialist 143,99-1292.95,Science Specialist 75,Somewhat Related,3
99-1360.64,Sales Specialist 143,99-1223.26,Manufacturing Specialist 6,Somewhat Related,4
99-1360.64,Sales Specialist 143,11-3121.00,Human Resources Managers,Somewhat Related,5
99-1361.65,Administrative Specialist 144,25-1032.00,"Vocational Education Teachers, Postsecondary",Closely Related,1
99-1361.65,Administrative Specialist 144,47-2011.00,Boilermakers,Related,2
99-1361.65,Administrative Specialist 144,13-1151.00,Training and Development Specialists,Somewhat Related,3
99-1361.65,Administrative Specialist 144,99-1319.23,Science Specialist 102,Somewhat Related,4
99-1361.65,Administrative Specialist 144,99-1658.65,Administrative Specialist 441,Somewhat Related,5
99-1362.66,Arts / Media Specialist 145,99-1553.59,Science Specialist 336,Closely Related,1
99-1362.66,Arts / Media Specialist 145,99-1317.21,Arts / Media Specialist 100,Related,2
99-1363.67,Legal Specialist 146,99-1999.10,Sales Specialist 782,Closely Related,1
99-1363.67,Legal Specialist 146,47-2111.00,Electricians,Related,2
99-1363.67,Legal Specialist 146,99-1407.12,Arts / Media Specialist 190,Somewhat Related,3
99-1363.67,Legal Specialist 146,99-1326.30,Arts / Media Specialist 109,Somewhat Related,4
99-1364.68,Science Specialist 147,99-1567.73,Sales Specialist 350,Closely Related,1
99-1364.68,Science Specialist 147,99-1560.66,Arts / Media Specialist 343,Related,2
99-1365.69,Social Services Specialist 148,99-1787.95,Science Specialist 570,Closely Related,1
99-1365.69,Social Services Specialist 148,15-1243.00,Database Architects,Related,2
99-1365.69,Social Services Specialist 148,99-1681.88,Agriculture Specialist 464,Somewhat Related,3
99-1365.69,Social Services Specialist 148,99-1515.21,Arts / Media Specialist 298,Somewhat Related,4
99-1366.70,Agriculture Specialist 149,99-1710.18,Transportation Specialist 493,Closely Related,1
99-1366.70,Agriculture Specialist 149,99-1793.02,Administrative Specialist 576,Related,2
99-1366.70,Agriculture Specialist 149,13-1051.00,Cost Estimators,Somewhat Related,3
99-1367.71,Manufacturing Specialist 150,99-1343.47,Administrative Specialist 126,Closely Related,1
99-1367.71,Manufacturing Specialist 150,17-1011.00,"Architects, Except Landscape and Naval",Related,2
99-1367.71,Manufacturing Specialist 150,11-9031.00,"Education and Childcare Administrators, Preschool and Daycare",Somewhat Related,3
99-1367.71,Manufacturing Specialist 150,99-1661.68,Science Specialist 444,Somewhat Related,4
99-1367.71,Manufacturing Specialist 150,99-1308.12,Arts / Media Specialist 91,Somewhat Related,5
99-1368.72,Transportation Specialist 151,99-1334.38,Administrative Specialist 117,Closely Related,1
99-1368.72,Transportation Specialist 151,99-1533.39,Arts / Media Specialist 316,Related,2
99-1369.73,Sales Specialist 152,29-1127.00,Speech-Language Pathologists,Closely Related,1
99-1369.73,Sales Specialist 152,99-1893.03,Arts / Media Specialist 676,Related,2
99-1370.74,Administrative Specialist 153,99-1996.07,Agriculture Specialist 779,Closely Related,1
99-1370.74,Administrative Specialist 153,47-2111.00,Electricians,Related,2
99-1370.74,Administrative Specialist 153,99-1950.60,Social Services Specialist 733,Somewhat Related,3
99-1370.74,Administrative Specialist 153,25-2022.00,"Middle School Teachers, Except Special and Career/Technical Education",Somewhat Related,4
99-1371.75,Arts / Media Specialist 154,99-1892.02,Administrative Specialist 675,Closely Related,1
99-1371.75,Arts / Media Specialist 154,99-2015.26,Manufacturing Specialist 798,Related,2
99-1371.75,Arts / Media Specialist 154,99-1979.89,Manufacturing Specialist 762,Somewhat Related,3
99-1371.75,Arts / Media Specialist 154,29-1215.00,Family Medicine Physicians,Somewhat Related,4
99-1371.75,Arts / Media Specialist 154,13-1111.00,Management Analysts,Somewhat Related,5
99-1372.76,Legal Specialist 155,99-1382.86,Science Specialist 165,Closely Related,1
99-1372.76,Legal Specialist 155,99-1716.24,Social Services Specialist 499,Related,2
99-1372.76,Legal Specialist 155,99-1524.30,Arts / Media Specialist 307,Somewhat Related,3
99-1372.76,Legal Specialist 155,99-1744.52,Agriculture Specialist 527,Somewhat Related,4
99-1373.77,Science Specialist 156,15-1221.00,Computer and Information Research Scientists,Closely Related,1
99-1373.77,Science Specialist 156,11-1031.00,Legislators,Related,2
99-1374.78,Social Services Specialist 157,17-2051.00,Civil Engineers,Closely Related,1
99-1374.78,Social Services Specialist 157,99-1785.93,Arts / Media Specialist 568,Related,2
99-1374.78,Social Services Specialist 157,99-1840.49,Legal Specialist 623,Somewhat Related,3
99-1374.78,Social Services Specialist 157,99-1839.48,Arts / Media Specialist 622,Somewhat Related,4
99-1374.78,Social Services Specialist 157,99-1514.20,Administrative Specialist 297,Somewhat Related,5
99-1375.79,Agriculture Specialist 158,99-1888.97,Agriculture Specialist 671,Closely Related,1
99-1375.79,Agriculture Specialist 158,99-1734.42,Social Services Specialist 517,Related,2
99-1376.80,Manufacturing Specialist 159,99-1766.74,Administrative Specialist 549,Closely Related,1
99-1376.80,Manufacturing Specialist 159,99-1724.32,Science Specialist 507,Related,2
99-1376.80,Manufacturing Specialist 159,99-1927.37,Sales Specialist 710,Somewhat Related,3
99-1376.80,Manufacturing Specialist 159,29-1129.02,Music Therapists,Somewhat Related,4
99-1377.81,Transportation Specialist 160,25-4021.00,Librarians and Media Collections Specialists,Closely Related,1
99-1377.81,Transportation Specialist 160,99-1346.50,Science Specialist 129,Related,2
99-1378.82,Sales Specialist 161,17-2071.00,Electrical Engineers,Closely Related,1
99-1378.82,Sales Specialist 161,11-2021.00,Marketing Managers,Related,2
99-1379.83,Administrative Specialist 162,99-1642.49,Legal Specialist 425,Closely Related,1
99-1379.83,Administrative Specialist 162,99-1867.76,Legal Specialist 650,Related,2
99-1379.83,Administrative Specialist 162,99-1916.26,Manufacturing Specialist 699,Somewhat Related,3
99-1379.83,Administrative Specialist 162,99-1447.52,Agriculture Specialist 230,Somewhat Related,4
99-1379.83,Administrative Specialist 162,99-1819.28,Sales Specialist 602,Somewhat Related,5
99-1380.84,Arts / Media Specialist 163,99-1378.82,Sales Specialist 161,Closely Related,1
99-1380.84,Arts / Media Specialist 163,99-1317.21,Arts / Media Specialist 100,Related,2
99-1380.84,Arts / Media Specialist 163,99-1859.68,Science Specialist 642,Somewhat Related,3
99-1380.84,Arts / Media Specialist 163,25-2032.00,"Career/Technical Education Teachers, Secondary School",Somewhat Related,4
99-1381.85,Legal Specialist 164,99-1629.36,Transportation Specialist 412,Closely Related,1
99-1381.85,Legal Specialist 164,99-1856.65,Administrative Specialist 639,Related,2
99-1381.85,Legal Specialist 164,99-1685.92,Administrative Specialist 468,Somewhat Related,3
99-1382.86,Science Specialist 165,15-1241.00,Computer Network Architects,Closely Related,1
99-1382.86,Science Specialist 165,99-1524.30,Arts / Media Specialist 307,Related,2
99-1382.86,Science Specialist 165,99-1967.77,Science Specialist 750,Somewhat Related,3
99-1383.87,Social Services Specialist 166,99-1991.02,Administrative Specialist 774,Closely Related,1
99-1383.87,Social Services Specialist 166,99-1808.17,Manufacturing Specialist 591,Related,2
99-1383.87,Social Services Specialist 166,99-1957.67,Legal Specialist 740,Somewhat Related,3
99-1383.87,Social Services Specialist 166,29-1063.00,"Internists, General",Somewhat Related,4
99-1383.87,Social Services Specialist 166,25-3011.00,"Adult Basic Education, Adult Secondary Education, and English as a Second Language Instructors",Somewhat Related,5
99-1384.88,Agriculture Specialist 167,11-9051.00,Food Service Managers,Closely Related,1
99-1384.88,Agriculture Specialist 167,99-1453.58,Legal Specialist 236,Related,2
99-1384.88,Agriculture Specialist 167,13-1021.00,"Buyers and Purchasing Agents, Farm Products",Somewhat Related,3
99-1385.89,Manufacturing Specialist 168,99-1609.16,Agriculture Specialist 392,Closely Related,1
99-1385.89,Manufacturing Specialist 168,99-1652.59,Science Specialist 435,Related,2
99-1385.89,Manufacturing Specialist 168,17-1021.00,Cartographers and Photogrammetrists,Somewhat Related,3
99-1386.90,Transportation Specialist 169,99-1954.64,Sales Specialist 737,Closely Related,1
99-1386.90,Transportation Specialist 169,99-1929.39,Arts / Media Specialist 712,Related,2
99-1387.91,Sales Specialist 170,99-1276.79,Agriculture Specialist 59,Closely Related,1
99-1387.91,Sales Specialist 170,13-2053.00,Insurance Underwriters,Related,2
99-1387.91,Sales Specialist 170,99-1265.68,Science Specialist 48,Somewhat Related,3
99-1388.92,Administrative Specialist 171,99-1818.27,Transportation Specialist 601,Closely Related,1
99-1388.92,Administrative Specialist 171,25-1052.00,"Chemistry Teachers, Postsecondary",Related,2
99-1389.93,Arts / Media Specialist 172,99-1663.70,Agriculture Specialist 446,Closely Related,1
99-1389.93,Arts / Media Specialist 172,99-1759.67,Legal Specialist 542,Related,2
99-1389.93,Arts / Media Specialist 172,99-1272.75,Arts / Media Specialist 55,Somewhat Related,3
99-1389.93,Arts / Media Specialist 172,25-2031.00,"Secondary School Teachers, Except Special and Career/Technical Education",Somewhat Related,4
99-1389.93,Arts / Media Specialist 172,99-1396.01,Sales Specialist 179,Somewhat Related,5
99-1390.94,Legal Specialist 173,13-2072.00,Loan Officers,Closely Related,1
99-1390.94,Legal Specialist 173,99-1269.72,Transportation Specialist 52,Related,2
99-1390.94,Legal Specialist 173,99-1526.32,Science Specialist 309,Somewhat Related,3
99-1391.95,Science Specialist 174,99-1540.46,Sales Specialist 323,Closely Related,1
99-1391.95,Science Specialist 174,15-1299.04,Penetration Testers,Related,2
99-1391.95,Science Specialist 174,99-1461.66,Arts / Media Specialist 244,Somewhat Related,3
99-1391.95,Science Specialist 174,99-1399.04,Legal Specialist 182,Somewhat Related,4
99-1392.96,Social Services Specialist 175,99-1523.29,Administrative Specialist 306,Closely Related,1
99-1392.96,Social Services Specialist 175,17-2071.00,Electrical Engineers,Related,2
99-1393.97,Agriculture Specialist 176,47-2152.00,"Plumbers, Pipefitters, and Steamfitters",Closely Related,1
99-1393.97,Agriculture Specialist 176,99-1404.09,Transportation Specialist 187,Related,2
99-1394.98,Manufacturing Specialist 177,99-1843.52,Agriculture Specialist 626,Closely Related,1
99-1394.98,Manufacturing Specialist 177,13-2072.00,Loan Officers,Related,2
99-1395.99,Transportation Specialist 178,99-1597.04,Legal Specialist 380,Closely Related,1
99-1395.99,Transportation Specialist 178,99-1465.70,Agriculture Specialist 248,Related,2
99-1395.99,Transportation Specialist 178,25-1041.00,"Agricultural Sciences Teachers, Postsecondary",Somewhat Related,3
99-1395.99,Transportation Specialist 178,99-1661.68,Science Specialist 444,Somewhat Related,4
99-1395.99,Transportation Specialist 178,25-9011.00,Audio-Visual and Multimedia Collections Specialists,Somewhat Related,5
99-1396.01,Sales Specialist 179,11-1011.00,Chief Executives,Closely Related,1
99-1396.01,Sales Specialist 179,99-1771.79,Agriculture Specialist 554,Related,2
99-1396.01,Sales Specialist 179,99-1369.73,Sales Specialist 152,Somewhat Related,3
99-1397.02,Administrative Specialist 180,99-1955.65,Administrative Specialist 738,Closely Related,1
99-1397.02,Administrative Specialist 180,99-1433.38,Administrative Specialist 216,Related,2
99-1397.02,Administrative Specialist 180,99-1830.39,Arts / Media Specialist 613,Somewhat Related,3
99-1397.02,Administrative Specialist 180,99-1938.48,Arts / Media Specialist 721,Somewhat Related,4
99-1398.03,Arts / Media Specialist 181,99-1852.61,Agriculture Specialist 635,Closely Related,1
99-1398.03,Arts / Media Specialist 181,99-1884.93,Arts / Media Specialist 667,Related,2
99-1398.03,Arts / Media Specialist 181,99-1618.25,Agriculture Specialist 401,Somewhat Related,3
99-1398.03,Arts / Media Specialist 181,99-1756.64,Sales Specialist 539,Somewhat Related,4
99-1398.03,Arts / Media Specialist 181,99-1489.94,Legal Specialist 272,Somewhat Related,5
99-1399.04,Legal Specialist 182,99-1524.30,Arts / Media Specialist 307,Closely Related,1
99-1399.04,Legal Specialist 182,99-1305.09,Transportation Specialist 88,Related,2
99-1400.05,Science Specialist 183,11-9199.00,"Managers, All Other",Closely Related,1
99-1400.05,Science Specialist 183,99-1624.31,Legal Specialist 407,Related,2
99-1400.05,Science Specialist 183,99-1561.67,Legal Specialist 344,Somewhat Related,3
99-1400.05,Science Specialist 183,99-1933.43,Agriculture Specialist 716,Somewhat Related,4
99-1400.05,Science Specialist 183,99-1676.83,Administrative Specialist 459,Somewhat Related,5
99-1401.06,Social Services Specialist 184,99-1784.92,Administrative Specialist 567,Closely Related,1
99-1401.06,Social Services Specialist 184,99-1291.94,Legal Specialist 74,Related,2
99-1401.06,Social Services Specialist 184,13-1075.00,Labor Relations Specialists,Somewhat Related,3
99-1401.06,Social Services Specialist 184,99-1438.43,Agriculture Specialist 221,Somewhat Related,4
99-1401.06,Social Services Specialist 184,99-1368.72,Transportation Specialist 151,Somewhat Related,5
99-1402.07,Agriculture Specialist 185,99-1317.21,Arts / Media Specialist 100,Closely Related,1
99-1402.07,Agriculture Specialist 185,99-1244.47,Administrative Specialist 27,Related,2
99-1402.07,Agriculture Specialist 185,99-1434.39,Arts / Media Specialist 217,Somewhat Related,3
99-1402.07,Agriculture Specialist 185,99-1325.29,Administrative Specialist 108,Somewhat Related,4
99-1402.07,Agriculture Specialist 185,99-1709.17,Manufacturing Specialist 492,Somewhat Related,5
99-1403.08,Manufacturing Specialist 186,99-1608.15,Social Services Specialist 391,Closely Related,1
99-1403.08,Manufacturing Specialist 186,25-4012.00,Curators,Related,2
99-1403.08,Manufacturing Specialist 186,13-2071.00,Credit Counselors,Somewhat Related,3
99-1404.09,Transportation Specialist 187,99-1803.12,Arts / Media Specialist 586,Closely Related,1
99-1404.09,Transportation Specialist 187,99-2015.26,Manufacturing Specialist 798,Related,2
99-1405.10,Sales Specialist 188,99-1926.36,Transportation Specialist 709,Closely Related,1
99-1405.10,Sales Specialist 188,99-1272.75,Arts / Media Specialist 55,Related,2
99-1405.10,Sales Specialist 188,13-1022.00,"Wholesale and Retail Buyers, Except Farm Products",Somewhat Related,3
99-1405.10,Sales Specialist 188,11-9051.00,Food Service Managers,Somewhat Related,4
99-1406.11,Administrative Specialist 189,47-2121.00,Glaziers,Closely Related,1
99-1406.11,Administrative Specialist 189,99-1338.42,Social Services Specialist 121,Related,2
99-1407.12,Arts / Media Specialist 190,99-1414.19,Sales Specialist 197,Closely Related,1
99-1407.12,Arts / Media Specialist 190,99-1290.93,Arts / Media Specialist 73,Related,2
99-1407.12,Arts / Media Specialist 190,99-1482.87,Social Services Specialist 265,Somewhat Related,3
99-1408.13,Legal Specialist 191,99-1968.78,Social Services Specialist 751,Closely Related,1
99-1408.13,Legal Specialist 191,17-2171.00,Petroleum Engineers,Related,2
99-1409.14,Science Specialist 192,99-1356.60,Social Services Specialist 139,Closely Related,1
99-1409.14,Science Specialist 192,99-1774.82,Sales Specialist 557,Related,2
99-1410.15,Social Services Specialist 193,25-1111.00,"Criminal Justice and Law Enforcement Teachers, Postsecondary",Closely Related,1
99-1410.15,Social Services Specialist 193,99-1547.53,Manufacturing Specialist 330,Related,2
99-1410.15,Social Services Specialist 193,99-1333.37,Sales Specialist 116,Somewhat Related,3
99-1410.15,Social Services Specialist 193,99-1478.83,Administrative Specialist 261,Somewhat Related,4
99-1411.16,Agriculture Specialist 194,99-2006.17,Manufacturing Specialist 789,Closely Related,1
99-1411.16,Agriculture Specialist 194,99-1523.29,Administrative Specialist 306,Related,2
99-1411.16,Agriculture Specialist 194,25-4022.00,Library Technicians,Somewhat Related,3
99-1411.16,Agriculture Specialist 194,99-1710.18,Transportation Specialist 493,Somewhat Related,4
99-1412.17,Manufacturing Specialist 195,13-1075.00,Labor Relations Specialists,Closely Related,1
99-1412.17,Manufacturing Specialist 195,99-1464.69,Social Services Specialist 247,Related,2
99-1412.17,Manufacturing Specialist 195,99-1481.86,Science Specialist 264,Somewhat Related,3
99-1412.17,Manufacturing Specialist 195,99-1368.72,Transportation Specialist 151,Somewhat Related,4
99-1413.18,Transportation Specialist 196,99-1253.56,Administrative Specialist 36,Closely Related,1
99-1413.18,Transportation Specialist 196,99-1267.70,Agriculture Specialist 50,Related,2
99-1413.18,Transportation Specialist 196,99-1695.03,Arts / Media Specialist 478,Somewhat Related,3
99-1413.18,Transportation Specialist 196,99-1752.60,Social Services Specialist 535,Somewhat Related,4
99-1414.19,Sales Specialist 197,29-1151.00,Nurse Anesthetists,Closely Related,1
99-1414.19,Sales Specialist 197,99-1419.24,Social Services Specialist 202,Related,2
99-1414.19,Sales Specialist 197,99-1346.50,Science Specialist 129,Somewhat Related,3
99-1414.19,Sales Specialist 197,25-4021.00,Librarians and Media Collections Specialists,Somewhat Related,4
99-1414.19,Sales Specialist 197,99-1480.85,Legal Specialist 263,Somewhat Related,5
99-1415.20,Administrative Specialist 198,99-1726.34,Agriculture Specialist 509,Closely Related,1
99-1415.20,Administrative Specialist 198,99-1254.57,Arts / Media Specialist 37,Related,2
99-1416.21,Arts / Media Specialist 199,99-1357.61,Agriculture Specialist 140,Closely Related,1
99-1416.21,Arts / Media Specialist 199,13-1075.00,Labor Relations Specialists,Related,2
99-1416.21,Arts / Media Specialist 199,99-1360.64,Sales Specialist 143,Somewhat Related,3
99-1416.21,Arts / Media Specialist 199,29-1126.00,Respiratory Therapists,Somewhat Related,4
99-1417.22,Legal Specialist 200,99-1317.21,Arts / Media Specialist 100,Closely Related,1
99-1417.22,Legal Specialist 200,99-1745.53,Manufacturing Specialist 528,Related,2
99-1418.23,Science Specialist 201,99-1291.94,Legal Specialist 74,Closely Related,1
99-1418.23,Science Specialist 201,99-1470.75,Arts / Media Specialist 253,Related,2
99-1418.23,Science Specialist 201,15-1251.00,Computer Programmers,Somewhat Related,3
99-1418.23,Science Specialist 201,99-1413.18,Transportation Specialist 196,Somewhat Related,4
99-1419.24,Social Services Specialist 202,99-1401.06,Social Services Specialist 184,Closely Related,1
99-1419.24,Social Services Specialist 202,13-1141.00,"Compensation, Benefits, and Job Analysis Specialists",Related,2
99-1419.24,Social Services Specialist 202,99-1448.53,Manufacturing Specialist 231,Somewhat Related,3
99-1420.25,Agriculture Specialist 203,99-1677.84,Arts / Media Specialist 460,Closely Related,1
99-1420.25,Agriculture Specialist 203,25-1051.00,"Atmospheric, Earth, Marine, and Space Sciences Teachers, Postsecondary",Related,2
99-1420.25,Agriculture Specialist 203,99-1696.04,Legal Specialist 479,Somewhat Related,3
99-1420.25,Agriculture Specialist 203,99-1515.21,Arts / Media Specialist 298,Somewhat Related,4
99-1420.25,Agriculture Specialist 203,99-1899.09,Transportation Specialist 682,Somewhat Related,5
99-1421.26,Manufacturing Specialist 204,17-2011.00,Aerospace Engineers,Closely Related,1
99-1421.26,Manufacturing Specialist 204,99-1590.96,Social Services Specialist 373,Related,2
99-1422.27,Transportation Specialist 205,47-2073.00,Operating Engineers and Other Construction Equipment Operators,Closely Related,1
99-1422.27,Transportation Specialist 205,99-1268.71,Manufacturing Specialist 51,Related,2
99-1422.27,Transportation Specialist 205,99-1521.27,Transportation Specialist 304,Somewhat Related,3
99-1422.27,Transportation Specialist 205,17-2131.00,Materials Engineers,Somewhat Related,4
99-1422.27,Transportation Specialist 205,99-1813.22,Legal Specialist 596,Somewhat Related,5
99-1423.28,Sales Specialist 206,99-1666.73,Sales Specialist 449,Closely Related,1
99-1423.28,Sales Specialist 206,13-2082.00,Tax Preparers,Related,2
99-1423.28,Sales Specialist 206,99-1720.28,Sales Specialist 503,Somewhat Related,3
99-1423.28,Sales Specialist 206,99-1841.50,Science Specialist 624,Somewhat Related,4
99-1424.29,Administrative Specialist 207,99-1612.19,Sales Specialist 395,Closely Related,1
99-1424.29,Administrative Specialist 207,99-1587.93,Arts / Media Specialist 370,Related,2
99-1425.30,Arts / Media Specialist 208,99-1332.36,Transportation Specialist 115,Closely Related,1
99-1425.30,Arts / Media Specialist 208,99-1280.83,Administrative Specialist 63,Related,2
99-1425.30,Arts / Media Specialist 208,99-1903.13,Legal Specialist 686,Somewhat Related,3
99-1425.30,Arts / Media Specialist 208,99-1956.66,Arts / Media Specialist 739,Somewhat Related,4
99-1426.31,Legal Specialist 209,15-1299.09,Information Technology Project Managers,Closely Related,1
99-1426.31,Legal Specialist 209,99-1403.08,Manufacturing Specialist 186,Related,2
99-1427.32,Science Specialist 210,99-2005.16,Agriculture Specialist 788,Closely Related,1
99-1427.32,Science Specialist 210,13-2021.00,Appraisers and Assessors of Real Estate,Related,2
99-1428.33,Social Services Specialist 211,99-1639.46,Sales Specialist 422,Closely Related,1
99-1428.33,Social Services Specialist 211,11-1011.00,Chief Executives,Related,2
99-1428.33,Social Services Specialist 211,99-1766.74,Administrative Specialist 549,Somewhat Related,3
99-1429.34,Agriculture Specialist 212,15-1221.00,Computer and Information Research Scientists,Closely Related,1
99-1429.34,Agriculture Specialist 212,99-1619.26,Manufacturing Specialist 402,Related,2
99-1429.34,Agriculture Specialist 212,29-1129.02,Music Therapists,Somewhat Related,3
99-1430.35,Manufacturing Specialist 213,99-1798.07,Agriculture Specialist 581,Closely Related,1
99-1430.35,Manufacturing Specialist 213,15-1299.05,Information Security Engineers,Related,2
99-1430.35,Manufacturing Specialist 213,99-1676.83,Administrative Specialist 459,Somewhat Related,3
99-1430.35,Manufacturing Specialist 213,11-9151.00,Social and Community Service Managers,Somewhat Related,4
99-1431.36,Transportation Specialist 214,99-1795.04,Legal Specialist 578,Closely Related,1
99-1431.36,Transportation Specialist 214,99-1316.20,Administrative Specialist 99,Related,2
99-1431.36,Transportation Specialist 214,13-2072.00,Loan Officers,Somewhat Related,3
99-1432.37,Sales Specialist 215,99-1526.32,Science Specialist 309,Closely Related,1
99-1432.37,Sales Specialist 215,99-1845.54,Transportation Specialist 628,Related,2
99-1432.37,Sales Specialist 215,99-1809.18,Transportation Specialist 592,Somewhat Related,3
99-1432.37,Sales Specialist 215,99-1524.30,Arts / Media Specialist 307,Somewhat Related,4
99-1432.37,Sales Specialist 215,99-1282.85,Legal Specialist 65,Somewhat Related,5
99-1433.38,Administrative Specialist 216,99-1803.12,Arts / Media Specialist 586,Closely Related,1
99-1433.38,Administrative Specialist 216,11-9031.00,"Education and Childcare Administrators, Preschool and Daycare",Related,2
99-1433.38,Administrative Specialist 216,99-1761.69,Social Services Specialist 544,Somewhat Related,3
99-1433.38,Administrative Specialist 216,29-1041.00,Optometrists,Somewhat Related,4
99-1434.39,Arts / Media Specialist 217,99-1746.54,Transportation Specialist 529,Closely Related,1
99-1434.39,Arts / Media Specialist 217,99-1268.71,Manufacturing Specialist 51,Related,2
99-1434.39,Arts / Media Specialist 217,99-1410.15,Social Services Specialist 193,Somewhat Related,3
99-1434.39,Arts / Media Specialist 217,99-1781.89,Manufacturing Specialist 564,Somewhat Related,4
99-1434.39,Arts / Media Specialist 217,15-1253.00,Software Quality Assurance Analysts and Testers,Somewhat Related,5
99-1435.40,Legal Specialist 218,99-1589.95,Science Specialist 372,Closely Related,1
99-1435.40,Legal Specialist 218,13-1131.00,Fundraisers,Related,2
99-1435.40,Legal Specialist 218,99-1494.99,Transportation Specialist 277,Somewhat Related,3
99-1435.40,Legal Specialist 218,99-1496.02,Administrative Specialist 279,Somewhat Related,4
99-1435.40,Legal Specialist 218,11-9021.00,Construction Managers,Somewhat Related,5
99-1436.41,Science Specialist 219,99-1544.50,Science Specialist 327,Closely Related,1
99-1436.41,Science Specialist 219,47-2152.00,"Plumbers, Pipefitters, and Steamfitters",Related,2
99-1437.42,Social Services Specialist 220,99-1688.95,Science Specialist 471,Closely Related,1
99-1437.42,Social Services Specialist 220,99-1981.91,Sales Specialist 764,Related,2
99-1437.42,Social Services Specialist 220,99-1291.94,Legal Specialist 74,Somewhat Related,3
99-1438.43,Agriculture Specialist 221,99-1754.62,Manufacturing Specialist 537,Closely Related,1
99-1438.43,Agriculture Specialist 221,47-2181.00,Roofers,Related,2
99-1438.43,Agriculture Specialist 221,99-1309.13,Legal Specialist 92,Somewhat Related,3
99-1438.43,Agriculture Specialist 221,99-1399.04,Legal Specialist 182,Somewhat Related,4
99-1438.43,Agriculture Specialist 221,25-1124.00,"Foreign Language and Literature Teachers, Postsecondary",Somewhat Related,5
99-1439.44,Manufacturing Specialist 222,99-1232.35,Manufacturing Specialist 15,Closely Related,1
99-1439.44,Manufacturing Specialist 222,99-1327.31,Legal Specialist 110,Related,2
99-1439.44,Manufacturing Specialist 222,99-1988.98,Manufacturing Specialist 771,Somewhat Related,3
99-1439.44,Manufacturing Specialist 222,99-1606.13,Legal Specialist 389,Somewhat Related,4
99-1439.44,Manufacturing Specialist 222,99-1254.57,Arts / Media Specialist 37,Somewhat Related,5
99-1440.45,Transportation Specialist 223,99-1667.74,Administrative Specialist 450,Closely Related,1
99-1440.45,Transportation Specialist 223,99-1741.49,Legal Specialist 524,Related,2
99-1440.45,Transportation Specialist 223,99-1788.96,Social Services Specialist 571,Somewhat Related,3
99-1441.46,Sales Specialist 224,99-1526.32,Science Specialist 309,Closely Related,1
99-1441.46,Sales Specialist 224,99-1977.87,Social Services Specialist 760,Related,2
99-1442.47,Administrative Specialist 225,99-1634.41,Science Specialist 417,Closely Related,1
99-1442.47,Administrative Specialist 225,47-2211.00,Sheet Metal Workers,Related,2
99-1442.47,Administrative Specialist 225,99-1688.95,Science Specialist 471,Somewhat Related,3
99-1443.48,Arts / Media Specialist 226,25-9041.00,Teacher Assistants,Closely Related,1
99-1443.48,Arts / Media Specialist 226,99-1420.25,Agriculture Specialist 203,Related,2
99-1443.48,Arts / Media Specialist 226,99-1799.08,Manufacturing Specialist 582,Somewhat Related,3
99-1443.48,Arts / Media Specialist 226,47-2221.00,Structural Iron and Steel Workers,Somewhat Related,4
99-1444.49,Legal Specialist 227,99-1759.67,Legal Specialist 542,Closely Related,1
99-1444.49,Legal Specialist 227,99-1727.35,Manufacturing Specialist 510,Related,2
99-1445.50,Science Specialist 228,99-1893.03,Arts / Media Specialist 676,Closely Related,1
99-1445.50,Science Specialist 228,11-3051.00,Industrial Production Managers,Related,2
99-1445.50,Science Specialist 228,99-1312.16,Agriculture Specialist 95,Somewhat Related,3
99-1446.51,Social Services Specialist 229,99-1505.11,Administrative Specialist 288,Closely Related,1
99-1446.51,Social Services Specialist 229,13-2052.00,Personal Financial Advisors,Related,2
99-1446.51,Social Services Specialist 229,99-1334.38,Administrative Specialist 117,Somewhat Related,3
99-1447.52,Agriculture Specialist 230,99-1943.53,Manufacturing Specialist 726,Closely Related,1
99-1447.52,Agriculture Specialist 230,99-1829.38,Administrative Specialist 612,Related,2
99-1447.52,Agriculture Specialist 230,99-1600.07,Agriculture Specialist 383,Somewhat Related,3
99-1447.52,Agriculture Specialist 230,99-1279.82,Sales Specialist 62,Somewhat Related,4
99-1448.53,Manufacturing Specialist 231,15-1253.00,Software Quality Assurance Analysts and Testers,Closely Related,1
99-1448.53,Manufacturing Specialist 231,99-1340.44,Manufacturing Specialist 123,Related,2
99-1448.53,Manufacturing Specialist 231,99-1357.61,Agriculture Specialist 140,Somewhat Related,3
99-1448.53,Manufacturing Specialist 231,13-1041.00,Compliance Officers,Somewhat Related,4
99-1449.54,Transportation Specialist 232,99-1713.21,Arts / Media Specialist 496,Closely Related,1
99-1449.54,Transportation Specialist 232,99-1739.47,Administrative Specialist 522,Related,2
99-1449.54,Transportation Specialist 232,99-1265.68,Science Specialist 48,Somewhat Related,3
99-1449.54,Transportation Specialist 232,13-1151.00,Training and Development Specialists,Somewhat Related,4
99-1449.54,Transportation Specialist 232,99-2011.22,Legal Specialist 794,Somewhat Related,5
99-1450.55,Sales Specialist 233,99-1832.41,Science Specialist 615,Closely Related,1
99-1450.55,Sales Specialist 233,99-1521.27,Transportation Specialist 304,Related,2
99-1451.56,Administrative Specialist 234,99-1744.52,Agriculture Specialist 527,Closely Related,1
99-1451.56,Administrative Specialist 234,99-1381.85,Legal Specialist 164,Related,2
99-1451.56,Administrative Specialist 234,99-1477.82,Sales Specialist 260,Somewhat Related,3
99-1451.56,Administrative Specialist 234,99-2008.19,Sales Specialist 791,Somewhat Related,4
99-1451.56,Administrative Specialist 234,99-1815.24,Social Services Specialist 598,Somewhat Related,5
99-1452.57,Arts / Media Specialist 235,99-1606.13,Legal Specialist 389,Closely Related,1
99-1452.57,Arts / Media Specialist 235,99-1417.22,Legal Specialist 200,Related,2
99-1452.57,Arts / Media Specialist 235,29-1171.00,Nurse Practitioners,Somewhat Related,3
99-1453.58,Legal Specialist 236,13-2021.00,Appraisers and Assessors of Real Estate,Closely Related,1
99-1453.58,Legal Specialist 236,99-1292.95,Science Specialist 75,Related,2
99-1453.58,Legal Specialist 236,99-1329.33,Social Services Specialist 112,Somewhat Related,3
99-1453.58,Legal Specialist 236,99-1410.15,Social Services Specialist 193,Somewhat Related,4
99-1453.58,Legal Specialist 236,99-1582.88,Agriculture Specialist 365,Somewhat Related,5
99-1454.59,Science Specialist 237,99-1267.70,Agriculture Specialist 50,Closely Related,1
99-1454.59,Science Specialist 237,99-1408.13,Legal Specialist 191,Related,2
99-1455.60,Social Services Specialist 238,99-1290.93,Arts / Media Specialist 73,Closely Related,1
99-1455.60,Social Services Specialist 238,99-1232.35,Manufacturing Specialist 15,Related,2
99-1455.60,Social Services Specialist 238,99-1677.84,Arts / Media Specialist 460,Somewhat Related,3
99-1456.61,Agriculture Specialist 239,99-1685.92,Administrative Specialist 468,Closely Related,1
99-1456.61,Agriculture Specialist 239,99-1290.93,Arts / Media Specialist 73,Related,2
99-1457.62,Manufacturing Specialist 240,99-1655.62,Manufacturing Specialist 438,Closely Related,1
99-1457.62,Manufacturing Specialist 240,11-9039.00,"Education Administrators, All Other",Related,2
99-1458.63,Transportation Specialist 241,99-1359.63,Transportation Specialist 142,Closely Related,1
99-1458.63,Transportation Specialist 241,99-1927.37,Sales Specialist 710,Related,2
99-1458.63,Transportation Specialist 241,99-1514.20,Administrative Specialist 297,Somewhat Related,3
99-1458.63,Transportation Specialist 241,17-2111.00,Health and Safety Engineers,Somewhat Related,4
99-1458.63,Transportation Specialist 241,99-1680.87,Social Services Specialist 463,Somewhat Related,5
99-1459.64,Sales Specialist 242,29-1021.00,"Dentists, General",Closely Related,1
99-1459.64,Sales Specialist 242,99-1342.46,Sales Specialist 125,Related,2
99-1459.64,Sales Specialist 242,99-1307.11,Administrative Specialist 90,Somewhat Related,3
99-1459.64,Sales Specialist 242,99-1278.81,Transportation Specialist 61,Somewhat Related,4
99-1459.64,Sales Specialist 242,99-1548.54,Transportation Specialist 331,Somewhat Related,5
99-1460.65,Administrative Specialist 243,99-1951.61,Agriculture Specialist 734,Closely Related,1
99-1460.65,Administrative Specialist 243,11-3071.00,"Transportation, Storage, and Distribution Managers",Related,2
99-1460.65,Administrative Specialist 243,99-1647.54,Transportation Specialist 430,Somewhat Related,3
99-1460.65,Administrative Specialist 243,99-1874.83,Administrative Specialist 657,Somewhat Related,4
99-1460.65,Administrative Specialist 243,99-1414.19,Sales Specialist 197,Somewhat Related,5
99-1461.66,Arts / Media Specialist 244,99-1943.53,Manufacturing Specialist 726,Closely Related,1
99-1461.66,Arts / Media Specialist 244,99-1912.22,Legal Specialist 695,Related,2
99-1462.67,Legal Specialist 245,99-1665.72,Transportation Specialist 448,Closely Related,1
99-1462.67,Legal Specialist 245,99-1667.74,Administrative Specialist 450,Related,2
99-1462.67,Legal Specialist 245,17-2112.00,Industrial Engineers,Somewhat Related,3
99-1463.68,Science Specialist 246,99-1817.26,Manufacturing Specialist 600,Closely Related,1
99-1463.68,Science Specialist 246,99-1708.16,Agriculture Specialist 491,Related,2
99-1463.68,Science Specialist 246,99-1673.80,Manufacturing Specialist 456,Somewhat Related,3
99-1464.69,Social Services Specialist 247,13-1082.00,Project Management Specialists,Closely Related,1
99-1464.69,Social Services Specialist 247,47-2171.00,Reinforcing Iron and Rebar Workers,Related,2
99-1464.69,Social Services Specialist 247,99-1272.75,Arts / Media Specialist 55,Somewhat Related,3
99-1465.70,Agriculture Specialist 248,99-1761.69,Social Services Specialist 544,Closely Related,1
99-1465.70,Agriculture Specialist 248,99-1698.06,Social Services Specialist 481,Related,2
99-1465.70,Agriculture Specialist 248,99-1633.40,Legal Specialist 416,Somewhat Related,3
99-1466.71,Manufacturing Specialist 249,99-1608.15,Social Services Specialist 391,Closely Related,1
99-1466.71,Manufacturing Specialist 249,99-1736.44,Manufacturing Specialist 519,Related,2
99-1466.71,Manufacturing Specialist 249,99-1685.92,Administrative Specialist 468,Somewhat Related,3
99-1466.71,Manufacturing Specialist 249,99-1689.96,Social Services Specialist 472,Somewhat Related,4
99-1467.72,Transportation Specialist 250,99-1593.99,Transportation Specialist 376,Closely Related,1
99-1467.72,Transportation Specialist 250,99-1719.27,Transportation Specialist 502,Related,2
99-1467.72,Transportation Specialist 250,25-4012.00,Curators,Somewhat Related,3
99-1468.73,Sales Specialist 251,99-1304.08,Manufacturing Specialist 87,Closely Related,1
99-1468.73,Sales Specialist 251,99-1995.06,Social Services Specialist 778,Related,2
99-1468.73,Sales Specialist 251,13-2021.00,Appraisers and Assessors of Real Estate,Somewhat Related,3
99-1468.73,Sales Specialist 251,25-4011.00,Archivists,Somewhat Related,4
99-1468.73,Sales Specialist 251,29-1128.00,Exercise Physiologists,Somewhat Related,5
99-1469.74,Administrative Specialist 252,99-1542.48,Arts / Media Specialist 325,Closely Related,1
99-1469.74,Administrative Specialist 252,15-2051.00,Data Scientists,Related,2
99-1470.75,Arts / Media Specialist 253,99-1252.55,Sales Specialist 35,Closely Related,1
99-1470.75,Arts / Media Specialist 253,99-1457.62,Manufacturing Specialist 240,Related,2
99-1470.75,Arts / Media Specialist 253,99-1335.39,Arts / Media Specialist 118,Somewhat Related,3
99-1470.75,Arts / Media Specialist 253,99-1901.11,Administrative Specialist 684,Somewhat Related,4
99-1470.75,Arts / Media Specialist 253,99-1464.69,Social Services Specialist 247,Somewhat Related,5
99-1471.76,Legal Specialist 254,99-1672.79,Agriculture Specialist 455,Closely Related,1
99-1471.76,Legal Specialist 254,99-1285.88,Agriculture Specialist 68,Related,2
99-1471.76,Legal Specialist 254,99-1871.80,Manufacturing Specialist 654,Somewhat Related,3
99-1471.76,Legal Specialist 254,99-1493.98,Manufacturing Specialist 276,Somewhat Related,4
99-1471.76,Legal Specialist 254,13-2031.00,Budget Analysts,Somewhat Related,5
99-1472.77,Science Specialist 255,99-1830.39,Arts / Media Specialist 613,Closely Related,1
99-1472.77,Science Specialist 255,47-2171.00,Reinforcing Iron and Rebar Workers,Related,2
99-1472.77,Science Specialist 255,99-1948.58,Legal Specialist 731,Somewhat Related,3
99-1472.77,Science Specialist 255,99-1559.65,Administrative Specialist 342,Somewhat Related,4
99-1472.77,Science Specialist 255,99-1546.52,Agriculture Specialist 329,Somewhat Related,5
99-1473.78,Social Services Specialist 256,99-1555.61,Agriculture Specialist 338,Closely Related,1
99-1473.78,Social Services Specialist 256,99-1928.38,Administrative Specialist 711,Related,2
99-1473.78,Social Services Specialist 256,99-1622.29,Administrative Specialist 405,Somewhat Related,3
99-1473.78,Social Services Specialist 256,99-1741.49,Legal Specialist 524,Somewhat Related,4
99-1473.78,Social Services Specialist 256,99-1686.93,Arts / Media Specialist 469,Somewhat Related,5
99-1474.79,Agriculture Specialist 257,99-1536.42,Social Services Specialist 319,Closely Related,1
99-1474.79,Agriculture Specialist 257,99-1861.70,Agriculture Specialist 644,Related,2
99-1474.79,Agriculture Specialist 257,25-2054.00,"Special Education Teachers, Secondary School",Somewhat Related,3
99-1475.80,Manufacturing Specialist 258,47-1011.00,First-Line Supervisors of Construction Trades,Closely Related,1
99-1475.80,Manufacturing Specialist 258,99-1316.20,Administrative Specialist 99,Related,2
99-1475.80,Manufacturing Specialist 258,99-1923.33,Social Services Specialist 706,Somewhat Related,3
99-1476.81,Transportation Specialist 259,13-1082.00,Project Management Specialists,Closely Related,1
99-1476.81,Transportation Specialist 259,99-1227.30,Arts / Media Specialist 10,Related,2
99-1476.81,Transportation Specialist 259,99-1409.14,Science Specialist 192,Somewhat Related,3
99-1476.81,Transportation Specialist 259,99-1860.69,Social Services Specialist 643,Somewhat Related,4
99-1477.82,Sales Specialist 260,99-2004.15,Social Services Specialist 787,Closely Related,1
99-1477.82,Sales Specialist 260,11-1031.00,Legislators,Related,2
99-1477.82,Sales Specialist 260,99-1610.17,Manufacturing Specialist 393,Somewhat Related,3
99-1478.83,Administrative Specialist 261,99-1614.21,Arts / Media Specialist 397,Closely Related,1
99-1478.83,Administrative Specialist 261,99-1494.99,Transportation Specialist 277,Related,2
99-1478.83,Administrative Specialist 261,99-1828.37,Sales Specialist 611,Somewhat Related,3
99-1479.84,Arts / Media Specialist 262,99-1892.02,Administrative Specialist 675,Closely Related,1
99-1479.84,Arts / Media Specialist 262,99-1439.44,Manufacturing Specialist 222,Related,2
99-1479.84,Arts / Media Specialist 262,99-1895.05,Science Specialist 678,Somewhat Related,3
99-1479.84,Arts / Media Specialist 262,99-1444.49,Legal Specialist 227,Somewhat Related,4
99-1479.84,Arts / Media Specialist 262,99-1627.34,Agriculture Specialist 410,Somewhat Related,5
99-1480.85,Legal Specialist 263,99-1910.20,Administrative Specialist 693,Closely Related,1
99-1480.85,Legal Specialist 263,13-2051.00,Financial and Investment Analysts,Related,2
99-1480.85,Legal Specialist 263,99-1897.07,Agriculture Specialist 680,Somewhat Related,3
99-1480.85,Legal Specialist 263,29-1071.00,Physician Assistants,Somewhat Related,4
99-1481.86,Science Specialist 264,15-1254.00,Web Developers,Closely Related,1
99-1481.86,Science Specialist 264,11-3021.00,Computer and Information Systems Managers,Related,2
99-1482.87,Social Services Specialist 265,99-1847.56,Administrative Specialist 630,Closely Related,1
99-1482.87,Social Services Specialist 265,99-1989.99,Transportation Specialist 772,Related,2
99-1482.87,Social Services Specialist 265,99-1417.22,Legal Specialist 200,Somewhat Related,3
99-1482.87,Social Services Specialist 265,13-2041.00,Credit Analysts,Somewhat Related,4
99-1482.87,Social Services Specialist 265,99-1228.31,Legal Specialist 11,Somewhat Related,5
99-1483.88,Agriculture Specialist 266,99-1320.24,Social Services Specialist 103,Closely Related,1
99-1483.88,Agriculture Specialist 266,13-2099.00,"Financial Specialists, All Other",Related,2
99-1483.88,Agriculture Specialist 266,99-1781.89,Manufacturing Specialist 564,Somewhat Related,3
99-1484.89,Manufacturing Specialist 267,99-1993.04,Legal Specialist 776,Closely Related,1
99-1484.89,Manufacturing Specialist 267,99-1271.74,Administrative Specialist 54,Related,2
99-1485.90,Transportation Specialist 268,99-2015.26,Manufacturing Specialist 798,Closely Related,1
99-1485.90,Transportation Specialist 268,99-1937.47,Administrative Specialist 720,Related,2
99-1485.90,Transportation Specialist 268,99-1586.92,Administrative Specialist 369,Somewhat Related,3
99-1485.90,Transportation Specialist 268,99-1745.53,Manufacturing Specialist 528,Somewhat Related,4
99-1486.91,Sales Specialist 269,99-1818.27,Transportation Specialist 601,Closely Related,1
99-1486.91,Sales Specialist 269,47-2073.00,Operating Engineers and Other Construction Equipment Operators,Related,2
99-1486.91,Sales Specialist 269,99-1640.47,Administrative Specialist 423,Somewhat Related,3
99-1486.91,Sales Specialist 269,99-1280.83,Administrative Specialist 63,Somewhat Related,4
99-1487.92,Administrative Specialist 270,99-1717.25,Agriculture Specialist 500,Closely Related,1
99-1487.92,Administrative Specialist 270,99-1868.77,Science Specialist 651,Related,2
99-1487.92,Administrative Specialist 270,25-3021.00,Self-Enrichment Teachers,Somewhat Related,3
99-1487.92,Administrative Specialist 270,99-1590.96,Social Services Specialist 373,Somewhat Related,4
99-1487.92,Administrative Specialist 270,47-2221.00,Structural Iron and Steel Workers,Somewhat Related,5
99-1488.93,Arts / Media Specialist 271,29-1128.00,Exercise Physiologists,Closely Related,1
99-1488.93,Arts / Media Specialist 271,99-1647.54,Transportation Specialist 430,Related,2
99-1488.93,Arts / Media Specialist 271,99-1542.48,Arts / Media Specialist 325,Somewhat Related,3
99-1488.93,Arts / Media Specialist 271,17-2161.00,Nuclear Engineers,Somewhat Related,4
99-1488.93,Arts / Media Specialist 271,99-1719.27,Transportation Specialist 502,Somewhat Related,5
99-1489.94,Legal Specialist 272,99-1638.45,Transportation Specialist 421,Closely Related,1
99-1489.94,Legal Specialist 272,99-1322.26,Manufacturing Specialist 105,Related,2
99-1490.95,Science Specialist 273,99-1327.31,Legal Specialist 110,Closely Related,1
99-1490.95,Science Specialist 273,99-1377.81,Transportation Specialist 160,Related,2
99-1490.95,Science Specialist 273,99-1259.62,Manufacturing Specialist 42,Somewhat Related,3
99-1490.95,Science Specialist 273,99-1879.88,Agriculture Specialist 662,Somewhat Related,4
99-1490.95,Science Specialist 273,99-1730.38,Administrative Specialist 513,Somewhat Related,5
99-1491.96,Social Services Specialist 274,99-1223.26,Manufacturing Specialist 6,Closely Related,1
99-1491.96,Social Services Specialist 274,99-1965.75,Arts / Media Specialist 748,Related,2
99-1492.97,Agriculture Specialist 275,99-1534.40,Legal Specialist 317,Closely Related,1
99-1492.97,Agriculture Specialist 275,99-1442.47,Administrative Specialist 225,Related,2
99-1493.98,Manufacturing Specialist 276,99-1246.49,Legal Specialist 29,Closely Related,1
99-1493.98,Manufacturing Specialist 276,99-1902.12,Arts / Media Specialist 685,Related,2
99-1493.98,Manufacturing Specialist 276,99-1225.28,Sales Specialist 8,Somewhat Related,3
99-1493.98,Manufacturing Specialist 276,99-1704.12,Arts / Media Specialist 487,Somewhat Related,4
99-1494.99,Transportation Specialist 277,99-1747.55,Sales Specialist 530,Closely Related,1
99-1494.99,Transportation Specialist 277,99-1589.95,Science Specialist 372,Related,2
99-1495.01,Sales Specialist 278,25-1067.00,"Sociology Teachers, Postsecondary",Closely Related,1
99-1495.01,Sales Specialist 278,99-1525.31,Legal Specialist 308,Related,2
99-1496.02,Administrative Specialist 279,99-1338.42,Social Services Specialist 121,Closely Related,1
99-1496.02,Administrative Specialist 279,99-1463.68,Science Specialist 246,Related,2
99-1496.02,Administrative Specialist 279,99-1583.89,Manufacturing Specialist 366,Somewhat Related,3
99-1497.03,Arts / Media Specialist 280,99-1880.89,Manufacturing Specialist 663,Closely Related,1
99-1497.03,Arts / Media Specialist 280,99-1720.28,Sales Specialist 503,Related,2
99-1497.03,Arts / Media Specialist 280,99-1804.13,Legal Specialist 587,Somewhat Related,3
99-1498.04,Legal Specialist 281,99-1759.67,Legal Specialist 542,Closely Related,1
99-1498.04,Legal Specialist 281,99-1878.87,Social Services Specialist 661,Related,2
99-1499.05,Science Specialist 282,99-1813.22,Legal Specialist 596,Closely Related,1
99-1499.05,Science Specialist 282,99-1833.42,Social Services Specialist 616,Related,2
99-1499.05,Science Specialist 282,99-1448.53,Manufacturing Specialist 231,Somewhat Related,3
99-1500.06,Social Services Specialist 283,99-1739.47,Administrative Specialist 522,Closely Related,1
99-1500.06,Social Services Specialist 283,99-1918.28,Sales Specialist 701,Related,2
99-1500.06,Social Services Specialist 283,99-1258.61,Agriculture Specialist 41,Somewhat Related,3
99-1500.06,Social Services Specialist 283,99-1817.26,Manufacturing Specialist 600,Somewhat Related,4
99-1501.07,Agriculture Specialist 284,11-9032.00,"Education Administrators, Kindergarten through Secondary",Closely Related,1
99-1501.07,Agriculture Specialist 284,99-1374.78,Social Services Specialist 157,Related,2
99-1501.07,Agriculture Specialist 284,99-1863.72,Transportation Specialist 646,Somewhat Related,3
99-1501.07,Agriculture Specialist 284,99-2013.24,Social Services Specialist 796,Somewhat Related,4
99-1502.08,Manufacturing Specialist 285,99-1903.13,Legal Specialist 686,Closely Related,1
99-1502.08,Manufacturing Specialist 285,25-2052.00,"Special Education Teachers, Kindergarten",Related,2
99-1502.08,Manufacturing Specialist 285,99-1536.42,Social Services Specialist 319,Somewhat Related,3
99-1503.09,Transportation Specialist 286,99-1663.70,Agriculture Specialist 446,Closely Related,1
99-1503.09,Transportation Specialist 286,99-1846.55,Sales Specialist 629,Related,2
99-1503.09,Transportation Specialist 286,99-1462.67,Legal Specialist 245,Somewhat Related,3
99-1503.09,Transportation Specialist 286,99-1544.50,Science Specialist 327,Somewhat Related,4
99-1503.09,Transportation Specialist 286,99-1865.74,Administrative Specialist 648,Somewhat Related,5
99-1504.10,Sales Specialist 287,99-1641.48,Arts / Media Specialist 424,Closely Related,1
99-1504.10,Sales Specialist 287,99-1263.66,Arts / Media Specialist 46,Related,2
99-1504.10,Sales Specialist 287,99-1787.95,Science Specialist 570,Somewhat Related,3
99-1504.10,Sales Specialist 287,11-9121.00,Natural Sciences Managers,Somewhat Related,4
99-1504.10,Sales Specialist 287,99-1750.58,Legal Specialist 533,Somewhat Related,5
99-1505.11,Administrative Specialist 288,17-2081.00,Environmental Engineers,Closely Related,1
99-1505.11,Administrative Specialist 288,99-1840.49,Legal Specialist 623,Related,2
99-1505.11,Administrative Specialist 288,99-1797.06,Social Services Specialist 580,Somewhat Related,3
99-1506.12,Arts / Media Specialist 289,13-2052.00,Personal Financial Advisors,Closely Related,1
99-1506.12,Arts / Media Specialist 289,43-9111.00,Statistical Assistants,Related,2
99-1506.12,Arts / Media Specialist 289,99-2007.18,Transportation Specialist 790,Somewhat Related,3
99-1506.12,Arts / Media Specialist 289,99-1284.87,Social Services Specialist 67,Somewhat Related,4
99-1506.12,Arts / Media Specialist 289,99-1638.45,Transportation Specialist 421,Somewhat Related,5
99-1507.13,Legal Specialist 290,25-1042.00,"Biological Science Teachers, Postsecondary",Closely Related,1
99-1507.13,Legal Specialist 290,99-1833.42,Social Services Specialist 616,Related,2
99-1507.13,Legal Specialist 290,11-3013.00,Facilities Managers,Somewhat Related,3
99-1508.14,Science Specialist 291,99-1655.62,Manufacturing Specialist 438,Closely Related,1
99-1508.14,Science Specialist 291,99-1474.79,Agriculture Specialist 257,Related,2
99-1509.15,Social Services Specialist 292,99-1286.89,Manufacturing Specialist 69,Closely Related,1
99-1509.15,Social Services Specialist 292,25-1066.00,"Psychology Teachers, Postsecondary",Related,2
99-1509.15,Social Services Specialist 292,99-1707.15,Social Services Specialist 490,Somewhat Related,3
99-1509.15,Social Services Specialist 292,99-1799.08,Manufacturing Specialist 582,Somewhat Related,4
99-1510.16,Agriculture Specialist 293,17-2111.00,Health and Safety Engineers,Closely Related,1
99-1510.16,Agriculture Specialist 293,99-1983.93,Arts / Media Specialist 766,Related,2
99-1510.16,Agriculture Specialist 293,99-1614.21,Arts / Media Specialist 397,Somewhat Related,3
99-1510.16,Agriculture Specialist 293,99-1910.20,Administrative Specialist 693,Somewhat Related,4
99-1510.16,Agriculture Specialist 293,99-1495.01,Sales Specialist 278,Somewhat Related,5
99-1511.17,Manufacturing Specialist 294,99-1340.44,Manufacturing Specialist 123,Closely Related,1
99-1511.17,Manufacturing Specialist 294,99-1477.82,Sales Specialist 260,Related,2
99-1511.17,Manufacturing Specialist 294,99-1747.55,Sales Specialist 530,Somewhat Related,3
99-1511.17,Manufacturing Specialist 294,99-1615.22,Legal Specialist 398,Somewhat Related,4
99-1511.17,Manufacturing Specialist 294,99-1698.06,Social Services Specialist 481,Somewhat Related,5
99-1512.18,Transportation Specialist 295,99-1918.28,Sales Specialist 701,Closely Related,1
99-1512.18,Transportation Specialist 295,99-1981.91,Sales Specialist 764,Related,2
99-1513.19,Sales Specialist 296,99-1751.59,Science Specialist 534,Closely Related,1
99-1513.19,Sales Specialist 296,99-1368.72,Transportation Specialist 151,Related,2
99-1514.20,Administrative Specialist 297,99-1868.77,Science Specialist 651,Closely Related,1
99-1514.20,Administrative Specialist 297,99-1517.23,Science Specialist 300,Related,2
99-1514.20,Administrative Specialist 297,99-1834.43,Agriculture Specialist 617,Somewhat Related,3
99-1515.21,Arts / Media Specialist 298,99-1938.48,Arts / Media Specialist 721,Closely Related,1
99-1515.21,Arts / Media Specialist 298,99-1690.97,Agriculture Specialist 473,Related,2
99-1515.21,Arts / Media Specialist 298,99-1641.48,Arts / Media Specialist 424,Somewhat Related,3
99-1515.21,Arts / Media Specialist 298,99-1780.88,Agriculture Specialist 563,Somewhat Related,4
99-1516.22,Legal Specialist 299,99-1767.75,Arts / Media Specialist 550,Closely Related,1
99-1516.22,Legal Specialist 299,47-2051.00,Cement Masons and Concrete Finishers,Related,2
99-1516.22,Legal Specialist 299,99-1566.72,Transportation Specialist 349,Somewhat Related,3
99-1517.23,Science Specialist 300,47-2031.00,Carpenters,Closely Related,1
99-1517.23,Science Specialist 300,99-1486.91,Sales Specialist 269,Related,2
99-1517.23,Science Specialist 300,99-1457.62,Manufacturing Specialist 240,Somewhat Related,3
99-1517.23,Science Specialist 300,99-1297.01,Sales Specialist 80,Somewhat Related,4
99-1518.24,Social Services Specialist 301,99-1844.53,Manufacturing Specialist 627,Closely Related,1
99-1518.24,Social Services Specialist 301,99-1560.66,Arts / Media Specialist 343,Related,2
99-1519.25,Agriculture Specialist 302,13-1141.00,"Compensation, Benefits, and Job Analysis Specialists",Closely Related,1
99-1519.25,Agriculture Specialist 302,99-1297.01,Sales Specialist 80,Related,2
99-1519.25,Agriculture Specialist 302,99-1218.21,Arts / Media Specialist 1,Somewhat Related,3
99-1519.25,Agriculture Specialist 302,99-1311.15,Social Services Specialist 94,Somewhat Related,4
99-1520.26,Manufacturing Specialist 303,99-1844.53,Manufacturing Specialist 627,Closely Related,1
99-1520.26,Manufacturing Specialist 303,99-1383.87,Social Services Specialist 166,Related,2
99-1520.26,Manufacturing Specialist 303,99-1360.64,Sales Specialist 143,Somewhat Related,3
99-1521.27,Transportation Specialist 304,99-1844.53,Manufacturing Specialist 627,Closely Related,1
99-1521.27,Transportation Specialist 304,47-2073.00,Operating Engineers and Other Construction Equipment Operators,Related,2
99-1521.27,Transportation Specialist 304,99-1284.87,Social Services Specialist 67,Somewhat Related,3
99-1521.27,Transportation Specialist 304,99-1907.17,Manufacturing Specialist 690,Somewhat Related,4
99-1522.28,Sales Specialist 305,99-1534.40,Legal Specialist 317,Closely Related,1
99-1522.28,Sales Specialist 305,99-1371.75,Arts / Media Specialist 154,Related,2
99-1522.28,Sales Specialist 305,99-1669.76,Legal Specialist 452,Somewhat Related,3
99-1522.28,Sales Specialist 305,99-1575.81,Transportation Specialist 358,Somewhat Related,4
99-1523.29,Administrative Specialist 306,99-1328.32,Science Specialist 111,Closely Related,1
99-1523.29,Administrative Specialist 306,99-1771.79,Agriculture Specialist 554,Related,2
99-1523.29,Administrative Specialist 306,99-1416.21,Arts / Media Specialist 199,Somewhat Related,3
99-1524.30,Arts / Media Specialist 307,15-1253.00,Software Quality Assurance Analysts and Testers,Closely Related,1
99-1524.30,Arts / Media Specialist 307,25-2053.00,"Special Education Teachers, Elementary School",Related,2
99-1524.30,Arts / Media Specialist 307,99-1858.67,Legal Specialist 641,Somewhat Related,3
99-1524.30,Arts / Media Specialist 307,99-1313.17,Manufacturing Specialist 96,Somewhat Related,4
99-1525.31,Legal Specialist 308,99-1882.91,Sales Specialist 665,Closely Related,1
99-1525.31,Legal Specialist 308,99-1325.29,Administrative Specialist 108,Related,2
99-1525.31,Legal Specialist 308,99-1845.54,Transportation Specialist 628,Somewhat Related,3
99-1526.32,Science Specialist 309,99-1690.97,Agriculture Specialist 473,Closely Related,1
99-1526.32,Science Specialist 309,99-1785.93,Arts / Media Specialist 568,Related,2
99-1526.32,Science Specialist 309,99-1339.43,Agriculture Specialist 122,Somewhat Related,3
99-1526.32,Science Specialist 309,17-1011.00,"Architects, Except Landscape and Naval",Somewhat Related,4
99-1527.33,Social Services Specialist 310,13-1121.00,"Meeting, Convention, and Event Planners",Closely Related,1
99-1527.33,Social Services Specialist 310,99-1382.86,Science Specialist 165,Related,2
99-1527.33,Social Services Specialist 310,99-1249.52,Agriculture Specialist 32,Somewhat Related,3
99-1527.33,Social Services Specialist 310,99-1276.79,Agriculture Specialist 59,Somewhat Related,4
99-1528.34,Agriculture Specialist 311,15-2099.01,Bioinformatics Technicians,Closely Related,1
99-1528.34,Agriculture Specialist 311,99-1833.42,Social Services Specialist 616,Related,2
99-1529.35,Manufacturing Specialist 312,29-1063.00,"Internists, General",Closely Related,1
99-1529.35,Manufacturing Specialist 312,99-1364.68,Science Specialist 147,Related,2
99-1530.36,Transportation Specialist 313,99-1822.31,Legal Specialist 605,Closely Related,1
99-1530.36,Transportation Specialist 313,99-1274.77,Science Specialist 57,Related,2
99-1530.36,Transportation Specialist 313,99-1653.60,Social Services Specialist 436,Somewhat Related,3
99-1530.36,Transportation Specialist 313,99-1620.27,Transportation Specialist 403,Somewhat Related,4
99-1530.36,Transportation Specialist 313,99-1828.37,Sales Specialist 611,Somewhat Related,5
99-1531.37,Sales Specialist 314,99-1933.43,Agriculture Specialist 716,Closely Related,1
99-1531.37,Sales Specialist 314,99-1306.10,Sales Specialist 89,Related,2
99-1531.37,Sales Specialist 314,15-1232.00,Computer User Support Specialists,Somewhat Related,3
99-1531.37,Sales Specialist 314,99-1388.92,Administrative Specialist 171,Somewhat Related,4
99-1531.37,Sales Specialist 314,99-1565.71,Manufacturing Specialist 348,Somewhat Related,5
99-1532.38,Administrative Specialist 315,99-1554.60,Social Services Specialist 337,Closely Related,1
99-1532.38,Administrative Specialist 315,99-1396.01,Sales Specialist 179,Related,2
99-1533.39,Arts / Media Specialist 316,99-1949.59,Science Specialist 732,Closely Related,1
99-1533.39,Arts / Media Specialist 316,99-1667.74,Administrative Specialist 450,Related,2
99-1533.39,Arts / Media Specialist 316,99-1655.62,Manufacturing Specialist 438,Somewhat Related,3
99-1534.40,Legal Specialist 317,47-2152.00,"Plumbers, Pipefitters, and Steamfitters",Closely Related,1
99-1534.40,Legal Specialist 317,99-1571.77,Science Specialist 354,Related,2
99-1534.40,Legal Specialist 317,99-1967.77,Science Specialist 750,Somewhat Related,3
99-1534.40,Legal Specialist 317,99-1423.28,Sales Specialist 206,Somewhat Related,4
99-1535.41,Science Specialist 318,99-1850.59,Science Specialist 633,Closely Related,1
99-1535.41,Science Specialist 318,99-1356.60,Social Services Specialist 139,Related,2
99-1535.41,Science Specialist 318,99-1946.56,Administrative Specialist 729,Somewhat Related,3
99-1535.41,Science Specialist 318,99-1811.20,Administrative Specialist 594,Somewhat Related,4
99-1535.41,Science Specialist 318,99-1604.11,Administrative Specialist 387,Somewhat Related,5
99-1536.42,Social Services Specialist 319,99-1674.81,Transportation Specialist 457,Closely Related,1
99-1536.42,Social Services Specialist 319,99-1677.84,Arts / Media Specialist 460,Related,2
99-1536.42,Social Services Specialist 319,99-1439.44,Manufacturing Specialist 222,Somewhat Related,3
99-1536.42,Social Services Specialist 319,17-2081.00,Environmental Engineers,Somewhat Related,4
99-1537.43,Agriculture Specialist 320,99-1567.73,Sales Specialist 350,Closely Related,1
99-1537.43,Agriculture Specialist 320,17-1021.00,Cartographers and Photogrammetrists,Related,2
99-1537.43,Agriculture Specialist 320,99-1220.23,Science Specialist 3,Somewhat Related,3
99-1537.43,Agriculture Specialist 320,99-1800.09,Transportation Specialist 583,Somewhat Related,4
99-1538.44,Manufacturing Specialist 321,99-1364.68,Science Specialist 147,Closely Related,1
99-1538.44,Manufacturing Specialist 321,99-1512.18,Transportation Specialist 295,Related,2
99-1538.44,Manufacturing Specialist 321,25-1126.00,"Philosophy and Religion Teachers, Postsecondary",Somewhat Related,3
99-1538.44,Manufacturing Specialist 321,99-1979.89,Manufacturing Specialist 762,Somewhat Related,4
99-1539.45,Transportation Specialist 322,99-1673.80,Manufacturing Specialist 456,Closely Related,1
99-1539.45,Transportation Specialist 322,99-2014.25,Agriculture Specialist 797,Related,2
99-1540.46,Sales Specialist 323,99-1264.67,Legal Specialist 47,Closely Related,1
99-1540.46,Sales Specialist 323,99-1432.37,Sales Specialist 215,Related,2
99-1541.47,Administrative Specialist 324,99-1669.76,Legal Specialist 452,Closely Related,1
99-1541.47,Administrative Specialist 324,99-1985.95,Science Specialist 768,Related,2
99-1541.47,Administrative Specialist 324,99-1588.94,Legal Specialist 371,Somewhat Related,3
99-1541.47,Administrative Specialist 324,99-2005.16,Agriculture Specialist 788,Somewhat Related,4
99-1542.48,Arts / Media Specialist 325,25-2031.00,"Secondary School Teachers, Except Special and Career/Technical Education",Closely Related,1
99-1542.48,Arts / Media Specialist 325,99-1836.45,Transportation Specialist 619,Related,2
99-1542.48,Arts / Media Specialist 325,25-1051.00,"Atmospheric, Earth, Marine, and Space Sciences Teachers, Postsecondary",Somewhat Related,3
99-1543.49,Legal Specialist 326,99-1556.62,Manufacturing Specialist 339,Closely Related,1
99-1543.49,Legal Specialist 326,99-1965.75,Arts / Media Specialist 748,Related,2
99-1543.49,Legal Specialist 326,99-1226.29,Administrative Specialist 9,Somewhat Related,3
99-1543.49,Legal Specialist 326,99-1465.70,Agriculture Specialist 248,Somewhat Related,4
99-1544.50,Science Specialist 327,99-1623.30,Arts / Media Specialist 406,Closely Related,1
99-1544.50,Science Specialist 327,99-1483.88,Agriculture Specialist 266,Related,2
99-1545.51,Social Services Specialist 328,99-1975.85,Legal Specialist 758,Closely Related,1
99-1545.51,Social Services Specialist 328,99-1681.88,Agriculture Specialist 464,Related,2
99-1545.51,Social Services Specialist 328,99-1243.46,Sales Specialist 26,Somewhat Related,3
99-1546.52,Agriculture Specialist 329,99-1781.89,Manufacturing Specialist 564,Closely Related,1
99-1546.52,Agriculture Specialist 329,11-1011.00,Chief Executives,Related,2
99-1546.52,Agriculture Specialist 329,29-1141.00,Registered Nurses,Somewhat Related,3
99-1547.53,Manufacturing Specialist 330,99-1682.89,Manufacturing Specialist 465,Closely Related,1
99-1547.53,Manufacturing Specialist 330,99-1693.01,Sales Specialist 476,Related,2
99-1547.53,Manufacturing Specialist 330,25-2022.00,"Middle School Teachers, Except Special and Career/Technical Education",Somewhat Related,3
99-1547.53,Manufacturing Specialist 330,99-1810.19,Sales Specialist 593,Somewhat Related,4
99-1547.53,Manufacturing Specialist 330,99-2012.23,Science Specialist 795,Somewhat Related,5
99-1548.54,Transportation Specialist 331,99-1223.26,Manufacturing Specialist 6,Closely Related,1
99-1548.54,Transportation Specialist 331,99-1404.09,Transportation Specialist 187,Related,2
99-1548.54,Transportation Specialist 331,15-1254.00,Web Developers,Somewhat Related,3
99-1549.55,Sales Specialist 332,99-1537.43,Agriculture Specialist 320,Closely Related,1
99-1549.55,Sales Specialist 332,29-1126.00,Respiratory Therapists,Related,2
99-1549.55,Sales Specialist 332,99-1647.54,Transportation Specialist 430,Somewhat Related,3
99-1549.55,Sales Specialist 332,99-1969.79,Agriculture Specialist 752,Somewhat Related,4
99-1550.56,Administrative Specialist 333,99-1227.30,Arts / Media Specialist 10,Closely Related,1
99-1550.56,Administrative Specialist 333,99-1528.34,Agriculture Specialist 311,Related,2
99-1551.57,Arts / Media Specialist 334,11-3012.00,Administrative Services and Facilities Managers,Closely Related,1
99-1551.57,Arts / Media Specialist 334,99-1555.61,Agriculture Specialist 338,Related,2
99-1551.57,Arts / Media Specialist 334,99-1747.55,Sales Specialist 530,Somewhat Related,3
99-1551.57,Arts / Media Specialist 334,99-1649.56,Administrative Specialist 432,Somewhat Related,4
99-1552.58,Legal Specialist 335,99-1754.62,Manufacturing Specialist 537,Closely Related,1
99-1552.58,Legal Specialist 335,99-1744.52,Agriculture Specialist 527,Related,2
99-1553.59,Science Specialist 336,13-2072.00,Loan Officers,Closely Related,1
99-1553.59,Science Specialist 336,25-1121.00,"Art, Drama, and Music Teachers, Postsecondary",Related,2
99-1553.59,Science Specialist 336,99-1560.66,Arts / Media Specialist 343,Somewhat Related,3
99-1554.60,Social Services Specialist 337,99-1715.23,Science Specialist 498,Closely Related,1
99-1554.60,Social Services Specialist 337,99-1291.94,Legal Specialist 74,Related,2
99-1554.60,Social Services Specialist 337,99-1321.25,Agriculture Specialist 104,Somewhat Related,3
99-1555.61,Agriculture Specialist 338,99-1642.49,Legal Specialist 425,Closely Related,1
99-1555.61,Agriculture Specialist 338,99-1281.84,Arts / Media Specialist 64,Related,2
99-1555.61,Agriculture Specialist 338,99-1295.98,Manufacturing Specialist 78,Somewhat Related,3
99-1555.61,Agriculture Specialist 338,99-1763.71,Manufacturing Specialist 546,Somewhat Related,4
99-1555.61,Agriculture Specialist 338,99-1858.67,Legal Specialist 641,Somewhat Related,5
99-1556.62,Manufacturing Specialist 339,99-1977.87,Social Services Specialist 760,Closely Related,1
99-1556.62,Manufacturing Specialist 339,99-1668.75,Arts / Media Specialist 451,Related,2
99-1556.62,Manufacturing Specialist 339,99-1232.35,Manufacturing Specialist 15,Somewhat Related,3
99-1556.62,Manufacturing Specialist 339,99-1721.29,Administrative Specialist 504,Somewhat Related,4
99-1556.62,Manufacturing Specialist 339,25-1063.00,"Economics Teachers, Postsecondary",Somewhat Related,5
99-1557.63,Transportation Specialist 340,99-1316.20,Administrative Specialist 99,Closely Related,1
99-1557.63,Transportation Specialist 340,99-1345.49,Legal Specialist 128,Related,2
99-1557.63,Transportation Specialist 340,99-1791.99,Transportation Specialist 574,Somewhat Related,3
99-1558.64,Sales Specialist 341,99-1267.70,Agriculture Specialist 50,Closely Related,1
99-1558.64,Sales Specialist 341,99-1242.45,Transportation Specialist 25,Related,2
99-1558.64,Sales Specialist 341,17-2199.00,"Engineers, All Other",Somewhat Related,3
99-1558.64,Sales Specialist 341,99-1729.37,Sales Specialist 512,Somewhat Related,4
99-1559.65,Administrative Specialist 342,99-1431.36,Transportation Specialist 214,Closely Related,1
99-1559.65,Administrative Specialist 342,13-1199.00,"Business Operations Specialists, All Other",Related,2
99-1559.65,Administrative Specialist 342,11-9171.00,Funeral Home Managers,Somewhat Related,3
99-1559.65,Administrative Specialist 342,11-9141.00,"Property, Real Estate, and Community Association Managers",Somewhat Related,4
99-1560.66,Arts / Media Specialist 343,99-1284.87,Social Services Specialist 67,Closely Related,1
99-1560.66,Arts / Media Specialist 343,99-1410.15,Social Services Specialist 193,Related,2
99-1560.66,Arts / Media Specialist 343,99-1757.65,Administrative Specialist 540,Somewhat Related,3
99-1560.66,Arts / Media Specialist 343,99-1689.96,Social Services Specialist 472,Somewhat Related,4
99-1560.66,Arts / Media Specialist 343,99-1657.64,Sales Specialist 440,Somewhat Related,5
99-1561.67,Legal Specialist 344,25-9031.00,Instructional Coordinators,Closely Related,1
99-1561.67,Legal Specialist 344,99-1689.96,Social Services Specialist 472,Related,2
99-1562.68,Science Specialist 345,11-9031.00,"Education and Childcare Administrators, Preschool and Daycare",Closely Related,1
99-1562.68,Science Specialist 345,99-1814.23,Science Specialist 597,Related,2
99-1562.68,Science Specialist 345,99-1324.28,Sales Specialist 107,Somewhat Related,3
99-1562.68,Science Specialist 345,99-1738.46,Sales Specialist 521,Somewhat Related,4
99-1563.69,Social Services Specialist 346,25-1051.00,"Atmospheric, Earth, Marine, and Space Sciences Teachers, Postsecondary",Closely Related,1
99-1563.69,Social Services Specialist 346,25-4013.00,Museum Technicians and Conservators,Related,2
99-1563.69,Social Services Specialist 346,99-1397.02,Administrative Specialist 180,Somewhat Related,3
99-1563.69,Social Services Specialist 346,99-1364.68,Science Specialist 147,Somewhat Related,4
99-1564.70,Agriculture Specialist 347,99-1341.45,Transportation Specialist 124,Closely Related,1
99-1564.70,Agriculture Specialist 347,11-9051.00,Food Service Managers,Related,2
99-1565.71,Manufacturing Specialist 348,99-1425.30,Arts / Media Specialist 208,Closely Related,1
99-1565.71,Manufacturing Specialist 348,13-2099.00,"Financial Specialists, All Other",Related,2
99-1565.71,Manufacturing Specialist 348,99-1964.74,Administrative Specialist 747,Somewhat Related,3
99-1566.72,Transportation Specialist 349,13-1021.00,"Buyers and Purchasing Agents, Farm Products",Closely Related,1
99-1566.72,Transportation Specialist 349,99-1891.01,Sales Specialist 674,Related,2
99-1567.73,Sales Specialist 350,13-1161.00,Market Research Analysts and Marketing Specialists,Closely Related,1
99-1567.73,Sales Specialist 350,29-1065.00,"Pediatricians, General",Related,2
99-1567.73,Sales Specialist 350,99-1894.04,Legal Specialist 677,Somewhat Related,3
99-1567.73,Sales Specialist 350,25-4021.00,Librarians and Media Collections Specialists,Somewhat Related,4
99-1567.73,Sales Specialist 350,99-1501.07,Agriculture Specialist 284,Somewhat Related,5
99-1568.74,Administrative Specialist 351,99-1477.82,Sales Specialist 260,Closely Related,1
99-1568.74,Administrative Specialist 351,99-1852.61,Agriculture Specialist 635,Related,2
99-1569.75,Arts / Media Specialist 352,99-1936.46,Sales Specialist 719,Closely Related,1
99-1569.75,Arts / Media Specialist 352,99-1299.03,Arts / Media Specialist 82,Related,2
99-1570.76,Legal Specialist 353,25-1043.00,"Forestry and Conservation Science Teachers, Postsecondary",Closely Related,1
99-1570.76,Legal Specialist 353,99-1692.99,Transportation Specialist 475,Related,2
99-1570.76,Legal Specialist 353,15-1243.00,Database Architects,Somewhat Related,3
99-1570.76,Legal Specialist 353,99-1974.84,Arts / Media Specialist 757,Somewhat Related,4
99-1571.77,Science Specialist 354,99-1476.81,Transportation Specialist 259,Closely Related,1
99-1571.77,Science Specialist 354,99-1810.19,Sales Specialist 593,Related,2
99-1571.77,Science Specialist 354,99-1509.15,Social Services Specialist 292,Somewhat Related,3
99-1572.78,Social Services Specialist 355,99-1659.66,Arts / Media Specialist 442,Closely Related,1
99-1572.78,Social Services Specialist 355,99-1735.43,Agriculture Specialist 518,Related,2
99-1572.78,Social Services Specialist 355,11-9131.00,Postmasters and Mail Superintendents,Somewhat Related,3
99-1572.78,Social Services Specialist 355,99-1933.43,Agriculture Specialist 716,Somewhat Related,4
99-1572.78,Social Services Specialist 355,99-1981.91,Sales Specialist 764,Somewhat Related,5
99-1573.79,Agriculture Specialist 356,25-4012.00,Curators,Closely Related,1
99-1573.79,Agriculture Specialist 356,17-2031.00,Bioengineers and Biomedical Engineers,Related,2
99-1573.79,Agriculture Specialist 356,99-1570.76,Legal Specialist 353,Somewhat Related,3
99-1573.79,Agriculture Specialist 356,17-2171.00,Petroleum Engineers,Somewhat Related,4
99-1573.79,Agriculture Specialist 356,99-1581.87,Social Services Specialist 364,Somewhat Related,5
99-1574.80,Manufacturing Specialist 357,11-9032.00,"Education Administrators, Kindergarten through Secondary",Closely Related,1
99-1574.80,Manufacturing Specialist 357,99-1801.10,Sales Specialist 584,Related,2
99-1574.80,Manufacturing Specialist 357,99-1736.44,Manufacturing Specialist 519,Somewhat Related,3
99-1574.80,Manufacturing Specialist 357,99-1752.60,Social Services Specialist 535,Somewhat Related,4
99-1574.80,Manufacturing Specialist 357,99-1990.01,Sales Specialist 773,Somewhat Related,5
99-1575.81,Transportation Specialist 358,99-1608.15,Social Services Specialist 391,Closely Related,1
99-1575.81,Transportation Specialist 358,99-1619.26,Manufacturing Specialist 402,Related,2
99-1576.82,Sales Specialist 359,99-1801.10,Sales Specialist 584,Closely Related,1
99-1576.82,Sales Specialist 359,11-9033.00,"Education Administrators, Postsecondary",Related,2
99-1576.82,Sales Specialist 359,99-1470.75,Arts / Media Specialist 253,Somewhat Related,3
99-1576.82,Sales Specialist 359,99-1500.06,Social Services Specialist 283,Somewhat Related,4
99-1577.83,Administrative Specialist 360,99-1351.55,Sales Specialist 134,Closely Related,1
99-1577.83,Administrative Specialist 360,99-1736.44,Manufacturing Specialist 519,Related,2
99-1577.83,Administrative Specialist 360,99-1274.77,Science Specialist 57,Somewhat Related,3
99-1578.84,Arts / Media Specialist 361,99-1327.31,Legal Specialist 110,Closely Related,1
99-1578.84,Arts / Media Specialist 361,99-1355.59,Science Specialist 138,Related,2
99-1578.84,Arts / Media Specialist 361,99-1307.11,Administrative Specialist 90,Somewhat Related,3
99-1579.85,Legal Specialist 362,99-1269.72,Transportation Specialist 52,Closely Related,1
99-1579.85,Legal Specialist 362,25-1122.00,"Communications Teachers, Postsecondary",Related,2
99-1579.85,Legal Specialist 362,99-1230.33,Social Services Specialist 13,Somewhat Related,3
99-1579.85,Legal Specialist 362,99-1380.84,Arts / Media Specialist 163,Somewhat Related,4
99-1579.85,Legal Specialist 362,99-1638.45,Transportation Specialist 421,Somewhat Related,5
99-1580.86,Science Specialist 363,99-1616.23,Science Specialist 399,Closely Related,1
99-1580.86,Science Specialist 363,99-1923.33,Social Services Specialist 706,Related,2
99-1580.86,Science Specialist 363,29-1161.00,Nurse Midwives,Somewhat Related,3
99-1580.86,Science Specialist 363,99-1572.78,Social Services Specialist 355,Somewhat Related,4
99-1580.86,Science Specialist 363,17-2071.00,Electrical Engineers,Somewhat Related,5
99-1581.87,Social Services Specialist 364,13-1023.00,"Purchasing Agents, Except Wholesale, Retail, and Farm Products",Closely Related,1
99-1581.87,Social Services Specialist 364,99-1773.81,Transportation Specialist 556,Related,2
99-1581.87,Social Services Specialist 364,99-1969.79,Agriculture Specialist 752,Somewhat Related,3
99-1582.88,Agriculture Specialist 365,99-1391.95,Science Specialist 174,Closely Related,1
99-1582.88,Agriculture Specialist 365,99-1742.50,Science Specialist 525,Related,2
99-1582.88,Agriculture Specialist 365,99-1478.83,Administrative Specialist 261,Somewhat Related,3
99-1582.88,Agriculture Specialist 365,99-1981.91,Sales Specialist 764,Somewhat Related,4
99-1583.89,Manufacturing Specialist 366,99-1969.79,Agriculture Specialist 752,Closely Related,1
99-1583.89,Manufacturing Specialist 366,25-1121.00,"Art, Drama, and Music Teachers, Postsecondary",Related,2
99-1583.89,Manufacturing Specialist 366,99-1304.08,Manufacturing Specialist 87,Somewhat Related,3
99-1583.89,Manufacturing Specialist 366,25-2021.00,"Elementary School Teachers, Except Special Education",Somewhat Related,4
99-1584.90,Transportation Specialist 367,99-1627.34,Agriculture Specialist 410,Closely Related,1
99-1584.90,Transportation Specialist 367,99-2004.15,Social Services Specialist 787,Related,2
99-1584.90,Transportation Specialist 367,99-1400.05,Science Specialist 183,Somewhat Related,3
99-1584.90,Transportation Specialist 367,29-1063.00,"Internists, General",Somewhat Related,4
99-1585.91,Sales Specialist 368,99-1440.45,Transportation Specialist 223,Closely Related,1
99-1585.91,Sales Specialist 368,99-1341.45,Transportation Specialist 124,Related,2
99-1586.92,Administrative Specialist 369,99-1637.44,Manufacturing Specialist 420,Closely Related,1
99-1586.92,Administrative Specialist 369,99-1576.82,Sales Specialist 359,Related,2
99-1586.92,Administrative Specialist 369,99-1696.04,Legal Specialist 479,Somewhat Related,3
99-1586.92,Administrative Specialist 369,15-1243.00,Database Architects,Somewhat Related,4
99-1587.93,Arts / Media Specialist 370,99-1888.97,Agriculture Specialist 671,Closely Related,1
99-1587.93,Arts / Media Specialist 370,99-1476.81,Transportation Specialist 259,Related,2
99-1588.94,Legal Specialist 371,99-1750.58,Legal Specialist 533,Closely Related,1
99-1588.94,Legal Specialist 371,25-2052.00,"Special Education Teachers, Kindergarten",Related,2
99-1589.95,Science Specialist 372,99-1280.83,Administrative Specialist 63,Closely Related,1
99-1589.95,Science Specialist 372,99-1692.99,Transportation Specialist 475,Related,2
99-1589.95,Science Specialist 372,99-2008.19,Sales Specialist 791,Somewhat Related,3
99-1589.95,Science Specialist 372,99-1942.52,Agriculture Specialist 725,Somewhat Related,4
99-1590.96,Social Services Specialist 373,17-1011.00,"Architects, Except Landscape and Naval",Closely Related,1
99-1590.96,Social Services Specialist 373,99-1525.31,Legal Specialist 308,Related,2
99-1590.96,Social Services Specialist 373,99-1589.95,Science Specialist 372,Somewhat Related,3
99-1590.96,Social Services Specialist 373,99-1826.35,Manufacturing Specialist 609,Somewhat Related,4
99-1590.96,Social Services Specialist 373,13-1199.00,"Business Operations Specialists, All Other",Somewhat Related,5
99-1591.97,Agriculture Specialist 374,99-1327.31,Legal Specialist 110,Closely Related,1
99-1591.97,Agriculture Specialist 374,13-1121.00,"Meeting, Convention, and Event Planners",Related,2
99-1591.97,Agriculture Specialist 374,99-1390.94,Legal Specialist 173,Somewhat Related,3
99-1591.97,Agriculture Specialist 374,99-1899.09,Transportation Specialist 682,Somewhat Related,4
99-1591.97,Agriculture Specialist 374,99-1249.52,Agriculture Specialist 32,Somewhat Related,5
99-1592.98,Manufacturing Specialist 375,29-1123.00,Physical Therapists,Closely Related,1
99-1592.98,Manufacturing Specialist 375,99-1607.14,Science Specialist 390,Related,2
99-1592.98,Manufacturing Specialist 375,99-1641.48,Arts / Media Specialist 424,Somewhat Related,3
99-1592.98,Manufacturing Specialist 375,29-1171.00,Nurse Practitioners,Somewhat Related,4
99-1592.98,Manufacturing Specialist 375,99-1784.92,Administrative Specialist 567,Somewhat Related,5
99-1593.99,Transportation Specialist 376,99-1840.49,Legal Specialist 623,Closely Related,1
99-1593.99,Transportation Specialist 376,99-1915.25,Agriculture Specialist 698,Related,2
99-1593.99,Transportation Specialist 376,99-1526.32,Science Specialist 309,Somewhat Related,3
99-1593.99,Transportation Specialist 376,17-2141.02,Automotive Engineers,Somewhat Related,4
99-1593.99,Transportation Specialist 376,99-2001.12,Arts / Media Specialist 784,Somewhat Related,5
99-1594.01,Sales Specialist 377,15-1255.00,Web and Digital Interface Designers,Closely Related,1
99-1594.01,Sales Specialist 377,99-2011.22,Legal Specialist 794,Related,2
99-1595.02,Administrative Specialist 378,99-1834.43,Agriculture Specialist 617,Closely Related,1
99-1595.02,Administrative Specialist 378,99-1503.09,Transportation Specialist 286,Related,2
99-1595.02,Administrative Specialist 378,99-1482.87,Social Services Specialist 265,Somewhat Related,3
99-1595.02,Administrative Specialist 378,99-1614.21,Arts / Media Specialist 397,Somewhat Related,4
99-1595.02,Administrative Specialist 378,99-1642.49,Legal Specialist 425,Somewhat Related,5
99-1596.03,Arts / Media Specialist 379,99-1336.40,Legal Specialist 119,Closely Related,1
99-1596.03,Arts / Media Specialist 379,99-1505.11,Administrative Specialist 288,Related,2
99-1596.03,Arts / Media Specialist 379,99-1232.35,Manufacturing Specialist 15,Somewhat Related,3
99-1597.04,Legal Specialist 380,99-1338.42,Social Services Specialist 121,Closely Related,1
99-1597.04,Legal Specialist 380,99-1489.94,Legal Specialist 272,Related,2
99-1597.04,Legal Specialist 380,99-1253.56,Administrative Specialist 36,Somewhat Related,3
99-1597.04,Legal Specialist 380,99-1264.67,Legal Specialist 47,Somewhat Related,4
99-1597.04,Legal Specialist 380,15-1221.00,Computer and Information Research Scientists,Somewhat Related,5
99-1598.05,Science Specialist 381,99-1534.40,Legal Specialist 317,Closely Related,1
99-1598.05,Science Specialist 381,99-1949.59,Science Specialist 732,Related,2
99-1598.05,Science Specialist 381,11-9121.00,Natural Sciences Managers,Somewhat Related,3
99-1598.05,Science Specialist 381,99-1582.88,Agriculture Specialist 365,Somewhat Related,4
99-1599.06,Social Services Specialist 382,99-1542.48,Arts / Media Specialist 325,Closely Related,1
99-1599.06,Social Services Specialist 382,25-3041.00,Tutors,Related,2
99-1599.06,Social Services Specialist 382,99-1315.19,Sales Specialist 98,Somewhat Related,3
99-1600.07,Agriculture Specialist 383,13-1081.00,Logisticians,Closely Related,1
99-1600.07,Agriculture Specialist 383,11-1011.00,Chief Executives,Related,2
99-1600.07,Agriculture Specialist 383,99-1416.21,Arts / Media Specialist 199,Somewhat Related,3
99-1600.07,Agriculture Specialist 383,99-1645.52,Agriculture Specialist 428,Somewhat Related,4
99-1600.07,Agriculture Specialist 383,99-1669.76,Legal Specialist 452,Somewhat Related,5
99-1601.08,Manufacturing Specialist 384,99-1566.72,Transportation Specialist 349,Closely Related,1
99-1601.08,Manufacturing Specialist 384,11-9013.00,"Farmers, Ranchers, and Other Agricultural Managers",Related,2
99-1601.08,Manufacturing Specialist 384,99-1656.63,Transportation Specialist 439,Somewhat Related,3
99-1601.08,Manufacturing Specialist 384,99-1251.54,Transportation Specialist 34,Somewhat Related,4
99-1601.08,Manufacturing Specialist 384,99-1270.73,Sales Specialist 53,Somewhat Related,5
99-1602.09,Transportation Specialist 385,25-2011.00,"Preschool Teachers, Except Special Education",Closely Related,1
99-1602.09,Transportation Specialist 385,11-3121.00,Human Resources Managers,Related,2
99-1602.09,Transportation Specialist 385,47-2171.00,Reinforcing Iron and Rebar Workers,Somewhat Related,3
99-1602.09,Transportation Specialist 385,99-1795.04,Legal Specialist 578,Somewhat Related,4
99-1603.10,Sales Specialist 386,99-1934.44,Manufacturing Specialist 717,Closely Related,1
99-1603.10,Sales Specialist 386,99-1862.71,Manufacturing Specialist 645,Related,2
99-1604.11,Administrative Specialist 387,13-1081.00,Logisticians,Closely Related,1
99-1604.11,Administrative Specialist 387,99-1698.06,Social Services Specialist 481,Related,2
99-1604.11,Administrative Specialist 387,13-1022.00,"Wholesale and Retail Buyers, Except Farm Products",Somewhat Related,3
99-1604.11,Administrative Specialist 387,99-1746.54,Transportation Specialist 529,Somewhat Related,4
99-1604.11,Administrative Specialist 387,99-1677.84,Arts / Media Specialist 460,Somewhat Related,5
99-1605.12,Arts / Media Specialist 388,99-1408.13,Legal Specialist 191,Closely Related,1
99-1605.12,Arts / Media Specialist 388,99-1406.11,Administrative Specialist 189,Related,2
99-1605.12,Arts / Media Specialist 388,99-1978.88,Agriculture Specialist 761,Somewhat Related,3
99-1606.13,Legal Specialist 389,99-1567.73,Sales Specialist 350,Closely Related,1
99-1606.13,Legal Specialist 389,17-2031.00,Bioengineers and Biomedical Engineers,Related,2
99-1606.13,Legal Specialist 389,99-1485.90,Transportation Specialist 268,Somewhat Related,3
99-1606.13,Legal Specialist 389,25-2053.00,"Special Education Teachers, Elementary School",Somewhat Related,4
99-1607.14,Science Specialist 390,99-1867.76,Legal Specialist 650,Closely Related,1
99-1607.14,Science Specialist 390,99-1264.67,Legal Specialist 47,Related,2
99-1607.14,Science Specialist 390,99-1415.20,Administrative Specialist 198,Somewhat Related,3
99-1608.15,Social Services Specialist 391,99-1706.14,Science Specialist 489,Closely Related,1
99-1608.15,Social Services Specialist 391,99-1384.88,Agriculture Specialist 167,Related,2
99-1608.15,Social Services Specialist 391,11-3071.00,"Transportation, Storage, and Distribution Managers",Somewhat Related,3
99-1609.16,Agriculture Specialist 392,99-1274.77,Science Specialist 57,Closely Related,1
99-1609.16,Agriculture Specialist 392,99-1279.82,Sales Specialist 62,Related,2
99-1609.16,Agriculture Specialist 392,99-2012.23,Science Specialist 795,Somewhat Related,3
99-1609.16,Agriculture Specialist 392,99-1563.69,Social Services Specialist 346,Somewhat Related,4
99-1609.16,Agriculture Specialist 392,99-1725.33,Social Services Specialist 508,Somewhat Related,5
99-1610.17,Manufacturing Specialist 393,99-1819.28,Sales Specialist 602,Closely Related,1
99-1610.17,Manufacturing Specialist 393,99-1897.07,Agriculture Specialist 680,Related,2
99-1611.18,Transportation Specialist 394,99-1445.50,Science Specialist 228,Closely Related,1
99-1611.18,Transportation Specialist 394,99-1813.22,Legal Specialist 596,Related,2
99-1611.18,Transportation Specialist 394,99-1742.50,Science Specialist 525,Somewhat Related,3
99-1611.18,Transportation Specialist 394,99-1267.70,Agriculture Specialist 50,Somewhat Related,4
99-1612.19,Sales Specialist 395,25-2055.00,"Special Education Teachers, All Other",Closely Related,1
99-1612.19,Sales Specialist 395,99-1969.79,Agriculture Specialist 752,Related,2
99-1612.19,Sales Specialist 395,99-1654.61,Agriculture Specialist 437,Somewhat Related,3
99-1613.20,Administrative Specialist 396,99-1438.43,Agriculture Specialist 221,Closely Related,1
99-1613.20,Administrative Specialist 396,99-2007.18,Transportation Specialist 790,Related,2
99-1613.20,Administrative Specialist 396,25-1021.00,"Computer Science Teachers, Postsecondary",Somewhat Related,3
99-1614.21,Arts / Media Specialist 397,99-1225.28,Sales Specialist 8,Closely Related,1
99-1614.21,Arts / Media Specialist 397,25-1032.00,"Vocational Education Teachers, Postsecondary",Related,2
99-1614.21,Arts / Media Specialist 397,99-1745.53,Manufacturing Specialist 528,Somewhat Related,3
99-1614.21,Arts / Media Specialist 397,99-1905.15,Social Services Specialist 688,Somewhat Related,4
99-1615.22,Legal Specialist 398,99-1889.98,Manufacturing Specialist 672,Closely Related,1
99-1615.22,Legal Specialist 398,99-1711.19,Sales Specialist 494,Related,2
99-1616.23,Science Specialist 399,99-1905.15,Social Services Specialist 688,Closely Related,1
99-1616.23,Science Specialist 399,99-1300.04,Legal Specialist 83,Related,2
99-1616.23,Science Specialist 399,99-1830.39,Arts / Media Specialist 613,Somewhat Related,3
99-1617.24,Social Services Specialist 400,99-1999.10,Sales Specialist 782,Closely Related,1
99-1617.24,Social Services Specialist 400,99-1875.84,Arts / Media Specialist 658,Related,2
99-1617.24,Social Services Specialist 400,99-1932.42,Social Services Specialist 715,Somewhat Related,3
99-1618.25,Agriculture Specialist 401,25-1122.00,"Communications Teachers, Postsecondary",Closely Related,1
99-1618.25,Agriculture Specialist 401,99-1831.40,Legal Specialist 614,Related,2
99-1618.25,Agriculture Specialist 401,99-1218.21,Arts / Media Specialist 1,Somewhat Related,3
99-1618.25,Agriculture Specialist 401,99-1655.62,Manufacturing Specialist 438,Somewhat Related,4
99-1619.26,Manufacturing Specialist 402,99-1382.86,Science Specialist 165,Closely Related,1
99-1619.26,Manufacturing Specialist 402,99-1364.68,Science Specialist 147,Related,2
99-1619.26,Manufacturing Specialist 402,99-1922.32,Science Specialist 705,Somewhat Related,3
99-1620.27,Transportation Specialist 403,99-1998.09,Transportation Specialist 781,Closely Related,1
99-1620.27,Transportation Specialist 403,99-1640.47,Administrative Specialist 423,Related,2
99-1620.27,Transportation Specialist 403,99-1933.43,Agriculture Specialist 716,Somewhat Related,3
99-1621.28,Sales Specialist 404,99-1803.12,Arts / Media Specialist 586,Closely Related,1
99-1621.28,Sales Specialist 404,99-1960.70,Agriculture Specialist 743,Related,2
99-1621.28,Sales Specialist 404,99-1359.63,Transportation Specialist 142,Somewhat Related,3
99-1622.29,Administrative Specialist 405,11-9131.00,Postmasters and Mail Superintendents,Closely Related,1
99-1622.29,Administrative Specialist 405,13-1161.00,Market Research Analysts and Marketing Specialists,Related,2
99-1622.29,Administrative Specialist 405,99-1897.07,Agriculture Specialist 680,Somewhat Related,3
99-1623.30,Arts / Media Specialist 406,15-2041.00,Statisticians,Closely Related,1
99-1623.30,Arts / Media Specialist 406,99-1742.50,Science Specialist 525,Related,2
99-1623.30,Arts / Media Specialist 406,99-1968.78,Social Services Specialist 751,Somewhat Related,3
99-1623.30,Arts / Media Specialist 406,99-1459.64,Sales Specialist 242,Somewhat Related,4
99-1624.31,Legal Specialist 407,99-1923.33,Social Services Specialist 706,Closely Related,1
99-1624.31,Legal Specialist 407,99-1789.97,Agriculture Specialist 572,Related,2
99-1624.31,Legal Specialist 407,99-1922.32,Science Specialist 705,Somewhat Related,3
99-1624.31,Legal Specialist 407,99-1636.43,Agriculture Specialist 419,Somewhat Related,4
99-1625.32,Science Specialist 408,99-1846.55,Sales Specialist 629,Closely Related,1
99-1625.32,Science Specialist 408,99-1989.99,Transportation Specialist 772,Related,2
99-1625.32,Science Specialist 408,99-1827.36,Transportation Specialist 610,Somewhat Related,3
99-1625.32,Science Specialist 408,99-1498.04,Legal Specialist 281,Somewhat Related,4
99-1625.32,Science Specialist 408,17-2141.02,Automotive Engineers,Somewhat Related,5
99-1626.33,Social Services Specialist 409,99-1430.35,Manufacturing Specialist 213,Closely Related,1
99-1626.33,Social Services Specialist 409,13-1121.00,"Meeting, Convention, and Event Planners",Related,2
99-1626.33,Social Services Specialist 409,99-1318.22,Legal Specialist 101,Somewhat Related,3
99-1626.33,Social Services Specialist 409,99-1732.40,Legal Specialist 515,Somewhat Related,4
99-1626.33,Social Services Specialist 409,99-1788.96,Social Services Specialist 571,Somewhat Related,5
99-1627.34,Agriculture Specialist 410,11-9033.00,"Education Administrators, Postsecondary",Closely Related,1
99-1627.34,Agriculture Specialist 410,99-1609.16,Agriculture Specialist 392,Related,2
99-1627.34,Agriculture Specialist 410,99-1938.48,Arts / Media Specialist 721,Somewhat Related,3
99-1627.34,Agriculture Specialist 410,99-1835.44,Manufacturing Specialist 618,Somewhat Related,4
99-1628.35,Manufacturing Specialist 411,99-1299.03,Arts / Media Specialist 82,Closely Related,1
99-1628.35,Manufacturing Specialist 411,99-1384.88,Agriculture Specialist 167,Related,2
99-1628.35,Manufacturing Specialist 411,99-1510.16,Agriculture Specialist 293,Somewhat Related,3
99-1629.36,Transportation Specialist 412,99-1233.36,Transportation Specialist 16,Closely Related,1
99-1629.36,Transportation Specialist 412,15-1232.00,Computer User Support Specialists,Related,2
99-1629.36,Transportation Specialist 412,99-1240.43,Agriculture Specialist 23,Somewhat Related,3
99-1630.37,Sales Specialist 413,11-9033.00,"Education Administrators, Postsecondary",Closely Related,1
99-1630.37,Sales Specialist 413,99-1399.04,Legal Specialist 182,Related,2
99-1630.37,Sales Specialist 413,99-1451.56,Administrative Specialist 234,Somewhat Related,3
99-1631.38,Administrative Specialist 414,99-1283.86,Science Specialist 66,Closely Related,1
99-1631.38,Administrative Specialist 414,99-1223.26,Manufacturing Specialist 6,Related,2
99-1631.38,Administrative Specialist 414,25-1064.00,"Geography Teachers, Postsecondary",Somewhat Related,3
99-1631.38,Administrative Specialist 414,99-1572.78,Social Services Specialist 355,Somewhat Related,4
99-1631.38,Administrative Specialist 414,99-1809.18,Transportation Specialist 592,Somewhat Related,5
99-1632.39,Arts / Media Specialist 415,99-1731.39,Arts / Media Specialist 514,Closely Related,1
99-1632.39,Arts / Media Specialist 415,15-2031.00,Operations Research Analysts,Related,2
99-1633.40,Legal Specialist 416,99-1677.84,Arts / Media Specialist 460,Closely Related,1
99-1633.40,Legal Specialist 416,99-1376.80,Manufacturing Specialist 159,Related,2
99-1634.41,Science Specialist 417,99-1694.02,Administrative Specialist 477,Closely Related,1
99-1634.41,Science Specialist 417,99-1563.69,Social Services Specialist 346,Related,2
99-1634.41,Science Specialist 417,99-1760.68,Science Specialist 543,Somewhat Related,3
99-1635.42,Social Services Specialist 418,13-1161.00,Market Research Analysts and Marketing Specialists,Closely Related,1
99-1635.42,Social Services Specialist 418,99-1848.57,Arts / Media Specialist 631,Related,2
99-1635.42,Social Services Specialist 418,99-1660.67,Legal Specialist 443,Somewhat Related,3
99-1635.42,Social Services Specialist 418,99-1397.02,Administrative Specialist 180,Somewhat Related,4
99-1635.42,Social Services Specialist 418,99-1432.37,Sales Specialist 215,Somewhat Related,5
99-1636.43,Agriculture Specialist 419,25-1011.00,"Business Teachers, Postsecondary",Closely Related,1
99-1636.43,Agriculture Specialist 419,11-9199.00,"Managers, All Other",Related,2
99-1636.43,Agriculture Specialist 419,99-1354.58,Legal Specialist 137,Somewhat Related,3
99-1636.43,Agriculture Specialist 419,99-1906.16,Agriculture Specialist 689,Somewhat Related,4
99-1636.43,Agriculture Specialist 419,99-1720.28,Sales Specialist 503,Somewhat Related,5
99-1637.44,Manufacturing Specialist 420,99-1438.43,Agriculture Specialist 221,Closely Related,1
99-1637.44,Manufacturing Specialist 420,99-1239.42,Social Services Specialist 22,Related,2
99-1638.45,Transportation Specialist 421,99-1955.65,Administrative Specialist 738,Closely Related,1
99-1638.45,Transportation Specialist 421,99-1440.45,Transportation Specialist 223,Related,2
99-1638.45,Transportation Specialist 421,13-2061.00,Financial Examiners,Somewhat Related,3
99-1639.46,Sales Specialist 422,99-1232.35,Manufacturing Specialist 15,Closely Related,1
99-1639.46,Sales Specialist 422,99-1927.37,Sales Specialist 710,Related,2
99-1639.46,Sales Specialist 422,99-1603.10,Sales Specialist 386,Somewhat Related,3
99-1639.46,Sales Specialist 422,13-1011.00,"Agents and Business Managers of Artists, Performers, and Athletes",Somewhat Related,4
99-1640.47,Administrative Specialist 423,25-1082.00,"Library Science Teachers, Postsecondary",Closely Related,1
99-1640.47,Administrative Specialist 423,99-1476.81,Transportation Specialist 259,Related,2
99-1640.47,Administrative Specialist 423,99-2000.11,Administrative Specialist 783,Somewhat Related,3
99-1640.47,Administrative Specialist 423,25-1066.00,"Psychology Teachers, Postsecondary",Somewhat Related,4
99-1640.47,Administrative Specialist 423,99-1815.24,Social Services Specialist 598,Somewhat Related,5
99-1641.48,Arts / Media Specialist 424,25-1065.00,"Political Science Teachers, Postsecondary",Closely Related,1
99-1641.48,Arts / Media Specialist 424,99-1453.58,Legal Specialist 236,Related,2
99-1641.48,Arts / Media Specialist 424,25-1125.00,"History Teachers, Postsecondary",Somewhat Related,3
99-1641.48,Arts / Media Specialist 424,99-1263.66,Arts / Media Specialist 46,Somewhat Related,4
99-1641.48,Arts / Media Specialist 424,99-1686.93,Arts / Media Specialist 469,Somewhat Related,5
99-1642.49,Legal Specialist 425,99-1848.57,Arts / Media Specialist 631,Closely Related,1
99-1642.49,Legal Specialist 425,15-2099.01,Bioinformatics Technicians,Related,2
99-1643.50,Science Specialist 426,99-1420.25,Agriculture Specialist 203,Closely Related,1
99-1643.50,Science Specialist 426,99-1970.80,Manufacturing Specialist 753,Related,2
99-1643.50,Science Specialist 426,99-1845.54,Transportation Specialist 628,Somewhat Related,3
99-1644.51,Social Services Specialist 427,17-1012.00,Landscape Architects,Closely Related,1
99-1644.51,Social Services Specialist 427,99-1574.80,Manufacturing Specialist 357,Related,2
99-1644.51,Social Services Specialist 427,99-1846.55,Sales Specialist 629,Somewhat Related,3
99-1645.52,Agriculture Specialist 428,99-1283.86,Science Specialist 66,Closely Related,1
99-1645.52,Agriculture Specialist 428,99-1521.27,Transportation Specialist 304,Related,2
99-1646.53,Manufacturing Specialist 429,99-1855.64,Sales Specialist 638,Closely Related,1
99-1646.53,Manufacturing Specialist 429,99-1956.66,Arts / Media Specialist 739,Related,2
99-1647.54,Transportation Specialist 430,99-1982.92,Administrative Specialist 765,Closely Related,1
99-1647.54,Transportation Specialist 430,99-1364.68,Science Specialist 147,Related,2
99-1647.54,Transportation Specialist 430,99-1397.02,Administrative Specialist 180,Somewhat Related,3
99-1647.54,Transportation Specialist 430,99-1586.92,Administrative Specialist 369,Somewhat Related,4
99-1647.54,Transportation Specialist 430,99-1271.74,Administrative Specialist 54,Somewhat Related,5
99-1648.55,Sales Specialist 431,17-2072.00,"Electronics Engineers, Except Computer",Closely Related,1
99-1648.55,Sales Specialist 431,25-1071.00,"Health Specialties Teachers, Postsecondary",Related,2
99-1649.56,Administrative Specialist 432,99-1713.21,Arts / Media Specialist 496,Closely Related,1
99-1649.56,Administrative Specialist 432,99-2010.21,Arts / Media Specialist 793,Related,2
99-1650.57,Arts / Media Specialist 433,25-1191.00,Graduate Teaching Assistants,Closely Related,1
99-1650.57,Arts / Media Specialist 433,99-1726.34,Agriculture Specialist 509,Related,2
99-1650.57,Arts / Media Specialist 433,25-1011.00,"Business Teachers, Postsecondary",Somewhat Related,3
99-1651.58,Legal Specialist 434,17-2051.00,Civil Engineers,Closely Related,1
99-1651.58,Legal Specialist 434,99-1428.33,Social Services Specialist 211,Related,2
99-1651.58,Legal Specialist 434,99-1450.55,Sales Specialist 233,Somewhat Related,3
99-1652.59,Science Specialist 435,99-1540.46,Sales Specialist 323,Closely Related,1
99-1652.59,Science Specialist 435,29-1063.00,"Internists, General",Related,2
99-1653.60,Social Services Specialist 436,99-1606.13,Legal Specialist 389,Closely Related,1
99-1653.60,Social Services Specialist 436,99-1429.34,Agriculture Specialist 212,Related,2
99-1653.60,Social Services Specialist 436,99-1437.42,Social Services Specialist 220,Somewhat Related,3
99-1654.61,Agriculture Specialist 437,99-1231.34,Agriculture Specialist 14,Closely Related,1
99-1654.61,Agriculture Specialist 437,99-1854.63,Transportation Specialist 637,Related,2
99-1655.62,Manufacturing Specialist 438,99-1968.78,Social Services Specialist 751,Closely Related,1
99-1655.62,Manufacturing Specialist 438,99-1969.79,Agriculture Specialist 752,Related,2
99-1656.63,Transportation Specialist 439,11-9141.00,"Property, Real Estate, and Community Association Managers",Closely Related,1
99-1656.63,Transportation Specialist 439,99-1740.48,Arts / Media Specialist 523,Related,2
99-1656.63,Transportation Specialist 439,99-1516.22,Legal Specialist 299,Somewhat Related,3
99-1657.64,Sales Specialist 440,47-2211.00,Sheet Metal Workers,Closely Related,1
99-1657.64,Sales Specialist 440,99-1313.17,Manufacturing Specialist 96,Related,2
99-1658.65,Administrative Specialist 441,99-1245.48,Arts / Media Specialist 28,Closely Related,1
99-1658.65,Administrative Specialist 441,99-1752.60,Social Services Specialist 535,Related,2
99-1658.65,Administrative Specialist 441,99-1452.57,Arts / Media Specialist 235,Somewhat Related,3
99-1658.65,Administrative Specialist 441,99-1469.74,Administrative Specialist 252,Somewhat Related,4
99-1659.66,Arts / Media Specialist 442,99-1642.49,Legal Specialist 425,Closely Related,1
99-1659.66,Arts / Media Specialist 442,99-1982.92,Administrative Specialist 765,Related,2
99-1659.66,Arts / Media Specialist 442,99-1985.95,Science Specialist 768,Somewhat Related,3
99-1660.67,Legal Specialist 443,99-1928.38,Administrative Specialist 711,Closely Related,1
99-1660.67,Legal Specialist 443,15-1221.00,Computer and Information Research Scientists,Related,2
99-1660.67,Legal Specialist 443,99-1346.50,Science Specialist 129,Somewhat Related,3
99-1661.68,Science Specialist 444,11-9041.00,Architectural and Engineering Managers,Closely Related,1
99-1661.68,Science Specialist 444,99-1721.29,Administrative Specialist 504,Related,2
99-1661.68,Science Specialist 444,99-1370.74,Administrative Specialist 153,Somewhat Related,3
99-1661.68,Science Specialist 444,99-1570.76,Legal Specialist 353,Somewhat Related,4
99-1662.69,Social Services Specialist 445,99-1492.97,Agriculture Specialist 275,Closely Related,1
99-1662.69,Social Services Specialist 445,99-1660.67,Legal Specialist 443,Related,2
99-1663.70,Agriculture Specialist 446,25-1067.00,"Sociology Teachers, Postsecondary",Closely Related,1
99-1663.70,Agriculture Specialist 446,99-1476.81,Transportation Specialist 259,Related,2
99-1663.70,Agriculture Specialist 446,99-1609.16,Agriculture Specialist 392,Somewhat Related,3
99-1664.71,Manufacturing Specialist 447,99-1425.30,Arts / Media Specialist 208,Closely Related,1
99-1664.71,Manufacturing Specialist 447,99-1843.52,Agriculture Specialist 626,Related,2
99-1664.71,Manufacturing Specialist 447,99-1695.03,Arts / Media Specialist 478,Somewhat Related,3
99-1664.71,Manufacturing Specialist 447,99-1236.39,Arts / Media Specialist 19,Somewhat Related,4
99-1664.71,Manufacturing Specialist 447,99-1679.86,Science Specialist 462,Somewhat Related,5
99-1665.72,Transportation Specialist 448,99-1922.32,Science Specialist 705,Closely Related,1
99-1665.72,Transportation Specialist 448,99-1531.37,Sales Specialist 314,Related,2
99-1665.72,Transportation Specialist 448,99-1516.22,Legal Specialist 299,Somewhat Related,3
99-1665.72,Transportation Specialist 448,99-1403.08,Manufacturing Specialist 186,Somewhat Related,4
99-1665.72,Transportation Specialist 448,47-2221.00,Structural Iron and Steel Workers,Somewhat Related,5
99-1666.73,Sales Specialist 449,99-1494.99,Transportation Specialist 277,Closely Related,1
99-1666.73,Sales Specialist 449,99-1799.08,Manufacturing Specialist 582,Related,2
99-1666.73,Sales Specialist 449,11-9039.00,"Education Administrators, All Other",Somewhat Related,3
99-1667.74,Administrative Specialist 450,99-1336.40,Legal Specialist 119,Closely Related,1
99-1667.74,Administrative Specialist 450,99-1728.36,Transportation Specialist 511,Related,2
99-1667.74,Administrative Specialist 450,99-1863.72,Transportation Specialist 646,Somewhat Related,3
99-1667.74,Administrative Specialist 450,99-1239.42,Social Services Specialist 22,Somewhat Related,4
99-1667.74,Administrative Specialist 450,99-1715.23,Science Specialist 498,Somewhat Related,5
99-1668.75,Arts / Media Specialist 451,99-1388.92,Administrative Specialist 171,Closely Related,1
99-1668.75,Arts / Media Specialist 451,99-1596.03,Arts / Media Specialist 379,Related,2
99-1668.75,Arts / Media Specialist 451,25-1062.00,"Area, Ethnic, and Cultural Studies Teachers, Postsecondary",Somewhat Related,3
99-1669.76,Legal Specialist 452,99-1526.32,Science Specialist 309,Closely Related,1
99-1669.76,Legal Specialist 452,29-1215.00,Family Medicine Physicians,Related,2
99-1669.76,Legal Specialist 452,99-1327.31,Legal Specialist 110,Somewhat Related,3
99-1669.76,Legal Specialist 452,99-1965.75,Arts / Media Specialist 748,Somewhat Related,4
99-1670.77,Science Specialist 453,99-1439.44,Manufacturing Specialist 222,Closely Related,1
99-1670.77,Science Specialist 453,99-1441.46,Sales Specialist 224,Related,2
99-1670.77,Science Specialist 453,99-1645.52,Agriculture Specialist 428,Somewhat Related,3
99-1670.77,Science Specialist 453,99-1218.21,Arts / Media Specialist 1,Somewhat Related,4
99-1670.77,Science Specialist 453,99-1762.70,Agriculture Specialist 545,Somewhat Related,5
99-1671.78,Social Services Specialist 454,99-1541.47,Administrative Specialist 324,Closely Related,1
99-1671.78,Social Services Specialist 454,13-1071.00,Human Resources Specialists,Related,2
99-1671.78,Social Services Specialist 454,99-1708.16,Agriculture Specialist 491,Somewhat Related,3
99-1672.79,Agriculture Specialist 455,99-1584.90,Transportation Specialist 367,Closely Related,1
99-1672.79,Agriculture Specialist 455,99-1620.27,Transportation Specialist 403,Related,2
99-1672.79,Agriculture Specialist 455,99-1439.44,Manufacturing Specialist 222,Somewhat Related,3
99-1673.80,Manufacturing Specialist 456,99-1576.82,Sales Specialist 359,Closely Related,1
99-1673.80,Manufacturing Specialist 456,13-1023.00,"Purchasing Agents, Except Wholesale, Retail, and Farm Products",Related,2
99-1673.80,Manufacturing Specialist 456,99-1516.22,Legal Specialist 299,Somewhat Related,3
99-1673.80,Manufacturing Specialist 456,99-1509.15,Social Services Specialist 292,Somewhat Related,4
99-1674.81,Transportation Specialist 457,99-1439.44,Manufacturing Specialist 222,Closely Related,1
99-1674.81,Transportation Specialist 457,47-2141.00,"Painters, Construction and Maintenance",Related,2
99-1674.81,Transportation Specialist 457,29-1161.00,Nurse Midwives,Somewhat Related,3
99-1674.81,Transportation Specialist 457,99-1513.19,Sales Specialist 296,Somewhat Related,4
99-1674.81,Transportation Specialist 457,99-1495.01,Sales Specialist 278,Somewhat Related,5
99-1675.82,Sales Specialist 458,99-1652.59,Science Specialist 435,Closely Related,1
99-1675.82,Sales Specialist 458,99-1671.78,Social Services Specialist 454,Related,2
99-1675.82,Sales Specialist 458,99-1524.30,Arts / Media Specialist 307,Somewhat Related,3
99-1675.82,Sales Specialist 458,99-1817.26,Manufacturing Specialist 600,Somewhat Related,4
99-1675.82,Sales Specialist 458,99-1933.43,Agriculture Specialist 716,Somewhat Related,5
99-1676.83,Administrative Specialist 459,43-9111.00,Statistical Assistants,Closely Related,1
99-1676.83,Administrative Specialist 459,99-1977.87,Social Services Specialist 760,Related,2
99-1676.83,Administrative Specialist 459,99-1934.44,Manufacturing Specialist 717,Somewhat Related,3
99-1676.83,Administrative Specialist 459,11-1021.00,General and Operations Managers,Somewhat Related,4
99-1676.83,Administrative Specialist 459,99-1703.11,Administrative Specialist 486,Somewhat Related,5
99-1677.84,Arts / Media Specialist 460,99-1333.37,Sales Specialist 116,Closely Related,1
99-1677.84,Arts / Media Specialist 460,99-2013.24,Social Services Specialist 796,Related,2
99-1677.84,Arts / Media Specialist 460,99-1305.09,Transportation Specialist 88,Somewhat Related,3
99-1677.84,Arts / Media Specialist 460,99-1384.88,Agriculture Specialist 167,Somewhat Related,4
99-1677.84,Arts / Media Specialist 460,99-1299.03,Arts / Media Specialist 82,Somewhat Related,5
99-1678.85,Legal Specialist 461,99-2013.24,Social Services Specialist 796,Closely Related,1
99-1678.85,Legal Specialist 461,25-1032.00,"Vocational Education Teachers, Postsecondary",Related,2
99-1679.86,Science Specialist 462,99-1477.82,Sales Specialist 260,Closely Related,1
99-1679.86,Science Specialist 462,99-1765.73,Sales Specialist 548,Related,2
99-1679.86,Science Specialist 462,99-1883.92,Administrative Specialist 666,Somewhat Related,3
99-1679.86,Science Specialist 462,99-1673.80,Manufacturing Specialist 456,Somewhat Related,4
99-1680.87,Social Services Specialist 463,99-1294.97,Agriculture Specialist 77,Closely Related,1
99-1680.87,Social Services Specialist 463,99-1599.06,Social Services Specialist 382,Related,2
99-1680.87,Social Services Specialist 463,99-1429.34,Agriculture Specialist 212,Somewhat Related,3
99-1680.87,Social Services Specialist 463,99-1987.97,Agriculture Specialist 770,Somewhat Related,4
99-1681.88,Agriculture Specialist 464,99-1762.70,Agriculture Specialist 545,Closely Related,1
99-1681.88,Agriculture Specialist 464,99-1471.76,Legal Specialist 254,Related,2
99-1682.89,Manufacturing Specialist 465,99-2003.14,Science Specialist 786,Closely Related,1
99-1682.89,Manufacturing Specialist 465,99-1716.24,Social Services Specialist 499,Related,2
99-1682.89,Manufacturing Specialist 465,99-1795.04,Legal Specialist 578,Somewhat Related,3
99-1682.89,Manufacturing Specialist 465,99-1758.66,Arts / Media Specialist 541,Somewhat Related,4
99-1682.89,Manufacturing Specialist 465,99-1607.14,Science Specialist 390,Somewhat Related,5
99-1683.90,Transportation Specialist 466,99-1530.36,Transportation Specialist 313,Closely Related,1
99-1683.90,Transportation Specialist 466,99-1551.57,Arts / Media Specialist 334,Related,2
99-1683.90,Transportation Specialist 466,13-1051.00,Cost Estimators,Somewhat Related,3
99-1683.90,Transportation Specialist 466,99-1644.51,Social Services Specialist 427,Somewhat Related,4
99-1684.91,Sales Specialist 467,11-9039.00,"Education Administrators, All Other",Closely Related,1
99-1684.91,Sales Specialist 467,99-1489.94,Legal Specialist 272,Related,2
99-1685.92,Administrative Specialist 468,11-3021.00,Computer and Information Systems Managers,Closely Related,1
99-1685.92,Administrative Specialist 468,99-1961.71,Manufacturing Specialist 744,Related,2
99-1685.92,Administrative Specialist 468,99-1907.17,Manufacturing Specialist 690,Somewhat Related,3
99-1686.93,Arts / Media Specialist 469,25-4022.00,Library Technicians,Closely Related,1
99-1686.93,Arts / Media Specialist 469,99-1895.05,Science Specialist 678,Related,2
99-1687.94,Legal Specialist 470,11-9121.00,Natural Sciences Managers,Closely Related,1
99-1687.94,Legal Specialist 470,99-1378.82,Sales Specialist 161,Related,2
99-1687.94,Legal Specialist 470,99-1704.12,Arts / Media Specialist 487,Somewhat Related,3
99-1688.95,Science Specialist 471,99-1640.47,Administrative Specialist 423,Closely Related,1
99-1688.95,Science Specialist 471,99-1820.29,Administrative Specialist 603,Related,2
99-1689.96,Social Services Specialist 472,47-2221.00,Structural Iron and Steel Workers,Closely Related,1
99-1689.96,Social Services Specialist 472,99-1436.41,Science Specialist 219,Related,2
99-1689.96,Social Services Specialist 472,99-1294.97,Agriculture Specialist 77,Somewhat Related,3
99-1689.96,Social Services Specialist 472,99-1577.83,Administrative Specialist 360,Somewhat Related,4
99-1689.96,Social Services Specialist 472,99-1336.40,Legal Specialist 119,Somewhat Related,5
99-1690.97,Agriculture Specialist 473,17-2111.00,Health and Safety Engineers,Closely Related,1
99-1690.97,Agriculture Specialist 473,11-3031.00,Financial Managers,Related,2
99-1690.97,Agriculture Specialist 473,99-2006.17,Manufacturing Specialist 789,Somewhat Related,3
99-1691.98,Manufacturing Specialist 474,99-1532.38,Administrative Specialist 315,Closely Related,1
99-1691.98,Manufacturing Specialist 474,15-1243.00,Database Architects,Related,2
99-1691.98,Manufacturing Specialist 474,99-1338.42,Social Services Specialist 121,Somewhat Related,3
99-1692.99,Transportation Specialist 475,99-1263.66,Arts / Media Specialist 46,Closely Related,1
99-1692.99,Transportation Specialist 475,11-3051.00,Industrial Production Managers,Related,2
99-1692.99,Transportation Specialist 475,99-1305.09,Transportation Specialist 88,Somewhat Related,3
99-1692.99,Transportation Specialist 475,99-1460.65,Administrative Specialist 243,Somewhat Related,4
99-1693.01,Sales Specialist 476,99-1656.63,Transportation Specialist 439,Closely Related,1
99-1693.01,Sales Specialist 476,99-1658.65,Administrative Specialist 441,Related,2
99-1693.01,Sales Specialist 476,99-1547.53,Manufacturing Specialist 330,Somewhat Related,3
99-1694.02,Administrative Specialist 477,99-1340.44,Manufacturing Specialist 123,Closely Related,1
99-1694.02,Administrative Specialist 477,99-1667.74,Administrative Specialist 450,Related,2
99-1694.02,Administrative Specialist 477,99-1786.94,Legal Specialist 569,Somewhat Related,3
99-1694.02,Administrative Specialist 477,99-1356.60,Social Services Specialist 139,Somewhat Related,4
99-1694.02,Administrative Specialist 477,99-1706.14,Science Specialist 489,Somewhat Related,5
99-1695.03,Arts / Media Specialist 478,99-1991.02,Administrative Specialist 774,Closely Related,1
99-1695.03,Arts / Media Specialist 478,99-1578.84,Arts / Media Specialist 361,Related,2
99-1695.03,Arts / Media Specialist 478,99-1866.75,Arts / Media Specialist 649,Somewhat Related,3
99-1695.03,Arts / Media Specialist 478,99-1918.28,Sales Specialist 701,Somewhat Related,4
99-1696.04,Legal Specialist 479,99-1418.23,Science Specialist 201,Closely Related,1
99-1696.04,Legal Specialist 479,99-1933.43,Agriculture Specialist 716,Related,2
99-1696.04,Legal Specialist 479,25-2054.00,"Special Education Teachers, Secondary School",Somewhat Related,3
99-1696.04,Legal Specialist 479,99-1434.39,Arts / Media Specialist 217,Somewhat Related,4
99-1697.05,Science Specialist 480,99-1337.41,Science Specialist 120,Closely Related,1
99-1697.05,Science Specialist 480,99-1605.12,Arts / Media Specialist 388,Related,2
99-1697.05,Science Specialist 480,11-9031.00,"Education and Childcare Administrators, Preschool and Daycare",Somewhat Related,3
99-1697.05,Science Specialist 480,99-1218.21,Arts / Media Specialist 1,Somewhat Related,4
99-1697.05,Science Specialist 480,99-1858.67,Legal Specialist 641,Somewhat Related,5
99-1698.06,Social Services Specialist 481,99-1795.04,Legal Specialist 578,Closely Related,1
99-1698.06,Social Services Specialist 481,99-1899.09,Transportation Specialist 682,Related,2
99-1698.06,Social Services Specialist 481,99-1413.18,Transportation Specialist 196,Somewhat Related,3
99-1698.06,Social Services Specialist 481,99-1617.24,Social Services Specialist 400,Somewhat Related,4
99-1699.07,Agriculture Specialist 482,99-1365.69,Social Services Specialist 148,Closely Related,1
99-1699.07,Agriculture Specialist 482,15-1221.00,Computer and Information Research Scientists,Related,2
99-1699.07,Agriculture Specialist 482,25-1123.00,"English Language and Literature Teachers, Postsecondary",Somewhat Related,3
99-1700.08,Manufacturing Specialist 483,99-1619.26,Manufacturing Specialist 402,Closely Related,1
99-1700.08,Manufacturing Specialist 483,25-2012.00,"Kindergarten Teachers, Except Special Education",Related,2
99-1701.09,Transportation Specialist 484,99-1885.94,Legal Specialist 668,Closely Related,1
99-1701.09,Transportation Specialist 484,99-1820.29,Administrative Specialist 603,Related,2
99-1702.10,Sales Specialist 485,99-1591.97,Agriculture Specialist 374,Closely Related,1
99-1702.10,Sales Specialist 485,99-1705.13,Legal Specialist 488,Related,2
99-1703.11,Administrative Specialist 486,99-1568.74,Administrative Specialist 351,Closely Related,1
99-1703.11,Administrative Specialist 486,99-1351.55,Sales Specialist 134,Related,2
99-1704.12,Arts / Media Specialist 487,99-1280.83,Administrative Specialist 63,Closely Related,1
99-1704.12,Arts / Media Specialist 487,99-1596.03,Arts / Media Specialist 379,Related,2
99-1704.12,Arts / Media Specialist 487,99-1897.07,Agriculture Specialist 680,Somewhat Related,3
99-1704.12,Arts / Media Specialist 487,99-1932.42,Social Services Specialist 715,Somewhat Related,4
99-1705.13,Legal Specialist 488,29-1062.00,Family Medicine Physicians,Closely Related,1
99-1705.13,Legal Specialist 488,99-1239.42,Social Services Specialist 22,Related,2
99-1705.13,Legal Specialist 488,99-1614.21,Arts / Media Specialist 397,Somewhat Related,3
99-1706.14,Science Specialist 489,99-1260.63,Transportation Specialist 43,Closely Related,1
99-1706.14,Science Specialist 489,25-2011.00,"Preschool Teachers, Except Special Education",Related,2
99-1707.15,Social Services Specialist 490,17-2131.00,Materials Engineers,Closely Related,1
99-1707.15,Social Services Specialist 490,99-1936.46,Sales Specialist 719,Related,2
99-1707.15,Social Services Specialist 490,99-1757.65,Administrative Specialist 540,Somewhat Related,3
99-1708.16,Agriculture Specialist 491,47-2111.00,Electricians,Closely Related,1
99-1708.16,Agriculture Specialist 491,99-1507.13,Legal Specialist 290,Related,2
99-1708.16,Agriculture Specialist 491,99-1539.45,Transportation Specialist 322,Somewhat Related,3
99-1709.17,Manufacturing Specialist 492,99-1240.43,Agriculture Specialist 23,Closely Related,1
99-1709.17,Manufacturing Specialist 492,99-1364.68,Science Specialist 147,Related,2
99-1709.17,Manufacturing Specialist 492,99-1421.26,Manufacturing Specialist 204,Somewhat Related,3
99-1709.17,Manufacturing Specialist 492,99-1716.24,Social Services Specialist 499,Somewhat Related,4
99-1709.17,Manufacturing Specialist 492,99-1237.40,Legal Specialist 20,Somewhat Related,5
99-1710.18,Transportation Specialist 493,99-1499.05,Science Specialist 282,Closely Related,1
99-1710.18,Transportation Specialist 493,25-1191.00,Graduate Teaching Assistants,Related,2
99-1710.18,Transportation Specialist 493,99-1579.85,Legal Specialist 362,Somewhat Related,3
99-1710.18,Transportation Specialist 493,99-1548.54,Transportation Specialist 331,Somewhat Related,4
99-1710.18,Transportation Specialist 493,11-9051.00,Food Service Managers,Somewhat Related,5
99-1711.19,Sales Specialist 494,99-1587.93,Arts / Media Specialist 370,Closely Related,1
99-1711.19,Sales Specialist 494,99-1872.81,Transportation Specialist 655,Related,2
99-1711.19,Sales Specialist 494,99-1997.08,Manufacturing Specialist 780,Somewhat Related,3
99-1711.19,Sales Specialist 494,99-1626.33,Social Services Specialist 409,Somewhat Related,4
99-1711.19,Sales Specialist 494,99-1410.15,Social Services Specialist 193,Somewhat Related,5
99-1712.20,Administrative Specialist 495,99-1344.48,Arts / Media Specialist 127,Closely Related,1
99-1712.20,Administrative Specialist 495,99-1592.98,Manufacturing Specialist 375,Related,2
99-1713.21,Arts / Media Specialist 496,99-1808.17,Manufacturing Specialist 591,Closely Related,1
99-1713.21,Arts / Media Specialist 496,25-1111.00,"Criminal Justice and Law Enforcement Teachers, Postsecondary",Related,2
99-1714.22,Legal Specialist 497,99-1522.28,Sales Specialist 305,Closely Related,1
99-1714.22,Legal Specialist 497,99-1518.24,Social Services Specialist 301,Related,2
99-1714.22,Legal Specialist 497,99-1615.22,Legal Specialist 398,Somewhat Related,3
99-1714.22,Legal Specialist 497,99-1917.27,Transportation Specialist 700,Somewhat Related,4
99-1714.22,Legal Specialist 497,99-1775.83,Administrative Specialist 558,Somewhat Related,5
99-1715.23,Science Specialist 498,11-3121.00,Human Resources Managers,Closely Related,1
99-1715.23,Science Specialist 498,99-1899.09,Transportation Specialist 682,Related,2
99-1715.23,Science Specialist 498,11-9071.00,Gaming Managers,Somewhat Related,3
99-1715.23,Science Specialist 498,99-2012.23,Science Specialist 795,Somewhat Related,4
99-1715.23,Science Specialist 498,15-1232.00,Computer User Support Specialists,Somewhat Related,5
99-1716.24,Social Services Specialist 499,99-1514.20,Administrative Specialist 297,Closely Related,1
99-1716.24,Social Services Specialist 499,99-1382.86,Science Specialist 165,Related,2
99-1716.24,Social Services Specialist 499,11-3021.00,Computer and Information Systems Managers,Somewhat Related,3
99-1717.25,Agriculture Specialist 500,99-1687.94,Legal Specialist 470,Closely Related,1
99-1717.25,Agriculture Specialist 500,99-1977.87,Social Services Specialist 760,Related,2
99-1717.25,Agriculture Specialist 500,99-2009.20,Administrative Specialist 792,Somewhat Related,3
99-1717.25,Agriculture Specialist 500,99-1570.76,Legal Specialist 353,Somewhat Related,4
99-1718.26,Manufacturing Specialist 501,99-1339.43,Agriculture Specialist 122,Closely Related,1
99-1718.26,Manufacturing Specialist 501,15-1299.04,Penetration Testers,Related,2
99-1718.26,Manufacturing Specialist 501,99-1885.94,Legal Specialist 668,Somewhat Related,3
99-1719.27,Transportation Specialist 502,99-1319.23,Science Specialist 102,Closely Related,1
99-1719.27,Transportation Specialist 502,99-1962.72,Transportation Specialist 745,Related,2
99-1719.27,Transportation Specialist 502,17-2141.01,Fuel Cell Engineers,Somewhat Related,3
99-1719.27,Transportation Specialist 502,99-1988.98,Manufacturing Specialist 771,Somewhat Related,4
99-1719.27,Transportation Specialist 502,99-1433.38,Administrative Specialist 216,Somewhat Related,5
99-1720.28,Sales Specialist 503,99-1409.14,Science Specialist 192,Closely Related,1
99-1720.28,Sales Specialist 503,17-2141.00,Mechanical Engineers,Related,2
99-1720.28,Sales Specialist 503,99-1895.05,Science Specialist 678,Somewhat Related,3
99-1720.28,Sales Specialist 503,99-1550.56,Administrative Specialist 333,Somewhat Related,4
99-1721.29,Administrative Specialist 504,99-1673.80,Manufacturing Specialist 456,Closely Related,1
99-1721.29,Administrative Specialist 504,99-1480.85,Legal Specialist 263,Related,2
99-1721.29,Administrative Specialist 504,99-1880.89,Manufacturing Specialist 663,Somewhat Related,3
99-1721.29,Administrative Specialist 504,99-1655.62,Manufacturing Specialist 438,Somewhat Related,4
99-1722.30,Arts / Media Specialist 505,99-1593.99,Transportation Specialist 376,Closely Related,1
99-1722.30,Arts / Media Specialist 505,99-1665.72,Transportation Specialist 448,Related,2
99-1722.30,Arts / Media Specialist 505,99-1899.09,Transportation Specialist 682,Somewhat Related,3
99-1722.30,Arts / Media Specialist 505,99-1594.01,Sales Specialist 377,Somewhat Related,4
99-1722.30,Arts / Media Specialist 505,99-1924.34,Agriculture Specialist 707,Somewhat Related,5
99-1723.31,Legal Specialist 506,99-1423.28,Sales Specialist 206,Closely Related,1
99-1723.31,Legal Specialist 506,99-1934.44,Manufacturing Specialist 717,Related,2
99-1723.31,Legal Specialist 506,99-1456.61,Agriculture Specialist 239,Somewhat Related,3
99-1724.32,Science Specialist 507,99-1296.99,Transportation Specialist 79,Closely Related,1
99-1724.32,Science Specialist 507,99-1966.76,Legal Specialist 749,Related,2
99-1724.32,Science Specialist 507,99-1840.49,Legal Specialist 623,Somewhat Related,3
99-1724.32,Science Specialist 507,99-1961.71,Manufacturing Specialist 744,Somewhat Related,4
99-1724.32,Science Specialist 507,99-1763.71,Manufacturing Specialist 546,Somewhat Related,5
99-1725.33,Social Services Specialist 508,99-1420.25,Agriculture Specialist 203,Closely Related,1
99-1725.33,Social Services Specialist 508,29-1125.00,Recreational Therapists,Related,2
99-1725.33,Social Services Specialist 508,25-1053.00,"Environmental Science Teachers, Postsecondary",Somewhat Related,3
99-1725.33,Social Services Specialist 508,99-1960.70,Agriculture Specialist 743,Somewhat Related,4
99-1726.34,Agriculture Specialist 509,99-1849.58,Legal Specialist 632,Closely Related,1
99-1726.34,Agriculture Specialist 509,99-1423.28,Sales Specialist 206,Related,2
99-1726.34,Agriculture Specialist 509,99-1694.02,Administrative Specialist 477,Somewhat Related,3
99-1726.34,Agriculture Specialist 509,25-2011.00,"Preschool Teachers, Except Special Education",Somewhat Related,4
99-1726.34,Agriculture Specialist 509,99-1935.45,Transportation Specialist 718,Somewhat Related,5
99-1727.35,Manufacturing Specialist 510,29-1051.00,Pharmacists,Closely Related,1
99-1727.35,Manufacturing Specialist 510,99-1605.12,Arts / Media Specialist 388,Related,2
99-1728.36,Transportation Specialist 511,13-1011.00,"Agents and Business Managers of Artists, Performers, and Athletes",Closely Related,1
99-1728.36,Transportation Specialist 511,99-1260.63,Transportation Specialist 43,Related,2
99-1728.36,Transportation Specialist 511,17-2041.00,Chemical Engineers,Somewhat Related,3
99-1728.36,Transportation Specialist 511,99-1471.76,Legal Specialist 254,Somewhat Related,4
99-1729.37,Sales Specialist 512,25-1054.00,"Physics Teachers, Postsecondary",Closely Related,1
99-1729.37,Sales Specialist 512,99-1826.35,Manufacturing Specialist 609,Related,2
99-1729.37,Sales Specialist 512,99-1682.89,Manufacturing Specialist 465,Somewhat Related,3
99-1730.38,Administrative Specialist 513,99-1309.13,Legal Specialist 92,Closely Related,1
99-1730.38,Administrative Specialist 513,99-1849.58,Legal Specialist 632,Related,2
99-1730.38,Administrative Specialist 513,99-1996.07,Agriculture Specialist 779,Somewhat Related,3
99-1730.38,Administrative Specialist 513,99-1769.77,Science Specialist 552,Somewhat Related,4
99-1731.39,Arts / Media Specialist 514,99-1775.83,Administrative Specialist 558,Closely Related,1
99-1731.39,Arts / Media Specialist 514,99-1243.46,Sales Specialist 26,Related,2
99-1731.39,Arts / Media Specialist 514,99-1549.55,Sales Specialist 332,Somewhat Related,3
99-1732.40,Legal Specialist 515,99-1358.62,Manufacturing Specialist 141,Closely Related,1
99-1732.40,Legal Specialist 515,25-1126.00,"Philosophy and Religion Teachers, Postsecondary",Related,2
99-1732.40,Legal Specialist 515,99-1416.21,Arts / Media Specialist 199,Somewhat Related,3
99-1733.41,Science Specialist 516,99-1935.45,Transportation Specialist 718,Closely Related,1
99-1733.41,Science Specialist 516,99-1636.43,Agriculture Specialist 419,Related,2
99-1734.42,Social Services Specialist 517,99-1501.07,Agriculture Specialist 284,Closely Related,1
99-1734.42,Social Services Specialist 517,11-3061.00,Purchasing Managers,Related,2
99-1734.42,Social Services Specialist 517,99-1469.74,Administrative Specialist 252,Somewhat Related,3
99-1735.43,Agriculture Specialist 518,11-3061.00,Purchasing Managers,Closely Related,1
99-1735.43,Agriculture Specialist 518,99-1641.48,Arts / Media Specialist 424,Related,2
99-1735.43,Agriculture Specialist 518,25-2011.00,"Preschool Teachers, Except Special Education",Somewhat Related,3
99-1735.43,Agriculture Specialist 518,99-1975.85,Legal Specialist 758,Somewhat Related,4
99-1735.43,Agriculture Specialist 518,99-1492.97,Agriculture Specialist 275,Somewhat Related,5
99-1736.44,Manufacturing Specialist 519,99-1351.55,Sales Specialist 134,Closely Related,1
99-1736.44,Manufacturing Specialist 519,99-1316.20,Administrative Specialist 99,Related,2
99-1736.44,Manufacturing Specialist 519,99-1382.86,Science Specialist 165,Somewhat Related,3
99-1736.44,Manufacturing Specialist 519,99-1566.72,Transportation Specialist 349,Somewhat Related,4
99-1737.45,Transportation Specialist 520,99-1987.97,Agriculture Specialist 770,Closely Related,1
99-1737.45,Transportation Specialist 520,99-1596.03,Arts / Media Specialist 379,Related,2
99-1737.45,Transportation Specialist 520,99-1365.69,Social Services Specialist 148,Somewhat Related,3
99-1737.45,Transportation Specialist 520,99-1736.44,Manufacturing Specialist 519,Somewhat Related,4
99-1737.45,Transportation Specialist 520,99-1324.28,Sales Specialist 107,Somewhat Related,5
99-1738.46,Sales Specialist 521,99-1467.72,Transportation Specialist 250,Closely Related,1
99-1738.46,Sales Specialist 521,99-1978.88,Agriculture Specialist 761,Related,2
99-1739.47,Administrative Specialist 522,99-1878.87,Social Services Specialist 661,Closely Related,1
99-1739.47,Administrative Specialist 522,99-1465.70,Agriculture Specialist 248,Related,2
99-1739.47,Administrative Specialist 522,99-1801.10,Sales Specialist 584,Somewhat Related,3
99-1739.47,Administrative Specialist 522,99-1703.11,Administrative Specialist 486,Somewhat Related,4
99-1740.48,Arts / Media Specialist 523,99-1410.15,Social Services Specialist 193,Closely Related,1
99-1740.48,Arts / Media Specialist 523,99-1744.52,Agriculture Specialist 527,Related,2
99-1740.48,Arts / Media Specialist 523,99-1732.40,Legal Specialist 515,Somewhat Related,3
99-1740.48,Arts / Media Specialist 523,99-1776.84,Arts / Media Specialist 559,Somewhat Related,4
99-1741.49,Legal Specialist 524,99-1521.27,Transportation Specialist 304,Closely Related,1
99-1741.49,Legal Specialist 524,99-1244.47,Administrative Specialist 27,Related,2
99-1741.49,Legal Specialist 524,99-1934.44,Manufacturing Specialist 717,Somewhat Related,3
99-1741.49,Legal Specialist 524,99-1943.53,Manufacturing Specialist 726,Somewhat Related,4
99-1742.50,Science Specialist 525,99-1559.65,Administrative Specialist 342,Closely Related,1
99-1742.50,Science Specialist 525,99-1793.02,Administrative Specialist 576,Related,2
99-1742.50,Science Specialist 525,99-1454.59,Science Specialist 237,Somewhat Related,3
99-1743.51,Social Services Specialist 526,99-1590.96,Social Services Specialist 373,Closely Related,1
99-1743.51,Social Services Specialist 526,99-1243.46,Sales Specialist 26,Related,2
99-1743.51,Social Services Specialist 526,99-1560.66,Arts / Media Specialist 343,Somewhat Related,3
99-1743.51,Social Services Specialist 526,99-1525.31,Legal Specialist 308,Somewhat Related,4
99-1743.51,Social Services Specialist 526,99-1738.46,Sales Specialist 521,Somewhat Related,5
99-1744.52,Agriculture Specialist 527,99-1489.94,Legal Specialist 272,Closely Related,1
99-1744.52,Agriculture Specialist 527,99-1855.64,Sales Specialist 638,Related,2
99-1744.52,Agriculture Specialist 527,99-1241.44,Manufacturing Specialist 24,Somewhat Related,3
99-1744.52,Agriculture Specialist 527,99-1507.13,Legal Specialist 290,Somewhat Related,4
99-1745.53,Manufacturing Specialist 528,99-1355.59,Science Specialist 138,Closely Related,1
99-1745.53,Manufacturing Specialist 528,99-1940.50,Science Specialist 723,Related,2
99-1745.53,Manufacturing Specialist 528,13-2081.00,"Tax Examiners and Collectors, and Revenue Agents",Somewhat Related,3
99-1745.53,Manufacturing Specialist 528,99-1953.63,Transportation Specialist 736,Somewhat Related,4
99-1745.53,Manufacturing Specialist 528,99-1774.82,Sales Specialist 557,Somewhat Related,5
99-1746.54,Transportation Specialist 529,99-1662.69,Social Services Specialist 445,Closely Related,1
99-1746.54,Transportation Specialist 529,25-1022.00,"Mathematical Science Teachers, Postsecondary",Related,2
99-1746.54,Transportation Specialist 529,99-1617.24,Social Services Specialist 400,Somewhat Related,3
99-1746.54,Transportation Specialist 529,99-1355.59,Science Specialist 138,Somewhat Related,4
99-1747.55,Sales Specialist 530,29-1171.00,Nurse Practitioners,Closely Related,1
99-1747.55,Sales Specialist 530,99-1616.23,Science Specialist 399,Related,2
99-1747.55,Sales Specialist 530,99-1695.03,Arts / Media Specialist 478,Somewhat Related,3
99-1747.55,Sales Specialist 530,99-1448.53,Manufacturing Specialist 231,Somewhat Related,4
99-1748.56,Administrative Specialist 531,99-1543.49,Legal Specialist 326,Closely Related,1
99-1748.56,Administrative Specialist 531,99-1221.24,Social Services Specialist 4,Related,2
99-1748.56,Administrative Specialist 531,99-1575.81,Transportation Specialist 358,Somewhat Related,3
99-1748.56,Administrative Specialist 531,99-1888.97,Agriculture Specialist 671,Somewhat Related,4
99-1749.57,Arts / Media Specialist 532,99-1220.23,Science Specialist 3,Closely Related,1
99-1749.57,Arts / Media Specialist 532,99-1309.13,Legal Specialist 92,Related,2
99-1749.57,Arts / Media Specialist 532,11-9051.00,Food Service Managers,Somewhat Related,3
99-1749.57,Arts / Media Specialist 532,99-1491.96,Social Services Specialist 274,Somewhat Related,4
99-1749.57,Arts / Media Specialist 532,99-1557.63,Transportation Specialist 340,Somewhat Related,5
99-1750.58,Legal Specialist 533,99-1685.92,Administrative Specialist 468,Closely Related,1
99-1750.58,Legal Specialist 533,99-1318.22,Legal Specialist 101,Related,2
99-1751.59,Science Specialist 534,99-1865.74,Administrative Specialist 648,Closely Related,1
99-1751.59,Science Specialist 534,99-1911.21,Arts / Media Specialist 694,Related,2
99-1752.60,Social Services Specialist 535,99-1767.75,Arts / Media Specialist 550,Closely Related,1
99-1752.60,Social Services Specialist 535,17-2161.00,Nuclear Engineers,Related,2
99-1752.60,Social Services Specialist 535,11-3061.00,Purchasing Managers,Somewhat Related,3
99-1752.60,Social Services Specialist 535,99-1740.48,Arts / Media Specialist 523,Somewhat Related,4
99-1752.60,Social Services Specialist 535,99-1922.32,Science Specialist 705,Somewhat Related,5
99-1753.61,Agriculture Specialist 536,99-1421.26,Manufacturing Specialist 204,Closely Related,1
99-1753.61,Agriculture Specialist 536,99-1715.23,Science Specialist 498,Related,2
99-1753.61,Agriculture Specialist 536,99-1263.66,Arts / Media Specialist 46,Somewhat Related,3
99-1753.61,Agriculture Specialist 536,29-1065.00,"Pediatricians, General",Somewhat Related,4
99-1753.61,Agriculture Specialist 536,25-4011.00,Archivists,Somewhat Related,5
99-1754.62,Manufacturing Specialist 537,47-2211.00,Sheet Metal Workers,Closely Related,1
99-1754.62,Manufacturing Specialist 537,99-1648.55,Sales Specialist 431,Related,2
99-1754.62,Manufacturing Specialist 537,99-1450.55,Sales Specialist 233,Somewhat Related,3
99-1755.63,Transportation Specialist 538,99-1365.69,Social Services Specialist 148,Closely Related,1
99-1755.63,Transportation Specialist 538,99-1637.44,Manufacturing Specialist 420,Related,2
99-1756.64,Sales Specialist 539,99-1327.31,Legal Specialist 110,Closely Related,1
99-1756.64,Sales Specialist 539,99-1739.47,Administrative Specialist 522,Related,2
99-1756.64,Sales Specialist 539,99-1914.24,Social Services Specialist 697,Somewhat Related,3
99-1756.64,Sales Specialist 539,99-1527.33,Social Services Specialist 310,Somewhat Related,4
99-1757.65,Administrative Specialist 540,17-2051.00,Civil Engineers,Closely Related,1
99-1757.65,Administrative Specialist 540,99-1299.03,Arts / Media Specialist 82,Related,2
99-1757.65,Administrative Specialist 540,99-1578.84,Arts / Media Specialist 361,Somewhat Related,3
99-1757.65,Administrative Specialist 540,15-1255.00,Web and Digital Interface Designers,Somewhat Related,4
99-1758.66,Arts / Media Specialist 541,29-1071.00,Physician Assistants,Closely Related,1
99-1758.66,Arts / Media Specialist 541,15-1299.08,Computer Systems Engineers/Architects,Related,2
99-1758.66,Arts / Media Specialist 541,99-1299.03,Arts / Media Specialist 82,Somewhat Related,3
99-1759.67,Legal Specialist 542,99-1797.06,Social Services Specialist 580,Closely Related,1
99-1759.67,Legal Specialist 542,99-1988.98,Manufacturing Specialist 771,Related,2
99-1759.67,Legal Specialist 542,99-1365.69,Social Services Specialist 148,Somewhat Related,3
99-1759.67,Legal Specialist 542,11-3061.00,Purchasing Managers,Somewhat Related,4
99-1760.68,Science Specialist 543,99-1492.97,Agriculture Specialist 275,Closely Related,1
99-1760.68,Science Specialist 543,25-1053.00,"Environmental Science Teachers, Postsecondary",Related,2
99-1760.68,Science Specialist 543,99-1890.99,Transportation Specialist 673,Somewhat Related,3
99-1760.68,Science Specialist 543,99-1927.37,Sales Specialist 710,Somewhat Related,4
99-1761.69,Social Services Specialist 544,99-1625.32,Science Specialist 408,Closely Related,1
99-1761.69,Social Services Specialist 544,99-1933.43,Agriculture Specialist 716,Related,2
99-1761.69,Social Services Specialist 544,99-1489.94,Legal Specialist 272,Somewhat Related,3
99-1762.70,Agriculture Specialist 545,99-1896.06,Social Services Specialist 679,Closely Related,1
99-1762.70,Agriculture Specialist 545,99-1699.07,Agriculture Specialist 482,Related,2
99-1762.70,Agriculture Specialist 545,99-1242.45,Transportation Specialist 25,Somewhat Related,3
99-1762.70,Agriculture Specialist 545,99-1587.93,Arts / Media Specialist 370,Somewhat Related,4
99-1762.70,Agriculture Specialist 545,99-1285.88,Agriculture Specialist 68,Somewhat Related,5
99-1763.71,Manufacturing Specialist 546,99-1431.36,Transportation Specialist 214,Closely Related,1
99-1763.71,Manufacturing Specialist 546,25-3021.00,Self-Enrichment Teachers,Related,2
99-1763.71,Manufacturing Specialist 546,99-1734.42,Social Services Specialist 517,Somewhat Related,3
99-1764.72,Transportation Specialist 547,25-3011.00,"Adult Basic Education, Adult Secondary Education, and English as a Second Language Instructors",Closely Related,1
99-1764.72,Transportation Specialist 547,99-1540.46,Sales Specialist 323,Related,2
99-1764.72,Transportation Specialist 547,99-1674.81,Transportation Specialist 457,Somewhat Related,3
99-1765.73,Sales Specialist 548,99-1660.67,Legal Specialist 443,Closely Related,1
99-1765.73,Sales Specialist 548,99-1244.47,Administrative Specialist 27,Related,2
99-1765.73,Sales Specialist 548,13-1022.00,"Wholesale and Retail Buyers, Except Farm Products",Somewhat Related,3
99-1765.73,Sales Specialist 548,99-1763.71,Manufacturing Specialist 546,Somewhat Related,4
99-1765.73,Sales Specialist 548,15-2051.00,Data Scientists,Somewhat Related,5
99-1766.74,Administrative Specialist 549,99-1997.08,Manufacturing Specialist 780,Closely Related,1
99-1766.74,Administrative Specialist 549,99-1352.56,Administrative Specialist 135,Related,2
99-1766.74,Administrative Specialist 549,99-1985.95,Science Specialist 768,Somewhat Related,3
99-1766.74,Administrative Specialist 549,99-1397.02,Administrative Specialist 180,Somewhat Related,4
99-1767.75,Arts / Media Specialist 550,99-1889.98,Manufacturing Specialist 672,Closely Related,1
99-1767.75,Arts / Media Specialist 550,13-1011.00,"Agents and Business Managers of Artists, Performers, and Athletes",Related,2
99-1767.75,Arts / Media Specialist 550,29-1064.00,Obstetricians and Gynecologists,Somewhat Related,3
99-1768.76,Legal Specialist 551,99-1281.84,Arts / Media Specialist 64,Closely Related,1
99-1768.76,Legal Specialist 551,99-1670.77,Science Specialist 453,Related,2
99-1768.76,Legal Specialist 551,99-1895.05,Science Specialist 678,Somewhat Related,3
99-1768.76,Legal Specialist 551,99-1323.27,Transportation Specialist 106,Somewhat Related,4
99-1769.77,Science Specialist 552,99-1296.99,Transportation Specialist 79,Closely Related,1
99-1769.77,Science Specialist 552,99-1776.84,Arts / Media Specialist 559,Related,2
99-1770.78,Social Services Specialist 553,99-1238.41,Science Specialist 21,Closely Related,1
99-1770.78,Social Services Specialist 553,99-1682.89,Manufacturing Specialist 465,Related,2
99-1771.79,Agriculture Specialist 554,99-1327.31,Legal Specialist 110,Closely Related,1
99-1771.79,Agriculture Specialist 554,25-1066.00,"Psychology Teachers, Postsecondary",Related,2
99-1771.79,Agriculture Specialist 554,99-1268.71,Manufacturing Specialist 51,Somewhat Related,3
99-1771.79,Agriculture Specialist 554,25-2011.00,"Preschool Teachers, Except Special Education",Somewhat Related,4
99-1772.80,Manufacturing Specialist 555,99-1897.07,Agriculture Specialist 680,Closely Related,1
99-1772.80,Manufacturing Specialist 555,11-9131.00,Postmasters and Mail Superintendents,Related,2
99-1772.80,Manufacturing Specialist 555,25-4021.00,Librarians and Media Collections Specialists,Somewhat Related,3
99-1773.81,Transportation Specialist 556,99-1731.39,Arts / Media Specialist 514,Closely Related,1
99-1773.81,Transportation Specialist 556,17-1012.00,Landscape Architects,Related,2
99-1773.81,Transportation Specialist 556,99-1823.32,Science Specialist 606,Somewhat Related,3
99-1773.81,Transportation Specialist 556,99-1925.35,Manufacturing Specialist 708,Somewhat Related,4
99-1774.82,Sales Specialist 557,13-2051.00,Financial and Investment Analysts,Closely Related,1
99-1774.82,Sales Specialist 557,99-1266.69,Social Services Specialist 49,Related,2
99-1774.82,Sales Specialist 557,99-1691.98,Manufacturing Specialist 474,Somewhat Related,3
99-1774.82,Sales Specialist 557,99-1999.10,Sales Specialist 782,Somewhat Related,4
99-1775.83,Administrative Specialist 558,99-1862.71,Manufacturing Specialist 645,Closely Related,1
99-1775.83,Administrative Specialist 558,47-2152.00,"Plumbers, Pipefitters, and Steamfitters",Related,2
99-1775.83,Administrative Specialist 558,17-1011.00,"Architects, Except Landscape and Naval",Somewhat Related,3
99-1775.83,Administrative Specialist 558,99-1568.74,Administrative Specialist 351,Somewhat Related,4
99-1775.83,Administrative Specialist 558,99-1446.51,Social Services Specialist 229,Somewhat Related,5
99-1776.84,Arts / Media Specialist 559,99-1841.50,Science Specialist 624,Closely Related,1
99-1776.84,Arts / Media Specialist 559,99-1981.91,Sales Specialist 764,Related,2
99-1776.84,Arts / Media Specialist 559,99-1952.62,Manufacturing Specialist 735,Somewhat Related,3
99-1777.85,Legal Specialist 560,29-1071.00,Physician Assistants,Closely Related,1
99-1777.85,Legal Specialist 560,99-1674.81,Transportation Specialist 457,Related,2
99-1777.85,Legal Specialist 560,99-1801.10,Sales Specialist 584,Somewhat Related,3
99-1778.86,Science Specialist 561,99-1279.82,Sales Specialist 62,Closely Related,1
99-1778.86,Science Specialist 561,99-1408.13,Legal Specialist 191,Related,2
99-1778.86,Science Specialist 561,11-9051.00,Food Service Managers,Somewhat Related,3
99-1779.87,Social Services Specialist 562,99-1499.05,Science Specialist 282,Closely Related,1
99-1779.87,Social Services Specialist 562,99-1635.42,Social Services Specialist 418,Related,2
99-1779.87,Social Services Specialist 562,99-2003.14,Science Specialist 786,Somewhat Related,3
99-1779.87,Social Services Specialist 562,99-1331.35,Manufacturing Specialist 114,Somewhat Related,4
99-1779.87,Social Services Specialist 562,99-1949.59,Science Specialist 732,Somewhat Related,5
99-1780.88,Agriculture Specialist 563,99-1951.61,Agriculture Specialist 734,Closely Related,1
99-1780.88,Agriculture Specialist 563,15-1241.00,Computer Network Architects,Related,2
99-1780.88,Agriculture Specialist 563,99-1977.87,Social Services Specialist 760,Somewhat Related,3
99-1780.88,Agriculture Specialist 563,99-1606.13,Legal Specialist 389,Somewhat Related,4
99-1781.89,Manufacturing Specialist 564,99-1744.52,Agriculture Specialist 527,Closely Related,1
99-1781.89,Manufacturing Specialist 564,11-9171.00,Funeral Home Managers,Related,2
99-1781.89,Manufacturing Specialist 564,99-1996.07,Agriculture Specialist 779,Somewhat Related,3
99-1781.89,Manufacturing Specialist 564,99-1841.50,Science Specialist 624,Somewhat Related,4
99-1782.90,Transportation Specialist 565,29-1021.00,"Dentists, General",Closely Related,1
99-1782.90,Transportation Specialist 565,99-1793.02,Administrative Specialist 576,Related,2
99-1782.90,Transportation Specialist 565,99-1764.72,Transportation Specialist 547,Somewhat Related,3
99-1783.91,Sales Specialist 566,99-1459.64,Sales Specialist 242,Closely Related,1
99-1783.91,Sales Specialist 566,99-1685.92,Administrative Specialist 468,Related,2
99-1783.91,Sales Specialist 566,99-1966.76,Legal Specialist 749,Somewhat Related,3
99-1784.92,Administrative Specialist 567,99-1664.71,Manufacturing Specialist 447,Closely Related,1
99-1784.92,Administrative Specialist 567,99-1881.90,Transportation Specialist 664,Related,2
99-1784.92,Administrative Specialist 567,17-2181.00,Environmental Engineers,Somewhat Related,3
99-1784.92,Administrative Specialist 567,99-1919.29,Administrative Specialist 702,Somewhat Related,4
99-1785.93,Arts / Media Specialist 568,47-2211.00,Sheet Metal Workers,Closely Related,1
99-1785.93,Arts / Media Specialist 568,13-2071.00,Credit Counselors,Related,2
99-1786.94,Legal Specialist 569,99-1300.04,Legal Specialist 83,Closely Related,1
99-1786.94,Legal Specialist 569,25-1111.00,"Criminal Justice and Law Enforcement Teachers, Postsecondary",Related,2
99-1786.94,Legal Specialist 569,99-2011.22,Legal Specialist 794,Somewhat Related,3
99-1786.94,Legal Specialist 569,99-1845.54,Transportation Specialist 628,Somewhat Related,4
99-1787.95,Science Specialist 570,99-1404.09,Transportation Specialist 187,Closely Related,1
99-1787.95,Science Specialist 570,25-2051.00,"Special Education Teachers, Preschool",Related,2
99-1787.95,Science Specialist 570,11-9131.00,Postmasters and Mail Superintendents,Somewhat Related,3
99-1787.95,Science Specialist 570,99-2000.11,Administrative Specialist 783,Somewhat Related,4
99-1788.96,Social Services Specialist 571,99-1296.99,Transportation Specialist 79,Closely Related,1
99-1788.96,Social Services Specialist 571,29-1126.00,Respiratory Therapists,Related,2
99-1788.96,Social Services Specialist 571,99-1265.68,Science Specialist 48,Somewhat Related,3
99-1789.97,Agriculture Specialist 572,99-1694.02,Administrative Specialist 477,Closely Related,1
99-1789.97,Agriculture Specialist 572,99-1555.61,Agriculture Specialist 338,Related,2
99-1789.97,Agriculture Specialist 572,99-1493.98,Manufacturing Specialist 276,Somewhat Related,3
99-1789.97,Agriculture Specialist 572,17-2081.00,Environmental Engineers,Somewhat Related,4
99-1790.98,Manufacturing Specialist 573,99-1835.44,Manufacturing Specialist 618,Closely Related,1
99-1790.98,Manufacturing Specialist 573,99-1383.87,Social Services Specialist 166,Related,2
99-1790.98,Manufacturing Specialist 573,99-1425.30,Arts / Media Specialist 208,Somewhat Related,3
99-1790.98,Manufacturing Specialist 573,99-1540.46,Sales Specialist 323,Somewhat Related,4
99-1791.99,Transportation Specialist 574,99-1759.67,Legal Specialist 542,Closely Related,1
99-1791.99,Transportation Specialist 574,99-1931.41,Science Specialist 714,Related,2
99-1791.99,Transportation Specialist 574,99-1966.76,Legal Specialist 749,Somewhat Related,3
99-1791.99,Transportation Specialist 574,99-1771.79,Agriculture Specialist 554,Somewhat Related,4
99-1792.01,Sales Specialist 575,99-1800.09,Transportation Specialist 583,Closely Related,1
99-1792.01,Sales Specialist 575,99-1563.69,Social Services Specialist 346,Related,2
99-1792.01,Sales Specialist 575,99-1582.88,Agriculture Specialist 365,Somewhat Related,3
99-1792.01,Sales Specialist 575,99-1487.92,Administrative Specialist 270,Somewhat Related,4
99-1792.01,Sales Specialist 575,99-1749.57,Arts / Media Specialist 532,Somewhat Related,5
99-1793.02,Administrative Specialist 576,99-1632.39,Arts / Media Specialist 415,Closely Related,1
99-1793.02,Administrative Specialist 576,29-1023.00,Orthodontists,Related,2
99-1794.03,Arts / Media Specialist 577,99-1877.86,Science Specialist 660,Closely Related,1
99-1794.03,Arts / Media Specialist 577,99-1399.04,Legal Specialist 182,Related,2
99-1794.03,Arts / Media Specialist 577,29-1124.00,Radiation Therapists,Somewhat Related,3
99-1794.03,Arts / Media Specialist 577,99-1756.64,Sales Specialist 539,Somewhat Related,4
99-1794.03,Arts / Media Specialist 577,25-2052.00,"Special Education Teachers, Kindergarten",Somewhat Related,5
99-1795.04,Legal Specialist 578,99-1733.41,Science Specialist 516,Closely Related,1
99-1795.04,Legal Specialist 578,17-2141.01,Fuel Cell Engineers,Related,2
99-1795.04,Legal Specialist 578,15-1252.00,Software Developers,Somewhat Related,3
99-1795.04,Legal Specialist 578,99-1732.40,Legal Specialist 515,Somewhat Related,4
99-1795.04,Legal Specialist 578,99-1825.34,Agriculture Specialist 608,Somewhat Related,5
99-1796.05,Science Specialist 579,47-2161.00,Plasterers and Stucco Masons,Closely Related,1
99-1796.05,Science Specialist 579,29-1065.00,"Pediatricians, General",Related,2
99-1797.06,Social Services Specialist 580,99-1822.31,Legal Specialist 605,Closely Related,1
99-1797.06,Social Services Specialist 580,11-2031.00,Public Relations and Fundraising Managers,Related,2
99-1797.06,Social Services Specialist 580,99-1876.85,Legal Specialist 659,Somewhat Related,3
99-1797.06,Social Services Specialist 580,99-1787.95,Science Specialist 570,Somewhat Related,4
99-1798.07,Agriculture Specialist 581,99-1305.09,Transportation Specialist 88,Closely Related,1
99-1798.07,Agriculture Specialist 581,99-1246.49,Legal Specialist 29,Related,2
99-1799.08,Manufacturing Specialist 582,29-1062.00,Family Medicine Physicians,Closely Related,1
99-1799.08,Manufacturing Specialist 582,25-4011.00,Archivists,Related,2
99-1799.08,Manufacturing Specialist 582,99-1413.18,Transportation Specialist 196,Somewhat Related,3
99-1800.09,Transportation Specialist 583,29-1064.00,Obstetricians and Gynecologists,Closely Related,1
99-1800.09,Transportation Specialist 583,99-1486.91,Sales Specialist 269,Related,2
99-1800.09,Transportation Specialist 583,99-1268.71,Manufacturing Specialist 51,Somewhat Related,3
99-1800.09,Transportation Specialist 583,47-2181.00,Roofers,Somewhat Related,4
99-1801.10,Sales Specialist 584,99-1438.43,Agriculture Specialist 221,Closely Related,1
99-1801.10,Sales Specialist 584,99-1656.63,Transportation Specialist 439,Related,2
99-1802.11,Administrative Specialist 585,99-1464.69,Social Services Specialist 247,Closely Related,1
99-1802.11,Administrative Specialist 585,13-2051.00,Financial and Investment Analysts,Related,2
99-1803.12,Arts / Media Specialist 586,99-1825.34,Agriculture Specialist 608,Closely Related,1
99-1803.12,Arts / Media Specialist 586,99-1724.32,Science Specialist 507,Related,2
99-1803.12,Arts / Media Specialist 586,99-1269.72,Transportation Specialist 52,Somewhat Related,3
99-1804.13,Legal Specialist 587,25-1199.00,"Postsecondary Teachers, All Other",Closely Related,1
99-1804.13,Legal Specialist 587,15-1299.04,Penetration Testers,Related,2
99-1804.13,Legal Specialist 587,99-1466.71,Manufacturing Specialist 249,Somewhat Related,3
99-1805.14,Science Specialist 588,47-2221.00,Structural Iron and Steel Workers,Closely Related,1
99-1805.14,Science Specialist 588,99-1380.84,Arts / Media Specialist 163,Related,2
99-1805.14,Science Specialist 588,25-1122.00,"Communications Teachers, Postsecondary",Somewhat Related,3
99-1805.14,Science Specialist 588,99-1829.38,Administrative Specialist 612,Somewhat Related,4
99-1806.15,Social Services Specialist 589,99-1773.81,Transportation Specialist 556,Closely Related,1
99-1806.15,Social Services Specialist 589,99-1756.64,Sales Specialist 539,Related,2
99-1806.15,Social Services Specialist 589,47-2211.00,Sheet Metal Workers,Somewhat Related,3
99-1806.15,Social Services Specialist 589,99-1262.65,Administrative Specialist 45,Somewhat Related,4
99-1807.16,Agriculture Specialist 590,99-1528.34,Agriculture Specialist 311,Closely Related,1
99-1807.16,Agriculture Specialist 590,99-1928.38,Administrative Specialist 711,Related,2
99-1807.16,Agriculture Specialist 590,99-1533.39,Arts / Media Specialist 316,Somewhat Related,3
99-1808.17,Manufacturing Specialist 591,99-1398.03,Arts / Media Specialist 181,Closely Related,1
99-1808.17,Manufacturing Specialist 591,99-1829.38,Administrative Specialist 612,Related,2
99-1808.17,Manufacturing Specialist 591,99-1757.65,Administrative Specialist 540,Somewhat Related,3
99-1808.17,Manufacturing Specialist 591,13-1041.00,Compliance Officers,Somewhat Related,4
99-1809.18,Transportation Specialist 592,99-1928.38,Administrative Specialist 711,Closely Related,1
99-1809.18,Transportation Specialist 592,99-1873.82,Sales Specialist 656,Related,2
99-1809.18,Transportation Specialist 592,99-1707.15,Social Services Specialist 490,Somewhat Related,3
99-1810.19,Sales Specialist 593,99-1523.29,Administrative Specialist 306,Closely Related,1
99-1810.19,Sales Specialist 593,15-1212.00,Information Security Analysts,Related,2
99-1810.19,Sales Specialist 593,15-1243.00,Database Architects,Somewhat Related,3
99-1811.20,Administrative Specialist 594,99-1755.63,Transportation Specialist 538,Closely Related,1
99-1811.20,Administrative Specialist 594,99-1281.84,Arts / Media Specialist 64,Related,2
99-1811.20,Administrative Specialist 594,17-2131.00,Materials Engineers,Somewhat Related,3
99-1812.21,Arts / Media Specialist 595,25-1125.00,"History Teachers, Postsecondary",Closely Related,1
99-1812.21,Arts / Media Specialist 595,99-1303.07,Agriculture Specialist 86,Related,2
99-1813.22,Legal Specialist 596,99-1345.49,Legal Specialist 128,Closely Related,1
99-1813.22,Legal Specialist 596,99-1697.05,Science Specialist 480,Related,2
99-1814.23,Science Specialist 597,99-1914.24,Social Services Specialist 697,Closely Related,1
99-1814.23,Science Specialist 597,99-1840.49,Legal Specialist 623,Related,2
99-1814.23,Science Specialist 597,99-1908.18,Transportation Specialist 691,Somewhat Related,3
99-1815.24,Social Services Specialist 598,99-1598.05,Science Specialist 381,Closely Related,1
99-1815.24,Social Services Specialist 598,99-1806.15,Social Services Specialist 589,Related,2
99-1815.24,Social Services Specialist 598,29-1215.00,Family Medicine Physicians,Somewhat Related,3
99-1815.24,Social Services Specialist 598,99-1689.96,Social Services Specialist 472,Somewhat Related,4
99-1815.24,Social Services Specialist 598,99-2006.17,Manufacturing Specialist 789,Somewhat Related,5
99-1816.25,Agriculture Specialist 599,99-1531.37,Sales Specialist 314,Closely Related,1
99-1816.25,Agriculture Specialist 599,25-2052.00,"Special Education Teachers, Kindergarten",Related,2
99-1816.25,Agriculture Specialist 599,99-1300.04,Legal Specialist 83,Somewhat Related,3
99-1817.26,Manufacturing Specialist 600,99-1906.16,Agriculture Specialist 689,Closely Related,1
99-1817.26,Manufacturing Specialist 600,99-1975.85,Legal Specialist 758,Related,2
99-1818.27,Transportation Specialist 601,11-9171.00,Funeral Home Managers,Closely Related,1
99-1818.27,Transportation Specialist 601,99-1742.50,Science Specialist 525,Related,2
99-1818.27,Transportation Specialist 601,99-1231.34,Agriculture Specialist 14,Somewhat Related,3
99-1819.28,Sales Specialist 602,99-1252.55,Sales Specialist 35,Closely Related,1
99-1819.28,Sales Specialist 602,99-1255.58,Legal Specialist 38,Related,2
99-1819.28,Sales Specialist 602,99-1576.82,Sales Specialist 359,Somewhat Related,3
99-1820.29,Administrative Specialist 603,25-1124.00,"Foreign Language and Literature Teachers, Postsecondary",Closely Related,1
99-1820.29,Administrative Specialist 603,99-1475.80,Manufacturing Specialist 258,Related,2
99-1820.29,Administrative Specialist 603,17-1021.00,Cartographers and Photogrammetrists,Somewhat Related,3
99-1820.29,Administrative Specialist 603,99-1732.40,Legal Specialist 515,Somewhat Related,4
99-1820.29,Administrative Specialist 603,99-1764.72,Transportation Specialist 547,Somewhat Related,5
99-1821.30,Arts / Media Specialist 604,99-1744.52,Agriculture Specialist 527,Closely Related,1
99-1821.30,Arts / Media Specialist 604,99-1730.38,Administrative Specialist 513,Related,2
99-1821.30,Arts / Media Specialist 604,99-1989.99,Transportation Specialist 772,Somewhat Related,3
99-1821.30,Arts / Media Specialist 604,99-1852.61,Agriculture Specialist 635,Somewhat Related,4
99-1821.30,Arts / Media Specialist 604,99-1991.02,Administrative Specialist 774,Somewhat Related,5
99-1822.31,Legal Specialist 605,99-1941.51,Social Services Specialist 724,Closely Related,1
99-1822.31,Legal Specialist 605,99-1724.32,Science Specialist 507,Related,2
99-1823.32,Science Specialist 606,99-1983.93,Arts / Media Specialist 766,Closely Related,1
99-1823.32,Science Specialist 606,99-1897.07,Agriculture Specialist 680,Related,2
99-1823.32,Science Specialist 606,99-1296.99,Transportation Specialist 79,Somewhat Related,3
99-1823.32,Science Specialist 606,99-1664.71,Manufacturing Specialist 447,Somewhat Related,4
99-1823.32,Science Specialist 606,99-1487.92,Administrative Specialist 270,Somewhat Related,5
99-1824.33,Social Services Specialist 607,99-1934.44,Manufacturing Specialist 717,Closely Related,1
99-1824.33,Social Services Specialist 607,99-1573.79,Agriculture Specialist 356,Related,2
99-1824.33,Social Services Specialist 607,99-1363.67,Legal Specialist 146,Somewhat Related,3
99-1824.33,Social Services Specialist 607,99-1995.06,Social Services Specialist 778,Somewhat Related,4
99-1825.34,Agriculture Specialist 608,99-1763.71,Manufacturing Specialist 546,Closely Related,1
99-1825.34,Agriculture Specialist 608,99-1902.12,Arts / Media Specialist 685,Related,2
99-1825.34,Agriculture Specialist 608,99-1484.89,Manufacturing Specialist 267,Somewhat Related,3
99-1825.34,Agriculture Specialist 608,99-1654.61,Agriculture Specialist 437,Somewhat Related,4
99-1826.35,Manufacturing Specialist 609,99-1482.87,Social Services Specialist 265,Closely Related,1
99-1826.35,Manufacturing Specialist 609,99-1484.89,Manufacturing Specialist 267,Related,2
99-1826.35,Manufacturing Specialist 609,47-2131.00,"Insulation Workers, Floor, Ceiling, and Wall",Somewhat Related,3
99-1826.35,Manufacturing Specialist 609,99-1654.61,Agriculture Specialist 437,Somewhat Related,4
99-1826.35,Manufacturing Specialist 609,99-1489.94,Legal Specialist 272,Somewhat Related,5
99-1827.36,Transportation Specialist 610,99-1964.74,Administrative Specialist 747,Closely Related,1
99-1827.36,Transportation Specialist 610,13-1022.00,"Wholesale and Retail Buyers, Except Farm Products",Related,2
99-1827.36,Transportation Specialist 610,99-1921.31,Legal Specialist 704,Somewhat Related,3
99-1828.37,Sales Specialist 611,99-1909.19,Sales Specialist 692,Closely Related,1
99-1828.37,Sales Specialist 611,99-1721.29,Administrative Specialist 504,Related,2
99-1828.37,Sales Specialist 611,99-1769.77,Science Specialist 552,Somewhat Related,3
99-1828.37,Sales Specialist 611,99-2010.21,Arts / Media Specialist 793,Somewhat Related,4
99-1828.37,Sales Specialist 611,99-1920.30,Arts / Media Specialist 703,Somewhat Related,5
99-1829.38,Administrative Specialist 612,99-1227.30,Arts / Media Specialist 10,Closely Related,1
99-1829.38,Administrative Specialist 612,99-1780.88,Agriculture Specialist 563,Related,2
99-1829.38,Administrative Specialist 612,99-1977.87,Social Services Specialist 760,Somewhat Related,3
99-1829.38,Administrative Specialist 612,15-1243.00,Database Architects,Somewhat Related,4
99-1829.38,Administrative Specialist 612,99-1828.37,Sales Specialist 611,Somewhat Related,5
99-1830.39,Arts / Media Specialist 613,99-1740.48,Arts / Media Specialist 523,Closely Related,1
99-1830.39,Arts / Media Specialist 613,99-1592.98,Manufacturing Specialist 375,Related,2
99-1830.39,Arts / Media Specialist 613,99-1376.80,Manufacturing Specialist 159,Somewhat Related,3
99-1831.40,Legal Specialist 614,13-1111.00,Management Analysts,Closely Related,1
99-1831.40,Legal Specialist 614,99-1659.66,Arts / Media Specialist 442,Related,2
99-1831.40,Legal Specialist 614,99-1638.45,Transportation Specialist 421,Somewhat Related,3
99-1831.40,Legal Specialist 614,11-9141.00,"Property, Real Estate, and Community Association Managers",Somewhat Related,4
99-1832.41,Science Specialist 615,99-1638.45,Transportation Specialist 421,Closely Related,1
99-1832.41,Science Specialist 615,99-1274.77,Science Specialist 57,Related,2
99-1833.42,Social Services Specialist 616,99-1454.59,Science Specialist 237,Closely Related,1
99-1833.42,Social Services Specialist 616,99-1683.90,Transportation Specialist 466,Related,2
99-1833.42,Social Services Specialist 616,99-1847.56,Administrative Specialist 630,Somewhat Related,3
99-1833.42,Social Services Specialist 616,99-1598.05,Science Specialist 381,Somewhat Related,4
99-1834.43,Agriculture Specialist 617,99-1247.50,Science Specialist 30,Closely Related,1
99-1834.43,Agriculture Specialist 617,99-1773.81,Transportation Specialist 556,Related,2
99-1834.43,Agriculture Specialist 617,99-1880.89,Manufacturing Specialist 663,Somewhat Related,3
99-1835.44,Manufacturing Specialist 618,99-1972.82,Sales Specialist 755,Closely Related,1
99-1835.44,Manufacturing Specialist 618,29-1151.00,Nurse Anesthetists,Related,2
99-1835.44,Manufacturing Specialist 618,99-1408.13,Legal Specialist 191,Somewhat Related,3
99-1835.44,Manufacturing Specialist 618,25-1062.00,"Area, Ethnic, and Cultural Studies Teachers, Postsecondary",Somewhat Related,4
99-1835.44,Manufacturing Specialist 618,99-1754.62,Manufacturing Specialist 537,Somewhat Related,5
99-1836.45,Transportation Specialist 619,99-1399.04,Legal Specialist 182,Closely Related,1
99-1836.45,Transportation Specialist 619,99-1924.34,Agriculture Specialist 707,Related,2
99-1836.45,Transportation Specialist 619,99-1911.21,Arts / Media Specialist 694,Somewhat Related,3
99-1836.45,Transportation Specialist 619,25-1082.00,"Library Science Teachers, Postsecondary",Somewhat Related,4
99-1836.45,Transportation Specialist 619,99-1584.90,Transportation Specialist 367,Somewhat Related,5
99-1837.46,Sales Specialist 620,99-1784.92,Administrative Specialist 567,Closely Related,1
99-1837.46,Sales Specialist 620,25-9041.00,Teacher Assistants,Related,2
99-1837.46,Sales Specialist 620,99-1856.65,Administrative Specialist 639,Somewhat Related,3
99-1838.47,Administrative Specialist 621,99-1476.81,Transportation Specialist 259,Closely Related,1
99-1838.47,Administrative Specialist 621,99-1695.03,Arts / Media Specialist 478,Related,2
99-1838.47,Administrative Specialist 621,13-1161.00,Market Research Analysts and Marketing Specialists,Somewhat Related,3
99-1838.47,Administrative Specialist 621,99-1858.67,Legal Specialist 641,Somewhat Related,4
99-1838.47,Administrative Specialist 621,99-1704.12,Arts / Media Specialist 487,Somewhat Related,5
99-1839.48,Arts / Media Specialist 622,99-1745.53,Manufacturing Specialist 528,Closely Related,1
99-1839.48,Arts / Media Specialist 622,25-1122.00,"Communications Teachers, Postsecondary",Related,2
99-1839.48,Arts / Media Specialist 622,99-1788.96,Social Services Specialist 571,Somewhat Related,3
99-1839.48,Arts / Media Specialist 622,29-1065.00,"Pediatricians, General",Somewhat Related,4
99-1840.49,Legal Specialist 623,99-1868.77,Science Specialist 651,Closely Related,1
99-1840.49,Legal Specialist 623,99-1576.82,Sales Specialist 359,Related,2
99-1840.49,Legal Specialist 623,99-1339.43,Agriculture Specialist 122,Somewhat Related,3
99-1840.49,Legal Specialist 623,99-1330.34,Agriculture Specialist 113,Somewhat Related,4
99-1840.49,Legal Specialist 623,99-1910.20,Administrative Specialist 693,Somewhat Related,5
99-1841.50,Science Specialist 624,99-1755.63,Transportation Specialist 538,Closely Related,1
99-1841.50,Science Specialist 624,99-1740.48,Arts / Media Specialist 523,Related,2
99-1841.50,Science Specialist 624,99-1757.65,Administrative Specialist 540,Somewhat Related,3
99-1842.51,Social Services Specialist 625,99-1702.10,Sales Specialist 485,Closely Related,1
99-1842.51,Social Services Specialist 625,99-2007.18,Transportation Specialist 790,Related,2
99-1842.51,Social Services Specialist 625,17-2111.00,Health and Safety Engineers,Somewhat Related,3
99-1842.51,Social Services Specialist 625,99-1529.35,Manufacturing Specialist 312,Somewhat Related,4
99-1842.51,Social Services Specialist 625,13-2061.00,Financial Examiners,Somewhat Related,5
99-1843.52,Agriculture Specialist 626,99-1264.67,Legal Specialist 47,Closely Related,1
99-1843.52,Agriculture Specialist 626,99-1883.92,Administrative Specialist 666,Related,2
99-1844.53,Manufacturing Specialist 627,99-1411.16,Agriculture Specialist 194,Closely Related,1
99-1844.53,Manufacturing Specialist 627,47-2073.00,Operating Engineers and Other Construction Equipment Operators,Related,2
99-1844.53,Manufacturing Specialist 627,99-1385.89,Manufacturing Specialist 168,Somewhat Related,3
99-1845.54,Transportation Specialist 628,99-1752.60,Social Services Specialist 535,Closely Related,1
99-1845.54,Transportation Specialist 628,99-1567.73,Sales Specialist 350,Related,2
99-1845.54,Transportation Specialist 628,99-1480.85,Legal Specialist 263,Somewhat Related,3
99-1846.55,Sales Specialist 629,25-1081.00,"Education Teachers, Postsecondary",Closely Related,1
99-1846.55,Sales Specialist 629,11-9041.00,Architectural and Engineering Managers,Related,2
99-1846.55,Sales Specialist 629,99-1445.50,Science Specialist 228,Somewhat Related,3
99-1847.56,Administrative Specialist 630,99-1349.53,Manufacturing Specialist 132,Closely Related,1
99-1847.56,Administrative Specialist 630,99-1336.40,Legal Specialist 119,Related,2
99-1847.56,Administrative Specialist 630,99-1436.41,Science Specialist 219,Somewhat Related,3
99-1848.57,Arts / Media Specialist 631,99-1287.90,Transportation Specialist 70,Closely Related,1
99-1848.57,Arts / Media Specialist 631,15-1211.00,Computer Systems Analysts,Related,2
99-1848.57,Arts / Media Specialist 631,11-9111.00,Medical and Health Services Managers,Somewhat Related,3
99-1849.58,Legal Specialist 632,99-1997.08,Manufacturing Specialist 780,Closely Related,1
99-1849.58,Legal Specialist 632,99-1411.16,Agriculture Specialist 194,Related,2
99-1849.58,Legal Specialist 632,99-1237.40,Legal Specialist 20,Somewhat Related,3
99-1850.59,Science Specialist 633,99-1218.21,Arts / Media Specialist 1,Closely Related,1
99-1850.59,Science Specialist 633,99-1829.38,Administrative Specialist 612,Related,2
99-1850.59,Science Specialist 633,99-1631.38,Administrative Specialist 414,Somewhat Related,3
99-1851.60,Social Services Specialist 634,99-1265.68,Science Specialist 48,Closely Related,1
99-1851.60,Social Services Specialist 634,99-1230.33,Social Services Specialist 13,Related,2
99-1851.60,Social Services Specialist 634,99-1644.51,Social Services Specialist 427,Somewhat Related,3
99-1851.60,Social Services Specialist 634,29-1065.00,"Pediatricians, General",Somewhat Related,4
99-1852.61,Agriculture Specialist 635,99-1770.78,Social Services Specialist 553,Closely Related,1
99-1852.61,Agriculture Specialist 635,99-1463.68,Science Specialist 246,Related,2
99-1852.61,Agriculture Specialist 635,25-9041.00,Teacher Assistants,Somewhat Related,3
99-1853.62,Manufacturing Specialist 636,99-1885.94,Legal Specialist 668,Closely Related,1
99-1853.62,Manufacturing Specialist 636,99-1424.29,Administrative Specialist 207,Related,2
99-1854.63,Transportation Specialist 637,99-1282.85,Legal Specialist 65,Closely Related,1
99-1854.63,Transportation Specialist 637,99-1496.02,Administrative Specialist 279,Related,2
99-1854.63,Transportation Specialist 637,13-1071.00,Human Resources Specialists,Somewhat Related,3
99-1854.63,Transportation Specialist 637,99-1632.39,Arts / Media Specialist 415,Somewhat Related,4
99-1855.64,Sales Specialist 638,99-1409.14,Science Specialist 192,Closely Related,1
99-1855.64,Sales Specialist 638,99-1581.87,Social Services Specialist 364,Related,2
99-1855.64,Sales Specialist 638,99-1556.62,Manufacturing Specialist 339,Somewhat Related,3
99-1855.64,Sales Specialist 638,29-1215.00,Family Medicine Physicians,Somewhat Related,4
99-1855.64,Sales Specialist 638,99-1345.49,Legal Specialist 128,Somewhat Related,5
99-1856.65,Administrative Specialist 639,47-2111.00,Electricians,Closely Related,1
99-1856.65,Administrative Specialist 639,11-9021.00,Construction Managers,Related,2
99-1856.65,Administrative Specialist 639,99-1256.59,Science Specialist 39,Somewhat Related,3
99-1856.65,Administrative Specialist 639,99-1817.26,Manufacturing Specialist 600,Somewhat Related,4
99-1856.65,Administrative Specialist 639,99-1656.63,Transportation Specialist 439,Somewhat Related,5
99-1857.66,Arts / Media Specialist 640,99-1427.32,Science Specialist 210,Closely Related,1
99-1857.66,Arts / Media Specialist 640,99-1815.24,Social Services Specialist 598,Related,2
99-1857.66,Arts / Media Specialist 640,25-2011.00,"Preschool Teachers, Except Special Education",Somewhat Related,3
99-1858.67,Legal Specialist 641,99-1385.89,Manufacturing Specialist 168,Closely Related,1
99-1858.67,Legal Specialist 641,15-1212.00,Information Security Analysts,Related,2
99-1858.67,Legal Specialist 641,99-1720.28,Sales Specialist 503,Somewhat Related,3
99-1858.67,Legal Specialist 641,99-1658.65,Administrative Specialist 441,Somewhat Related,4
99-1859.68,Science Specialist 642,99-1593.99,Transportation Specialist 376,Closely Related,1
99-1859.68,Science Specialist 642,99-1323.27,Transportation Specialist 106,Related,2
99-1859.68,Science Specialist 642,99-1263.66,Arts / Media Specialist 46,Somewhat Related,3
99-1860.69,Social Services Specialist 643,99-1396.01,Sales Specialist 179,Closely Related,1
99-1860.69,Social Services Specialist 643,99-1672.79,Agriculture Specialist 455,Related,2
99-1860.69,Social Services Specialist 643,99-1249.52,Agriculture Specialist 32,Somewhat Related,3
99-1860.69,Social Services Specialist 643,17-1021.00,Cartographers and Photogrammetrists,Somewhat Related,4
99-1861.70,Agriculture Specialist 644,99-1754.62,Manufacturing Specialist 537,Closely Related,1
99-1861.70,Agriculture Specialist 644,99-1969.79,Agriculture Specialist 752,Related,2
99-1861.70,Agriculture Specialist 644,13-1141.00,"Compensation, Benefits, and Job Analysis Specialists",Somewhat Related,3
99-1861.70,Agriculture Specialist 644,99-1948.58,Legal Specialist 731,Somewhat Related,4
99-1861.70,Agriculture Specialist 644,99-1533.39,Arts / Media Specialist 316,Somewhat Related,5
99-1862.71,Manufacturing Specialist 645,25-1052.00,"Chemistry Teachers, Postsecondary",Closely Related,1
99-1862.71,Manufacturing Specialist 645,99-1928.38,Administrative Specialist 711,Related,2
99-1862.71,Manufacturing Specialist 645,29-1127.00,Speech-Language Pathologists,Somewhat Related,3
99-1863.72,Transportation Specialist 646,99-2011.22,Legal Specialist 794,Closely Related,1
99-1863.72,Transportation Specialist 646,99-1653.60,Social Services Specialist 436,Related,2
99-1863.72,Transportation Specialist 646,99-1655.62,Manufacturing Specialist 438,Somewhat Related,3
99-1863.72,Transportation Specialist 646,99-1486.91,Sales Specialist 269,Somewhat Related,4
99-1863.72,Transportation Specialist 646,99-1436.41,Science Specialist 219,Somewhat Related,5
99-1864.73,Sales Specialist 647,29-1215.00,Family Medicine Physicians,Closely Related,1
99-1864.73,Sales Specialist 647,99-1729.37,Sales Specialist 512,Related,2
99-1865.74,Administrative Specialist 648,99-1307.11,Administrative Specialist 90,Closely Related,1
99-1865.74,Administrative Specialist 648,47-1011.00,First-Line Supervisors of Construction Trades,Related,2
99-1865.74,Administrative Specialist 648,99-1988.98,Manufacturing Specialist 771,Somewhat Related,3
99-1865.74,Administrative Specialist 648,99-1961.71,Manufacturing Specialist 744,Somewhat Related,4
99-1865.74,Administrative Specialist 648,99-1669.76,Legal Specialist 452,Somewhat Related,5
99-1866.75,Arts / Media Specialist 649,99-1824.33,Social Services Specialist 607,Closely Related,1
99-1866.75,Arts / Media Specialist 649,99-1352.56,Administrative Specialist 135,Related,2
99-1866.75,Arts / Media Specialist 649,99-1702.10,Sales Specialist 485,Somewhat Related,3
99-1866.75,Arts / Media Specialist 649,99-1512.18,Transportation Specialist 295,Somewhat Related,4
99-1866.75,Arts / Media Specialist 649,99-1712.20,Administrative Specialist 495,Somewhat Related,5
99-1867.76,Legal Specialist 650,99-1459.64,Sales Specialist 242,Closely Related,1
99-1867.76,Legal Specialist 650,99-1795.04,Legal Specialist 578,Related,2
99-1868.77,Science Specialist 651,25-1199.00,"Postsecondary Teachers, All Other",Closely Related,1
99-1868.77,Science Specialist 651,29-1071.00,Physician Assistants,Related,2
99-1868.77,Science Specialist 651,99-1558.64,Sales Specialist 341,Somewhat Related,3
99-1869.78,Social Services Specialist 652,99-1917.27,Transportation Specialist 700,Closely Related,1
99-1869.78,Social Services Specialist 652,99-1489.94,Legal Specialist 272,Related,2
99-1869.78,Social Services Specialist 652,99-1505.11,Administrative Specialist 288,Somewhat Related,3
99-1870.79,Agriculture Specialist 653,99-1892.02,Administrative Specialist 675,Closely Related,1
99-1870.79,Agriculture Specialist 653,99-1644.51,Social Services Specialist 427,Related,2
99-1870.79,Agriculture Specialist 653,99-1521.27,Transportation Specialist 304,Somewhat Related,3
99-1870.79,Agriculture Specialist 653,99-1280.83,Administrative Specialist 63,Somewhat Related,4
99-1870.79,Agriculture Specialist 653,99-1402.07,Agriculture Specialist 185,Somewhat Related,5
99-1871.80,Manufacturing Specialist 654,25-1064.00,"Geography Teachers, Postsecondary",Closely Related,1
99-1871.80,Manufacturing Specialist 654,99-1926.36,Transportation Specialist 709,Related,2
99-1871.80,Manufacturing Specialist 654,99-1241.44,Manufacturing Specialist 24,Somewhat Related,3
99-1871.80,Manufacturing Specialist 654,99-1405.10,Sales Specialist 188,Somewhat Related,4
99-1871.80,Manufacturing Specialist 654,25-2054.00,"Special Education Teachers, Secondary School",Somewhat Related,5
99-1872.81,Transportation Specialist 655,99-1265.68,Science Specialist 48,Closely Related,1
99-1872.81,Transportation Specialist 655,99-1973.83,Administrative Specialist 756,Related,2
99-1872.81,Transportation Specialist 655,13-1061.00,Emergency Management Specialists,Somewhat Related,3
99-1872.81,Transportation Specialist 655,99-1980.90,Transportation Specialist 763,Somewhat Related,4
99-1873.82,Sales Specialist 656,29-1065.00,"Pediatricians, General",Closely Related,1
99-1873.82,Sales Specialist 656,99-1685.92,Administrative Specialist 468,Related,2
99-1873.82,Sales Specialist 656,11-3013.00,Facilities Managers,Somewhat Related,3
99-1873.82,Sales Specialist 656,99-1447.52,Agriculture Specialist 230,Somewhat Related,4
99-1873.82,Sales Specialist 656,99-1646.53,Manufacturing Specialist 429,Somewhat Related,5
99-1874.83,Administrative Specialist 657,99-1889.98,Manufacturing Specialist 672,Closely Related,1
99-1874.83,Administrative Specialist 657,99-1503.09,Transportation Specialist 286,Related,2
99-1875.84,Arts / Media Specialist 658,99-1675.82,Sales Specialist 458,Closely Related,1
99-1875.84,Arts / Media Specialist 658,99-1778.86,Science Specialist 561,Related,2
99-1875.84,Arts / Media Specialist 658,99-1452.57,Arts / Media Specialist 235,Somewhat Related,3
99-1875.84,Arts / Media Specialist 658,99-1558.64,Sales Specialist 341,Somewhat Related,4
99-1876.85,Legal Specialist 659,99-1874.83,Administrative Specialist 657,Closely Related,1
99-1876.85,Legal Specialist 659,99-1315.19,Sales Specialist 98,Related,2
99-1877.86,Science Specialist 660,99-1293.96,Social Services Specialist 76,Closely Related,1
99-1877.86,Science Specialist 660,99-1969.79,Agriculture Specialist 752,Related,2
99-1877.86,Science Specialist 660,99-1300.04,Legal Specialist 83,Somewhat Related,3
99-1878.87,Social Services Specialist 661,13-1141.00,"Compensation, Benefits, and Job Analysis Specialists",Closely Related,1
99-1878.87,Social Services Specialist 661,99-1298.02,Administrative Specialist 81,Related,2
99-1879.88,Agriculture Specialist 662,99-1896.06,Social Services Specialist 679,Closely Related,1
99-1879.88,Agriculture Specialist 662,25-9041.00,Teacher Assistants,Related,2
99-1879.88,Agriculture Specialist 662,99-1527.33,Social Services Specialist 310,Somewhat Related,3
99-1879.88,Agriculture Specialist 662,99-1301.05,Science Specialist 84,Somewhat Related,4
99-1880.89,Manufacturing Specialist 663,13-1021.00,"Buyers and Purchasing Agents, Farm Products",Closely Related,1
99-1880.89,Manufacturing Specialist 663,99-1925.35,Manufacturing Specialist 708,Related,2
99-1880.89,Manufacturing Specialist 663,99-1294.97,Agriculture Specialist 77,Somewhat Related,3
99-1880.89,Manufacturing Specialist 663,99-1257.60,Social Services Specialist 40,Somewhat Related,4
99-1881.90,Transportation Specialist 664,99-1479.84,Arts / Media Specialist 262,Closely Related,1
99-1881.90,Transportation Specialist 664,99-1410.15,Social Services Specialist 193,Related,2
99-1881.90,Transportation Specialist 664,29-1023.00,Orthodontists,Somewhat Related,3
99-1881.90,Transportation Specialist 664,99-1751.59,Science Specialist 534,Somewhat Related,4
99-1881.90,Transportation Specialist 664,99-1859.68,Science Specialist 642,Somewhat Related,5
99-1882.91,Sales Specialist 665,25-2011.00,"Preschool Teachers, Except Special Education",Closely Related,1
99-1882.91,Sales Specialist 665,99-1435.40,Legal Specialist 218,Related,2
99-1882.91,Sales Specialist 665,99-1652.59,Science Specialist 435,Somewhat Related,3
99-1883.92,Administrative Specialist 666,99-1816.25,Agriculture Specialist 599,Closely Related,1
99-1883.92,Administrative Specialist 666,17-2161.00,Nuclear Engineers,Related,2
99-1883.92,Administrative Specialist 666,99-1990.01,Sales Specialist 773,Somewhat Related,3
99-1884.93,Arts / Media Specialist 667,99-1381.85,Legal Specialist 164,Closely Related,1
99-1884.93,Arts / Media Specialist 667,99-1432.37,Sales Specialist 215,Related,2
99-1884.93,Arts / Media Specialist 667,99-2008.19,Sales Specialist 791,Somewhat Related,3
99-1885.94,Legal Specialist 668,17-2072.00,"Electronics Engineers, Except Computer",Closely Related,1
99-1885.94,Legal Specialist 668,99-1920.30,Arts / Media Specialist 703,Related,2
99-1885.94,Legal Specialist 668,99-1439.44,Manufacturing Specialist 222,Somewhat Related,3
99-1885.94,Legal Specialist 668,99-1309.13,Legal Specialist 92,Somewhat Related,4
99-1885.94,Legal Specialist 668,99-1768.76,Legal Specialist 551,Somewhat Related,5
99-1886.95,Science Specialist 669,25-2012.00,"Kindergarten Teachers, Except Special Education",Closely Related,1
99-1886.95,Science Specialist 669,11-3021.00,Computer and Information Systems Managers,Related,2
99-1886.95,Science Specialist 669,99-1430.35,Manufacturing Specialist 213,Somewhat Related,3
99-1886.95,Science Specialist 669,99-1404.09,Transportation Specialist 187,Somewhat Related,4
99-1886.95,Science Specialist 669,29-1071.00,Physician Assistants,Somewhat Related,5
99-1887.96,Social Services Specialist 670,99-1521.27,Transportation Specialist 304,Closely Related,1
99-1887.96,Social Services Specialist 670,99-2006.17,Manufacturing Specialist 789,Related,2
99-1887.96,Social Services Specialist 670,99-1430.35,Manufacturing Specialist 213,Somewhat Related,3
99-1888.97,Agriculture Specialist 671,99-1687.94,Legal Specialist 470,Closely Related,1
99-1888.97,Agriculture Specialist 671,99-1306.10,Sales Specialist 89,Related,2
99-1888.97,Agriculture Specialist 671,25-1054.00,"Physics Teachers, Postsecondary",Somewhat Related,3
99-1888.97,Agriculture Specialist 671,99-1757.65,Administrative Specialist 540,Somewhat Related,4
99-1888.97,Agriculture Specialist 671,99-1896.06,Social Services Specialist 679,Somewhat Related,5
99-1889.98,Manufacturing Specialist 672,25-2021.00,"Elementary School Teachers, Except Special Education",Closely Related,1
99-1889.98,Manufacturing Specialist 672,99-1238.41,Science Specialist 21,Related,2
99-1890.99,Transportation Specialist 673,99-1922.32,Science Specialist 705,Closely Related,1
99-1890.99,Transportation Specialist 673,99-1293.96,Social Services Specialist 76,Related,2
99-1890.99,Transportation Specialist 673,99-1225.28,Sales Specialist 8,Somewhat Related,3
99-1890.99,Transportation Specialist 673,99-1958.68,Science Specialist 741,Somewhat Related,4
99-1890.99,Transportation Specialist 673,99-1885.94,Legal Specialist 668,Somewhat Related,5
99-1891.01,Sales Specialist 674,99-1440.45,Transportation Specialist 223,Closely Related,1
99-1891.01,Sales Specialist 674,11-3031.00,Financial Managers,Related,2
99-1892.02,Administrative Specialist 675,99-1280.83,Administrative Specialist 63,Closely Related,1
99-1892.02,Administrative Specialist 675,11-9171.00,Funeral Home Managers,Related,2
99-1892.02,Administrative Specialist 675,99-1240.43,Agriculture Specialist 23,Somewhat Related,3
99-1893.03,Arts / Media Specialist 676,99-1947.57,Arts / Media Specialist 730,Closely Related,1
99-1893.03,Arts / Media Specialist 676,99-1269.72,Transportation Specialist 52,Related,2
99-1893.03,Arts / Media Specialist 676,99-1997.08,Manufacturing Specialist 780,Somewhat Related,3
99-1893.03,Arts / Media Specialist 676,99-1796.05,Science Specialist 579,Somewhat Related,4
99-1894.04,Legal Specialist 677,99-1388.92,Administrative Specialist 171,Closely Related,1
99-1894.04,Legal Specialist 677,99-1819.28,Sales Specialist 602,Related,2
99-1894.04,Legal Specialist 677,99-1828.37,Sales Specialist 611,Somewhat Related,3
99-1894.04,Legal Specialist 677,11-3021.00,Computer and Information Systems Managers,Somewhat Related,4
99-1895.05,Science Specialist 678,99-1527.33,Social Services Specialist 310,Closely Related,1
99-1895.05,Science Specialist 678,25-4022.00,Library Technicians,Related,2
99-1895.05,Science Specialist 678,99-1917.27,Transportation Specialist 700,Somewhat Related,3
99-1896.06,Social Services Specialist 679,99-1822.31,Legal Specialist 605,Closely Related,1
99-1896.06,Social Services Specialist 679,99-1755.63,Transportation Specialist 538,Related,2
99-1896.06,Social Services Specialist 679,99-1721.29,Administrative Specialist 504,Somewhat Related,3
99-1897.07,Agriculture Specialist 680,99-2012.23,Science Specialist 795,Closely Related,1
99-1897.07,Agriculture Specialist 680,99-1330.34,Agriculture Specialist 113,Related,2
99-1897.07,Agriculture Specialist 680,99-1536.42,Social Services Specialist 319,Somewhat Related,3
99-1898.08,Manufacturing Specialist 681,99-1990.01,Sales Specialist 773,Closely Related,1
99-1898.08,Manufacturing Specialist 681,99-1555.61,Agriculture Specialist 338,Related,2
99-1898.08,Manufacturing Specialist 681,99-1815.24,Social Services Specialist 598,Somewhat Related,3
99-1898.08,Manufacturing Specialist 681,99-1469.74,Administrative Specialist 252,Somewhat Related,4
99-1899.09,Transportation Specialist 682,25-1082.00,"Library Science Teachers, Postsecondary",Closely Related,1
99-1899.09,Transportation Specialist 682,29-1124.00,Radiation Therapists,Related,2
99-1900.10,Sales Specialist 683,99-1465.70,Agriculture Specialist 248,Closely Related,1
99-1900.10,Sales Specialist 683,99-1840.49,Legal Specialist 623,Related,2
99-1900.10,Sales Specialist 683,99-1386.90,Transportation Specialist 169,Somewhat Related,3
99-1900.10,Sales Specialist 683,99-1986.96,Social Services Specialist 769,Somewhat Related,4
99-1900.10,Sales Specialist 683,99-1837.46,Sales Specialist 620,Somewhat Related,5
99-1901.11,Administrative Specialist 684,99-1817.26,Manufacturing Specialist 600,Closely Related,1
99-1901.11,Administrative Specialist 684,99-1258.61,Agriculture Specialist 41,Related,2
99-1901.11,Administrative Specialist 684,99-1914.24,Social Services Specialist 697,Somewhat Related,3
99-1901.11,Administrative Specialist 684,99-1370.74,Administrative Specialist 153,Somewhat Related,4
99-1902.12,Arts / Media Specialist 685,15-1255.00,Web and Digital Interface Designers,Closely Related,1
99-1902.12,Arts / Media Specialist 685,99-1600.07,Agriculture Specialist 383,Related,2
99-1902.12,Arts / Media Specialist 685,99-1590.96,Social Services Specialist 373,Somewhat Related,3
99-1903.13,Legal Specialist 686,99-1334.38,Administrative Specialist 117,Closely Related,1
99-1903.13,Legal Specialist 686,99-1271.74,Administrative Specialist 54,Related,2
99-1903.13,Legal Specialist 686,99-1658.65,Administrative Specialist 441,Somewhat Related,3
99-1904.14,Science Specialist 687,25-9041.00,Teacher Assistants,Closely Related,1
99-1904.14,Science Specialist 687,25-1124.00,"Foreign Language and Literature Teachers, Postsecondary",Related,2
99-1904.14,Science Specialist 687,29-1062.00,Family Medicine Physicians,Somewhat Related,3
99-1905.15,Social Services Specialist 688,99-1330.34,Agriculture Specialist 113,Closely Related,1
99-1905.15,Social Services Specialist 688,99-1299.03,Arts / Media Specialist 82,Related,2
99-1905.15,Social Services Specialist 688,99-1302.06,Social Services Specialist 85,Somewhat Related,3
99-1905.15,Social Services Specialist 688,99-1778.86,Science Specialist 561,Somewhat Related,4
99-1905.15,Social Services Specialist 688,99-1239.42,Social Services Specialist 22,Somewhat Related,5
99-1906.16,Agriculture Specialist 689,99-1807.16,Agriculture Specialist 590,Closely Related,1
99-1906.16,Agriculture Specialist 689,99-1467.72,Transportation Specialist 250,Related,2
99-1906.16,Agriculture Specialist 689,25-9041.00,Teacher Assistants,Somewhat Related,3
99-1906.16,Agriculture Specialist 689,99-1949.59,Science Specialist 732,Somewhat Related,4
99-1906.16,Agriculture Specialist 689,99-1831.40,Legal Specialist 614,Somewhat Related,5
99-1907.17,Manufacturing Specialist 690,25-1069.00,"Social Sciences Teachers, Postsecondary, All Other",Closely Related,1
99-1907.17,Manufacturing Specialist 690,25-1113.00,"Social Work Teachers, Postsecondary",Related,2
99-1908.18,Transportation Specialist 691,99-1834.43,Agriculture Specialist 617,Closely Related,1
99-1908.18,Transportation Specialist 691,17-2111.00,Health and Safety Engineers,Related,2
99-1908.18,Transportation Specialist 691,99-1865.74,Administrative Specialist 648,Somewhat Related,3
99-1909.19,Sales Specialist 692,99-1374.78,Social Services Specialist 157,Closely Related,1
99-1909.19,Sales Specialist 692,99-1941.51,Social Services Specialist 724,Related,2
99-1910.20,Administrative Specialist 693,25-3021.00,Self-Enrichment Teachers,Closely Related,1
99-1910.20,Administrative Specialist 693,99-1614.21,Arts / Media Specialist 397,Related,2
99-1910.20,Administrative Specialist 693,99-1537.43,Agriculture Specialist 320,Somewhat Related,3
99-1910.20,Administrative Specialist 693,15-1255.00,Web and Digital Interface Designers,Somewhat Related,4
99-1910.20,Administrative Specialist 693,99-1223.26,Manufacturing Specialist 6,Somewhat Related,5
99-1911.21,Arts / Media Specialist 694,99-1953.63,Transportation Specialist 736,Closely Related,1
99-1911.21,Arts / Media Specialist 694,11-3061.00,Purchasing Managers,Related,2
99-1912.22,Legal Specialist 695,29-1021.00,"Dentists, General",Closely Related,1
99-1912.22,Legal Specialist 695,99-1778.86,Science Specialist 561,Related,2
99-1912.22,Legal Specialist 695,99-1376.80,Manufacturing Specialist 159,Somewhat Related,3
99-1912.22,Legal Specialist 695,99-1364.68,Science Specialist 147,Somewhat Related,4
99-1912.22,Legal Specialist 695,99-1935.45,Transportation Specialist 718,Somewhat Related,5
99-1913.23,Science Specialist 696,99-1520.26,Manufacturing Specialist 303,Closely Related,1
99-1913.23,Science Specialist 696,99-1372.76,Legal Specialist 155,Related,2
99-1913.23,Science Specialist 696,99-1678.85,Legal Specialist 461,Somewhat Related,3
99-1913.23,Science Specialist 696,99-1926.36,Transportation Specialist 709,Somewhat Related,4
99-1913.23,Science Specialist 696,25-1041.00,"Agricultural Sciences Teachers, Postsecondary",Somewhat Related,5
99-1914.24,Social Services Specialist 697,13-1075.00,Labor Relations Specialists,Closely Related,1
99-1914.24,Social Services Specialist 697,99-1421.26,Manufacturing Specialist 204,Related,2
99-1914.24,Social Services Specialist 697,99-1614.21,Arts / Media Specialist 397,Somewhat Related,3
99-1915.25,Agriculture Specialist 698,99-1672.79,Agriculture Specialist 455,Closely Related,1
99-1915.25,Agriculture Specialist 698,99-1307.11,Administrative Specialist 90,Related,2
99-1915.25,Agriculture Specialist 698,13-1023.00,"Purchasing Agents, Except Wholesale, Retail, and Farm Products",Somewhat Related,3
99-1916.26,Manufacturing Specialist 699,13-1081.00,Logisticians,Closely Related,1
99-1916.26,Manufacturing Specialist 699,99-1810.19,Sales Specialist 593,Related,2
99-1916.26,Manufacturing Specialist 699,99-1807.16,Agriculture Specialist 590,Somewhat Related,3
99-1916.26,Manufacturing Specialist 699,99-1492.97,Agriculture Specialist 275,Somewhat Related,4
99-1916.26,Manufacturing Specialist 699,99-1594.01,Sales Specialist 377,Somewhat Related,5
99-1917.27,Transportation Specialist 700,13-2031.00,Budget Analysts,Closely Related,1
99-1917.27,Transportation Specialist 700,99-1230.33,Social Services Specialist 13,Related,2
99-1917.27,Transportation Specialist 700,99-1320.24,Social Services Specialist 103,Somewhat Related,3
99-1917.27,Transportation Specialist 700,99-1621.28,Sales Specialist 404,Somewhat Related,4
99-1918.28,Sales Specialist 701,99-1870.79,Agriculture Specialist 653,Closely Related,1
99-1918.28,Sales Specialist 701,25-1066.00,"Psychology Teachers, Postsecondary",Related,2
99-1918.28,Sales Specialist 701,99-1678.85,Legal Specialist 461,Somewhat Related,3
99-1918.28,Sales Specialist 701,99-1914.24,Social Services Specialist 697,Somewhat Related,4
99-1918.28,Sales Specialist 701,15-2051.00,Data Scientists,Somewhat Related,5
99-1919.29,Administrative Specialist 702,99-1307.11,Administrative Specialist 90,Closely Related,1
99-1919.29,Administrative Specialist 702,99-1601.08,Manufacturing Specialist 384,Related,2
99-1919.29,Administrative Specialist 702,99-1912.22,Legal Specialist 695,Somewhat Related,3
99-1920.30,Arts / Media Specialist 703,99-1748.56,Administrative Specialist 531,Closely Related,1
99-1920.30,Arts / Media Specialist 703,99-1261.64,Sales Specialist 44,Related,2
99-1920.30,Arts / Media Specialist 703,99-1763.71,Manufacturing Specialist 546,Somewhat Related,3
99-1920.30,Arts / Media Specialist 703,99-1274.77,Science Specialist 57,Somewhat Related,4
99-1920.30,Arts / Media Specialist 703,25-2054.00,"Special Education Teachers, Secondary School",Somewhat Related,5
99-1921.31,Legal Specialist 704,17-2151.00,Mining and Geological Engineers,Closely Related,1
99-1921.31,Legal Specialist 704,17-1021.00,Cartographers and Photogrammetrists,Related,2
99-1922.32,Science Specialist 705,99-1877.86,Science Specialist 660,Closely Related,1
99-1922.32,Science Specialist 705,99-1991.02,Administrative Specialist 774,Related,2
99-1922.32,Science Specialist 705,99-1612.19,Sales Specialist 395,Somewhat Related,3
99-1922.32,Science Specialist 705,25-1126.00,"Philosophy and Religion Teachers, Postsecondary",Somewhat Related,4
99-1923.33,Social Services Specialist 706,99-1370.74,Administrative Specialist 153,Closely Related,1
99-1923.33,Social Services Specialist 706,99-1740.48,Arts / Media Specialist 523,Related,2
99-1923.33,Social Services Specialist 706,99-1773.81,Transportation Specialist 556,Somewhat Related,3
99-1923.33,Social Services Specialist 706,99-1516.22,Legal Specialist 299,Somewhat Related,4
99-1924.34,Agriculture Specialist 707,99-1356.60,Social Services Specialist 139,Closely Related,1
99-1924.34,Agriculture Specialist 707,11-1031.00,Legislators,Related,2
99-1925.35,Manufacturing Specialist 708,99-1611.18,Transportation Specialist 394,Closely Related,1
99-1925.35,Manufacturing Specialist 708,99-1596.03,Arts / Media Specialist 379,Related,2
99-1925.35,Manufacturing Specialist 708,13-2061.00,Financial Examiners,Somewhat Related,3
99-1926.36,Transportation Specialist 709,99-1965.75,Arts / Media Specialist 748,Closely Related,1
99-1926.36,Transportation Specialist 709,99-1871.80,Manufacturing Specialist 654,Related,2
99-1927.37,Sales Specialist 710,99-1569.75,Arts / Media Specialist 352,Closely Related,1
99-1927.37,Sales Specialist 710,99-1563.69,Social Services Specialist 346,Related,2
99-1927.37,Sales Specialist 710,99-1550.56,Administrative Specialist 333,Somewhat Related,3
99-1928.38,Administrative Specialist 711,99-1719.27,Transportation Specialist 502,Closely Related,1
99-1928.38,Administrative Specialist 711,99-1846.55,Sales Specialist 629,Related,2
99-1928.38,Administrative Specialist 711,99-1252.55,Sales Specialist 35,Somewhat Related,3
99-1928.38,Administrative Specialist 711,99-1813.22,Legal Specialist 596,Somewhat Related,4
99-1929.39,Arts / Media Specialist 712,99-1586.92,Administrative Specialist 369,Closely Related,1
99-1929.39,Arts / Media Specialist 712,99-1986.96,Social Services Specialist 769,Related,2
99-1929.39,Arts / Media Specialist 712,99-1820.29,Administrative Specialist 603,Somewhat Related,3
99-1929.39,Arts / Media Specialist 712,99-1655.62,Manufacturing Specialist 438,Somewhat Related,4
99-1930.40,Legal Specialist 713,11-9131.00,Postmasters and Mail Superintendents,Closely Related,1
99-1930.40,Legal Specialist 713,99-2008.19,Sales Specialist 791,Related,2
99-1930.40,Legal Specialist 713,99-1845.54,Transportation Specialist 628,Somewhat Related,3
99-1930.40,Legal Specialist 713,99-1957.67,Legal Specialist 740,Somewhat Related,4
99-1930.40,Legal Specialist 713,99-1501.07,Agriculture Specialist 284,Somewhat Related,5
99-1931.41,Science Specialist 714,99-1850.59,Science Specialist 633,Closely Related,1
99-1931.41,Science Specialist 714,99-1911.21,Arts / Media Specialist 694,Related,2
99-1931.41,Science Specialist 714,99-1804.13,Legal Specialist 587,Somewhat Related,3
99-1932.42,Social Services Specialist 715,99-1803.12,Arts / Media Specialist 586,Closely Related,1
99-1932.42,Social Services Specialist 715,99-1741.49,Legal Specialist 524,Related,2
99-1933.43,Agriculture Specialist 716,99-1619.26,Manufacturing Specialist 402,Closely Related,1
99-1933.43,Agriculture Specialist 716,99-1950.60,Social Services Specialist 733,Related,2
99-1933.43,Agriculture Specialist 716,99-1238.41,Science Specialist 21,Somewhat Related,3
99-1933.43,Agriculture Specialist 716,99-1234.37,Sales Specialist 17,Somewhat Related,4
99-1933.43,Agriculture Specialist 716,99-1432.37,Sales Specialist 215,Somewhat Related,5
99-1934.44,Manufacturing Specialist 717,99-1298.02,Administrative Specialist 81,Closely Related,1
99-1934.44,Manufacturing Specialist 717,11-9039.00,"Education Administrators, All Other",Related,2
99-1934.44,Manufacturing Specialist 717,99-1422.27,Transportation Specialist 205,Somewhat Related,3
99-1935.45,Transportation Specialist 718,99-1677.84,Arts / Media Specialist 460,Closely Related,1
99-1935.45,Transportation Specialist 718,13-1082.00,Project Management Specialists,Related,2
99-1936.46,Sales Specialist 719,99-1673.80,Manufacturing Specialist 456,Closely Related,1
99-1936.46,Sales Specialist 719,99-1334.38,Administrative Specialist 117,Related,2
99-1936.46,Sales Specialist 719,25-4021.00,Librarians and Media Collections Specialists,Somewhat Related,3
99-1937.47,Administrative Specialist 720,99-1262.65,Administrative Specialist 45,Closely Related,1
99-1937.47,Administrative Specialist 720,99-1649.56,Administrative Specialist 432,Related,2
99-1937.47,Administrative Specialist 720,99-1990.01,Sales Specialist 773,Somewhat Related,3
99-1937.47,Administrative Specialist 720,17-1021.00,Cartographers and Photogrammetrists,Somewhat Related,4
99-1938.48,Arts / Media Specialist 721,47-2152.00,"Plumbers, Pipefitters, and Steamfitters",Closely Related,1
99-1938.48,Arts / Media Specialist 721,11-9021.00,Construction Managers,Related,2
99-1939.49,Legal Specialist 722,99-1633.40,Legal Specialist 416,Closely Related,1
99-1939.49,Legal Specialist 722,99-1553.59,Science Specialist 336,Related,2
99-1939.49,Legal Specialist 722,99-1620.27,Transportation Specialist 403,Somewhat Related,3
99-1939.49,Legal Specialist 722,99-1802.11,Administrative Specialist 585,Somewhat Related,4
99-1940.50,Science Specialist 723,99-1786.94,Legal Specialist 569,Closely Related,1
99-1940.50,Science Specialist 723,99-1749.57,Arts / Media Specialist 532,Related,2
99-1940.50,Science Specialist 723,25-1066.00,"Psychology Teachers, Postsecondary",Somewhat Related,3
99-1940.50,Science Specialist 723,99-1437.42,Social Services Specialist 220,Somewhat Related,4
99-1941.51,Social Services Specialist 724,99-1905.15,Social Services Specialist 688,Closely Related,1
99-1941.51,Social Services Specialist 724,99-1845.54,Transportation Specialist 628,Related,2
99-1941.51,Social Services Specialist 724,99-1364.68,Science Specialist 147,Somewhat Related,3
99-1942.52,Agriculture Specialist 725,99-1570.76,Legal Specialist 353,Closely Related,1
99-1942.52,Agriculture Specialist 725,99-1514.20,Administrative Specialist 297,Related,2
99-1942.52,Agriculture Specialist 725,99-1597.04,Legal Specialist 380,Somewhat Related,3
99-1942.52,Agriculture Specialist 725,13-2081.00,"Tax Examiners and Collectors, and Revenue Agents",Somewhat Related,4
99-1942.52,Agriculture Specialist 725,99-1691.98,Manufacturing Specialist 474,Somewhat Related,5
99-1943.53,Manufacturing Specialist 726,99-1307.11,Administrative Specialist 90,Closely Related,1
99-1943.53,Manufacturing Specialist 726,99-1751.59,Science Specialist 534,Related,2
99-1944.54,Transportation Specialist 727,99-1818.27,Transportation Specialist 601,Closely Related,1
99-1944.54,Transportation Specialist 727,99-1825.34,Agriculture Specialist 608,Related,2
99-1944.54,Transportation Specialist 727,99-1665.72,Transportation Specialist 448,Somewhat Related,3
99-1944.54,Transportation Specialist 727,11-9013.00,"Farmers, Ranchers, and Other Agricultural Managers",Somewhat Related,4
99-1944.54,Transportation Specialist 727,99-1253.56,Administrative Specialist 36,Somewhat Related,5
99-1945.55,Sales Specialist 728,99-1824.33,Social Services Specialist 607,Closely Related,1
99-1945.55,Sales Specialist 728,99-1296.99,Transportation Specialist 79,Related,2
99-1945.55,Sales Specialist 728,99-1935.45,Transportation Specialist 718,Somewhat Related,3
99-1945.55,Sales Specialist 728,99-1963.73,Sales Specialist 746,Somewhat Related,4
99-1945.55,Sales Specialist 728,99-1380.84,Arts / Media Specialist 163,Somewhat Related,5
99-1946.56,Administrative Specialist 729,99-1739.47,Administrative Specialist 522,Closely Related,1
99-1946.56,Administrative Specialist 729,99-1959.69,Social Services Specialist 742,Related,2
99-1946.56,Administrative Specialist 729,99-1708.16,Agriculture Specialist 491,Somewhat Related,3
99-1947.57,Arts / Media Specialist 730,99-1250.53,Manufacturing Specialist 33,Closely Related,1
99-1947.57,Arts / Media Specialist 730,25-1113.00,"Social Work Teachers, Postsecondary",Related,2
99-1947.57,Arts / Media Specialist 730,99-1536.42,Social Services Specialist 319,Somewhat Related,3
99-1948.58,Legal Specialist 731,29-1215.00,Family Medicine Physicians,Closely Related,1
99-1948.58,Legal Specialist 731,11-9161.00,Emergency Management Directors,Related,2
99-1948.58,Legal Specialist 731,99-1486.91,Sales Specialist 269,Somewhat Related,3
99-1949.59,Science Specialist 732,99-1370.74,Administrative Specialist 153,Closely Related,1
99-1949.59,Science Specialist 732,99-1781.89,Manufacturing Specialist 564,Related,2
99-1949.59,Science Specialist 732,99-1354.58,Legal Specialist 137,Somewhat Related,3
99-1949.59,Science Specialist 732,25-9041.00,Teacher Assistants,Somewhat Related,4
99-1949.59,Science Specialist 732,99-1998.09,Transportation Specialist 781,Somewhat Related,5
99-1950.60,Social Services Specialist 733,99-1928.38,Administrative Specialist 711,Closely Related,1
99-1950.60,Social Services Specialist 733,13-2081.00,"Tax Examiners and Collectors, and Revenue Agents",Related,2
99-1950.60,Social Services Specialist 733,99-1790.98,Manufacturing Specialist 573,Somewhat Related,3
99-1951.61,Agriculture Specialist 734,99-1398.03,Arts / Media Specialist 181,Closely Related,1
99-1951.61,Agriculture Specialist 734,99-1653.60,Social Services Specialist 436,Related,2
99-1951.61,Agriculture Specialist 734,11-9081.00,Lodging Managers,Somewhat Related,3
99-1951.61,Agriculture Specialist 734,99-1893.03,Arts / Media Specialist 676,Somewhat Related,4
99-1952.62,Manufacturing Specialist 735,99-1562.68,Science Specialist 345,Closely Related,1
99-1952.62,Manufacturing Specialist 735,99-1579.85,Legal Specialist 362,Related,2
99-1952.62,Manufacturing Specialist 735,29-1022.00,Oral and Maxillofacial Surgeons,Somewhat Related,3
99-1953.63,Transportation Specialist 736,99-1659.66,Arts / Media Specialist 442,Closely Related,1
99-1953.63,Transportation Specialist 736,99-1481.86,Science Specialist 264,Related,2
99-1953.63,Transportation Specialist 736,99-1439.44,Manufacturing Specialist 222,Somewhat Related,3
99-1953.63,Transportation Specialist 736,99-1411.16,Agriculture Specialist 194,Somewhat Related,4
99-1953.63,Transportation Specialist 736,99-1457.62,Manufacturing Specialist 240,Somewhat Related,5
99-1954.64,Sales Specialist 737,99-1899.09,Transportation Specialist 682,Closely Related,1
99-1954.64,Sales Specialist 737,99-1716.24,Social Services Specialist 499,Related,2
99-1954.64,Sales Specialist 737,99-1477.82,Sales Specialist 260,Somewhat Related,3
99-1954.64,Sales Specialist 737,99-1323.27,Transportation Specialist 106,Somewhat Related,4
99-1954.64,Sales Specialist 737,99-1444.49,Legal Specialist 227,Somewhat Related,5
99-1955.65,Administrative Specialist 738,17-2112.00,Industrial Engineers,Closely Related,1
99-1955.65,Administrative Specialist 738,99-1605.12,Arts / Media Specialist 388,Related,2
99-1955.65,Administrative Specialist 738,99-2002.13,Legal Specialist 785,Somewhat Related,3
99-1956.66,Arts / Media Specialist 739,99-1411.16,Agriculture Specialist 194,Closely Related,1
99-1956.66,Arts / Media Specialist 739,99-1904.14,Science Specialist 687,Related,2
99-1957.67,Legal Specialist 740,25-1125.00,"History Teachers, Postsecondary",Closely Related,1
99-1957.67,Legal Specialist 740,99-1570.76,Legal Specialist 353,Related,2
99-1957.67,Legal Specialist 740,99-1711.19,Sales Specialist 494,Somewhat Related,3
99-1957.67,Legal Specialist 740,99-1269.72,Transportation Specialist 52,Somewhat Related,4
99-1958.68,Science Specialist 741,99-1909.19,Sales Specialist 692,Closely Related,1
99-1958.68,Science Specialist 741,99-1444.49,Legal Specialist 227,Related,2
99-1958.68,Science Specialist 741,99-1961.71,Manufacturing Specialist 744,Somewhat Related,3
99-1958.68,Science Specialist 741,17-2131.00,Materials Engineers,Somewhat Related,4
99-1959.69,Social Services Specialist 742,99-1754.62,Manufacturing Specialist 537,Closely Related,1
99-1959.69,Social Services Specialist 742,99-1915.25,Agriculture Specialist 698,Related,2
99-1959.69,Social Services Specialist 742,15-2041.00,Statisticians,Somewhat Related,3
99-1959.69,Social Services Specialist 742,99-1463.68,Science Specialist 246,Somewhat Related,4
99-1960.70,Agriculture Specialist 743,99-1345.49,Legal Specialist 128,Closely Related,1
99-1960.70,Agriculture Specialist 743,15-2041.00,Statisticians,Related,2
99-1960.70,Agriculture Specialist 743,99-1937.47,Administrative Specialist 720,Somewhat Related,3
99-1960.70,Agriculture Specialist 743,15-1243.00,Database Architects,Somewhat Related,4
99-1960.70,Agriculture Specialist 743,17-2072.00,"Electronics Engineers, Except Computer",Somewhat Related,5
99-1961.71,Manufacturing Specialist 744,99-1507.13,Legal Specialist 290,Closely Related,1
99-1961.71,Manufacturing Specialist 744,99-1346.50,Science Specialist 129,Related,2
99-1961.71,Manufacturing Specialist 744,99-1353.57,Arts / Media Specialist 136,Somewhat Related,3
99-1962.72,Transportation Specialist 745,99-1485.90,Transportation Specialist 268,Closely Related,1
99-1962.72,Transportation Specialist 745,99-1722.30,Arts / Media Specialist 505,Related,2
99-1962.72,Transportation Specialist 745,99-1370.74,Administrative Specialist 153,Somewhat Related,3
99-1962.72,Transportation Specialist 745,99-1980.90,Transportation Specialist 763,Somewhat Related,4
99-1962.72,Transportation Specialist 745,99-1511.17,Manufacturing Specialist 294,Somewhat Related,5
99-1963.73,Sales Specialist 746,25-1021.00,"Computer Science Teachers, Postsecondary",Closely Related,1
99-1963.73,Sales Specialist 746,99-1625.32,Science Specialist 408,Related,2
99-1963.73,Sales Specialist 746,99-1379.83,Administrative Specialist 162,Somewhat Related,3
99-1964.74,Administrative Specialist 747,99-1412.17,Manufacturing Specialist 195,Closely Related,1
99-1964.74,Administrative Specialist 747,99-1392.96,Social Services Specialist 175,Related,2
99-1964.74,Administrative Specialist 747,99-1578.84,Arts / Media Specialist 361,Somewhat Related,3
99-1964.74,Administrative Specialist 747,99-1802.11,Administrative Specialist 585,Somewhat Related,4
99-1965.75,Arts / Media Specialist 748,99-1335.39,Arts / Media Specialist 118,Closely Related,1
99-1965.75,Arts / Media Specialist 748,99-1897.07,Agriculture Specialist 680,Related,2
99-1965.75,Arts / Media Specialist 748,99-1637.44,Manufacturing Specialist 420,Somewhat Related,3
99-1965.75,Arts / Media Specialist 748,99-1763.71,Manufacturing Specialist 546,Somewhat Related,4
99-1966.76,Legal Specialist 749,99-1582.88,Agriculture Specialist 365,Closely Related,1
99-1966.76,Legal Specialist 749,99-1592.98,Manufacturing Specialist 375,Related,2
99-1966.76,Legal Specialist 749,13-2099.00,"Financial Specialists, All Other",Somewhat Related,3
99-1966.76,Legal Specialist 749,25-2059.00,"Special Education Teachers, All Other",Somewhat Related,4
99-1967.77,Science Specialist 750,17-2131.00,Materials Engineers,Closely Related,1
99-1967.77,Science Specialist 750,17-2081.00,Environmental Engineers,Related,2
99-1967.77,Science Specialist 750,25-2052.00,"Special Education Teachers, Kindergarten",Somewhat Related,3
99-1967.77,Science Specialist 750,47-2011.00,Boilermakers,Somewhat Related,4
99-1968.78,Social Services Specialist 751,99-1476.81,Transportation Specialist 259,Closely Related,1
99-1968.78,Social Services Specialist 751,99-1699.07,Agriculture Specialist 482,Related,2
99-1968.78,Social Services Specialist 751,99-1810.19,Sales Specialist 593,Somewhat Related,3
99-1968.78,Social Services Specialist 751,99-1637.44,Manufacturing Specialist 420,Somewhat Related,4
99-1968.78,Social Services Specialist 751,99-1662.69,Social Services Specialist 445,Somewhat Related,5
99-1969.79,Agriculture Specialist 752,25-1199.00,"Postsecondary Teachers, All Other",Closely Related,1
99-1969.79,Agriculture Specialist 752,99-1462.67,Legal Specialist 245,Related,2
99-1969.79,Agriculture Specialist 752,25-2012.00,"Kindergarten Teachers, Except Special Education",Somewhat Related,3
99-1970.80,Manufacturing Specialist 753,99-1318.22,Legal Specialist 101,Closely Related,1
99-1970.80,Manufacturing Specialist 753,99-1311.15,Social Services Specialist 94,Related,2
99-1971.81,Transportation Specialist 754,13-2099.00,"Financial Specialists, All Other",Closely Related,1
99-1971.81,Transportation Specialist 754,99-1567.73,Sales Specialist 350,Related,2
99-1971.81,Transportation Specialist 754,13-1023.00,"Purchasing Agents, Except Wholesale, Retail, and Farm Products",Somewhat Related,3
99-1971.81,Transportation Specialist 754,99-1540.46,Sales Specialist 323,Somewhat Related,4
99-1971.81,Transportation Specialist 754,99-1653.60,Social Services Specialist 436,Somewhat Related,5
99-1972.82,Sales Specialist 755,99-1795.04,Legal Specialist 578,Closely Related,1
99-1972.82,Sales Specialist 755,99-1850.59,Science Specialist 633,Related,2
99-1972.82,Sales Specialist 755,99-1447.52,Agriculture Specialist 230,Somewhat Related,3
99-1972.82,Sales Specialist 755,99-1325.29,Administrative Specialist 108,Somewhat Related,4
99-1973.83,Administrative Specialist 756,99-1438.43,Agriculture Specialist 221,Closely Related,1
99-1973.83,Administrative Specialist 756,99-1996.07,Agriculture Specialist 779,Related,2
99-1973.83,Administrative Specialist 756,99-1784.92,Administrative Specialist 567,Somewhat Related,3
99-1973.83,Administrative Specialist 756,99-1419.24,Social Services Specialist 202,Somewhat Related,4
99-1974.84,Arts / Media Specialist 757,99-1738.46,Sales Specialist 521,Closely Related,1
99-1974.84,Arts / Media Specialist 757,29-1031.00,Dietitians and Nutritionists,Related,2
99-1974.84,Arts / Media Specialist 757,99-1917.27,Transportation Specialist 700,Somewhat Related,3
99-1974.84,Arts / Media Specialist 757,99-1285.88,Agriculture Specialist 68,Somewhat Related,4
99-1975.85,Legal Specialist 758,11-3061.00,Purchasing Managers,Closely Related,1
99-1975.85,Legal Specialist 758,99-1586.92,Administrative Specialist 369,Related,2
99-1976.86,Science Specialist 759,99-1460.65,Administrative Specialist 243,Closely Related,1
99-1976.86,Science Specialist 759,99-1599.06,Social Services Specialist 382,Related,2
99-1976.86,Science Specialist 759,99-1969.79,Agriculture Specialist 752,Somewhat Related,3
99-1976.86,Science Specialist 759,17-2151.00,Mining and Geological Engineers,Somewhat Related,4
99-1977.87,Social Services Specialist 760,99-1976.86,Science Specialist 759,Closely Related,1
99-1977.87,Social Services Specialist 760,99-1365.69,Social Services Specialist 148,Related,2
99-1978.88,Agriculture Specialist 761,99-1699.07,Agriculture Specialist 482,Closely Related,1
99-1978.88,Agriculture Specialist 761,99-1544.50,Science Specialist 327,Related,2
99-1978.88,Agriculture Specialist 761,99-1567.73,Sales Specialist 350,Somewhat Related,3
99-1978.88,Agriculture Specialist 761,99-1728.36,Transportation Specialist 511,Somewhat Related,4
99-1979.89,Manufacturing Specialist 762,99-1287.90,Transportation Specialist 70,Closely Related,1
99-1979.89,Manufacturing Specialist 762,99-1869.78,Social Services Specialist 652,Related,2
99-1979.89,Manufacturing Specialist 762,99-1710.18,Transportation Specialist 493,Somewhat Related,3
99-1980.90,Transportation Specialist 763,99-1451.56,Administrative Specialist 234,Closely Related,1
99-1980.90,Transportation Specialist 763,17-2081.00,Environmental Engineers,Related,2
99-1980.90,Transportation Specialist 763,99-1812.21,Arts / Media Specialist 595,Somewhat Related,3
99-1981.91,Sales Specialist 764,29-1129.02,Music Therapists,Closely Related,1
99-1981.91,Sales Specialist 764,99-1610.17,Manufacturing Specialist 393,Related,2
99-1981.91,Sales Specialist 764,99-1828.37,Sales Specialist 611,Somewhat Related,3
99-1981.91,Sales Specialist 764,99-1384.88,Agriculture Specialist 167,Somewhat Related,4
99-1982.92,Administrative Specialist 765,99-1534.40,Legal Specialist 317,Closely Related,1
99-1982.92,Administrative Specialist 765,29-1141.00,Registered Nurses,Related,2
99-1982.92,Administrative Specialist 765,25-3011.00,"Adult Basic Education, Adult Secondary Education, and English as a Second Language Instructors",Somewhat Related,3
99-1983.93,Arts / Media Specialist 766,29-1051.00,Pharmacists,Closely Related,1
99-1983.93,Arts / Media Specialist 766,25-2054.00,"Special Education Teachers, Secondary School",Related,2
99-1983.93,Arts / Media Specialist 766,99-1879.88,Agriculture Specialist 662,Somewhat Related,3
99-1984.94,Legal Specialist 767,25-3031.00,"Substitute Teachers, Short-Term",Closely Related,1
99-1984.94,Legal Specialist 767,99-1969.79,Agriculture Specialist 752,Related,2
99-1984.94,Legal Specialist 767,99-1641.48,Arts / Media Specialist 424,Somewhat Related,3
99-1985.95,Science Specialist 768,99-1960.70,Agriculture Specialist 743,Closely Related,1
99-1985.95,Science Specialist 768,99-1513.19,Sales Specialist 296,Related,2
99-1985.95,Science Specialist 768,13-1061.00,Emergency Management Specialists,Somewhat Related,3
99-1986.96,Social Services Specialist 769,99-1786.94,Legal Specialist 569,Closely Related,1
99-1986.96,Social Services Specialist 769,99-1425.30,Arts / Media Specialist 208,Related,2
99-1986.96,Social Services Specialist 769,99-1612.19,Sales Specialist 395,Somewhat Related,3
99-1987.97,Agriculture Specialist 770,99-1552.58,Legal Specialist 335,Closely Related,1
99-1987.97,Agriculture Specialist 770,99-1962.72,Transportation Specialist 745,Related,2
99-1987.97,Agriculture Specialist 770,99-1648.55,Sales Specialist 431,Somewhat Related,3
99-1987.97,Agriculture Specialist 770,99-1413.18,Transportation Specialist 196,Somewhat Related,4
99-1988.98,Manufacturing Specialist 771,99-1287.90,Transportation Specialist 70,Closely Related,1
99-1988.98,Manufacturing Specialist 771,99-1467.72,Transportation Specialist 250,Related,2
99-1988.98,Manufacturing Specialist 771,99-1678.85,Legal Specialist 461,Somewhat Related,3
99-1988.98,Manufacturing Specialist 771,99-1779.87,Social Services Specialist 562,Somewhat Related,4
99-1988.98,Manufacturing Specialist 771,99-1295.98,Manufacturing Specialist 78,Somewhat Related,5
99-1989.99,Transportation Specialist 772,99-1622.29,Administrative Specialist 405,Closely Related,1
99-1989.99,Transportation Specialist 772,47-2111.00,Electricians,Related,2
99-1990.01,Sales Specialist 773,25-3041.00,Tutors,Closely Related,1
99-1990.01,Sales Specialist 773,99-1900.10,Sales Specialist 683,Related,2
99-1990.01,Sales Specialist 773,99-1813.22,Legal Specialist 596,Somewhat Related,3
99-1990.01,Sales Specialist 773,99-1570.76,Legal Specialist 353,Somewhat Related,4
99-1990.01,Sales Specialist 773,99-1262.65,Administrative Specialist 45,Somewhat Related,5
99-1991.02,Administrative Specialist 774,99-1815.24,Social Services Specialist 598,Closely Related,1
99-1991.02,Administrative Specialist 774,99-1732.40,Legal Specialist 515,Related,2
99-1991.02,Administrative Specialist 774,99-1900.10,Sales Specialist 683,Somewhat Related,3
99-1992.03,Arts / Media Specialist 775,99-1825.34,Agriculture Specialist 608,Closely Related,1
99-1992.03,Arts / Media Specialist 775,99-1715.23,Science Specialist 498,Related,2
99-1992.03,Arts / Media Specialist 775,99-1836.45,Transportation Specialist 619,Somewhat Related,3
99-1992.03,Arts / Media Specialist 775,99-1406.11,Administrative Specialist 189,Somewhat Related,4
99-1992.03,Arts / Media Specialist 775,99-1626.33,Social Services Specialist 409,Somewhat Related,5
99-1993.04,Legal Specialist 776,99-1258.61,Agriculture Specialist 41,Closely Related,1
99-1993.04,Legal Specialist 776,99-1928.38,Administrative Specialist 711,Related,2
99-1993.04,Legal Specialist 776,25-1112.00,"Law Teachers, Postsecondary",Somewhat Related,3
99-1994.05,Science Specialist 777,99-1299.03,Arts / Media Specialist 82,Closely Related,1
99-1994.05,Science Specialist 777,99-1973.83,Administrative Specialist 756,Related,2
99-1994.05,Science Specialist 777,99-1534.40,Legal Specialist 317,Somewhat Related,3
99-1995.06,Social Services Specialist 778,29-1022.00,Oral and Maxillofacial Surgeons,Closely Related,1
99-1995.06,Social Services Specialist 778,99-1806.15,Social Services Specialist 589,Related,2
99-1996.07,Agriculture Specialist 779,99-1397.02,Administrative Specialist 180,Closely Related,1
99-1996.07,Agriculture Specialist 779,99-1843.52,Agriculture Specialist 626,Related,2
99-1997.08,Manufacturing Specialist 780,29-1129.02,Music Therapists,Closely Related,1
99-1997.08,Manufacturing Specialist 780,99-1948.58,Legal Specialist 731,Related,2
99-1997.08,Manufacturing Specialist 780,99-1313.17,Manufacturing Specialist 96,Somewhat Related,3
99-1998.09,Transportation Specialist 781,13-1061.00,Emergency Management Specialists,Closely Related,1
99-1998.09,Transportation Specialist 781,99-1386.90,Transportation Specialist 169,Related,2
99-1998.09,Transportation Specialist 781,25-2059.00,"Special Education Teachers, All Other",Somewhat Related,3
99-1998.09,Transportation Specialist 781,99-1599.06,Social Services Specialist 382,Somewhat Related,4
99-1998.09,Transportation Specialist 781,11-9081.00,Lodging Managers,Somewhat Related,5
99-1999.10,Sales Specialist 782,99-1900.10,Sales Specialist 683,Closely Related,1
99-1999.10,Sales Specialist 782,99-1532.38,Administrative Specialist 315,Related,2
99-1999.10,Sales Specialist 782,99-1802.11,Administrative Specialist 585,Somewhat Related,3
99-1999.10,Sales Specialist 782,11-9161.00,Emergency Management Directors,Somewhat Related,4
99-2000.11,Administrative Specialist 783,99-1338.42,Social Services Specialist 121,Closely Related,1
99-2000.11,Administrative Specialist 783,25-1081.00,"Education Teachers, Postsecondary",Related,2
99-2000.11,Administrative Specialist 783,99-1429.34,Agriculture Specialist 212,Somewhat Related,3
99-2000.11,Administrative Specialist 783,25-2051.00,"Special Education Teachers, Preschool",Somewhat Related,4
99-2000.11,Administrative Specialist 783,99-1385.89,Manufacturing Specialist 168,Somewhat Related,5
99-2001.12,Arts / Media Specialist 784,99-1763.71,Manufacturing Specialist 546,Closely Related,1
99-2001.12,Arts / Media Specialist 784,99-1246.49,Legal Specialist 29,Related,2
99-2002.13,Legal Specialist 785,13-1199.00,"Business Operations Specialists, All Other",Closely Related,1
99-2002.13,Legal Specialist 785,25-1052.00,"Chemistry Teachers, Postsecondary",Related,2
99-2002.13,Legal Specialist 785,99-1234.37,Sales Specialist 17,Somewhat Related,3
99-2002.13,Legal Specialist 785,99-1806.15,Social Services Specialist 589,Somewhat Related,4
99-2003.14,Science Specialist 786,13-2021.00,Appraisers and Assessors of Real Estate,Closely Related,1
99-2003.14,Science Specialist 786,99-1847.56,Administrative Specialist 630,Related,2
99-2003.14,Science Specialist 786,99-1900.10,Sales Specialist 683,Somewhat Related,3
99-2003.14,Science Specialist 786,47-2211.00,Sheet Metal Workers,Somewhat Related,4
99-2004.15,Social Services Specialist 787,99-1504.10,Sales Specialist 287,Closely Related,1
99-2004.15,Social Services Specialist 787,11-9071.00,Gaming Managers,Related,2
99-2004.15,Social Services Specialist 787,99-1502.08,Manufacturing Specialist 285,Somewhat Related,3
99-2004.15,Social Services Specialist 787,15-1253.00,Software Quality Assurance Analysts and Testers,Somewhat Related,4
99-2004.15,Social Services Specialist 787,99-1315.19,Sales Specialist 98,Somewhat Related,5
99-2005.16,Agriculture Specialist 788,99-1439.44,Manufacturing Specialist 222,Closely Related,1
99-2005.16,Agriculture Specialist 788,99-1992.03,Arts / Media Specialist 775,Related,2
99-2005.16,Agriculture Specialist 788,99-1594.01,Sales Specialist 377,Somewhat Related,3
99-2006.17,Manufacturing Specialist 789,11-9151.00,Social and Community Service Managers,Closely Related,1
99-2006.17,Manufacturing Specialist 789,25-1063.00,"Economics Teachers, Postsecondary",Related,2
99-2006.17,Manufacturing Specialist 789,15-1221.00,Computer and Information Research Scientists,Somewhat Related,3
99-2007.18,Transportation Specialist 790,99-1669.76,Legal Specialist 452,Closely Related,1
99-2007.18,Transportation Specialist 790,99-1944.54,Transportation Specialist 727,Related,2
99-2007.18,Transportation Specialist 790,99-1548.54,Transportation Specialist 331,Somewhat Related,3
99-2007.18,Transportation Specialist 790,99-1903.13,Legal Specialist 686,Somewhat Related,4
99-2007.18,Transportation Specialist 790,99-1264.67,Legal Specialist 47,Somewhat Related,5
99-2008.19,Sales Specialist 791,25-1121.00,"Art, Drama, and Music Teachers, Postsecondary",Closely Related,1
99-2008.19,Sales Specialist 791,99-1963.73,Sales Specialist 746,Related,2
99-2009.20,Administrative Specialist 792,17-2199.00,"Engineers, All Other",Closely Related,1
99-2009.20,Administrative Specialist 792,99-1880.89,Manufacturing Specialist 663,Related,2
99-2009.20,Administrative Specialist 792,99-1498.04,Legal Specialist 281,Somewhat Related,3
99-2009.20,Administrative Specialist 792,13-1011.00,"Agents and Business Managers of Artists, Performers, and Athletes",Somewhat Related,4
99-2009.20,Administrative Specialist 792,99-1773.81,Transportation Specialist 556,Somewhat Related,5
99-2010.21,Arts / Media Specialist 793,99-1576.82,Sales Specialist 359,Closely Related,1
99-2010.21,Arts / Media Specialist 793,99-1663.70,Agriculture Specialist 446,Related,2
99-2010.21,Arts / Media Specialist 793,99-1690.97,Agriculture Specialist 473,Somewhat Related,3
99-2011.22,Legal Specialist 794,99-1777.85,Legal Specialist 560,Closely Related,1
99-2011.22,Legal Specialist 794,99-1498.04,Legal Specialist 281,Related,2
99-2012.23,Science Specialist 795,17-2141.00,Mechanical Engineers,Closely Related,1
99-2012.23,Science Specialist 795,99-1350.54,Transportation Specialist 133,Related,2
99-2012.23,Science Specialist 795,25-1067.00,"Sociology Teachers, Postsecondary",Somewhat Related,3
99-2013.24,Social Services Specialist 796,25-2054.00,"Special Education Teachers, Secondary School",Closely Related,1
99-2013.24,Social Services Specialist 796,99-1597.04,Legal Specialist 380,Related,2
99-2013.24,Social Services Specialist 796,99-1897.07,Agriculture Specialist 680,Somewhat Related,3
99-2014.25,Agriculture Specialist 797,99-1234.37,Sales Specialist 17,Closely Related,1
99-2014.25,Agriculture Specialist 797,99-1925.35,Manufacturing Specialist 708,Related,2
99-2014.25,Agriculture Specialist 797,99-1292.95,Science Specialist 75,Somewhat Related,3
99-2014.25,Agriculture Specialist 797,99-1630.37,Sales Specialist 413,Somewhat Related,4
99-2014.25,Agriculture Specialist 797,29-1161.00,Nurse Midwives,Somewhat Related,5
99-2015.26,Manufacturing Specialist 798,99-1894.04,Legal Specialist 677,Closely Related,1
99-2015.26,Manufacturing Specialist 798,13-2031.00,Budget Analysts,Related,2
99-2015.26,Manufacturing Specialist 798,99-1714.22,Legal Specialist 497,Somewhat Related,3
99-2015.26,Manufacturing Specialist 798,99-1521.27,Transportation Specialist 304,Somewhat Related,4
