O*NET-SOC Code,Element ID,Element Name,Workplace Example,Hot Technology,In Demand
15-1252.00,2.C.3.b,Programming tools,IntelliJ IDEA,N,Y
15-1252.00,2.C.3.a,Development software,Atom,N,N
15-1252.00,2.C.3.a,Development software,Notepad++,N,N
15-1252.00,2.C.3.a,Development software,NetBeans,N,N
15-1252.00,2.C.4,Database software,Oracle Database,Y,N
15-1252.00,2.C.4,Database software,PostgreSQL,N,Y
15-1252.00,2.C.4,Database software,Microsoft SQL Server,N,N
15-1252.00,2.C.5,Project management software,Monday.com,N,N
15-1252.00,2.C.5,Project management software,Microsoft Project,N,N
15-1253.00,2.C.3.b,Programming tools,Eclipse,N,N
15-1253.00,2.C.3.b,Programming tools,IntelliJ IDEA,N,Y
15-1253.00,2.C.3.b,Programming tools,Xcode,N,N
15-1253.00,2.C.3.a,Development software,Notepad++,N,N
15-1253.00,2.C.3.a,Development software,NetBeans,N,N
15-1253.00,2.C.3.a,Development software,Microsoft Visual Studio,N,N
15-1253.00,2.C.4,Database software,Oracle Database,Y,N
15-1253.00,2.C.5,Project management software,Trello,N,N
15-1254.00,2.C.3.b,Programming tools,GitHub,Y,Y
15-1254.00,2.C.3.a,Development software,NetBeans,N,N
15-1254.00,2.C.4,Database software,MySQL,N,Y
15-1254.00,2.C.4,Database software,PostgreSQL,N,Y
15-1254.00,2.C.5,Project management software,Monday.com,N,N
15-1254.00,2.C.5,Project management software,Asana,N,N
15-1254.00,2.C.5,Project management software,Trello,N,N
15-1255.00,2.C.3.b,Programming tools,Eclipse,N,N
15-1255.00,2.C.3.a,Development software,Microsoft Visual Studio,N,N
15-1255.00,2.C.4,Database software,Oracle Database,Y,N
15-1255.00,2.C.4,Database software,MySQL,N,Y
15-1255.00,2.C.4,Database software,MongoDB,N,Y
15-1255.00,2.C.5,Project management software,Asana,N,N
15-1211.00,2.C.3.b,Programming tools,GitHub,Y,Y
15-1211.00,2.C.3.b,Programming tools,Xcode,N,N
15-1211.00,2.C.3.a,Development software,Microsoft Visual Studio,N,N
15-1211.00,2.C.3.a,Development software,NetBeans,N,N
15-1211.00,2.C.3.a,Development software,Sublime Text,N,N
15-1211.00,2.C.4,Database software,Microsoft SQL Server,N,N
15-1211.00,2.C.4,Database software,MongoDB,N,Y
15-1211.00,2.C.5,Project management software,Trello,N,N
15-1211.00,2.C.5,Project management software,Jira,N,Y
15-1211.00,2.C.5,Project management software,Microsoft Project,N,N
15-1212.00,2.C.3.b,Programming tools,IntelliJ IDEA,N,Y
15-1212.00,2.C.3.a,Development software,NetBeans,N,N
15-1212.00,2.C.4,Database software,Microsoft SQL Server,N,N
15-1212.00,2.C.4,Database software,MySQL,N,Y
15-1212.00,2.C.5,Project management software,Monday.com,N,N
15-1212.00,2.C.5,Project management software,Microsoft Project,N,N
15-1212.00,2.C.5,Project management software,Asana,N,N
15-1221.00,2.C.3.b,Programming tools,GitHub,Y,Y
15-1221.00,2.C.3.b,Programming tools,IntelliJ IDEA,N,Y
15-1221.00,2.C.3.b,Programming tools,Visual Studio Code,Y,Y
15-1221.00,2.C.3.a,Development software,Sublime Text,N,N
15-1221.00,2.C.3.a,Development software,Notepad++,N,N
15-1221.00,2.C.3.a,Development software,Microsoft Visual Studio,N,N
15-1221.00,2.C.4,Database software,PostgreSQL,N,Y
15-1221.00,2.C.4,Database software,Oracle Database,Y,N
15-1221.00,2.C.5,Project management software,Jira,N,Y
15-1221.00,2.C.5,Project management software,Microsoft Project,N,N
15-1231.00,2.C.3.c,Network management software,SolarWinds Network Performance Monitor,N,N
15-1231.00,2.C.3.c,Network management software,Wireshark,N,N
15-1231.00,2.C.3.c,Network management software,Cisco IOS,N,N
15-1231.00,2.C.4,Database software,MongoDB,N,Y
15-1231.00,2.C.4,Database software,PostgreSQL,N,Y
15-1231.00,2.C.4,Database software,MySQL,N,Y
15-1232.00,2.C.3.c,Network management software,Cisco IOS,N,N
15-1232.00,2.C.3.c,Network management software,SolarWinds Network Performance Monitor,N,N
15-1232.00,2.C.3.c,Network management software,PRTG Network Monitor,N,N
15-1232.00,2.C.4,Database software,Oracle Database,Y,N
15-1241.00,2.C.3.c,Network management software,Cisco IOS,N,N
15-1241.00,2.C.4,Database software,Oracle Database,Y,N
15-1241.00,2.C.4,Database software,PostgreSQL,N,Y
15-1242.00,2.C.3.d,Statistical analysis software,Stata,N,N
15-1242.00,2.C.3.d,Statistical analysis software,R,N,N
15-1242.00,2.C.3.e,Analytical software,Tableau,Y,Y
15-1242.00,2.C.3.e,Analytical software,Spotfire,N,N
15-1242.00,2.C.4,Database software,MySQL,N,Y
15-1243.00,2.C.3.d,Statistical analysis software,Stata,N,N
15-1243.00,2.C.3.d,Statistical analysis software,IBM SPSS Statistics,N,N
15-1243.00,2.C.3.d,Statistical analysis software,R,N,N
15-1243.00,2.C.3.e,Analytical software,SAP BusinessObjects,N,N
15-1243.00,2.C.3.e,Analytical software,QlikView,N,N
15-1243.00,2.C.3.e,Analytical software,Spotfire,N,N
15-1243.00,2.C.4,Database software,PostgreSQL,N,Y
15-1243.00,2.C.4,Database software,Microsoft SQL Server,N,N
15-1243.00,2.C.4,Database software,MySQL,N,Y
15-1244.00,2.C.3.c,Network management software,Cisco IOS,N,N
15-1244.00,2.C.3.c,Network management software,SolarWinds Network Performance Monitor,N,N
15-1244.00,2.C.4,Database software,MySQL,N,Y
15-1244.00,2.C.4,Database software,MongoDB,N,Y
15-1244.00,2.C.4,Database software,Microsoft SQL Server,N,N
15-1251.00,2.C.3.b,Programming tools,GitHub,Y,Y
15-1251.00,2.C.3.b,Programming tools,Visual Studio Code,Y,Y
15-1251.00,2.C.3.b,Programming tools,Eclipse,N,N
15-1251.00,2.C.3.a,Development software,Sublime Text,N,N
15-1251.00,2.C.4,Database software,MySQL,N,Y
15-1251.00,2.C.5,Project management software,Trello,N,N
15-1251.00,2.C.5,Project management software,Jira,N,Y
15-2051.00,2.C.3.d,Statistical analysis software,Stata,N,N
15-2051.00,2.C.3.e,Analytical software,Tableau,Y,Y
15-2051.00,2.C.3.e,Analytical software,Spotfire,N,N
15-2051.00,2.C.3.e,Analytical software,SAP BusinessObjects,N,N
15-2051.00,2.C.4,Database software,MongoDB,N,Y
15-2041.00,2.C.3.d,Statistical analysis software,Minitab,N,N
15-2041.00,2.C.3.d,Statistical analysis software,SAS,Y,N
15-2041.00,2.C.3.d,Statistical analysis software,R,N,N
15-2041.00,2.C.3.e,Analytical software,QlikView,N,N
15-2041.00,2.C.3.e,Analytical software,Microsoft Power BI,Y,Y
15-2041.00,2.C.4,Database software,PostgreSQL,N,Y
15-2031.00,2.C.3.d,Statistical analysis software,IBM SPSS Statistics,N,N
15-2031.00,2.C.3.d,Statistical analysis software,Minitab,N,N
15-2031.00,2.C.3.e,Analytical software,Tableau,Y,Y
15-2031.00,2.C.4,Database software,MySQL,N,Y
15-2031.00,2.C.4,Database software,Oracle Database,Y,N
15-2031.00,2.C.4,Database software,Microsoft SQL Server,N,N
15-1299.08,2.C.3.b,Programming tools,Eclipse,N,N
15-1299.08,2.C.3.b,Programming tools,Visual Studio Code,Y,Y
15-1299.08,2.C.3.b,Programming tools,Xcode,N,N
15-1299.08,2.C.3.a,Development software,Microsoft Visual Studio,N,N
15-1299.08,2.C.3.a,Development software,NetBeans,N,N
15-1299.08,2.C.4,Database software,PostgreSQL,N,Y
15-1299.08,2.C.5,Project management software,Asana,N,N
15-1299.09,2.C.5,Project management software,Asana,N,N
15-1299.09,2.C.5,Project management software,Jira,N,Y
15-1299.09,2.C.4,Database software,MongoDB,N,Y
15-1299.09,2.C.4,Database software,MySQL,N,Y
15-1299.09,2.C.4,Database software,Microsoft SQL Server,N,N
15-1299.05,2.C.3.b,Programming tools,Visual Studio Code,Y,Y
15-1299.05,2.C.3.a,Development software,Microsoft Visual Studio,N,N
15-1299.05,2.C.4,Database software,Microsoft SQL Server,N,N
15-1299.05,2.C.5,Project management software,Asana,N,N
15-1299.05,2.C.5,Project management software,Microsoft Project,N,N
15-2099.01,2.C.3.d,Statistical analysis software,R,N,N
15-2099.01,2.C.3.d,Statistical analysis software,IBM SPSS Statistics,N,N
15-2099.01,2.C.3.e,Analytical software,Microsoft Power BI,Y,Y
15-2099.01,2.C.3.e,Analytical software,Tableau,Y,Y
15-2099.01,2.C.4,Database software,MySQL,N,Y
15-2099.01,2.C.4,Database software,PostgreSQL,N,Y
15-2099.01,2.C.4,Database software,Microsoft SQL Server,N,N
15-1299.04,2.C.3.b,Programming tools,IntelliJ IDEA,N,Y
15-1299.04,2.C.3.a,Development software,Notepad++,N,N
15-1299.04,2.C.3.a,Development software,Sublime Text,N,N
15-1299.04,2.C.3.a,Development software,NetBeans,N,N
15-1299.04,2.C.4,Database software,PostgreSQL,N,Y
15-1299.04,2.C.4,Database software,Microsoft SQL Server,N,N
15-1299.04,2.C.5,Project management software,Monday.com,N,N
15-1299.04,2.C.5,Project management software,Trello,N,N
15-1299.04,2.C.5,Project management software,Asana,N,N
15-2021.00,2.C.3.d,Statistical analysis software,Stata,N,N
15-2021.00,2.C.3.d,Statistical analysis software,Minitab,N,N
15-2021.00,2.C.3.d,Statistical analysis software,R,N,N
15-2021.00,2.C.3.e,Analytical software,Tableau,Y,Y
15-2021.00,2.C.3.e,Analytical software,Microsoft Power BI,Y,Y
15-2021.00,2.C.3.e,Analytical software,QlikView,N,N
15-2021.00,2.C.4,Database software,MySQL,N,Y
15-2021.00,2.C.4,Database software,Oracle Database,Y,N
15-2021.00,2.C.4,Database software,Microsoft SQL Server,N,N
19-3022.00,2.C.3.d,Statistical analysis software,SAS,Y,N
19-3022.00,2.C.3.e,Analytical software,Microsoft Power BI,Y,Y
19-3022.00,2.C.3.e,Analytical software,Spotfire,N,N
19-3022.00,2.C.3.e,Analytical software,Tableau,Y,Y
19-3022.00,2.C.4,Database software,MongoDB,N,Y
19-3022.00,2.C.4,Database software,Oracle Database,Y,N
19-3022.00,2.C.4,Database software,MySQL,N,Y
43-9111.00,2.C.3.d,Statistical analysis software,Stata,N,N
43-9111.00,2.C.3.e,Analytical software,SAP BusinessObjects,N,N
43-9111.00,2.C.3.e,Analytical software,QlikView,N,N
43-9111.00,2.C.4,Database software,Microsoft SQL Server,N,N
17-2141.00,2.C.3.f,CAD software,SolidWorks,N,N
17-2141.00,2.C.3.f,CAD software,PTC Creo Parametric,N,N
17-2141.00,2.C.3.g,Simulation software,Simulink,N,N
17-2141.00,2.C.3.g,Simulation software,MATLAB,N,N
17-2141.01,2.C.3.f,CAD software,PTC Creo Parametric,N,N
17-2141.01,2.C.3.f,CAD software,Bentley MicroStation,N,N
17-2141.01,2.C.3.g,Simulation software,MATLAB,N,N
17-2141.01,2.C.3.g,Simulation software,COMSOL Multiphysics,N,N
17-2141.02,2.C.3.f,CAD software,SolidWorks,N,N
17-2141.02,2.C.3.f,CAD software,PTC Creo Parametric,N,N
17-2141.02,2.C.3.f,CAD software,Dassault Systemes CATIA,N,N
17-2141.02,2.C.3.g,Simulation software,Simulink,N,N
17-2151.00,2.C.3.f,CAD software,Dassault Systemes CATIA,N,N
17-2151.00,2.C.3.f,CAD software,PTC Creo Parametric,N,N
17-2151.00,2.C.3.i,GIS software,Global Mapper,N,N
17-2151.00,2.C.3.i,GIS software,QGIS,N,N
17-2161.00,2.C.3.f,CAD software,PTC Creo Parametric,N,N
17-2161.00,2.C.3.f,CAD software,Autodesk AutoCAD,N,N
17-2161.00,2.C.3.f,CAD software,SolidWorks,N,N
17-2161.00,2.C.3.g,Simulation software,Simulink,N,N
17-2161.00,2.C.3.g,Simulation software,Arena Simulation Software,N,N
17-2171.00,2.C.3.f,CAD software,Dassault Systemes CATIA,N,N
17-2171.00,2.C.3.g,Simulation software,Arena Simulation Software,N,N
17-2181.00,2.C.3.f,CAD software,Dassault Systemes CATIA,N,N
17-2181.00,2.C.3.f,CAD software,PTC Creo Parametric,N,N
17-2181.00,2.C.3.f,CAD software,Bentley MicroStation,N,N
17-2181.00,2.C.3.i,GIS software,Google Earth Pro,N,N
17-2181.00,2.C.3.i,GIS software,QGIS,N,N
17-2199.00,2.C.3.f,CAD software,Autodesk AutoCAD,N,N
17-2199.00,2.C.3.f,CAD software,PTC Creo Parametric,N,N
17-2199.00,2.C.3.g,Simulation software,MATLAB,N,N
17-2011.00,2.C.3.f,CAD software,PTC Creo Parametric,N,N
17-2011.00,2.C.3.f,CAD software,Bentley MicroStation,N,N
17-2011.00,2.C.3.g,Simulation software,Simulink,N,N
17-2021.00,2.C.3.f,CAD software,Bentley MicroStation,N,N
17-2021.00,2.C.3.f,CAD software,SolidWorks,N,N
17-2021.00,2.C.3.f,CAD software,Autodesk AutoCAD,N,N
17-2021.00,2.C.3.i,GIS software,Google Earth Pro,N,N
17-2021.00,2.C.3.i,GIS software,Global Mapper,N,N
17-2031.00,2.C.3.f,CAD software,SolidWorks,N,N
17-2031.00,2.C.3.f,CAD software,Bentley MicroStation,N,N
17-2031.00,2.C.3.f,CAD software,PTC Creo Parametric,N,N
17-2031.00,2.C.3.g,Simulation software,MATLAB,N,N
17-2031.00,2.C.3.g,Simulation software,Arena Simulation Software,N,N
17-2031.00,2.C.3.g,Simulation software,ANSYS,N,N
17-2041.00,2.C.3.f,CAD software,SolidWorks,N,N
17-2041.00,2.C.3.f,CAD software,Bentley MicroStation,N,N
17-2041.00,2.C.3.f,CAD software,Autodesk AutoCAD,N,N
17-2041.00,2.C.3.g,Simulation software,MATLAB,N,N
17-2041.00,2.C.3.g,Simulation software,Simulink,N,N
17-2051.00,2.C.3.f,CAD software,Autodesk AutoCAD,N,N
17-2051.00,2.C.3.f,CAD software,SolidWorks,N,N
17-2051.00,2.C.3.i,GIS software,QGIS,N,N
17-2051.00,2.C.3.i,GIS software,Google Earth Pro,N,N
17-2061.00,2.C.3.b,Programming tools,GitHub,Y,Y
17-2061.00,2.C.3.b,Programming tools,Xcode,N,N
17-2061.00,2.C.3.a,Development software,Sublime Text,N,N
17-2061.00,2.C.3.a,Development software,Microsoft Visual Studio,N,N
17-2061.00,2.C.4,Database software,MongoDB,N,Y
17-2061.00,2.C.5,Project management software,Jira,N,Y
17-2061.00,2.C.5,Project management software,Microsoft Project,N,N
17-2071.00,2.C.3.h,Circuit design software,National Instruments LabVIEW,N,N
17-2071.00,2.C.3.h,Circuit design software,Cadence OrCAD,N,N
17-2071.00,2.C.3.h,Circuit design software,Mentor Graphics PADS,N,N
17-2072.00,2.C.3.h,Circuit design software,Altium Designer,N,N
17-2081.00,2.C.3.f,CAD software,Autodesk AutoCAD,N,N
17-2081.00,2.C.3.f,CAD software,Bentley MicroStation,N,N
17-2081.00,2.C.3.i,GIS software,Esri ArcGIS,N,Y
17-2081.00,2.C.3.i,GIS software,QGIS,N,N
17-2081.00,2.C.3.i,GIS software,Google Earth Pro,N,N
17-2111.00,2.C.3.f,CAD software,Bentley MicroStation,N,N
17-2111.00,2.C.3.i,GIS software,QGIS,N,N
17-2112.00,2.C.3.j,ERP software,NetSuite,N,N
17-2112.00,2.C.5,Project management software,Microsoft Project,N,N
17-2121.00,2.C.3.f,CAD software,PTC Creo Parametric,N,N
17-2121.00,2.C.3.g,Simulation software,MATLAB,N,N
17-2131.00,2.C.3.f,CAD software,Bentley MicroStation,N,N
17-2131.00,2.C.3.f,CAD software,Dassault Systemes CATIA,N,N
17-2131.00,2.C.3.f,CAD software,SolidWorks,N,N
17-2131.00,2.C.3.g,Simulation software,COMSOL Multiphysics,N,N
17-2131.00,2.C.3.g,Simulation software,Simulink,N,N
17-1011.00,2.C.3.f,CAD software,PTC Creo Parametric,N,N
17-1011.00,2.C.3.i,GIS software,Google Earth Pro,N,N
17-1011.00,2.C.3.i,GIS software,Global Mapper,N,N
17-1012.00,2.C.3.f,CAD software,SolidWorks,N,N
17-1012.00,2.C.3.f,CAD software,PTC Creo Parametric,N,N
17-1012.00,2.C.3.f,CAD software,Dassault Systemes CATIA,N,N
17-1012.00,2.C.3.i,GIS software,Google Earth Pro,N,N
17-1012.00,2.C.3.i,GIS software,QGIS,N,N
17-1021.00,2.C.3.d,Statistical analysis software,Stata,N,N
17-1021.00,2.C.3.d,Statistical analysis software,Minitab,N,N
17-1021.00,2.C.3.e,Analytical software,Spotfire,N,N
17-1021.00,2.C.4,Database software,PostgreSQL,N,Y
17-1022.00,2.C.3.f,CAD software,Bentley MicroStation,N,N
17-1022.00,2.C.3.i,GIS software,Esri ArcGIS,N,Y
47-1011.00,2.C.5,Project management software,Trello,N,N
47-1011.00,2.C.4,Database software,PostgreSQL,N,Y
47-2011.00,2.C.3.f,CAD software,Autodesk AutoCAD,N,N
47-2011.00,2.C.3.g,Simulation software,ANSYS,N,N
47-2031.00,2.C.3.f,CAD software,Bentley MicroStation,N,N
47-2031.00,2.C.3.f,CAD software,SolidWorks,N,N
47-2031.00,2.C.3.f,CAD software,Autodesk AutoCAD,N,N
47-2051.00,2.C.3.f,CAD software,Autodesk AutoCAD,N,N
47-2051.00,2.C.3.f,CAD software,Dassault Systemes CATIA,N,N
47-2061.00,2.C.3.f,CAD software,PTC Creo Parametric,N,N
47-2061.00,2.C.3.f,CAD software,Autodesk AutoCAD,N,N
47-2073.00,2.C.3.f,CAD software,Autodesk AutoCAD,N,N
47-2073.00,2.C.3.f,CAD software,Dassault Systemes CATIA,N,N
47-2111.00,2.C.3.h,Circuit design software,Cadence OrCAD,N,N
47-2121.00,2.C.3.f,CAD software,Autodesk AutoCAD,N,N
47-2121.00,2.C.3.f,CAD software,SolidWorks,N,N
47-2121.00,2.C.3.f,CAD software,Bentley MicroStation,N,N
47-2131.00,2.C.3.f,CAD software,Autodesk AutoCAD,N,N
47-2131.00,2.C.3.f,CAD software,Dassault Systemes CATIA,N,N
47-2131.00,2.C.3.f,CAD software,PTC Creo Parametric,N,N
47-2141.00,2.C.3.f,CAD software,Autodesk AutoCAD,N,N
47-2141.00,2.C.3.f,CAD software,SolidWorks,N,N
47-2141.00,2.C.3.f,CAD software,PTC Creo Parametric,N,N
47-2152.00,2.C.3.f,CAD software,PTC Creo Parametric,N,N
47-2161.00,2.C.3.f,CAD software,Bentley MicroStation,N,N
47-2161.00,2.C.3.f,CAD software,PTC Creo Parametric,N,N
47-2161.00,2.C.3.f,CAD software,Dassault Systemes CATIA,N,N
47-2171.00,2.C.3.f,CAD software,SolidWorks,N,N
47-2171.00,2.C.3.f,CAD software,Autodesk AutoCAD,N,N
47-2181.00,2.C.3.f,CAD software,Autodesk AutoCAD,N,N
47-2181.00,2.C.3.f,CAD software,Bentley MicroStation,N,N
47-2211.00,2.C.3.f,CAD software,Autodesk AutoCAD,N,N
47-2211.00,2.C.3.f,CAD software,Bentley MicroStation,N,N
47-2211.00,2.C.3.f,CAD software,SolidWorks,N,N
47-2221.00,2.C.3.f,CAD software,PTC Creo Parametric,N,N
47-2221.00,2.C.3.f,CAD software,Bentley MicroStation,N,N
29-1141.00,2.C.1,Medical software,Meditech Expanse,N,N
29-1141.00,2.C.1,Medical software,Epic Systems,Y,N
29-1141.00,2.C.1,Medical software,Cerner,N,N
29-1141.00,2.C.2,Electronic health record software,MedMaster,N,N
29-1141.00,2.C.2,Electronic health record software,Microsoft 365,N,Y
29-1171.00,2.C.1,Medical software,Allscripts,N,N
29-1171.00,2.C.2,Electronic health record software,MedMaster,N,N
29-1171.00,2.C.2,Electronic health record software,Kareo Clinical,N,N
29-1151.00,2.C.1,Medical software,Meditech Expanse,N,N
29-1151.00,2.C.2,Electronic health record software,DocuSign,N,N
29-1161.00,2.C.1,Medical software,Epic Systems,Y,N
29-1161.00,2.C.1,Medical software,Allscripts,N,N
29-1161.00,2.C.1,Medical software,Cerner,N,N
29-1161.00,2.C.2,Electronic health record software,Kareo Clinical,N,N
29-1161.00,2.C.2,Electronic health record software,AdvancedMD,N,N
29-1021.00,2.C.1,Medical software,Epic Systems,Y,N
29-1021.00,2.C.1,Medical software,Allscripts,N,N
29-1021.00,2.C.2,Electronic health record software,Kareo Clinical,N,N
29-1021.00,2.C.2,Electronic health record software,DocuSign,N,N
29-1022.00,2.C.1,Medical software,Allscripts,N,N
29-1022.00,2.C.2,Electronic health record software,AdvancedMD,N,N
29-1022.00,2.C.2,Electronic health record software,Kareo Clinical,N,N
29-1023.00,2.C.1,Medical software,Cerner,N,N
29-1023.00,2.C.2,Electronic health record software,Kareo Clinical,N,N
29-1023.00,2.C.2,Electronic health record software,MedMaster,N,N
29-1023.00,2.C.2,Electronic health record software,DocuSign,N,N
29-1031.00,2.C.1,Medical software,Allscripts,N,N
29-1031.00,2.C.1,Medical software,Epic Systems,Y,N
29-1031.00,2.C.2,Electronic health record software,MedMaster,N,N
29-1031.00,2.C.2,Electronic health record software,Kareo Clinical,N,N
29-1041.00,2.C.1,Medical software,eClinicalWorks,N,N
29-1041.00,2.C.2,Electronic health record software,Kareo Clinical,N,N
29-1041.00,2.C.2,Electronic health record software,AdvancedMD,N,N
29-1041.00,2.C.2,Electronic health record software,MedMaster,N,N
29-1051.00,2.C.1,Medical software,Meditech Expanse,N,N
29-1051.00,2.C.1,Medical software,Allscripts,N,N
29-1051.00,2.C.2,Electronic health record software,Microsoft 365,N,Y
29-1051.00,2.C.2,Electronic health record software,Kareo Clinical,N,N
29-1062.00,2.C.1,Medical software,Epic Systems,Y,N
29-1062.00,2.C.1,Medical software,Cerner,N,N
29-1062.00,2.C.1,Medical software,Allscripts,N,N
29-1062.00,2.C.2,Electronic health record software,MedMaster,N,N
29-1063.00,2.C.1,Medical software,Meditech Expanse,N,N
29-1063.00,2.C.1,Medical software,Cerner,N,N
29-1063.00,2.C.1,Medical software,eClinicalWorks,N,N
29-1063.00,2.C.2,Electronic health record software,Kareo Clinical,N,N
29-1063.00,2.C.2,Electronic health record software,AdvancedMD,N,N
29-1063.00,2.C.2,Electronic health record software,DocuSign,N,N
29-1064.00,2.C.1,Medical software,Epic Systems,Y,N
29-1064.00,2.C.1,Medical software,Meditech Expanse,N,N
29-1064.00,2.C.1,Medical software,Allscripts,N,N
29-1064.00,2.C.2,Electronic health record software,Kareo Clinical,N,N
29-1065.00,2.C.1,Medical software,Meditech Expanse,N,N
29-1065.00,2.C.1,Medical software,Epic Systems,Y,N
29-1065.00,2.C.2,Electronic health record software,Kareo Clinical,N,N
29-1065.00,2.C.2,Electronic health record software,DocuSign,N,N
29-1065.00,2.C.2,Electronic health record software,Microsoft 365,N,Y
29-1071.00,2.C.1,Medical software,Cerner,N,N
29-1071.00,2.C.1,Medical software,Epic Systems,Y,N
29-1071.00,2.C.2,Electronic health record software,MedMaster,N,N
29-1071.00,2.C.2,Electronic health record software,Kareo Clinical,N,N
29-1081.00,2.C.1,Medical software,Cerner,N,N
29-1081.00,2.C.2,Electronic health record software,Microsoft 365,N,Y
29-1122.00,2.C.1,Medical software,Meditech Expanse,N,N
29-1122.00,2.C.1,Medical software,Cerner,N,N
29-1122.00,2.C.2,Electronic health record software,AdvancedMD,N,N
29-1122.00,2.C.2,Electronic health record software,Microsoft 365,N,Y
29-1122.00,2.C.2,Electronic health record software,Kareo Clinical,N,N
29-1123.00,2.C.1,Medical software,Allscripts,N,N
29-1123.00,2.C.2,Electronic health record software,Kareo Clinical,N,N
29-1123.00,2.C.2,Electronic health record software,DocuSign,N,N
29-1124.00,2.C.1,Medical software,Meditech Expanse,N,N
29-1124.00,2.C.1,Medical software,Epic Systems,Y,N
29-1124.00,2.C.1,Medical software,Cerner,N,N
29-1124.00,2.C.2,Electronic health record software,AdvancedMD,N,N
29-1124.00,2.C.2,Electronic health record software,MedMaster,N,N
29-1124.00,2.C.2,Electronic health record software,Microsoft 365,N,Y
29-1125.00,2.C.1,Medical software,Allscripts,N,N
29-1125.00,2.C.1,Medical software,Epic Systems,Y,N
29-1125.00,2.C.1,Medical software,eClinicalWorks,N,N
29-1125.00,2.C.2,Electronic health record software,DocuSign,N,N
29-1126.00,2.C.1,Medical software,Allscripts,N,N
29-1126.00,2.C.1,Medical software,Meditech Expanse,N,N
29-1126.00,2.C.2,Electronic health record software,MedMaster,N,N
29-1126.00,2.C.2,Electronic health record software,Microsoft 365,N,Y
29-1127.00,2.C.1,Medical software,Cerner,N,N
29-1127.00,2.C.1,Medical software,Allscripts,N,N
29-1127.00,2.C.2,Electronic health record software,Kareo Clinical,N,N
29-1127.00,2.C.2,Electronic health record software,MedMaster,N,N
29-1127.00,2.C.2,Electronic health record software,DocuSign,N,N
29-1128.00,2.C.1,Medical software,eClinicalWorks,N,N
29-1128.00,2.C.1,Medical software,Epic Systems,Y,N
29-1128.00,2.C.1,Medical software,Allscripts,N,N
29-1128.00,2.C.2,Electronic health record software,DocuSign,N,N
29-1129.02,2.C.1,Medical software,Meditech Expanse,N,N
29-1129.02,2.C.1,Medical software,Epic Systems,Y,N
29-1129.02,2.C.1,Medical software,eClinicalWorks,N,N
29-1129.02,2.C.2,Electronic health record software,AdvancedMD,N,N
29-1129.02,2.C.2,Electronic health record software,Microsoft 365,N,Y
29-1129.02,2.C.2,Electronic health record software,DocuSign,N,N
29-1215.00,2.C.1,Medical software,Meditech Expanse,N,N
29-1215.00,2.C.1,Medical software,Cerner,N,N
29-1215.00,2.C.2,Electronic health record software,DocuSign,N,N
25-1011.00,2.C.5,Project management software,Monday.com,N,N
25-1011.00,2.C.5,Project management software,Trello,N,N
25-1011.00,2.C.6,Course management software,Canvas LMS,N,N
25-1011.00,2.C.6,Course management software,Schoology,N,N
25-1021.00,2.C.5,Project management software,Jira,N,Y
25-1021.00,2.C.5,Project management software,Trello,N,N
25-1021.00,2.C.6,Course management software,Moodle,N,N
25-1022.00,2.C.5,Project management software,Microsoft Project,N,N
25-1022.00,2.C.5,Project management software,Trello,N,N
25-1022.00,2.C.6,Course management software,Moodle,N,N
25-1022.00,2.C.6,Course management software,Blackboard,N,N
25-1022.00,2.C.6,Course management software,Canvas LMS,N,N
25-1032.00,2.C.5,Project management software,Microsoft Project,N,N
25-1032.00,2.C.6,Course management software,Moodle,N,N
25-1032.00,2.C.6,Course management software,Canvas LMS,N,N
25-1041.00,2.C.5,Project management software,Microsoft Project,N,N
25-1041.00,2.C.5,Project management software,Trello,N,N
25-1041.00,2.C.6,Course management software,Blackboard,N,N
25-1041.00,2.C.6,Course management software,Moodle,N,N
25-1041.00,2.C.6,Course management software,Schoology,N,N
25-1042.00,2.C.5,Project management software,Trello,N,N
25-1042.00,2.C.6,Course management software,Blackboard,N,N
25-1042.00,2.C.6,Course management software,Canvas LMS,N,N
25-1043.00,2.C.5,Project management software,Jira,N,Y
25-1043.00,2.C.5,Project management software,Microsoft Project,N,N
25-1043.00,2.C.5,Project management software,Asana,N,N
25-1043.00,2.C.6,Course management software,Schoology,N,N
25-1043.00,2.C.6,Course management software,Google Classroom,N,N
25-1043.00,2.C.6,Course management software,Canvas LMS,N,N
25-1051.00,2.C.5,Project management software,Monday.com,N,N
25-1051.00,2.C.6,Course management software,Blackboard,N,N
25-1052.00,2.C.5,Project management software,Microsoft Project,N,N
25-1052.00,2.C.5,Project management software,Trello,N,N
25-1052.00,2.C.6,Course management software,Canvas LMS,N,N
25-1053.00,2.C.5,Project management software,Trello,N,N
25-1053.00,2.C.5,Project management software,Monday.com,N,N
25-1053.00,2.C.6,Course management software,Moodle,N,N
25-1053.00,2.C.6,Course management software,Schoology,N,N
25-1053.00,2.C.6,Course management software,Blackboard,N,N
25-1054.00,2.C.5,Project management software,Asana,N,N
25-1054.00,2.C.5,Project management software,Jira,N,Y
25-1054.00,2.C.6,Course management software,Schoology,N,N
25-1054.00,2.C.6,Course management software,Google Classroom,N,N
25-1061.00,2.C.5,Project management software,Monday.com,N,N
25-1061.00,2.C.5,Project management software,Microsoft Project,N,N
25-1061.00,2.C.6,Course management software,Schoology,N,N
25-1061.00,2.C.6,Course management software,Blackboard,N,N
25-1061.00,2.C.6,Course management software,Google Classroom,N,N
25-1062.00,2.C.5,Project management software,Trello,N,N
25-1062.00,2.C.6,Course management software,Canvas LMS,N,N
25-1062.00,2.C.6,Course management software,Google Classroom,N,N
25-1063.00,2.C.5,Project management software,Jira,N,Y
25-1063.00,2.C.5,Project management software,Microsoft Project,N,N
25-1063.00,2.C.6,Course management software,Canvas LMS,N,N
25-1063.00,2.C.6,Course management software,Blackboard,N,N
25-1064.00,2.C.5,Project management software,Jira,N,Y
25-1064.00,2.C.5,Project management software,Microsoft Project,N,N
25-1064.00,2.C.6,Course management software,Moodle,N,N
25-1064.00,2.C.6,Course management software,Google Classroom,N,N
25-1064.00,2.C.6,Course management software,Canvas LMS,N,N
25-1065.00,2.C.5,Project management software,Trello,N,N
25-1065.00,2.C.6,Course management software,Canvas LMS,N,N
25-1065.00,2.C.6,Course management software,Google Classroom,N,N
25-1066.00,2.C.5,Project management software,Microsoft Project,N,N
25-1066.00,2.C.5,Project management software,Monday.com,N,N
25-1066.00,2.C.5,Project management software,Jira,N,Y
25-1066.00,2.C.6,Course management software,Blackboard,N,N
25-1066.00,2.C.6,Course management software,Google Classroom,N,N
25-1066.00,2.C.6,Course management software,Schoology,N,N
25-1067.00,2.C.5,Project management software,Asana,N,N
25-1067.00,2.C.5,Project management software,Trello,N,N
25-1067.00,2.C.5,Project management software,Jira,N,Y
25-1067.00,2.C.6,Course management software,Moodle,N,N
25-1069.00,2.C.5,Project management software,Asana,N,N
25-1069.00,2.C.6,Course management software,Schoology,N,N
25-1069.00,2.C.6,Course management software,Moodle,N,N
25-1071.00,2.C.5,Project management software,Monday.com,N,N
25-1071.00,2.C.5,Project management software,Trello,N,N
25-1071.00,2.C.5,Project management software,Microsoft Project,N,N
25-1071.00,2.C.6,Course management software,Moodle,N,N
25-1071.00,2.C.6,Course management software,Schoology,N,N
25-1072.00,2.C.5,Project management software,Jira,N,Y
25-1072.00,2.C.5,Project management software,Asana,N,N
25-1072.00,2.C.5,Project management software,Trello,N,N
25-1072.00,2.C.6,Course management software,Google Classroom,N,N
25-1072.00,2.C.6,Course management software,Blackboard,N,N
25-1081.00,2.C.5,Project management software,Jira,N,Y
25-1081.00,2.C.5,Project management software,Microsoft Project,N,N
25-1081.00,2.C.5,Project management software,Asana,N,N
25-1081.00,2.C.6,Course management software,Blackboard,N,N
25-1081.00,2.C.6,Course management software,Schoology,N,N
25-1082.00,2.C.5,Project management software,Asana,N,N
25-1082.00,2.C.5,Project management software,Microsoft Project,N,N
25-1082.00,2.C.5,Project management software,Monday.com,N,N
25-1082.00,2.C.6,Course management software,Schoology,N,N
25-1111.00,2.C.5,Project management software,Trello,N,N
25-1111.00,2.C.6,Course management software,Google Classroom,N,N
25-1112.00,2.C.5,Project management software,Monday.com,N,N
25-1112.00,2.C.5,Project management software,Jira,N,Y
25-1112.00,2.C.6,Course management software,Schoology,N,N
25-1113.00,2.C.5,Project management software,Monday.com,N,N
25-1113.00,2.C.5,Project management software,Jira,N,Y
25-1113.00,2.C.6,Course management software,Canvas LMS,N,N
25-1121.00,2.C.5,Project management software,Monday.com,N,N
25-1121.00,2.C.6,Course management software,Blackboard,N,N
25-1121.00,2.C.6,Course management software,Schoology,N,N
25-1122.00,2.C.5,Project management software,Asana,N,N
25-1122.00,2.C.6,Course management software,Google Classroom,N,N
25-1122.00,2.C.6,Course management software,Moodle,N,N
25-1123.00,2.C.5,Project management software,Microsoft Project,N,N
25-1123.00,2.C.5,Project management software,Trello,N,N
25-1123.00,2.C.5,Project management software,Jira,N,Y
25-1123.00,2.C.6,Course management software,Moodle,N,N
25-1124.00,2.C.5,Project management software,Microsoft Project,N,N
25-1124.00,2.C.6,Course management software,Moodle,N,N
25-1125.00,2.C.5,Project management software,Microsoft Project,N,N
25-1125.00,2.C.5,Project management software,Jira,N,Y
25-1125.00,2.C.5,Project management software,Trello,N,N
25-1125.00,2.C.6,Course management software,Blackboard,N,N
25-1125.00,2.C.6,Course management software,Moodle,N,N
25-1125.00,2.C.6,Course management software,Google Classroom,N,N
25-1126.00,2.C.5,Project management software,Jira,N,Y
25-1126.00,2.C.5,Project management software,Microsoft Project,N,N
25-1126.00,2.C.6,Course management software,Canvas LMS,N,N
25-1191.00,2.C.5,Project management software,Monday.com,N,N
25-1191.00,2.C.5,Project management software,Trello,N,N
25-1191.00,2.C.6,Course management software,Schoology,N,N
25-1199.00,2.C.5,Project management software,Asana,N,N
25-1199.00,2.C.5,Project management software,Microsoft Project,N,N
25-1199.00,2.C.6,Course management software,Blackboard,N,N
25-1199.00,2.C.6,Course management software,Google Classroom,N,N
25-2011.00,2.C.5,Project management software,Microsoft Project,N,N
25-2011.00,2.C.5,Project management software,Jira,N,Y
25-2011.00,2.C.5,Project management software,Trello,N,N
25-2011.00,2.C.6,Course management software,Canvas LMS,N,N
25-2011.00,2.C.6,Course management software,Moodle,N,N
25-2011.00,2.C.6,Course management software,Schoology,N,N
25-2012.00,2.C.5,Project management software,Monday.com,N,N
25-2012.00,2.C.5,Project management software,Trello,N,N
25-2012.00,2.C.6,Course management software,Moodle,N,N
25-2021.00,2.C.5,Project management software,Asana,N,N
25-2021.00,2.C.5,Project management software,Trello,N,N
25-2021.00,2.C.6,Course management software,Schoology,N,N
25-2022.00,2.C.5,Project management software,Microsoft Project,N,N
25-2022.00,2.C.6,Course management software,Google Classroom,N,N
25-2022.00,2.C.6,Course management software,Moodle,N,N
25-2023.00,2.C.5,Project management software,Jira,N,Y
25-2023.00,2.C.6,Course management software,Google Classroom,N,N
25-2023.00,2.C.6,Course management software,Blackboard,N,N
25-2031.00,2.C.5,Project management software,Jira,N,Y
25-2031.00,2.C.5,Project management software,Asana,N,N
25-2031.00,2.C.5,Project management software,Monday.com,N,N
25-2031.00,2.C.6,Course management software,Canvas LMS,N,N
25-2032.00,2.C.5,Project management software,Jira,N,Y
25-2032.00,2.C.6,Course management software,Blackboard,N,N
25-2051.00,2.C.5,Project management software,Microsoft Project,N,N
25-2051.00,2.C.5,Project management software,Monday.com,N,N
25-2051.00,2.C.6,Course management software,Moodle,N,N
25-2051.00,2.C.6,Course management software,Canvas LMS,N,N
25-2052.00,2.C.5,Project management software,Jira,N,Y
25-2052.00,2.C.5,Project management software,Asana,N,N
25-2052.00,2.C.5,Project management software,Microsoft Project,N,N
25-2052.00,2.C.6,Course management software,Blackboard,N,N
25-2052.00,2.C.6,Course management software,Schoology,N,N
25-2053.00,2.C.5,Project management software,Trello,N,N
25-2053.00,2.C.5,Project management software,Asana,N,N
25-2053.00,2.C.6,Course management software,Canvas LMS,N,N
25-2054.00,2.C.5,Project management software,Asana,N,N
25-2054.00,2.C.5,Project management software,Jira,N,Y
25-2054.00,2.C.5,Project management software,Trello,N,N
25-2054.00,2.C.6,Course management software,Blackboard,N,N
25-2055.00,2.C.5,Project management software,Trello,N,N
25-2055.00,2.C.5,Project management software,Microsoft Project,N,N
25-2055.00,2.C.6,Course management software,Moodle,N,N
25-2059.00,2.C.5,Project management software,Monday.com,N,N
25-2059.00,2.C.6,Course management software,Canvas LMS,N,N
25-2059.00,2.C.6,Course management software,Google Classroom,N,N
25-2059.00,2.C.6,Course management software,Schoology,N,N
25-3011.00,2.C.5,Project management software,Monday.com,N,N
25-3011.00,2.C.5,Project management software,Jira,N,Y
25-3011.00,2.C.5,Project management software,Asana,N,N
25-3011.00,2.C.6,Course management software,Schoology,N,N
25-3021.00,2.C.5,Project management software,Monday.com,N,N
25-3021.00,2.C.5,Project management software,Microsoft Project,N,N
25-3021.00,2.C.6,Course management software,Google Classroom,N,N
25-3021.00,2.C.6,Course management software,Schoology,N,N
25-3021.00,2.C.6,Course management software,Canvas LMS,N,N
25-3031.00,2.C.5,Project management software,Microsoft Project,N,N
25-3031.00,2.C.5,Project management software,Asana,N,N
25-3031.00,2.C.5,Project management software,Monday.com,N,N
25-3031.00,2.C.6,Course management software,Moodle,N,N
25-3041.00,2.C.5,Project management software,Trello,N,N
25-3041.00,2.C.5,Project management software,Monday.com,N,N
25-3041.00,2.C.6,Course management software,Schoology,N,N
25-4011.00,2.C.5,Project management software,Trello,N,N
25-4011.00,2.C.6,Course management software,Canvas LMS,N,N
25-4012.00,2.C.5,Project management software,Trello,N,N
25-4012.00,2.C.5,Project management software,Asana,N,N
25-4012.00,2.C.6,Course management software,Moodle,N,N
25-4012.00,2.C.6,Course management software,Google Classroom,N,N
25-4012.00,2.C.6,Course management software,Canvas LMS,N,N
25-4013.00,2.C.5,Project management software,Trello,N,N
25-4013.00,2.C.5,Project management software,Asana,N,N
25-4013.00,2.C.5,Project management software,Microsoft Project,N,N
25-4013.00,2.C.6,Course management software,Google Classroom,N,N
25-4013.00,2.C.6,Course management software,Blackboard,N,N
25-4013.00,2.C.6,Course management software,Moodle,N,N
25-4021.00,2.C.5,Project management software,Trello,N,N
25-4021.00,2.C.5,Project management software,Microsoft Project,N,N
25-4021.00,2.C.5,Project management software,Monday.com,N,N
25-4021.00,2.C.6,Course management software,Canvas LMS,N,N
25-4022.00,2.C.5,Project management software,Trello,N,N
25-4022.00,2.C.5,Project management software,Asana,N,N
25-4022.00,2.C.6,Course management software,Schoology,N,N
25-4022.00,2.C.6,Course management software,Canvas LMS,N,N
25-4022.00,2.C.6,Course management software,Blackboard,N,N
25-9011.00,2.C.5,Project management software,Monday.com,N,N
25-9011.00,2.C.6,Course management software,Moodle,N,N
25-9011.00,2.C.6,Course management software,Blackboard,N,N
25-9031.00,2.C.5,Project management software,Monday.com,N,N
25-9031.00,2.C.5,Project management software,Microsoft Project,N,N
25-9031.00,2.C.5,Project management software,Asana,N,N
25-9031.00,2.C.6,Course management software,Canvas LMS,N,N
25-9041.00,2.C.5,Project management software,Asana,N,N
25-9041.00,2.C.5,Project management software,Trello,N,N
25-9041.00,2.C.6,Course management software,Schoology,N,N
11-1011.00,2.C.5,Project management software,Jira,N,Y
11-1011.00,2.C.5,Project management software,Asana,N,N
11-1011.00,2.C.5,Project management software,Microsoft Project,N,N
11-1011.00,2.C.4,Database software,Oracle Database,Y,N
11-1021.00,2.C.5,Project management software,Jira,N,Y
11-1021.00,2.C.4,Database software,Microsoft SQL Server,N,N
11-1021.00,2.C.4,Database software,Oracle Database,Y,N
11-1021.00,2.C.4,Database software,PostgreSQL,N,Y
11-1031.00,2.C.5,Project management software,Monday.com,N,N
11-1031.00,2.C.5,Project management software,Jira,N,Y
11-1031.00,2.C.4,Database software,MongoDB,N,Y
11-1031.00,2.C.4,Database software,MySQL,N,Y
11-1031.00,2.C.4,Database software,Microsoft SQL Server,N,N
11-2011.00,2.C.5,Project management software,Microsoft Project,N,N
11-2011.00,2.C.5,Project management software,Monday.com,N,N
11-2011.00,2.C.5,Project management software,Asana,N,N
11-2011.00,2.C.4,Database software,PostgreSQL,N,Y
11-2011.00,2.C.4,Database software,MySQL,N,Y
11-2011.00,2.C.4,Database software,MongoDB,N,Y
11-2021.00,2.C.5,Project management software,Asana,N,N
11-2021.00,2.C.4,Database software,Microsoft SQL Server,N,N
11-2021.00,2.C.4,Database software,Oracle Database,Y,N
11-2021.00,2.C.4,Database software,MongoDB,N,Y
11-2022.00,2.C.5,Project management software,Trello,N,N
11-2022.00,2.C.5,Project management software,Jira,N,Y
11-2022.00,2.C.4,Database software,Oracle Database,Y,N
11-2031.00,2.C.5,Project management software,Microsoft Project,N,N
11-2031.00,2.C.5,Project management software,Trello,N,N
11-2031.00,2.C.5,Project management software,Monday.com,N,N
11-2031.00,2.C.4,Database software,MongoDB,N,Y
11-3012.00,2.C.5,Project management software,Monday.com,N,N
11-3012.00,2.C.4,Database software,PostgreSQL,N,Y
11-3013.00,2.C.5,Project management software,Monday.com,N,N
11-3013.00,2.C.4,Database software,Oracle Database,Y,N
11-3021.00,2.C.5,Project management software,Microsoft Project,N,N
11-3021.00,2.C.4,Database software,PostgreSQL,N,Y
11-3021.00,2.C.4,Database software,MySQL,N,Y
11-3021.00,2.C.4,Database software,Oracle Database,Y,N
11-3031.00,2.C.3.k,Accounting software,Intuit TurboTax,N,N
11-3031.00,2.C.3.k,Accounting software,Sage 50 Accounting,N,N
11-3031.00,2.C.3.d,Statistical analysis software,Minitab,N,N
11-3031.00,2.C.3.d,Statistical analysis software,R,N,N
11-3031.00,2.C.3.d,Statistical analysis software,SAS,Y,N
11-3051.00,2.C.3.j,ERP software,NetSuite,N,N
11-3051.00,2.C.5,Project management software,Monday.com,N,N
11-3061.00,2.C.5,Project management software,Monday.com,N,N
11-3061.00,2.C.5,Project management software,Jira,N,Y
11-3061.00,2.C.4,Database software,MongoDB,N,Y
11-3061.00,2.C.4,Database software,MySQL,N,Y
11-3061.00,2.C.4,Database software,PostgreSQL,N,Y
11-3071.00,2.C.5,Project management software,Microsoft Project,N,N
11-3071.00,2.C.5,Project management software,Asana,N,N
11-3071.00,2.C.4,Database software,PostgreSQL,N,Y
11-3071.00,2.C.4,Database software,MySQL,N,Y
11-3111.00,2.C.5,Project management software,Asana,N,N
11-3111.00,2.C.5,Project management software,Trello,N,N
11-3111.00,2.C.4,Database software,PostgreSQL,N,Y
11-3111.00,2.C.4,Database software,Microsoft SQL Server,N,N
11-3111.00,2.C.4,Database software,MySQL,N,Y
11-3121.00,2.C.5,Project management software,Microsoft Project,N,N
11-3121.00,2.C.4,Database software,PostgreSQL,N,Y
11-3131.00,2.C.5,Project management software,Microsoft Project,N,N
11-3131.00,2.C.5,Project management software,Monday.com,N,N
11-3131.00,2.C.4,Database software,Microsoft SQL Server,N,N
11-3131.00,2.C.4,Database software,MongoDB,N,Y
11-9013.00,2.C.5,Project management software,Trello,N,N
11-9013.00,2.C.4,Database software,Oracle Database,Y,N
11-9013.00,2.C.4,Database software,PostgreSQL,N,Y
11-9013.00,2.C.4,Database software,MySQL,N,Y
11-9021.00,2.C.5,Project management software,Asana,N,N
11-9021.00,2.C.4,Database software,Microsoft SQL Server,N,N
11-9021.00,2.C.4,Database software,MySQL,N,Y
11-9021.00,2.C.4,Database software,PostgreSQL,N,Y
11-9031.00,2.C.5,Project management software,Monday.com,N,N
11-9031.00,2.C.4,Database software,MongoDB,N,Y
11-9031.00,2.C.4,Database software,Oracle Database,Y,N
11-9032.00,2.C.5,Project management software,Asana,N,N
11-9032.00,2.C.5,Project management software,Monday.com,N,N
11-9032.00,2.C.4,Database software,Oracle Database,Y,N
11-9032.00,2.C.4,Database software,MySQL,N,Y
11-9032.00,2.C.4,Database software,Microsoft SQL Server,N,N
11-9033.00,2.C.5,Project management software,Microsoft Project,N,N
11-9033.00,2.C.4,Database software,PostgreSQL,N,Y
11-9033.00,2.C.4,Database software,Microsoft SQL Server,N,N
11-9033.00,2.C.4,Database software,MySQL,N,Y
11-9039.00,2.C.5,Project management software,Microsoft Project,N,N
11-9039.00,2.C.5,Project management software,Trello,N,N
11-9039.00,2.C.5,Project management software,Monday.com,N,N
11-9039.00,2.C.4,Database software,Oracle Database,Y,N
11-9041.00,2.C.5,Project management software,Monday.com,N,N
11-9041.00,2.C.4,Database software,Oracle Database,Y,N
11-9051.00,2.C.5,Project management software,Monday.com,N,N
11-9051.00,2.C.5,Project management software,Jira,N,Y
11-9051.00,2.C.5,Project management software,Trello,N,N
11-9051.00,2.C.4,Database software,PostgreSQL,N,Y
11-9061.00,2.C.5,Project management software,Jira,N,Y
11-9061.00,2.C.5,Project management software,Microsoft Project,N,N
11-9061.00,2.C.4,Database software,MongoDB,N,Y
11-9061.00,2.C.4,Database software,Oracle Database,Y,N
11-9071.00,2.C.5,Project management software,Asana,N,N
11-9071.00,2.C.5,Project management software,Microsoft Project,N,N
11-9071.00,2.C.4,Database software,MySQL,N,Y
11-9071.00,2.C.4,Database software,Oracle Database,Y,N
11-9071.00,2.C.4,Database software,MongoDB,N,Y
11-9081.00,2.C.5,Project management software,Monday.com,N,N
11-9081.00,2.C.5,Project management software,Microsoft Project,N,N
11-9081.00,2.C.4,Database software,Oracle Database,Y,N
11-9081.00,2.C.4,Database software,Microsoft SQL Server,N,N
11-9111.00,2.C.5,Project management software,Trello,N,N
11-9111.00,2.C.4,Database software,Microsoft SQL Server,N,N
11-9111.00,2.C.4,Database software,MongoDB,N,Y
11-9121.00,2.C.5,Project management software,Jira,N,Y
11-9121.00,2.C.5,Project management software,Trello,N,N
11-9121.00,2.C.4,Database software,MongoDB,N,Y
11-9121.00,2.C.4,Database software,Microsoft SQL Server,N,N
11-9131.00,2.C.5,Project management software,Trello,N,N
11-9131.00,2.C.5,Project management software,Microsoft Project,N,N
11-9131.00,2.C.4,Database software,MongoDB,N,Y
11-9131.00,2.C.4,Database software,Microsoft SQL Server,N,N
11-9131.00,2.C.4,Database software,Oracle Database,Y,N
11-9141.00,2.C.5,Project management software,Asana,N,N
11-9141.00,2.C.5,Project management software,Monday.com,N,N
11-9141.00,2.C.4,Database software,PostgreSQL,N,Y
11-9151.00,2.C.5,Project management software,Jira,N,Y
11-9151.00,2.C.4,Database software,MongoDB,N,Y
11-9151.00,2.C.4,Database software,MySQL,N,Y
11-9151.00,2.C.4,Database software,Oracle Database,Y,N
11-9161.00,2.C.5,Project management software,Trello,N,N
11-9161.00,2.C.5,Project management software,Asana,N,N
11-9161.00,2.C.4,Database software,PostgreSQL,N,Y
11-9171.00,2.C.5,Project management software,Microsoft Project,N,N
11-9171.00,2.C.4,Database software,Microsoft SQL Server,N,N
11-9199.00,2.C.5,Project management software,Trello,N,N
11-9199.00,2.C.5,Project management software,Jira,N,Y
11-9199.00,2.C.5,Project management software,Monday.com,N,N
11-9199.00,2.C.4,Database software,PostgreSQL,N,Y
13-1011.00,2.C.5,Project management software,Microsoft Project,N,N
13-1011.00,2.C.5,Project management software,Asana,N,N
13-1011.00,2.C.4,Database software,Microsoft SQL Server,N,N
13-1011.00,2.C.4,Database software,Oracle Database,Y,N
13-1011.00,2.C.4,Database software,MySQL,N,Y
13-1021.00,2.C.5,Project management software,Trello,N,N
13-1021.00,2.C.5,Project management software,Jira,N,Y
13-1021.00,2.C.4,Database software,MySQL,N,Y
13-1021.00,2.C.4,Database software,MongoDB,N,Y
13-1022.00,2.C.5,Project management software,Monday.com,N,N
13-1022.00,2.C.5,Project management software,Trello,N,N
13-1022.00,2.C.4,Database software,MongoDB,N,Y
13-1022.00,2.C.4,Database software,PostgreSQL,N,Y
13-1022.00,2.C.4,Database software,MySQL,N,Y
13-1023.00,2.C.5,Project management software,Asana,N,N
13-1023.00,2.C.5,Project management software,Trello,N,N
13-1023.00,2.C.5,Project management software,Jira,N,Y
13-1023.00,2.C.4,Database software,Microsoft SQL Server,N,N
13-1031.00,2.C.3.k,Accounting software,Xero,N,N
13-1031.00,2.C.3.k,Accounting software,FreshBooks,N,N
13-1031.00,2.C.3.k,Accounting software,QuickBooks,N,N
13-1031.00,2.C.3.d,Statistical analysis software,SAS,Y,N
13-1041.00,2.C.5,Project management software,Asana,N,N
13-1041.00,2.C.5,Project management software,Microsoft Project,N,N
13-1041.00,2.C.4,Database software,Oracle Database,Y,N
13-1051.00,2.C.3.k,Accounting software,FreshBooks,N,N
13-1051.00,2.C.3.k,Accounting software,QuickBooks,N,N
13-1051.00,2.C.3.k,Accounting software,Intuit TurboTax,N,N
13-1051.00,2.C.3.d,Statistical analysis software,R,N,N
13-1051.00,2.C.3.d,Statistical analysis software,SAS,Y,N
13-1061.00,2.C.5,Project management software,Jira,N,Y
13-1061.00,2.C.5,Project management software,Monday.com,N,N
13-1061.00,2.C.5,Project management software,Trello,N,N
13-1061.00,2.C.4,Database software,PostgreSQL,N,Y
13-1061.00,2.C.4,Database software,Microsoft SQL Server,N,N
13-1071.00,2.C.5,Project management software,Trello,N,N
13-1071.00,2.C.5,Project management software,Monday.com,N,N
13-1071.00,2.C.5,Project management software,Microsoft Project,N,N
13-1071.00,2.C.4,Database software,PostgreSQL,N,Y
13-1075.00,2.C.5,Project management software,Monday.com,N,N
13-1075.00,2.C.5,Project management software,Trello,N,N
13-1075.00,2.C.5,Project management software,Jira,N,Y
13-1075.00,2.C.4,Database software,MySQL,N,Y
13-1075.00,2.C.4,Database software,Microsoft SQL Server,N,N
13-1081.00,2.C.5,Project management software,Microsoft Project,N,N
13-1081.00,2.C.4,Database software,Oracle Database,Y,N
13-1082.00,2.C.5,Project management software,Monday.com,N,N
13-1082.00,2.C.4,Database software,PostgreSQL,N,Y
13-1111.00,2.C.5,Project management software,Trello,N,N
13-1111.00,2.C.5,Project management software,Microsoft Project,N,N
13-1111.00,2.C.5,Project management software,Asana,N,N
13-1111.00,2.C.4,Database software,Oracle Database,Y,N
13-1111.00,2.C.4,Database software,PostgreSQL,N,Y
13-1111.00,2.C.4,Database software,MongoDB,N,Y
13-1121.00,2.C.5,Project management software,Asana,N,N
13-1121.00,2.C.5,Project management software,Jira,N,Y
13-1121.00,2.C.5,Project management software,Trello,N,N
13-1121.00,2.C.4,Database software,Microsoft SQL Server,N,N
13-1131.00,2.C.5,Project management software,Asana,N,N
13-1131.00,2.C.5,Project management software,Jira,N,Y
13-1131.00,2.C.4,Database software,Microsoft SQL Server,N,N
13-1131.00,2.C.4,Database software,PostgreSQL,N,Y
13-1141.00,2.C.3.k,Accounting software,Xero,N,N
13-1141.00,2.C.3.k,Accounting software,Intuit TurboTax,N,N
13-1141.00,2.C.3.k,Accounting software,QuickBooks,N,N
13-1141.00,2.C.3.d,Statistical analysis software,Minitab,N,N
13-1141.00,2.C.3.d,Statistical analysis software,IBM SPSS Statistics,N,N
13-1141.00,2.C.3.d,Statistical analysis software,R,N,N
13-1151.00,2.C.5,Project management software,Asana,N,N
13-1151.00,2.C.4,Database software,PostgreSQL,N,Y
13-1151.00,2.C.4,Database software,Microsoft SQL Server,N,N
13-1151.00,2.C.4,Database software,Oracle Database,Y,N
13-1161.00,2.C.3.d,Statistical analysis software,SAS,Y,N
13-1161.00,2.C.3.e,Analytical software,SAP BusinessObjects,N,N
13-1161.00,2.C.4,Database software,MySQL,N,Y
13-1161.00,2.C.4,Database software,Oracle Database,Y,N
13-1199.00,2.C.5,Project management software,Jira,N,Y
13-1199.00,2.C.4,Database software,MySQL,N,Y
13-1199.00,2.C.4,Database software,PostgreSQL,N,Y
13-2011.00,2.C.3.k,Accounting software,Sage 50 Accounting,N,N
13-2011.00,2.C.3.k,Accounting software,Xero,N,N
13-2011.00,2.C.3.k,Accounting software,QuickBooks,N,N
13-2011.00,2.C.3.d,Statistical analysis software,Minitab,N,N
13-2011.00,2.C.3.d,Statistical analysis software,Stata,N,N
13-2021.00,2.C.3.k,Accounting software,Xero,N,N
13-2021.00,2.C.3.k,Accounting software,Intuit TurboTax,N,N
13-2021.00,2.C.3.k,Accounting software,FreshBooks,N,N
13-2021.00,2.C.3.d,Statistical analysis software,Stata,N,N
13-2021.00,2.C.3.d,Statistical analysis software,SAS,Y,N
13-2031.00,2.C.3.k,Accounting software,FreshBooks,N,N
13-2031.00,2.C.3.d,Statistical analysis software,Minitab,N,N
13-2031.00,2.C.3.d,Statistical analysis software,Stata,N,N
13-2041.00,2.C.3.k,Accounting software,FreshBooks,N,N
13-2041.00,2.C.3.k,Accounting software,Sage 50 Accounting,N,N
13-2041.00,2.C.3.d,Statistical analysis software,R,N,N
13-2041.00,2.C.3.d,Statistical analysis software,Stata,N,N
13-2051.00,2.C.3.k,Accounting software,QuickBooks,N,N
13-2051.00,2.C.3.d,Statistical analysis software,Stata,N,N
13-2051.00,2.C.3.d,Statistical analysis software,SAS,Y,N
13-2052.00,2.C.3.k,Accounting software,FreshBooks,N,N
13-2052.00,2.C.3.k,Accounting software,QuickBooks,N,N
13-2052.00,2.C.3.k,Accounting software,Intuit TurboTax,N,N
13-2052.00,2.C.3.d,Statistical analysis software,R,N,N
13-2052.00,2.C.3.d,Statistical analysis software,SAS,Y,N
13-2053.00,2.C.3.k,Accounting software,Sage 50 Accounting,N,N
13-2053.00,2.C.3.k,Accounting software,Intuit TurboTax,N,N
13-2053.00,2.C.3.d,Statistical analysis software,IBM SPSS Statistics,N,N
13-2061.00,2.C.3.k,Accounting software,Xero,N,N
13-2061.00,2.C.3.k,Accounting software,Sage 50 Accounting,N,N
13-2061.00,2.C.3.d,Statistical analysis software,Stata,N,N
13-2061.00,2.C.3.d,Statistical analysis software,IBM SPSS Statistics,N,N
13-2071.00,2.C.3.k,Accounting software,FreshBooks,N,N
13-2071.00,2.C.3.k,Accounting software,Xero,N,N
13-2071.00,2.C.3.d,Statistical analysis software,SAS,Y,N
13-2071.00,2.C.3.d,Statistical analysis software,IBM SPSS Statistics,N,N
13-2072.00,2.C.3.k,Accounting software,Intuit TurboTax,N,N
13-2072.00,2.C.3.d,Statistical analysis software,Minitab,N,N
13-2072.00,2.C.3.d,Statistical analysis software,Stata,N,N
13-2072.00,2.C.3.d,Statistical analysis software,SAS,Y,N
13-2081.00,2.C.3.k,Accounting software,Intuit TurboTax,N,N
13-2081.00,2.C.3.d,Statistical analysis software,SAS,Y,N
13-2082.00,2.C.3.k,Accounting software,Sage 50 Accounting,N,N
13-2082.00,2.C.3.k,Accounting software,Xero,N,N
13-2082.00,2.C.3.d,Statistical analysis software,IBM SPSS Statistics,N,N
13-2082.00,2.C.3.d,Statistical analysis software,Minitab,N,N
13-2099.00,2.C.3.k,Accounting software,Intuit TurboTax,N,N
13-2099.00,2.C.3.k,Accounting software,FreshBooks,N,N
13-2099.00,2.C.3.k,Accounting software,Sage 50 Accounting,N,N
13-2099.00,2.C.3.d,Statistical analysis software,Stata,N,N
13-2099.00,2.C.3.d,Statistical analysis software,R,N,N
99-1218.21,2.C.3.l,Graphics software,Figma,N,N
99-1218.21,2.C.3.l,Graphics software,Sketch,N,N
99-1218.21,2.C.3.l,Graphics software,Affinity Designer,N,N
99-1218.21,2.C.5,Project management software,Monday.com,N,N
99-1219.22,2.C.3.m,Legal research software,CaseMap,N,N
99-1219.22,2.C.3.m,Legal research software,Thomson Reuters Practical Law,N,N
99-1219.22,2.C.3.m,Legal research software,Westlaw,N,N
99-1219.22,2.C.5,Project management software,Jira,N,Y
99-1220.23,2.C.3.d,Statistical analysis software,SAS,Y,N
99-1220.23,2.C.3.d,Statistical analysis software,Minitab,N,N
99-1220.23,2.C.3.e,Analytical software,Spotfire,N,N
99-1220.23,2.C.3.e,Analytical software,QlikView,N,N
99-1220.23,2.C.3.e,Analytical software,SAP BusinessObjects,N,N
99-1221.24,2.C.5,Project management software,Monday.com,N,N
99-1221.24,2.C.1,Case management software,eClinicalWorks,N,N
99-1221.24,2.C.1,Case management software,Meditech Expanse,N,N
99-1222.25,2.C.3.f,CAD software,SolidWorks,N,N
99-1222.25,2.C.3.n,Agricultural software,AgLeader SMS,N,N
99-1222.25,2.C.3.n,Agricultural software,Trimble Ag Software,N,N
99-1222.25,2.C.3.n,Agricultural software,Farm Works Software,N,N
99-1223.26,2.C.3.j,ERP software,NetSuite,N,N
99-1223.26,2.C.3.j,ERP software,SAP ERP,Y,Y
99-1223.26,2.C.3.j,ERP software,Epicor ERP,N,N
99-1223.26,2.C.3.f,CAD software,PTC Creo Parametric,N,N
99-1223.26,2.C.3.f,CAD software,Autodesk AutoCAD,N,N
99-1224.27,2.C.3.o,Fleet management software,Samsara,N,N
99-1224.27,2.C.3.o,Fleet management software,Omnitracs,N,N
99-1224.27,2.C.3.o,Fleet management software,TMWSuite,N,N
99-1224.27,2.C.5,Routing software,Monday.com,N,N
99-1224.27,2.C.5,Routing software,Trello,N,N
99-1225.28,2.C.3.p,CRM software,Zoho CRM,N,N
99-1225.28,2.C.3.p,CRM software,Salesforce,Y,Y
99-1225.28,2.C.3.p,CRM software,Microsoft Dynamics CRM,N,N
99-1225.28,2.C.5,Sales software,Asana,N,N
99-1225.28,2.C.5,Sales software,Monday.com,N,N
99-1226.29,2.C.5,Project management software,Trello,N,N
99-1226.29,2.C.3.q,Office software,Google Workspace,N,N
99-1226.29,2.C.3.q,Office software,Microsoft Office,N,N
99-1226.29,2.C.3.q,Office software,LibreOffice,N,N
99-1227.30,2.C.3.l,Graphics software,Figma,N,N
99-1227.30,2.C.3.l,Graphics software,Sketch,N,N
99-1227.30,2.C.3.l,Graphics software,Adobe Creative Cloud,N,N
99-1227.30,2.C.5,Project management software,Jira,N,Y
99-1227.30,2.C.5,Project management software,Monday.com,N,N
99-1227.30,2.C.5,Project management software,Asana,N,N
99-1228.31,2.C.3.m,Legal research software,LexisNexis,N,N
99-1228.31,2.C.3.m,Legal research software,Thomson Reuters Practical Law,N,N
99-1228.31,2.C.3.m,Legal research software,CaseMap,N,N
99-1228.31,2.C.5,Project management software,Trello,N,N
99-1228.31,2.C.5,Project management software,Microsoft Project,N,N
99-1229.32,2.C.3.d,Statistical analysis software,R,N,N
99-1229.32,2.C.3.d,Statistical analysis software,Stata,N,N
99-1229.32,2.C.3.d,Statistical analysis software,Minitab,N,N
99-1229.32,2.C.3.e,Analytical software,SAP BusinessObjects,N,N
99-1230.33,2.C.5,Project management software,Monday.com,N,N
99-1230.33,2.C.1,Case management software,Meditech Expanse,N,N
99-1230.33,2.C.1,Case management software,Allscripts,N,N
99-1230.33,2.C.1,Case management software,Cerner,N,N
99-1231.34,2.C.3.f,CAD software,Bentley MicroStation,N,N
99-1231.34,2.C.3.n,Agricultural software,Farm Works Software,N,N
99-1232.35,2.C.3.j,ERP software,Epicor ERP,N,N
99-1232.35,2.C.3.f,CAD software,Dassault Systemes CATIA,N,N
99-1232.35,2.C.3.f,CAD software,Autodesk AutoCAD,N,N
99-1233.36,2.C.3.o,Fleet management software,PeopleNet Fleet Manager,N,N
99-1233.36,2.C.3.o,Fleet management software,Omnitracs,N,N
99-1233.36,2.C.5,Routing software,Monday.com,N,N
99-1233.36,2.C.5,Routing software,Asana,N,N
99-1234.37,2.C.3.p,CRM software,Salesforce,Y,Y
99-1234.37,2.C.3.p,CRM software,Zoho CRM,N,N
99-1234.37,2.C.3.p,CRM software,Microsoft Dynamics CRM,N,N
99-1234.37,2.C.5,Sales software,Microsoft Project,N,N
99-1235.38,2.C.5,Project management software,Microsoft Project,N,N
99-1235.38,2.C.5,Project management software,Monday.com,N,N
99-1235.38,2.C.5,Project management software,Asana,N,N
99-1235.38,2.C.3.q,Office software,Google Workspace,N,N
99-1235.38,2.C.3.q,Office software,Microsoft Office,N,N
99-1236.39,2.C.3.l,Graphics software,CorelDRAW,N,N
99-1236.39,2.C.3.l,Graphics software,Adobe Creative Cloud,N,N
99-1236.39,2.C.3.l,Graphics software,Sketch,N,N
99-1236.39,2.C.5,Project management software,Microsoft Project,N,N
99-1236.39,2.C.5,Project management software,Monday.com,N,N
99-1236.39,2.C.5,Project management software,Trello,N,N
99-1237.40,2.C.3.m,Legal research software,Westlaw,N,N
99-1237.40,2.C.5,Project management software,Jira,N,Y
99-1238.41,2.C.3.d,Statistical analysis software,Stata,N,N
99-1238.41,2.C.3.d,Statistical analysis software,Minitab,N,N
99-1238.41,2.C.3.e,Analytical software,SAP BusinessObjects,N,N
99-1238.41,2.C.3.e,Analytical software,QlikView,N,N
99-1239.42,2.C.5,Project management software,Monday.com,N,N
99-1239.42,2.C.1,Case management software,Cerner,N,N
99-1239.42,2.C.1,Case management software,Allscripts,N,N
99-1239.42,2.C.1,Case management software,eClinicalWorks,N,N
99-1240.43,2.C.3.f,CAD software,Autodesk AutoCAD,N,N
99-1240.43,2.C.3.n,Agricultural software,Farm Works Software,N,N
99-1240.43,2.C.3.n,Agricultural software,Trimble Ag Software,N,N
99-1240.43,2.C.3.n,Agricultural software,AgLeader SMS,N,N
99-1241.44,2.C.3.j,ERP software,NetSuite,N,N
99-1241.44,2.C.3.j,ERP software,Oracle E-Business Suite,N,N
99-1241.44,2.C.3.j,ERP software,Epicor ERP,N,N
99-1241.44,2.C.3.f,CAD software,SolidWorks,N,N
99-1241.44,2.C.3.f,CAD software,PTC Creo Parametric,N,N
99-1242.45,2.C.3.o,Fleet management software,Omnitracs,N,N
99-1242.45,2.C.3.o,Fleet management software,TMWSuite,N,N
99-1242.45,2.C.5,Routing software,Monday.com,N,N
99-1242.45,2.C.5,Routing software,Microsoft Project,N,N
99-1242.45,2.C.5,Routing software,Asana,N,N
99-1243.46,2.C.3.p,CRM software,Microsoft Dynamics CRM,N,N
99-1243.46,2.C.5,Sales software,Monday.com,N,N
99-1243.46,2.C.5,Sales software,Jira,N,Y
99-1243.46,2.C.5,Sales software,Trello,N,N
99-1244.47,2.C.5,Project management software,Trello,N,N
99-1244.47,2.C.5,Project management software,Monday.com,N,N
99-1244.47,2.C.5,Project management software,Jira,N,Y
99-1244.47,2.C.3.q,Office software,Zoho Office Suite,N,N
99-1245.48,2.C.3.l,Graphics software,Adobe Creative Cloud,N,N
99-1245.48,2.C.3.l,Graphics software,Sketch,N,N
99-1245.48,2.C.5,Project management software,Monday.com,N,N
99-1245.48,2.C.5,Project management software,Microsoft Project,N,N
99-1246.49,2.C.3.m,Legal research software,Thomson Reuters Practical Law,N,N
99-1246.49,2.C.3.m,Legal research software,CaseMap,N,N
99-1246.49,2.C.5,Project management software,Monday.com,N,N
99-1246.49,2.C.5,Project management software,Trello,N,N
99-1246.49,2.C.5,Project management software,Jira,N,Y
99-1247.50,2.C.3.d,Statistical analysis software,Stata,N,N
99-1247.50,2.C.3.d,Statistical analysis software,R,N,N
99-1247.50,2.C.3.e,Analytical software,QlikView,N,N
99-1248.51,2.C.5,Project management software,Trello,N,N
99-1248.51,2.C.5,Project management software,Asana,N,N
99-1248.51,2.C.1,Case management software,Cerner,N,N
99-1248.51,2.C.1,Case management software,Meditech Expanse,N,N
99-1248.51,2.C.1,Case management software,eClinicalWorks,N,N
99-1249.52,2.C.3.f,CAD software,Bentley MicroStation,N,N
99-1249.52,2.C.3.n,Agricultural software,Farm Works Software,N,N
99-1250.53,2.C.3.j,ERP software,Oracle E-Business Suite,N,N
99-1250.53,2.C.3.j,ERP software,SAP ERP,Y,Y
99-1250.53,2.C.3.j,ERP software,Epicor ERP,N,N
99-1250.53,2.C.3.f,CAD software,SolidWorks,N,N
99-1251.54,2.C.3.o,Fleet management software,PeopleNet Fleet Manager,N,N
99-1251.54,2.C.3.o,Fleet management software,Omnitracs,N,N
99-1251.54,2.C.3.o,Fleet management software,Samsara,N,N
99-1251.54,2.C.5,Routing software,Trello,N,N
99-1252.55,2.C.3.p,CRM software,Salesforce,Y,Y
99-1252.55,2.C.3.p,CRM software,HubSpot CRM,N,N
99-1252.55,2.C.5,Sales software,Asana,N,N
99-1253.56,2.C.5,Project management software,Asana,N,N
99-1253.56,2.C.5,Project management software,Monday.com,N,N
99-1253.56,2.C.3.q,Office software,Zoho Office Suite,N,N
99-1253.56,2.C.3.q,Office software,Google Workspace,N,N
99-1253.56,2.C.3.q,Office software,Microsoft Office,N,N
99-1254.57,2.C.3.l,Graphics software,Sketch,N,N
99-1254.57,2.C.3.l,Graphics software,Figma,N,N
99-1254.57,2.C.5,Project management software,Jira,N,Y
99-1255.58,2.C.3.m,Legal research software,Thomson Reuters Practical Law,N,N
99-1255.58,2.C.5,Project management software,Trello,N,N
99-1255.58,2.C.5,Project management software,Asana,N,N
99-1256.59,2.C.3.d,Statistical analysis software,IBM SPSS Statistics,N,N
99-1256.59,2.C.3.e,Analytical software,QlikView,N,N
99-1256.59,2.C.3.e,Analytical software,Microsoft Power BI,Y,Y
99-1256.59,2.C.3.e,Analytical software,Tableau,Y,Y
99-1257.60,2.C.5,Project management software,Monday.com,N,N
99-1257.60,2.C.5,Project management software,Trello,N,N
99-1257.60,2.C.1,Case management software,Epic Systems,Y,N
99-1257.60,2.C.1,Case management software,Allscripts,N,N
99-1258.61,2.C.3.f,CAD software,SolidWorks,N,N
99-1258.61,2.C.3.f,CAD software,Autodesk AutoCAD,N,N
99-1258.61,2.C.3.f,CAD software,PTC Creo Parametric,N,N
99-1258.61,2.C.3.n,Agricultural software,Trimble Ag Software,N,N
99-1259.62,2.C.3.j,ERP software,NetSuite,N,N
99-1259.62,2.C.3.j,ERP software,Epicor ERP,N,N
99-1259.62,2.C.3.f,CAD software,SolidWorks,N,N
99-1259.62,2.C.3.f,CAD software,Bentley MicroStation,N,N
99-1259.62,2.C.3.f,CAD software,Autodesk AutoCAD,N,N
99-1260.63,2.C.3.o,Fleet management software,Samsara,N,N
99-1260.63,2.C.3.o,Fleet management software,Omnitracs,N,N
99-1260.63,2.C.3.o,Fleet management software,PeopleNet Fleet Manager,N,N
99-1260.63,2.C.5,Routing software,Microsoft Project,N,N
99-1261.64,2.C.3.p,CRM software,Microsoft Dynamics CRM,N,N
99-1261.64,2.C.3.p,CRM software,Salesforce,Y,Y
99-1261.64,2.C.5,Sales software,Jira,N,Y
99-1261.64,2.C.5,Sales software,Asana,N,N
99-1262.65,2.C.5,Project management software,Trello,N,N
99-1262.65,2.C.5,Project management software,Asana,N,N
99-1262.65,2.C.5,Project management software,Jira,N,Y
99-1262.65,2.C.3.q,Office software,LibreOffice,N,N
99-1262.65,2.C.3.q,Office software,Microsoft Office,N,N
99-1262.65,2.C.3.q,Office software,Google Workspace,N,N
99-1263.66,2.C.3.l,Graphics software,Affinity Designer,N,N
99-1263.66,2.C.3.l,Graphics software,CorelDRAW,N,N
99-1263.66,2.C.5,Project management software,Microsoft Project,N,N
99-1263.66,2.C.5,Project management software,Trello,N,N
99-1263.66,2.C.5,Project management software,Monday.com,N,N
99-1264.67,2.C.3.m,Legal research software,LexisNexis,N,N
99-1264.67,2.C.5,Project management software,Asana,N,N
99-1265.68,2.C.3.d,Statistical analysis software,R,N,N
99-1265.68,2.C.3.d,Statistical analysis software,IBM SPSS Statistics,N,N
99-1265.68,2.C.3.d,Statistical analysis software,Stata,N,N
99-1265.68,2.C.3.e,Analytical software,Microsoft Power BI,Y,Y
99-1265.68,2.C.3.e,Analytical software,SAP BusinessObjects,N,N
99-1266.69,2.C.5,Project management software,Microsoft Project,N,N
99-1266.69,2.C.1,Case management software,Allscripts,N,N
99-1266.69,2.C.1,Case management software,eClinicalWorks,N,N
99-1266.69,2.C.1,Case management software,Cerner,N,N
99-1267.70,2.C.3.f,CAD software,Bentley MicroStation,N,N
99-1267.70,2.C.3.n,Agricultural software,Farm Works Software,N,N
99-1268.71,2.C.3.j,ERP software,NetSuite,N,N
99-1268.71,2.C.3.f,CAD software,PTC Creo Parametric,N,N
99-1269.72,2.C.3.o,Fleet management software,TMWSuite,N,N
99-1269.72,2.C.3.o,Fleet management software,Omnitracs,N,N
99-1269.72,2.C.5,Routing software,Microsoft Project,N,N
99-1270.73,2.C.3.p,CRM software,Salesforce,Y,Y
99-1270.73,2.C.5,Sales software,Trello,N,N
99-1270.73,2.C.5,Sales software,Monday.com,N,N
99-1271.74,2.C.5,Project management software,Asana,N,N
99-1271.74,2.C.5,Project management software,Trello,N,N
99-1271.74,2.C.3.q,Office software,Google Workspace,N,N
99-1271.74,2.C.3.q,Office software,LibreOffice,N,N
99-1271.74,2.C.3.q,Office software,Microsoft Office,N,N
99-1272.75,2.C.3.l,Graphics software,Adobe Creative Cloud,N,N
99-1272.75,2.C.5,Project management software,Monday.com,N,N
99-1272.75,2.C.5,Project management software,Asana,N,N
99-1273.76,2.C.3.m,Legal research software,CaseMap,N,N
99-1273.76,2.C.5,Project management software,Asana,N,N
99-1273.76,2.C.5,Project management software,Trello,N,N
99-1274.77,2.C.3.d,Statistical analysis software,Minitab,N,N
99-1274.77,2.C.3.d,Statistical analysis software,IBM SPSS Statistics,N,N
99-1274.77,2.C.3.d,Statistical analysis software,Stata,N,N
99-1274.77,2.C.3.e,Analytical software,SAP BusinessObjects,N,N
99-1274.77,2.C.3.e,Analytical software,Microsoft Power BI,Y,Y
99-1274.77,2.C.3.e,Analytical software,Tableau,Y,Y
99-1275.78,2.C.5,Project management software,Monday.com,N,N
99-1275.78,2.C.5,Project management software,Asana,N,N
99-1275.78,2.C.1,Case management software,Meditech Expanse,N,N
99-1275.78,2.C.1,Case management software,Allscripts,N,N
99-1275.78,2.C.1,Case management software,Epic Systems,Y,N
99-1276.79,2.C.3.f,CAD software,PTC Creo Parametric,N,N
99-1276.79,2.C.3.f,CAD software,SolidWorks,N,N
99-1276.79,2.C.3.f,CAD software,Bentley MicroStation,N,N
99-1276.79,2.C.3.n,Agricultural software,Farm Works Software,N,N
99-1276.79,2.C.3.n,Agricultural software,AgLeader SMS,N,N
99-1277.80,2.C.3.j,ERP software,Epicor ERP,N,N
99-1277.80,2.C.3.j,ERP software,SAP ERP,Y,Y
99-1277.80,2.C.3.f,CAD software,PTC Creo Parametric,N,N
99-1277.80,2.C.3.f,CAD software,SolidWorks,N,N
99-1277.80,2.C.3.f,CAD software,Bentley MicroStation,N,N
99-1278.81,2.C.3.o,Fleet management software,Omnitracs,N,N
99-1278.81,2.C.5,Routing software,Monday.com,N,N
99-1279.82,2.C.3.p,CRM software,Zoho CRM,N,N
99-1279.82,2.C.3.p,CRM software,HubSpot CRM,N,N
99-1279.82,2.C.3.p,CRM software,Salesforce,Y,Y
99-1279.82,2.C.5,Sales software,Asana,N,N
99-1279.82,2.C.5,Sales software,Monday.com,N,N
99-1280.83,2.C.5,Project management software,Asana,N,N
99-1280.83,2.C.3.q,Office software,Zoho Office Suite,N,N
99-1280.83,2.C.3.q,Office software,Google Workspace,N,N
99-1280.83,2.C.3.q,Office software,LibreOffice,N,N
99-1281.84,2.C.3.l,Graphics software,CorelDRAW,N,N
99-1281.84,2.C.3.l,Graphics software,Affinity Designer,N,N
99-1281.84,2.C.3.l,Graphics software,Sketch,N,N
99-1281.84,2.C.5,Project management software,Microsoft Project,N,N
99-1282.85,2.C.3.m,Legal research software,Westlaw,N,N
99-1282.85,2.C.5,Project management software,Monday.com,N,N
99-1282.85,2.C.5,Project management software,Trello,N,N
99-1282.85,2.C.5,Project management software,Jira,N,Y
99-1283.86,2.C.3.d,Statistical analysis software,Minitab,N,N
99-1283.86,2.C.3.d,Statistical analysis software,SAS,Y,N
99-1283.86,2.C.3.d,Statistical analysis software,R,N,N
99-1283.86,2.C.3.e,Analytical software,Microsoft Power BI,Y,Y
99-1283.86,2.C.3.e,Analytical software,Spotfire,N,N
99-1283.86,2.C.3.e,Analytical software,SAP BusinessObjects,N,N
99-1284.87,2.C.5,Project management software,Microsoft Project,N,N
99-1284.87,2.C.5,Project management software,Trello,N,N
99-1284.87,2.C.5,Project management software,Monday.com,N,N
99-1284.87,2.C.1,Case management software,eClinicalWorks,N,N
99-1284.87,2.C.1,Case management software,Cerner,N,N
99-1284.87,2.C.1,Case management software,Meditech Expanse,N,N
99-1285.88,2.C.3.f,CAD software,PTC Creo Parametric,N,N
99-1285.88,2.C.3.n,Agricultural software,AgLeader SMS,N,N
99-1285.88,2.C.3.n,Agricultural software,Trimble Ag Software,N,N
99-1286.89,2.C.3.j,ERP software,Epicor ERP,N,N
99-1286.89,2.C.3.j,ERP software,Oracle E-Business Suite,N,N
99-1286.89,2.C.3.f,CAD software,Dassault Systemes CATIA,N,N
99-1286.89,2.C.3.f,CAD software,PTC Creo Parametric,N,N
99-1286.89,2.C.3.f,CAD software,Bentley MicroStation,N,N
99-1287.90,2.C.3.o,Fleet management software,TMWSuite,N,N
99-1287.90,2.C.5,Routing software,Trello,N,N
99-1288.91,2.C.3.p,CRM software,Zoho CRM,N,N
99-1288.91,2.C.5,Sales software,Microsoft Project,N,N
99-1288.91,2.C.5,Sales software,Monday.com,N,N
99-1289.92,2.C.5,Project management software,Microsoft Project,N,N
99-1289.92,2.C.5,Project management software,Jira,N,Y
99-1289.92,2.C.5,Project management software,Asana,N,N
99-1289.92,2.C.3.q,Office software,Google Workspace,N,N
99-1290.93,2.C.3.l,Graphics software,CorelDRAW,N,N
99-1290.93,2.C.3.l,Graphics software,Figma,N,N
99-1290.93,2.C.5,Project management software,Jira,N,Y
99-1290.93,2.C.5,Project management software,Asana,N,N
99-1290.93,2.C.5,Project management software,Microsoft Project,N,N
99-1291.94,2.C.3.m,Legal research software,Westlaw,N,N
99-1291.94,2.C.3.m,Legal research software,Thomson Reuters Practical Law,N,N
99-1291.94,2.C.3.m,Legal research software,CaseMap,N,N
99-1291.94,2.C.5,Project management software,Jira,N,Y
99-1291.94,2.C.5,Project management software,Monday.com,N,N
99-1291.94,2.C.5,Project management software,Microsoft Project,N,N
99-1292.95,2.C.3.d,Statistical analysis software,Minitab,N,N
99-1292.95,2.C.3.d,Statistical analysis software,IBM SPSS Statistics,N,N
99-1292.95,2.C.3.d,Statistical analysis software,Stata,N,N
99-1292.95,2.C.3.e,Analytical software,SAP BusinessObjects,N,N
99-1293.96,2.C.5,Project management software,Microsoft Project,N,N
99-1293.96,2.C.5,Project management software,Monday.com,N,N
99-1293.96,2.C.5,Project management software,Trello,N,N
99-1293.96,2.C.1,Case management software,eClinicalWorks,N,N
99-1293.96,2.C.1,Case management software,Allscripts,N,N
99-1294.97,2.C.3.f,CAD software,Bentley MicroStation,N,N
99-1294.97,2.C.3.f,CAD software,Dassault Systemes CATIA,N,N
99-1294.97,2.C.3.n,Agricultural software,Trimble Ag Software,N,N
99-1294.97,2.C.3.n,Agricultural software,AgLeader SMS,N,N
99-1294.97,2.C.3.n,Agricultural software,Farm Works Software,N,N
99-1295.98,2.C.3.j,ERP software,NetSuite,N,N
99-1295.98,2.C.3.j,ERP software,Epicor ERP,N,N
99-1295.98,2.C.3.f,CAD software,Bentley MicroStation,N,N
99-1295.98,2.C.3.f,CAD software,Dassault Systemes CATIA,N,N
99-1296.99,2.C.3.o,Fleet management software,Omnitracs,N,N
99-1296.99,2.C.5,Routing software,Trello,N,N
99-1296.99,2.C.5,Routing software,Jira,N,Y
99-1296.99,2.C.5,Routing software,Asana,N,N
99-1297.01,2.C.3.p,CRM software,Microsoft Dynamics CRM,N,N
99-1297.01,2.C.3.p,CRM software,Salesforce,Y,Y
99-1297.01,2.C.5,Sales software,Asana,N,N
99-1297.01,2.C.5,Sales software,Jira,N,Y
99-1297.01,2.C.5,Sales software,Trello,N,N
99-1298.02,2.C.5,Project management software,Jira,N,Y
99-1298.02,2.C.3.q,Office software,Google Workspace,N,N
99-1299.03,2.C.3.l,Graphics software,Figma,N,N
99-1299.03,2.C.5,Project management software,Jira,N,Y
99-1299.03,2.C.5,Project management software,Microsoft Project,N,N
99-1300.04,2.C.3.m,Legal research software,Thomson Reuters Practical Law,N,N
99-1300.04,2.C.5,Project management software,Trello,N,N
99-1301.05,2.C.3.d,Statistical analysis software,Stata,N,N
99-1301.05,2.C.3.d,Statistical analysis software,Minitab,N,N
99-1301.05,2.C.3.d,Statistical analysis software,SAS,Y,N
99-1301.05,2.C.3.e,Analytical software,Tableau,Y,Y
99-1301.05,2.C.3.e,Analytical software,QlikView,N,N
99-1302.06,2.C.5,Project management software,Microsoft Project,N,N
99-1302.06,2.C.5,Project management software,Trello,N,N
99-1302.06,2.C.5,Project management software,Monday.com,N,N
99-1302.06,2.C.1,Case management software,Allscripts,N,N
99-1302.06,2.C.1,Case management software,Cerner,N,N
99-1302.06,2.C.1,Case management software,eClinicalWorks,N,N
99-1303.07,2.C.3.f,CAD software,PTC Creo Parametric,N,N
99-1303.07,2.C.3.n,Agricultural software,AgLeader SMS,N,N
99-1304.08,2.C.3.j,ERP software,Oracle E-Business Suite,N,N
99-1304.08,2.C.3.j,ERP software,SAP ERP,Y,Y
99-1304.08,2.C.3.f,CAD software,PTC Creo Parametric,N,N
99-1304.08,2.C.3.f,CAD software,SolidWorks,N,N
99-1304.08,2.C.3.f,CAD software,Dassault Systemes CATIA,N,N
99-1305.09,2.C.3.o,Fleet management software,PeopleNet Fleet Manager,N,N
99-1305.09,2.C.3.o,Fleet management software,TMWSuite,N,N
99-1305.09,2.C.5,Routing software,Jira,N,Y
99-1305.09,2.C.5,Routing software,Trello,N,N
99-1306.10,2.C.3.p,CRM software,Salesforce,Y,Y
99-1306.10,2.C.5,Sales software,Microsoft Project,N,N
99-1306.10,2.C.5,Sales software,Asana,N,N
99-1307.11,2.C.5,Project management software,Asana,N,N
99-1307.11,2.C.3.q,Office software,Google Workspace,N,N
99-1307.11,2.C.3.q,Office software,Microsoft Office,N,N
99-1307.11,2.C.3.q,Office software,LibreOffice,N,N
99-1308.12,2.C.3.l,Graphics software,Sketch,N,N
99-1308.12,2.C.3.l,Graphics software,Adobe Creative Cloud,N,N
99-1308.12,2.C.3.l,Graphics software,CorelDRAW,N,N
99-1308.12,2.C.5,Project management software,Microsoft Project,N,N
99-1309.13,2.C.3.m,Legal research software,Westlaw,N,N
99-1309.13,2.C.3.m,Legal research software,LexisNexis,N,N
99-1309.13,2.C.5,Project management software,Monday.com,N,N
99-1309.13,2.C.5,Project management software,Trello,N,N
99-1310.14,2.C.3.d,Statistical analysis software,IBM SPSS Statistics,N,N
99-1310.14,2.C.3.d,Statistical analysis software,SAS,Y,N
99-1310.14,2.C.3.e,Analytical software,QlikView,N,N
99-1310.14,2.C.3.e,Analytical software,Microsoft Power BI,Y,Y
99-1311.15,2.C.5,Project management software,Jira,N,Y
99-1311.15,2.C.5,Project management software,Trello,N,N
99-1311.15,2.C.1,Case management software,eClinicalWorks,N,N
99-1311.15,2.C.1,Case management software,Cerner,N,N
99-1312.16,2.C.3.f,CAD software,SolidWorks,N,N
99-1312.16,2.C.3.n,Agricultural software,AgLeader SMS,N,N
99-1313.17,2.C.3.j,ERP software,Epicor ERP,N,N
99-1313.17,2.C.3.j,ERP software,Oracle E-Business Suite,N,N
99-1313.17,2.C.3.j,ERP software,NetSuite,N,N
99-1313.17,2.C.3.f,CAD software,Dassault Systemes CATIA,N,N
99-1313.17,2.C.3.f,CAD software,PTC Creo Parametric,N,N
99-1313.17,2.C.3.f,CAD software,SolidWorks,N,N
99-1314.18,2.C.3.o,Fleet management software,Samsara,N,N
99-1314.18,2.C.3.o,Fleet management software,Omnitracs,N,N
99-1314.18,2.C.3.o,Fleet management software,TMWSuite,N,N
99-1314.18,2.C.5,Routing software,Jira,N,Y
99-1314.18,2.C.5,Routing software,Asana,N,N
99-1314.18,2.C.5,Routing software,Trello,N,N
99-1315.19,2.C.3.p,CRM software,HubSpot CRM,N,N
99-1315.19,2.C.5,Sales software,Asana,N,N
99-1315.19,2.C.5,Sales software,Monday.com,N,N
99-1315.19,2.C.5,Sales software,Microsoft Project,N,N
99-1316.20,2.C.5,Project management software,Monday.com,N,N
99-1316.20,2.C.5,Project management software,Microsoft Project,N,N
99-1316.20,2.C.5,Project management software,Asana,N,N
99-1316.20,2.C.3.q,Office software,Zoho Office Suite,N,N
99-1317.21,2.C.3.l,Graphics software,CorelDRAW,N,N
99-1317.21,2.C.3.l,Graphics software,Affinity Designer,N,N
99-1317.21,2.C.5,Project management software,Microsoft Project,N,N
99-1317.21,2.C.5,Project management software,Trello,N,N
99-1317.21,2.C.5,Project management software,Monday.com,N,N
99-1318.22,2.C.3.m,Legal research software,CaseMap,N,N
99-1318.22,2.C.5,Project management software,Jira,N,Y
99-1319.23,2.C.3.d,Statistical analysis software,Stata,N,N
99-1319.23,2.C.3.d,Statistical analysis software,Minitab,N,N
99-1319.23,2.C.3.d,Statistical analysis software,R,N,N
99-1319.23,2.C.3.e,Analytical software,QlikView,N,N
99-1320.24,2.C.5,Project management software,Asana,N,N
99-1320.24,2.C.5,Project management software,Microsoft Project,N,N
99-1320.24,2.C.1,Case management software,eClinicalWorks,N,N
99-1320.24,2.C.1,Case management software,Epic Systems,Y,N
99-1320.24,2.C.1,Case management software,Meditech Expanse,N,N
99-1321.25,2.C.3.f,CAD software,Autodesk AutoCAD,N,N
99-1321.25,2.C.3.f,CAD software,SolidWorks,N,N
99-1321.25,2.C.3.f,CAD software,PTC Creo Parametric,N,N
99-1321.25,2.C.3.n,Agricultural software,Farm Works Software,N,N
99-1321.25,2.C.3.n,Agricultural software,AgLeader SMS,N,N
99-1321.25,2.C.3.n,Agricultural software,Trimble Ag Software,N,N
99-1322.26,2.C.3.j,ERP software,Oracle E-Business Suite,N,N
99-1322.26,2.C.3.j,ERP software,NetSuite,N,N
99-1322.26,2.C.3.j,ERP software,SAP ERP,Y,Y
99-1322.26,2.C.3.f,CAD software,PTC Creo Parametric,N,N
99-1323.27,2.C.3.o,Fleet management software,Samsara,N,N
99-1323.27,2.C.3.o,Fleet management software,PeopleNet Fleet Manager,N,N
99-1323.27,2.C.3.o,Fleet management software,Omnitracs,N,N
99-1323.27,2.C.5,Routing software,Trello,N,N
99-1323.27,2.C.5,Routing software,Microsoft Project,N,N
99-1323.27,2.C.5,Routing software,Jira,N,Y
99-1324.28,2.C.3.p,CRM software,Microsoft Dynamics CRM,N,N
99-1324.28,2.C.3.p,CRM software,Salesforce,Y,Y
99-1324.28,2.C.3.p,CRM software,HubSpot CRM,N,N
99-1324.28,2.C.5,Sales software,Jira,N,Y
99-1325.29,2.C.5,Project management software,Trello,N,N
99-1325.29,2.C.3.q,Office software,LibreOffice,N,N
99-1325.29,2.C.3.q,Office software,Microsoft Office,N,N
99-1325.29,2.C.3.q,Office software,Google Workspace,N,N
99-1326.30,2.C.3.l,Graphics software,CorelDRAW,N,N
99-1326.30,2.C.5,Project management software,Microsoft Project,N,N
99-1326.30,2.C.5,Project management software,Jira,N,Y
99-1326.30,2.C.5,Project management software,Trello,N,N
99-1327.31,2.C.3.m,Legal research software,CaseMap,N,N
99-1327.31,2.C.5,Project management software,Jira,N,Y
99-1328.32,2.C.3.d,Statistical analysis software,R,N,N
99-1328.32,2.C.3.d,Statistical analysis software,Stata,N,N
99-1328.32,2.C.3.e,Analytical software,Microsoft Power BI,Y,Y
99-1329.33,2.C.5,Project management software,Microsoft Project,N,N
99-1329.33,2.C.5,Project management software,Asana,N,N
99-1329.33,2.C.1,Case management software,Allscripts,N,N
99-1330.34,2.C.3.f,CAD software,Bentley MicroStation,N,N
99-1330.34,2.C.3.f,CAD software,SolidWorks,N,N
99-1330.34,2.C.3.f,CAD software,Autodesk AutoCAD,N,N
99-1330.34,2.C.3.n,Agricultural software,AgLeader SMS,N,N
99-1331.35,2.C.3.j,ERP software,Epicor ERP,N,N
99-1331.35,2.C.3.j,ERP software,NetSuite,N,N
99-1331.35,2.C.3.f,CAD software,Autodesk AutoCAD,N,N
99-1331.35,2.C.3.f,CAD software,PTC Creo Parametric,N,N
99-1332.36,2.C.3.o,Fleet management software,TMWSuite,N,N
99-1332.36,2.C.5,Routing software,Monday.com,N,N
99-1333.37,2.C.3.p,CRM software,Microsoft Dynamics CRM,N,N
99-1333.37,2.C.5,Sales software,Asana,N,N
99-1333.37,2.C.5,Sales software,Monday.com,N,N
99-1334.38,2.C.5,Project management software,Monday.com,N,N
99-1334.38,2.C.5,Project management software,Trello,N,N
99-1334.38,2.C.5,Project management software,Jira,N,Y
99-1334.38,2.C.3.q,Office software,Microsoft Office,N,N
99-1334.38,2.C.3.q,Office software,LibreOffice,N,N
99-1334.38,2.C.3.q,Office software,Zoho Office Suite,N,N
99-1335.39,2.C.3.l,Graphics software,Figma,N,N
99-1335.39,2.C.3.l,Graphics software,Affinity Designer,N,N
99-1335.39,2.C.3.l,Graphics software,Adobe Creative Cloud,N,N
99-1335.39,2.C.5,Project management software,Asana,N,N
99-1335.39,2.C.5,Project management software,Monday.com,N,N
99-1335.39,2.C.5,Project management software,Jira,N,Y
99-1336.40,2.C.3.m,Legal research software,LexisNexis,N,N
99-1336.40,2.C.3.m,Legal research software,CaseMap,N,N
99-1336.40,2.C.5,Project management software,Microsoft Project,N,N
99-1336.40,2.C.5,Project management software,Asana,N,N
99-1337.41,2.C.3.d,Statistical analysis software,Stata,N,N
99-1337.41,2.C.3.d,Statistical analysis software,Minitab,N,N
99-1337.41,2.C.3.d,Statistical analysis software,SAS,Y,N
99-1337.41,2.C.3.e,Analytical software,Tableau,Y,Y
99-1338.42,2.C.5,Project management software,Microsoft Project,N,N
99-1338.42,2.C.5,Project management software,Monday.com,N,N
99-1338.42,2.C.5,Project management software,Trello,N,N
99-1338.42,2.C.1,Case management software,Epic Systems,Y,N
99-1338.42,2.C.1,Case management software,eClinicalWorks,N,N
99-1338.42,2.C.1,Case management software,Meditech Expanse,N,N
99-1339.43,2.C.3.f,CAD software,Autodesk AutoCAD,N,N
99-1339.43,2.C.3.f,CAD software,Dassault Systemes CATIA,N,N
99-1339.43,2.C.3.f,CAD software,SolidWorks,N,N
99-1339.43,2.C.3.n,Agricultural software,AgLeader SMS,N,N
99-1339.43,2.C.3.n,Agricultural software,Trimble Ag Software,N,N
99-1339.43,2.C.3.n,Agricultural software,Farm Works Software,N,N
99-1340.44,2.C.3.j,ERP software,Oracle E-Business Suite,N,N
99-1340.44,2.C.3.f,CAD software,PTC Creo Parametric,N,N
99-1340.44,2.C.3.f,CAD software,SolidWorks,N,N
99-1341.45,2.C.3.o,Fleet management software,TMWSuite,N,N
99-1341.45,2.C.3.o,Fleet management software,PeopleNet Fleet Manager,N,N
99-1341.45,2.C.3.o,Fleet management software,Samsara,N,N
99-1341.45,2.C.5,Routing software,Monday.com,N,N
99-1341.45,2.C.5,Routing software,Asana,N,N
99-1341.45,2.C.5,Routing software,Microsoft Project,N,N
99-1342.46,2.C.3.p,CRM software,Microsoft Dynamics CRM,N,N
99-1342.46,2.C.3.p,CRM software,Zoho CRM,N,N
99-1342.46,2.C.5,Sales software,Asana,N,N
99-1342.46,2.C.5,Sales software,Microsoft Project,N,N
99-1343.47,2.C.5,Project management software,Jira,N,Y
99-1343.47,2.C.5,Project management software,Monday.com,N,N
99-1343.47,2.C.3.q,Office software,LibreOffice,N,N
99-1344.48,2.C.3.l,Graphics software,Adobe Creative Cloud,N,N
99-1344.48,2.C.3.l,Graphics software,Affinity Designer,N,N
99-1344.48,2.C.3.l,Graphics software,CorelDRAW,N,N
99-1344.48,2.C.5,Project management software,Trello,N,N
99-1345.49,2.C.3.m,Legal research software,Westlaw,N,N
99-1345.49,2.C.3.m,Legal research software,CaseMap,N,N
99-1345.49,2.C.3.m,Legal research software,LexisNexis,N,N
99-1345.49,2.C.5,Project management software,Microsoft Project,N,N
99-1346.50,2.C.3.d,Statistical analysis software,Minitab,N,N
99-1346.50,2.C.3.d,Statistical analysis software,IBM SPSS Statistics,N,N
99-1346.50,2.C.3.e,Analytical software,SAP BusinessObjects,N,N
99-1346.50,2.C.3.e,Analytical software,Microsoft Power BI,Y,Y
99-1346.50,2.C.3.e,Analytical software,QlikView,N,N
99-1347.51,2.C.5,Project management software,Microsoft Project,N,N
99-1347.51,2.C.5,Project management software,Monday.com,N,N
99-1347.51,2.C.1,Case management software,Allscripts,N,N
99-1347.51,2.C.1,Case management software,Meditech Expanse,N,N
99-1348.52,2.C.3.f,CAD software,SolidWorks,N,N
99-1348.52,2.C.3.f,CAD software,PTC Creo Parametric,N,N
99-1348.52,2.C.3.f,CAD software,Bentley MicroStation,N,N
99-1348.52,2.C.3.n,Agricultural software,AgLeader SMS,N,N
99-1348.52,2.C.3.n,Agricultural software,Trimble Ag Software,N,N
99-1349.53,2.C.3.j,ERP software,NetSuite,N,N
99-1349.53,2.C.3.j,ERP software,Epicor ERP,N,N
99-1349.53,2.C.3.f,CAD software,PTC Creo Parametric,N,N
99-1349.53,2.C.3.f,CAD software,Dassault Systemes CATIA,N,N
99-1349.53,2.C.3.f,CAD software,Autodesk AutoCAD,N,N
99-1350.54,2.C.3.o,Fleet management software,TMWSuite,N,N
99-1350.54,2.C.3.o,Fleet management software,PeopleNet Fleet Manager,N,N
99-1350.54,2.C.5,Routing software,Monday.com,N,N
99-1350.54,2.C.5,Routing software,Microsoft Project,N,N
99-1351.55,2.C.3.p,CRM software,Zoho CRM,N,N
99-1351.55,2.C.3.p,CRM software,HubSpot CRM,N,N
99-1351.55,2.C.3.p,CRM software,Microsoft Dynamics CRM,N,N
99-1351.55,2.C.5,Sales software,Monday.com,N,N
99-1351.55,2.C.5,Sales software,Jira,N,Y
99-1352.56,2.C.5,Project management software,Microsoft Project,N,N
99-1352.56,2.C.5,Project management software,Asana,N,N
99-1352.56,2.C.3.q,Office software,LibreOffice,N,N
99-1352.56,2.C.3.q,Office software,Google Workspace,N,N
99-1353.57,2.C.3.l,Graphics software,Adobe Creative Cloud,N,N
99-1353.57,2.C.3.l,Graphics software,Affinity Designer,N,N
99-1353.57,2.C.5,Project management software,Asana,N,N
99-1353.57,2.C.5,Project management software,Jira,N,Y
99-1353.57,2.C.5,Project management software,Microsoft Project,N,N
99-1354.58,2.C.3.m,Legal research software,Thomson Reuters Practical Law,N,N
99-1354.58,2.C.3.m,Legal research software,Westlaw,N,N
99-1354.58,2.C.5,Project management software,Asana,N,N
99-1354.58,2.C.5,Project management software,Monday.com,N,N
99-1355.59,2.C.3.d,Statistical analysis software,Minitab,N,N
99-1355.59,2.C.3.d,Statistical analysis software,R,N,N
99-1355.59,2.C.3.e,Analytical software,SAP BusinessObjects,N,N
99-1355.59,2.C.3.e,Analytical software,QlikView,N,N
99-1355.59,2.C.3.e,Analytical software,Microsoft Power BI,Y,Y
99-1356.60,2.C.5,Project management software,Microsoft Project,N,N
99-1356.60,2.C.5,Project management software,Jira,N,Y
99-1356.60,2.C.1,Case management software,Epic Systems,Y,N
99-1356.60,2.C.1,Case management software,Meditech Expanse,N,N
99-1356.60,2.C.1,Case management software,Cerner,N,N
99-1357.61,2.C.3.f,CAD software,Autodesk AutoCAD,N,N
99-1357.61,2.C.3.f,CAD software,SolidWorks,N,N
99-1357.61,2.C.3.n,Agricultural software,Farm Works Software,N,N
99-1357.61,2.C.3.n,Agricultural software,AgLeader SMS,N,N
99-1358.62,2.C.3.j,ERP software,Microsoft Dynamics 365,N,N
99-1358.62,2.C.3.f,CAD software,Bentley MicroStation,N,N
99-1358.62,2.C.3.f,CAD software,PTC Creo Parametric,N,N
99-1358.62,2.C.3.f,CAD software,SolidWorks,N,N
99-1359.63,2.C.3.o,Fleet management software,PeopleNet Fleet Manager,N,N
99-1359.63,2.C.5,Routing software,Microsoft Project,N,N
99-1359.63,2.C.5,Routing software,Monday.com,N,N
99-1360.64,2.C.3.p,CRM software,Microsoft Dynamics CRM,N,N
99-1360.64,2.C.3.p,CRM software,HubSpot CRM,N,N
99-1360.64,2.C.3.p,CRM software,Salesforce,Y,Y
99-1360.64,2.C.5,Sales software,Trello,N,N
99-1360.64,2.C.5,Sales software,Asana,N,N
99-1360.64,2.C.5,Sales software,Monday.com,N,N
99-1361.65,2.C.5,Project management software,Trello,N,N
99-1361.65,2.C.3.q,Office software,Google Workspace,N,N
99-1361.65,2.C.3.q,Office software,Microsoft Office,N,N
99-1362.66,2.C.3.l,Graphics software,CorelDRAW,N,N
99-1362.66,2.C.3.l,Graphics software,Affinity Designer,N,N
99-1362.66,2.C.3.l,Graphics software,Figma,N,N
99-1362.66,2.C.5,Project management software,Asana,N,N
99-1363.67,2.C.3.m,Legal research software,Thomson Reuters Practical Law,N,N
99-1363.67,2.C.5,Project management software,Jira,N,Y
99-1364.68,2.C.3.d,Statistical analysis software,IBM SPSS Statistics,N,N
99-1364.68,2.C.3.d,Statistical analysis software,SAS,Y,N
99-1364.68,2.C.3.d,Statistical analysis software,Stata,N,N
99-1364.68,2.C.3.e,Analytical software,QlikView,N,N
99-1365.69,2.C.5,Project management software,Microsoft Project,N,N
99-1365.69,2.C.5,Project management software,Jira,N,Y
99-1365.69,2.C.1,Case management software,Epic Systems,Y,N
99-1365.69,2.C.1,Case management software,Cerner,N,N
99-1365.69,2.C.1,Case management software,Allscripts,N,N
99-1366.70,2.C.3.f,CAD software,Bentley MicroStation,N,N
99-1366.70,2.C.3.n,Agricultural software,AgLeader SMS,N,N
99-1366.70,2.C.3.n,Agricultural software,Trimble Ag Software,N,N
99-1366.70,2.C.3.n,Agricultural software,Farm Works Software,N,N
99-1367.71,2.C.3.j,ERP software,Microsoft Dynamics 365,N,N
99-1367.71,2.C.3.f,CAD software,PTC Creo Parametric,N,N
99-1367.71,2.C.3.f,CAD software,Bentley MicroStation,N,N
99-1368.72,2.C.3.o,Fleet management software,Samsara,N,N
99-1368.72,2.C.3.o,Fleet management software,PeopleNet Fleet Manager,N,N
99-1368.72,2.C.3.o,Fleet management software,Omnitracs,N,N
99-1368.72,2.C.5,Routing software,Microsoft Project,N,N
99-1368.72,2.C.5,Routing software,Jira,N,Y
99-1368.72,2.C.5,Routing software,Trello,N,N
99-1369.73,2.C.3.p,CRM software,Microsoft Dynamics CRM,N,N
99-1369.73,2.C.3.p,CRM software,HubSpot CRM,N,N
99-1369.73,2.C.5,Sales software,Trello,N,N
99-1370.74,2.C.5,Project management software,Microsoft Project,N,N
99-1370.74,2.C.3.q,Office software,Google Workspace,N,N
99-1370.74,2.C.3.q,Office software,LibreOffice,N,N
99-1371.75,2.C.3.l,Graphics software,Adobe Creative Cloud,N,N
99-1371.75,2.C.3.l,Graphics software,Affinity Designer,N,N
99-1371.75,2.C.5,Project management software,Monday.com,N,N
99-1371.75,2.C.5,Project management software,Trello,N,N
99-1371.75,2.C.5,Project management software,Asana,N,N
99-1372.76,2.C.3.m,Legal research software,LexisNexis,N,N
99-1372.76,2.C.3.m,Legal research software,Thomson Reuters Practical Law,N,N
99-1372.76,2.C.5,Project management software,Asana,N,N
99-1372.76,2.C.5,Project management software,Trello,N,N
99-1372.76,2.C.5,Project management software,Jira,N,Y
99-1373.77,2.C.3.d,Statistical analysis software,Stata,N,N
99-1373.77,2.C.3.e,Analytical software,Tableau,Y,Y
99-1374.78,2.C.5,Project management software,Microsoft Project,N,N
99-1374.78,2.C.5,Project management software,Jira,N,Y
99-1374.78,2.C.5,Project management software,Trello,N,N
99-1374.78,2.C.1,Case management software,Meditech Expanse,N,N
99-1375.79,2.C.3.f,CAD software,SolidWorks,N,N
99-1375.79,2.C.3.n,Agricultural software,AgLeader SMS,N,N
99-1375.79,2.C.3.n,Agricultural software,Trimble Ag Software,N,N
99-1376.80,2.C.3.j,ERP software,Epicor ERP,N,N
99-1376.80,2.C.3.f,CAD software,PTC Creo Parametric,N,N
99-1376.80,2.C.3.f,CAD software,SolidWorks,N,N
99-1377.81,2.C.3.o,Fleet management software,PeopleNet Fleet Manager,N,N
99-1377.81,2.C.3.o,Fleet management software,Samsara,N,N
99-1377.81,2.C.3.o,Fleet management software,TMWSuite,N,N
99-1377.81,2.C.5,Routing software,Jira,N,Y
99-1377.81,2.C.5,Routing software,Trello,N,N
99-1378.82,2.C.3.p,CRM software,Zoho CRM,N,N
99-1378.82,2.C.3.p,CRM software,HubSpot CRM,N,N
99-1378.82,2.C.5,Sales software,Jira,N,Y
99-1378.82,2.C.5,Sales software,Monday.com,N,N
99-1379.83,2.C.5,Project management software,Microsoft Project,N,N
99-1379.83,2.C.5,Project management software,Monday.com,N,N
99-1379.83,2.C.5,Project management software,Trello,N,N
99-1379.83,2.C.3.q,Office software,LibreOffice,N,N
99-1379.83,2.C.3.q,Office software,Microsoft Office,N,N
99-1380.84,2.C.3.l,Graphics software,Affinity Designer,N,N
99-1380.84,2.C.5,Project management software,Asana,N,N
99-1380.84,2.C.5,Project management software,Jira,N,Y
99-1381.85,2.C.3.m,Legal research software,Thomson Reuters Practical Law,N,N
99-1381.85,2.C.3.m,Legal research software,CaseMap,N,N
99-1381.85,2.C.3.m,Legal research software,LexisNexis,N,N
99-1381.85,2.C.5,Project management software,Microsoft Project,N,N
99-1382.86,2.C.3.d,Statistical analysis software,Minitab,N,N
99-1382.86,2.C.3.d,Statistical analysis software,IBM SPSS Statistics,N,N
99-1382.86,2.C.3.d,Statistical analysis software,SAS,Y,N
99-1382.86,2.C.3.e,Analytical software,Microsoft Power BI,Y,Y
99-1382.86,2.C.3.e,Analytical software,Spotfire,N,N
99-1383.87,2.C.5,Project management software,Trello,N,N
99-1383.87,2.C.5,Project management software,Jira,N,Y
99-1383.87,2.C.1,Case management software,Meditech Expanse,N,N
99-1383.87,2.C.1,Case management software,Epic Systems,Y,N
99-1383.87,2.C.1,Case management software,Cerner,N,N
99-1384.88,2.C.3.f,CAD software,SolidWorks,N,N
99-1384.88,2.C.3.f,CAD software,PTC Creo Parametric,N,N
99-1384.88,2.C.3.f,CAD software,Bentley MicroStation,N,N
99-1384.88,2.C.3.n,Agricultural software,Farm Works Software,N,N
99-1385.89,2.C.3.j,ERP software,Oracle E-Business Suite,N,N
99-1385.89,2.C.3.f,CAD software,Bentley MicroStation,N,N
99-1385.89,2.C.3.f,CAD software,Dassault Systemes CATIA,N,N
99-1385.89,2.C.3.f,CAD software,SolidWorks,N,N
99-1386.90,2.C.3.o,Fleet management software,Omnitracs,N,N
99-1386.90,2.C.3.o,Fleet management software,Samsara,N,N
99-1386.90,2.C.5,Routing software,Trello,N,N
99-1386.90,2.C.5,Routing software,Microsoft Project,N,N
99-1387.91,2.C.3.p,CRM software,Zoho CRM,N,N
99-1387.91,2.C.5,Sales software,Trello,N,N
99-1387.91,2.C.5,Sales software,Monday.com,N,N
99-1388.92,2.C.5,Project management software,Trello,N,N
99-1388.92,2.C.3.q,Office software,Zoho Office Suite,N,N
99-1389.93,2.C.3.l,Graphics software,Sketch,N,N
99-1389.93,2.C.3.l,Graphics software,Adobe Creative Cloud,N,N
99-1389.93,2.C.5,Project management software,Jira,N,Y
99-1389.93,2.C.5,Project management software,Monday.com,N,N
99-1390.94,2.C.3.m,Legal research software,LexisNexis,N,N
99-1390.94,2.C.3.m,Legal research software,CaseMap,N,N
99-1390.94,2.C.3.m,Legal research software,Westlaw,N,N
99-1390.94,2.C.5,Project management software,Trello,N,N
99-1391.95,2.C.3.d,Statistical analysis software,IBM SPSS Statistics,N,N
99-1391.95,2.C.3.e,Analytical software,Spotfire,N,N
99-1391.95,2.C.3.e,Analytical software,QlikView,N,N
99-1391.95,2.C.3.e,Analytical software,Tableau,Y,Y
99-1392.96,2.C.5,Project management software,Jira,N,Y
99-1392.96,2.C.5,Project management software,Trello,N,N
99-1392.96,2.C.1,Case management software,Meditech Expanse,N,N
99-1393.97,2.C.3.f,CAD software,Dassault Systemes CATIA,N,N
99-1393.97,2.C.3.f,CAD software,SolidWorks,N,N
99-1393.97,2.C.3.f,CAD software,Bentley MicroStation,N,N
99-1393.97,2.C.3.n,Agricultural software,AgLeader SMS,N,N
99-1393.97,2.C.3.n,Agricultural software,Farm Works Software,N,N
99-1393.97,2.C.3.n,Agricultural software,Trimble Ag Software,N,N
99-1394.98,2.C.3.j,ERP software,SAP ERP,Y,Y
99-1394.98,2.C.3.j,ERP software,Microsoft Dynamics 365,N,N
99-1394.98,2.C.3.f,CAD software,PTC Creo Parametric,N,N
99-1394.98,2.C.3.f,CAD software,Dassault Systemes CATIA,N,N
99-1395.99,2.C.3.o,Fleet management software,TMWSuite,N,N
99-1395.99,2.C.3.o,Fleet management software,Omnitracs,N,N
99-1395.99,2.C.3.o,Fleet management software,Samsara,N,N
99-1395.99,2.C.5,Routing software,Trello,N,N
99-1395.99,2.C.5,Routing software,Asana,N,N
99-1396.01,2.C.3.p,CRM software,Salesforce,Y,Y
99-1396.01,2.C.3.p,CRM software,Microsoft Dynamics CRM,N,N
99-1396.01,2.C.3.p,CRM software,Zoho CRM,N,N
99-1396.01,2.C.5,Sales software,Trello,N,N
99-1396.01,2.C.5,Sales software,Asana,N,N
99-1396.01,2.C.5,Sales software,Jira,N,Y
99-1397.02,2.C.5,Project management software,Monday.com,N,N
99-1397.02,2.C.5,Project management software,Asana,N,N
99-1397.02,2.C.5,Project management software,Trello,N,N
99-1397.02,2.C.3.q,Office software,Google Workspace,N,N
99-1398.03,2.C.3.l,Graphics software,Sketch,N,N
99-1398.03,2.C.3.l,Graphics software,Adobe Creative Cloud,N,N
99-1398.03,2.C.3.l,Graphics software,Affinity Designer,N,N
99-1398.03,2.C.5,Project management software,Asana,N,N
99-1399.04,2.C.3.m,Legal research software,CaseMap,N,N
99-1399.04,2.C.3.m,Legal research software,Thomson Reuters Practical Law,N,N
99-1399.04,2.C.5,Project management software,Jira,N,Y
99-1400.05,2.C.3.d,Statistical analysis software,R,N,N
99-1400.05,2.C.3.d,Statistical analysis software,Stata,N,N
99-1400.05,2.C.3.e,Analytical software,QlikView,N,N
99-1401.06,2.C.5,Project management software,Monday.com,N,N
99-1401.06,2.C.5,Project management software,Trello,N,N
99-1401.06,2.C.1,Case management software,eClinicalWorks,N,N
99-1402.07,2.C.3.f,CAD software,PTC Creo Parametric,N,N
99-1402.07,2.C.3.f,CAD software,Dassault Systemes CATIA,N,N
99-1402.07,2.C.3.n,Agricultural software,Farm Works Software,N,N
99-1402.07,2.C.3.n,Agricultural software,AgLeader SMS,N,N
99-1403.08,2.C.3.j,ERP software,Microsoft Dynamics 365,N,N
99-1403.08,2.C.3.f,CAD software,Bentley MicroStation,N,N
99-1403.08,2.C.3.f,CAD software,Dassault Systemes CATIA,N,N
99-1403.08,2.C.3.f,CAD software,Autodesk AutoCAD,N,N
99-1404.09,2.C.3.o,Fleet management software,TMWSuite,N,N
99-1404.09,2.C.5,Routing software,Jira,N,Y
99-1404.09,2.C.5,Routing software,Microsoft Project,N,N
99-1404.09,2.C.5,Routing software,Asana,N,N
99-1405.10,2.C.3.p,CRM software,Zoho CRM,N,N
99-1405.10,2.C.3.p,CRM software,Salesforce,Y,Y
99-1405.10,2.C.5,Sales software,Jira,N,Y
99-1406.11,2.C.5,Project management software,Monday.com,N,N
99-1406.11,2.C.3.q,Office software,LibreOffice,N,N
99-1406.11,2.C.3.q,Office software,Google Workspace,N,N
99-1406.11,2.C.3.q,Office software,Microsoft Office,N,N
99-1407.12,2.C.3.l,Graphics software,Affinity Designer,N,N
99-1407.12,2.C.3.l,Graphics software,Figma,N,N
99-1407.12,2.C.5,Project management software,Asana,N,N
99-1407.12,2.C.5,Project management software,Trello,N,N
99-1408.13,2.C.3.m,Legal research software,CaseMap,N,N
99-1408.13,2.C.3.m,Legal research software,Thomson Reuters Practical Law,N,N
99-1408.13,2.C.3.m,Legal research software,LexisNexis,N,N
99-1408.13,2.C.5,Project management software,Jira,N,Y
99-1408.13,2.C.5,Project management software,Monday.com,N,N
99-1408.13,2.C.5,Project management software,Trello,N,N
99-1409.14,2.C.3.d,Statistical analysis software,R,N,N
99-1409.14,2.C.3.d,Statistical analysis software,SAS,Y,N
99-1409.14,2.C.3.e,Analytical software,Microsoft Power BI,Y,Y
99-1409.14,2.C.3.e,Analytical software,Tableau,Y,Y
99-1409.14,2.C.3.e,Analytical software,QlikView,N,N
99-1410.15,2.C.5,Project management software,Trello,N,N
99-1410.15,2.C.5,Project management software,Jira,N,Y
99-1410.15,2.C.5,Project management software,Asana,N,N
99-1410.15,2.C.1,Case management software,Epic Systems,Y,N
99-1411.16,2.C.3.f,CAD software,SolidWorks,N,N
99-1411.16,2.C.3.n,Agricultural software,AgLeader SMS,N,N
99-1411.16,2.C.3.n,Agricultural software,Farm Works Software,N,N
99-1412.17,2.C.3.j,ERP software,NetSuite,N,N
99-1412.17,2.C.3.j,ERP software,Oracle E-Business Suite,N,N
99-1412.17,2.C.3.f,CAD software,SolidWorks,N,N
99-1412.17,2.C.3.f,CAD software,Dassault Systemes CATIA,N,N
99-1412.17,2.C.3.f,CAD software,PTC Creo Parametric,N,N
99-1413.18,2.C.3.o,Fleet management software,Samsara,N,N
99-1413.18,2.C.3.o,Fleet management software,TMWSuite,N,N
99-1413.18,2.C.5,Routing software,Microsoft Project,N,N
99-1414.19,2.C.3.p,CRM software,Microsoft Dynamics CRM,N,N
99-1414.19,2.C.3.p,CRM software,Salesforce,Y,Y
99-1414.19,2.C.5,Sales software,Jira,N,Y
99-1414.19,2.C.5,Sales software,Monday.com,N,N
99-1414.19,2.C.5,Sales software,Trello,N,N
99-1415.20,2.C.5,Project management software,Trello,N,N
99-1415.20,2.C.5,Project management software,Monday.com,N,N
99-1415.20,2.C.3.q,Office software,LibreOffice,N,N
99-1415.20,2.C.3.q,Office software,Zoho Office Suite,N,N
99-1415.20,2.C.3.q,Office software,Google Workspace,N,N
99-1416.21,2.C.3.l,Graphics software,Figma,N,N
99-1416.21,2.C.3.l,Graphics software,Affinity Designer,N,N
99-1416.21,2.C.5,Project management software,Monday.com,N,N
99-1416.21,2.C.5,Project management software,Trello,N,N
99-1416.21,2.C.5,Project management software,Asana,N,N
99-1417.22,2.C.3.m,Legal research software,Westlaw,N,N
99-1417.22,2.C.3.m,Legal research software,Thomson Reuters Practical Law,N,N
99-1417.22,2.C.3.m,Legal research software,CaseMap,N,N
99-1417.22,2.C.5,Project management software,Trello,N,N
99-1417.22,2.C.5,Project management software,Microsoft Project,N,N
99-1418.23,2.C.3.d,Statistical analysis software,SAS,Y,N
99-1418.23,2.C.3.d,Statistical analysis software,R,N,N
99-1418.23,2.C.3.e,Analytical software,Microsoft Power BI,Y,Y
99-1418.23,2.C.3.e,Analytical software,QlikView,N,N
99-1418.23,2.C.3.e,Analytical software,Spotfire,N,N
99-1419.24,2.C.5,Project management software,Asana,N,N
99-1419.24,2.C.5,Project management software,Trello,N,N
99-1419.24,2.C.1,Case management software,Allscripts,N,N
99-1419.24,2.C.1,Case management software,Meditech Expanse,N,N
99-1420.25,2.C.3.f,CAD software,PTC Creo Parametric,N,N
99-1420.25,2.C.3.f,CAD software,Dassault Systemes CATIA,N,N
99-1420.25,2.C.3.n,Agricultural software,Trimble Ag Software,N,N
99-1420.25,2.C.3.n,Agricultural software,AgLeader SMS,N,N
99-1420.25,2.C.3.n,Agricultural software,Farm Works Software,N,N
99-1421.26,2.C.3.j,ERP software,Epicor ERP,N,N
99-1421.26,2.C.3.f,CAD software,Autodesk AutoCAD,N,N
99-1421.26,2.C.3.f,CAD software,Dassault Systemes CATIA,N,N
99-1421.26,2.C.3.f,CAD software,Bentley MicroStation,N,N
99-1422.27,2.C.3.o,Fleet management software,Omnitracs,N,N
99-1422.27,2.C.3.o,Fleet management software,TMWSuite,N,N
99-1422.27,2.C.3.o,Fleet management software,PeopleNet Fleet Manager,N,N
99-1422.27,2.C.5,Routing software,Microsoft Project,N,N
99-1422.27,2.C.5,Routing software,Monday.com,N,N
99-1423.28,2.C.3.p,CRM software,Salesforce,Y,Y
99-1423.28,2.C.3.p,CRM software,Zoho CRM,N,N
99-1423.28,2.C.3.p,CRM software,HubSpot CRM,N,N
99-1423.28,2.C.5,Sales software,Microsoft Project,N,N
99-1423.28,2.C.5,Sales software,Asana,N,N
99-1423.28,2.C.5,Sales software,Monday.com,N,N
99-1424.29,2.C.5,Project management software,Microsoft Project,N,N
99-1424.29,2.C.5,Project management software,Trello,N,N
99-1424.29,2.C.5,Project management software,Asana,N,N
99-1424.29,2.C.3.q,Office software,Google Workspace,N,N
99-1424.29,2.C.3.q,Office software,Microsoft Office,N,N
99-1425.30,2.C.3.l,Graphics software,Affinity Designer,N,N
99-1425.30,2.C.3.l,Graphics software,CorelDRAW,N,N
99-1425.30,2.C.3.l,Graphics software,Sketch,N,N
99-1425.30,2.C.5,Project management software,Trello,N,N
99-1426.31,2.C.3.m,Legal research software,CaseMap,N,N
99-1426.31,2.C.5,Project management software,Monday.com,N,N
99-1426.31,2.C.5,Project management software,Trello,N,N
99-1426.31,2.C.5,Project management software,Jira,N,Y
99-1427.32,2.C.3.d,Statistical analysis software,R,N,N
99-1427.32,2.C.3.d,Statistical analysis software,IBM SPSS Statistics,N,N
99-1427.32,2.C.3.e,Analytical software,SAP BusinessObjects,N,N
99-1428.33,2.C.5,Project management software,Monday.com,N,N
99-1428.33,2.C.1,Case management software,Meditech Expanse,N,N
99-1429.34,2.C.3.f,CAD software,Dassault Systemes CATIA,N,N
99-1429.34,2.C.3.n,Agricultural software,Farm Works Software,N,N
99-1429.34,2.C.3.n,Agricultural software,AgLeader SMS,N,N
99-1429.34,2.C.3.n,Agricultural software,Trimble Ag Software,N,N
99-1430.35,2.C.3.j,ERP software,NetSuite,N,N
99-1430.35,2.C.3.j,ERP software,Microsoft Dynamics 365,N,N
99-1430.35,2.C.3.f,CAD software,PTC Creo Parametric,N,N
99-1430.35,2.C.3.f,CAD software,SolidWorks,N,N
99-1431.36,2.C.3.o,Fleet management software,Samsara,N,N
99-1431.36,2.C.3.o,Fleet management software,Omnitracs,N,N
99-1431.36,2.C.5,Routing software,Jira,N,Y
99-1432.37,2.C.3.p,CRM software,HubSpot CRM,N,N
99-1432.37,2.C.3.p,CRM software,Salesforce,Y,Y
99-1432.37,2.C.5,Sales software,Asana,N,N
99-1432.37,2.C.5,Sales software,Trello,N,N
99-1432.37,2.C.5,Sales software,Microsoft Project,N,N
99-1433.38,2.C.5,Project management software,Jira,N,Y
99-1433.38,2.C.5,Project management software,Asana,N,N
99-1433.38,2.C.3.q,Office software,LibreOffice,N,N
99-1434.39,2.C.3.l,Graphics software,CorelDRAW,N,N
99-1434.39,2.C.3.l,Graphics software,Sketch,N,N
99-1434.39,2.C.5,Project management software,Trello,N,N
99-1434.39,2.C.5,Project management software,Microsoft Project,N,N
99-1435.40,2.C.3.m,Legal research software,Westlaw,N,N
99-1435.40,2.C.3.m,Legal research software,Thomson Reuters Practical Law,N,N
99-1435.40,2.C.3.m,Legal research software,CaseMap,N,N
99-1435.40,2.C.5,Project management software,Jira,N,Y
99-1436.41,2.C.3.d,Statistical analysis software,Minitab,N,N
99-1436.41,2.C.3.e,Analytical software,Microsoft Power BI,Y,Y
99-1437.42,2.C.5,Project management software,Asana,N,N
99-1437.42,2.C.1,Case management software,eClinicalWorks,N,N
99-1437.42,2.C.1,Case management software,Meditech Expanse,N,N
99-1438.43,2.C.3.f,CAD software,Bentley MicroStation,N,N
99-1438.43,2.C.3.n,Agricultural software,Farm Works Software,N,N
99-1438.43,2.C.3.n,Agricultural software,AgLeader SMS,N,N
99-1438.43,2.C.3.n,Agricultural software,Trimble Ag Software,N,N
99-1439.44,2.C.3.j,ERP software,NetSuite,N,N
99-1439.44,2.C.3.j,ERP software,Epicor ERP,N,N
99-1439.44,2.C.3.f,CAD software,Autodesk AutoCAD,N,N
99-1439.44,2.C.3.f,CAD software,Dassault Systemes CATIA,N,N
99-1440.45,2.C.3.o,Fleet management software,TMWSuite,N,N
99-1440.45,2.C.3.o,Fleet management software,Samsara,N,N
99-1440.45,2.C.3.o,Fleet management software,PeopleNet Fleet Manager,N,N
99-1440.45,2.C.5,Routing software,Monday.com,N,N
99-1441.46,2.C.3.p,CRM software,HubSpot CRM,N,N
99-1441.46,2.C.5,Sales software,Asana,N,N
99-1442.47,2.C.5,Project management software,Asana,N,N
99-1442.47,2.C.5,Project management software,Jira,N,Y
99-1442.47,2.C.3.q,Office software,Google Workspace,N,N
99-1443.48,2.C.3.l,Graphics software,Sketch,N,N
99-1443.48,2.C.3.l,Graphics software,Affinity Designer,N,N
99-1443.48,2.C.5,Project management software,Jira,N,Y
99-1444.49,2.C.3.m,Legal research software,CaseMap,N,N
99-1444.49,2.C.3.m,Legal research software,Thomson Reuters Practical Law,N,N
99-1444.49,2.C.5,Project management software,Microsoft Project,N,N
99-1444.49,2.C.5,Project management software,Trello,N,N
99-1444.49,2.C.5,Project management software,Jira,N,Y
99-1445.50,2.C.3.d,Statistical analysis software,IBM SPSS Statistics,N,N
99-1445.50,2.C.3.d,Statistical analysis software,Minitab,N,N
99-1445.50,2.C.3.e,Analytical software,Tableau,Y,Y
99-1445.50,2.C.3.e,Analytical software,SAP BusinessObjects,N,N
99-1445.50,2.C.3.e,Analytical software,QlikView,N,N
99-1446.51,2.C.5,Project management software,Asana,N,N
99-1446.51,2.C.5,Project management software,Trello,N,N
99-1446.51,2.C.5,Project management software,Microsoft Project,N,N
99-1446.51,2.C.1,Case management software,Epic Systems,Y,N
99-1446.51,2.C.1,Case management software,Meditech Expanse,N,N
99-1446.51,2.C.1,Case management software,Cerner,N,N
99-1447.52,2.C.3.f,CAD software,PTC Creo Parametric,N,N
99-1447.52,2.C.3.f,CAD software,Autodesk AutoCAD,N,N
99-1447.52,2.C.3.f,CAD software,Dassault Systemes CATIA,N,N
99-1447.52,2.C.3.n,Agricultural software,Farm Works Software,N,N
99-1447.52,2.C.3.n,Agricultural software,AgLeader SMS,N,N
99-1448.53,2.C.3.j,ERP software,NetSuite,N,N
99-1448.53,2.C.3.j,ERP software,SAP ERP,Y,Y
99-1448.53,2.C.3.j,ERP software,Epicor ERP,N,N
99-1448.53,2.C.3.f,CAD software,Dassault Systemes CATIA,N,N
99-1448.53,2.C.3.f,CAD software,PTC Creo Parametric,N,N
99-1449.54,2.C.3.o,Fleet management software,TMWSuite,N,N
99-1449.54,2.C.3.o,Fleet management software,Samsara,N,N
99-1449.54,2.C.3.o,Fleet management software,Omnitracs,N,N
99-1449.54,2.C.5,Routing software,Microsoft Project,N,N
99-1449.54,2.C.5,Routing software,Jira,N,Y
99-1449.54,2.C.5,Routing software,Monday.com,N,N
99-1450.55,2.C.3.p,CRM software,HubSpot CRM,N,N
99-1450.55,2.C.5,Sales software,Microsoft Project,N,N
99-1450.55,2.C.5,Sales software,Jira,N,Y
99-1450.55,2.C.5,Sales software,Trello,N,N
99-1451.56,2.C.5,Project management software,Monday.com,N,N
99-1451.56,2.C.3.q,Office software,Zoho Office Suite,N,N
99-1452.57,2.C.3.l,Graphics software,Adobe Creative Cloud,N,N
99-1452.57,2.C.3.l,Graphics software,CorelDRAW,N,N
99-1452.57,2.C.3.l,Graphics software,Affinity Designer,N,N
99-1452.57,2.C.5,Project management software,Monday.com,N,N
99-1452.57,2.C.5,Project management software,Jira,N,Y
99-1452.57,2.C.5,Project management software,Trello,N,N
99-1453.58,2.C.3.m,Legal research software,Westlaw,N,N
99-1453.58,2.C.3.m,Legal research software,Thomson Reuters Practical Law,N,N
99-1453.58,2.C.3.m,Legal research software,CaseMap,N,N
99-1453.58,2.C.5,Project management software,Asana,N,N
99-1453.58,2.C.5,Project management software,Trello,N,N
99-1453.58,2.C.5,Project management software,Microsoft Project,N,N
99-1454.59,2.C.3.d,Statistical analysis software,SAS,Y,N
99-1454.59,2.C.3.d,Statistical analysis software,Stata,N,N
99-1454.59,2.C.3.d,Statistical analysis software,Minitab,N,N
99-1454.59,2.C.3.e,Analytical software,SAP BusinessObjects,N,N
99-1455.60,2.C.5,Project management software,Asana,N,N
99-1455.60,2.C.5,Project management software,Microsoft Project,N,N
99-1455.60,2.C.1,Case management software,Epic Systems,Y,N
99-1455.60,2.C.1,Case management software,Meditech Expanse,N,N
99-1456.61,2.C.3.f,CAD software,Bentley MicroStation,N,N
99-1456.61,2.C.3.n,Agricultural software,Trimble Ag Software,N,N
99-1457.62,2.C.3.j,ERP software,Epicor ERP,N,N
99-1457.62,2.C.3.f,CAD software,SolidWorks,N,N
99-1457.62,2.C.3.f,CAD software,PTC Creo Parametric,N,N
99-1458.63,2.C.3.o,Fleet management software,Omnitracs,N,N
99-1458.63,2.C.3.o,Fleet management software,PeopleNet Fleet Manager,N,N
99-1458.63,2.C.3.o,Fleet management software,TMWSuite,N,N
99-1458.63,2.C.5,Routing software,Asana,N,N
99-1458.63,2.C.5,Routing software,Microsoft Project,N,N
99-1459.64,2.C.3.p,CRM software,Microsoft Dynamics CRM,N,N
99-1459.64,2.C.5,Sales software,Microsoft Project,N,N
99-1459.64,2.C.5,Sales software,Jira,N,Y
99-1460.65,2.C.5,Project management software,Monday.com,N,N
99-1460.65,2.C.5,Project management software,Trello,N,N
99-1460.65,2.C.5,Project management software,Microsoft Project,N,N
99-1460.65,2.C.3.q,Office software,LibreOffice,N,N
99-1460.65,2.C.3.q,Office software,Microsoft Office,N,N
99-1460.65,2.C.3.q,Office software,Zoho Office Suite,N,N
99-1461.66,2.C.3.l,Graphics software,Affinity Designer,N,N
99-1461.66,2.C.5,Project management software,Jira,N,Y
99-1462.67,2.C.3.m,Legal research software,Westlaw,N,N
99-1462.67,2.C.3.m,Legal research software,LexisNexis,N,N
99-1462.67,2.C.5,Project management software,Trello,N,N
99-1462.67,2.C.5,Project management software,Jira,N,Y
99-1462.67,2.C.5,Project management software,Asana,N,N
99-1463.68,2.C.3.d,Statistical analysis software,SAS,Y,N
99-1463.68,2.C.3.d,Statistical analysis software,IBM SPSS Statistics,N,N
99-1463.68,2.C.3.e,Analytical software,SAP BusinessObjects,N,N
99-1463.68,2.C.3.e,Analytical software,Microsoft Power BI,Y,Y
99-1463.68,2.C.3.e,Analytical software,QlikView,N,N
99-1464.69,2.C.5,Project management software,Asana,N,N
99-1464.69,2.C.5,Project management software,Monday.com,N,N
99-1464.69,2.C.5,Project management software,Jira,N,Y
99-1464.69,2.C.1,Case management software,Meditech Expanse,N,N
99-1464.69,2.C.1,Case management software,Cerner,N,N
99-1465.70,2.C.3.f,CAD software,SolidWorks,N,N
99-1465.70,2.C.3.n,Agricultural software,Trimble Ag Software,N,N
99-1465.70,2.C.3.n,Agricultural software,AgLeader SMS,N,N
99-1465.70,2.C.3.n,Agricultural software,Farm Works Software,N,N
99-1466.71,2.C.3.j,ERP software,NetSuite,N,N
99-1466.71,2.C.3.f,CAD software,Dassault Systemes CATIA,N,N
99-1466.71,2.C.3.f,CAD software,Bentley MicroStation,N,N
99-1467.72,2.C.3.o,Fleet management software,Samsara,N,N
99-1467.72,2.C.5,Routing software,Trello,N,N
99-1468.73,2.C.3.p,CRM software,Salesforce,Y,Y
99-1468.73,2.C.3.p,CRM software,HubSpot CRM,N,N
99-1468.73,2.C.3.p,CRM software,Microsoft Dynamics CRM,N,N
99-1468.73,2.C.5,Sales software,Jira,N,Y
99-1469.74,2.C.5,Project management software,Monday.com,N,N
99-1469.74,2.C.3.q,Office software,LibreOffice,N,N
99-1469.74,2.C.3.q,Office software,Google Workspace,N,N
99-1470.75,2.C.3.l,Graphics software,Figma,N,N
99-1470.75,2.C.5,Project management software,Microsoft Project,N,N
99-1470.75,2.C.5,Project management software,Jira,N,Y
99-1470.75,2.C.5,Project management software,Trello,N,N
99-1471.76,2.C.3.m,Legal research software,LexisNexis,N,N
99-1471.76,2.C.3.m,Legal research software,Westlaw,N,N
99-1471.76,2.C.3.m,Legal research software,Thomson Reuters Practical Law,N,N
99-1471.76,2.C.5,Project management software,Jira,N,Y
99-1471.76,2.C.5,Project management software,Microsoft Project,N,N
99-1472.77,2.C.3.d,Statistical analysis software,Minitab,N,N
99-1472.77,2.C.3.e,Analytical software,Tableau,Y,Y
99-1472.77,2.C.3.e,Analytical software,SAP BusinessObjects,N,N
99-1473.78,2.C.5,Project management software,Asana,N,N
99-1473.78,2.C.5,Project management software,Trello,N,N
99-1473.78,2.C.5,Project management software,Monday.com,N,N
99-1473.78,2.C.1,Case management software,eClinicalWorks,N,N
99-1473.78,2.C.1,Case management software,Meditech Expanse,N,N
99-1473.78,2.C.1,Case management software,Allscripts,N,N
99-1474.79,2.C.3.f,CAD software,Dassault Systemes CATIA,N,N
99-1474.79,2.C.3.f,CAD software,Autodesk AutoCAD,N,N
99-1474.79,2.C.3.f,CAD software,Bentley MicroStation,N,N
99-1474.79,2.C.3.n,Agricultural software,Farm Works Software,N,N
99-1474.79,2.C.3.n,Agricultural software,Trimble Ag Software,N,N
99-1475.80,2.C.3.j,ERP software,Microsoft Dynamics 365,N,N
99-1475.80,2.C.3.j,ERP software,Epicor ERP,N,N
99-1475.80,2.C.3.f,CAD software,SolidWorks,N,N
99-1476.81,2.C.3.o,Fleet management software,PeopleNet Fleet Manager,N,N
99-1476.81,2.C.5,Routing software,Microsoft Project,N,N
99-1476.81,2.C.5,Routing software,Monday.com,N,N
99-1477.82,2.C.3.p,CRM software,Salesforce,Y,Y
99-1477.82,2.C.3.p,CRM software,HubSpot CRM,N,N
99-1477.82,2.C.5,Sales software,Microsoft Project,N,N
99-1477.82,2.C.5,Sales software,Jira,N,Y
99-1478.83,2.C.5,Project management software,Asana,N,N
99-1478.83,2.C.3.q,Office software,LibreOffice,N,N
99-1479.84,2.C.3.l,Graphics software,Adobe Creative Cloud,N,N
99-1479.84,2.C.3.l,Graphics software,Affinity Designer,N,N
99-1479.84,2.C.5,Project management software,Microsoft Project,N,N
99-1480.85,2.C.3.m,Legal research software,LexisNexis,N,N
99-1480.85,2.C.3.m,Legal research software,CaseMap,N,N
99-1480.85,2.C.3.m,Legal research software,Westlaw,N,N
99-1480.85,2.C.5,Project management software,Asana,N,N
99-1480.85,2.C.5,Project management software,Trello,N,N
99-1480.85,2.C.5,Project management software,Jira,N,Y
99-1481.86,2.C.3.d,Statistical analysis software,SAS,Y,N
99-1481.86,2.C.3.e,Analytical software,Spotfire,N,N
99-1481.86,2.C.3.e,Analytical software,Tableau,Y,Y
99-1481.86,2.C.3.e,Analytical software,QlikView,N,N
99-1482.87,2.C.5,Project management software,Trello,N,N
99-1482.87,2.C.1,Case management software,Meditech Expanse,N,N
99-1482.87,2.C.1,Case management software,eClinicalWorks,N,N
99-1483.88,2.C.3.f,CAD software,Autodesk AutoCAD,N,N
99-1483.88,2.C.3.f,CAD software,SolidWorks,N,N
99-1483.88,2.C.3.f,CAD software,PTC Creo Parametric,N,N
99-1483.88,2.C.3.n,Agricultural software,Farm Works Software,N,N
99-1483.88,2.C.3.n,Agricultural software,Trimble Ag Software,N,N
99-1483.88,2.C.3.n,Agricultural software,AgLeader SMS,N,N
99-1484.89,2.C.3.j,ERP software,Epicor ERP,N,N
99-1484.89,2.C.3.j,ERP software,Microsoft Dynamics 365,N,N
99-1484.89,2.C.3.f,CAD software,SolidWorks,N,N
99-1484.89,2.C.3.f,CAD software,PTC Creo Parametric,N,N
99-1485.90,2.C.3.o,Fleet management software,TMWSuite,N,N
99-1485.90,2.C.5,Routing software,Microsoft Project,N,N
99-1485.90,2.C.5,Routing software,Asana,N,N
99-1485.90,2.C.5,Routing software,Jira,N,Y
99-1486.91,2.C.3.p,CRM software,Microsoft Dynamics CRM,N,N
99-1486.91,2.C.5,Sales software,Trello,N,N
99-1486.91,2.C.5,Sales software,Microsoft Project,N,N
99-1486.91,2.C.5,Sales software,Asana,N,N
99-1487.92,2.C.5,Project management software,Jira,N,Y
99-1487.92,2.C.5,Project management software,Trello,N,N
99-1487.92,2.C.3.q,Office software,Google Workspace,N,N
99-1487.92,2.C.3.q,Office software,LibreOffice,N,N
99-1487.92,2.C.3.q,Office software,Microsoft Office,N,N
99-1488.93,2.C.3.l,Graphics software,Affinity Designer,N,N
99-1488.93,2.C.5,Project management software,Monday.com,N,N
99-1488.93,2.C.5,Project management software,Trello,N,N
99-1489.94,2.C.3.m,Legal research software,CaseMap,N,N
99-1489.94,2.C.3.m,Legal research software,Westlaw,N,N
99-1489.94,2.C.3.m,Legal research software,LexisNexis,N,N
99-1489.94,2.C.5,Project management software,Jira,N,Y
99-1489.94,2.C.5,Project management software,Trello,N,N
99-1489.94,2.C.5,Project management software,Monday.com,N,N
99-1490.95,2.C.3.d,Statistical analysis software,SAS,Y,N
99-1490.95,2.C.3.d,Statistical analysis software,R,N,N
99-1490.95,2.C.3.d,Statistical analysis software,Minitab,N,N
99-1490.95,2.C.3.e,Analytical software,QlikView,N,N
99-1491.96,2.C.5,Project management software,Monday.com,N,N
99-1491.96,2.C.1,Case management software,Cerner,N,N
99-1491.96,2.C.1,Case management software,eClinicalWorks,N,N
99-1492.97,2.C.3.f,CAD software,Autodesk AutoCAD,N,N
99-1492.97,2.C.3.f,CAD software,SolidWorks,N,N
99-1492.97,2.C.3.f,CAD software,Bentley MicroStation,N,N
99-1492.97,2.C.3.n,Agricultural software,AgLeader SMS,N,N
99-1492.97,2.C.3.n,Agricultural software,Farm Works Software,N,N
99-1493.98,2.C.3.j,ERP software,Epicor ERP,N,N
99-1493.98,2.C.3.j,ERP software,Microsoft Dynamics 365,N,N
99-1493.98,2.C.3.f,CAD software,Dassault Systemes CATIA,N,N
99-1494.99,2.C.3.o,Fleet management software,Omnitracs,N,N
99-1494.99,2.C.3.o,Fleet management software,TMWSuite,N,N
99-1494.99,2.C.3.o,Fleet management software,PeopleNet Fleet Manager,N,N
99-1494.99,2.C.5,Routing software,Microsoft Project,N,N
99-1494.99,2.C.5,Routing software,Asana,N,N
99-1494.99,2.C.5,Routing software,Jira,N,Y
99-1495.01,2.C.3.p,CRM software,HubSpot CRM,N,N
99-1495.01,2.C.3.p,CRM software,Zoho CRM,N,N
99-1495.01,2.C.5,Sales software,Trello,N,N
99-1495.01,2.C.5,Sales software,Microsoft Project,N,N
99-1495.01,2.C.5,Sales software,Jira,N,Y
99-1496.02,2.C.5,Project management software,Jira,N,Y
99-1496.02,2.C.5,Project management software,Asana,N,N
99-1496.02,2.C.3.q,Office software,Zoho Office Suite,N,N
99-1496.02,2.C.3.q,Office software,Google Workspace,N,N
99-1497.03,2.C.3.l,Graphics software,Figma,N,N
99-1497.03,2.C.5,Project management software,Monday.com,N,N
99-1497.03,2.C.5,Project management software,Microsoft Project,N,N
99-1498.04,2.C.3.m,Legal research software,Westlaw,N,N
99-1498.04,2.C.5,Project management software,Monday.com,N,N
99-1498.04,2.C.5,Project management software,Asana,N,N
99-1498.04,2.C.5,Project management software,Trello,N,N
99-1499.05,2.C.3.d,Statistical analysis software,SAS,Y,N
99-1499.05,2.C.3.d,Statistical analysis software,R,N,N
99-1499.05,2.C.3.e,Analytical software,QlikView,N,N
99-1500.06,2.C.5,Project management software,Trello,N,N
99-1500.06,2.C.1,Case management software,Meditech Expanse,N,N
99-1500.06,2.C.1,Case management software,Epic Systems,Y,N
99-1500.06,2.C.1,Case management software,Allscripts,N,N
99-1501.07,2.C.3.f,CAD software,SolidWorks,N,N
99-1501.07,2.C.3.f,CAD software,Dassault Systemes CATIA,N,N
99-1501.07,2.C.3.n,Agricultural software,Farm Works Software,N,N
99-1501.07,2.C.3.n,Agricultural software,Trimble Ag Software,N,N
99-1501.07,2.C.3.n,Agricultural software,AgLeader SMS,N,N
99-1502.08,2.C.3.j,ERP software,NetSuite,N,N
99-1502.08,2.C.3.j,ERP software,Microsoft Dynamics 365,N,N
99-1502.08,2.C.3.j,ERP software,Epicor ERP,N,N
99-1502.08,2.C.3.f,CAD software,PTC Creo Parametric,N,N
99-1502.08,2.C.3.f,CAD software,Dassault Systemes CATIA,N,N
99-1503.09,2.C.3.o,Fleet management software,TMWSuite,N,N
99-1503.09,2.C.3.o,Fleet management software,Samsara,N,N
99-1503.09,2.C.5,Routing software,Monday.com,N,N
99-1504.10,2.C.3.p,CRM software,Microsoft Dynamics CRM,N,N
99-1504.10,2.C.5,Sales software,Trello,N,N
99-1504.10,2.C.5,Sales software,Jira,N,Y
99-1504.10,2.C.5,Sales software,Microsoft Project,N,N
99-1505.11,2.C.5,Project management software,Monday.com,N,N
99-1505.11,2.C.3.q,Office software,LibreOffice,N,N
99-1505.11,2.C.3.q,Office software,Microsoft Office,N,N
99-1505.11,2.C.3.q,Office software,Zoho Office Suite,N,N
99-1506.12,2.C.3.l,Graphics software,Affinity Designer,N,N
99-1506.12,2.C.3.l,Graphics software,Adobe Creative Cloud,N,N
99-1506.12,2.C.5,Project management software,Jira,N,Y
99-1506.12,2.C.5,Project management software,Asana,N,N
99-1506.12,2.C.5,Project management software,Microsoft Project,N,N
99-1507.13,2.C.3.m,Legal research software,Thomson Reuters Practical Law,N,N
99-1507.13,2.C.3.m,Legal research software,LexisNexis,N,N
99-1507.13,2.C.3.m,Legal research software,Westlaw,N,N
99-1507.13,2.C.5,Project management software,Microsoft Project,N,N
99-1507.13,2.C.5,Project management software,Monday.com,N,N
99-1507.13,2.C.5,Project management software,Asana,N,N
99-1508.14,2.C.3.d,Statistical analysis software,R,N,N
99-1508.14,2.C.3.d,Statistical analysis software,Minitab,N,N
99-1508.14,2.C.3.e,Analytical software,Microsoft Power BI,Y,Y
99-1509.15,2.C.5,Project management software,Monday.com,N,N
99-1509.15,2.C.5,Project management software,Asana,N,N
99-1509.15,2.C.5,Project management software,Trello,N,N
99-1509.15,2.C.1,Case management software,Epic Systems,Y,N
99-1510.16,2.C.3.f,CAD software,Bentley MicroStation,N,N
99-1510.16,2.C.3.f,CAD software,SolidWorks,N,N
99-1510.16,2.C.3.n,Agricultural software,Trimble Ag Software,N,N
99-1511.17,2.C.3.j,ERP software,NetSuite,N,N
99-1511.17,2.C.3.j,ERP software,Oracle E-Business Suite,N,N
99-1511.17,2.C.3.f,CAD software,Dassault Systemes CATIA,N,N
99-1511.17,2.C.3.f,CAD software,Autodesk AutoCAD,N,N
99-1512.18,2.C.3.o,Fleet management software,Omnitracs,N,N
99-1512.18,2.C.3.o,Fleet management software,Samsara,N,N
99-1512.18,2.C.5,Routing software,Microsoft Project,N,N
99-1512.18,2.C.5,Routing software,Trello,N,N
99-1512.18,2.C.5,Routing software,Monday.com,N,N
99-1513.19,2.C.3.p,CRM software,Zoho CRM,N,N
99-1513.19,2.C.3.p,CRM software,Microsoft Dynamics CRM,N,N
99-1513.19,2.C.5,Sales software,Microsoft Project,N,N
99-1513.19,2.C.5,Sales software,Monday.com,N,N
99-1514.20,2.C.5,Project management software,Asana,N,N
99-1514.20,2.C.3.q,Office software,Google Workspace,N,N
99-1514.20,2.C.3.q,Office software,Microsoft Office,N,N
99-1514.20,2.C.3.q,Office software,LibreOffice,N,N
99-1515.21,2.C.3.l,Graphics software,Figma,N,N
99-1515.21,2.C.3.l,Graphics software,Sketch,N,N
99-1515.21,2.C.3.l,Graphics software,Affinity Designer,N,N
99-1515.21,2.C.5,Project management software,Microsoft Project,N,N
99-1515.21,2.C.5,Project management software,Jira,N,Y
99-1516.22,2.C.3.m,Legal research software,LexisNexis,N,N
99-1516.22,2.C.5,Project management software,Jira,N,Y
99-1516.22,2.C.5,Project management software,Monday.com,N,N
99-1517.23,2.C.3.d,Statistical analysis software,Minitab,N,N
99-1517.23,2.C.3.d,Statistical analysis software,IBM SPSS Statistics,N,N
99-1517.23,2.C.3.e,Analytical software,SAP BusinessObjects,N,N
99-1517.23,2.C.3.e,Analytical software,Tableau,Y,Y
99-1517.23,2.C.3.e,Analytical software,QlikView,N,N
99-1518.24,2.C.5,Project management software,Asana,N,N
99-1518.24,2.C.5,Project management software,Jira,N,Y
99-1518.24,2.C.5,Project management software,Monday.com,N,N
99-1518.24,2.C.1,Case management software,Meditech Expanse,N,N
99-1519.25,2.C.3.f,CAD software,PTC Creo Parametric,N,N
99-1519.25,2.C.3.n,Agricultural software,Farm Works Software,N,N
99-1519.25,2.C.3.n,Agricultural software,Trimble Ag Software,N,N
99-1520.26,2.C.3.j,ERP software,SAP ERP,Y,Y
99-1520.26,2.C.3.j,ERP software,Microsoft Dynamics 365,N,N
99-1520.26,2.C.3.f,CAD software,Autodesk AutoCAD,N,N
99-1520.26,2.C.3.f,CAD software,PTC Creo Parametric,N,N
99-1520.26,2.C.3.f,CAD software,Bentley MicroStation,N,N
99-1521.27,2.C.3.o,Fleet management software,TMWSuite,N,N
99-1521.27,2.C.3.o,Fleet management software,Omnitracs,N,N
99-1521.27,2.C.3.o,Fleet management software,Samsara,N,N
99-1521.27,2.C.5,Routing software,Asana,N,N
99-1521.27,2.C.5,Routing software,Monday.com,N,N
99-1521.27,2.C.5,Routing software,Microsoft Project,N,N
99-1522.28,2.C.3.p,CRM software,Microsoft Dynamics CRM,N,N
99-1522.28,2.C.3.p,CRM software,Zoho CRM,N,N
99-1522.28,2.C.5,Sales software,Trello,N,N
99-1522.28,2.C.5,Sales software,Asana,N,N
99-1523.29,2.C.5,Project management software,Microsoft Project,N,N
99-1523.29,2.C.3.q,Office software,LibreOffice,N,N
99-1523.29,2.C.3.q,Office software,Google Workspace,N,N
99-1524.30,2.C.3.l,Graphics software,Affinity Designer,N,N
99-1524.30,2.C.5,Project management software,Microsoft Project,N,N
99-1524.30,2.C.5,Project management software,Asana,N,N
99-1524.30,2.C.5,Project management software,Jira,N,Y
99-1525.31,2.C.3.m,Legal research software,Thomson Reuters Practical Law,N,N
99-1525.31,2.C.3.m,Legal research software,Westlaw,N,N
99-1525.31,2.C.3.m,Legal research software,LexisNexis,N,N
99-1525.31,2.C.5,Project management software,Monday.com,N,N
99-1525.31,2.C.5,Project management software,Jira,N,Y
99-1526.32,2.C.3.d,Statistical analysis software,Stata,N,N
99-1526.32,2.C.3.d,Statistical analysis software,SAS,Y,N
99-1526.32,2.C.3.e,Analytical software,Spotfire,N,N
99-1526.32,2.C.3.e,Analytical software,QlikView,N,N
99-1526.32,2.C.3.e,Analytical software,Tableau,Y,Y
99-1527.33,2.C.5,Project management software,Trello,N,N
99-1527.33,2.C.1,Case management software,eClinicalWorks,N,N
99-1527.33,2.C.1,Case management software,Allscripts,N,N
99-1528.34,2.C.3.f,CAD software,Autodesk AutoCAD,N,N
99-1528.34,2.C.3.n,Agricultural software,Trimble Ag Software,N,N
99-1528.34,2.C.3.n,Agricultural software,Farm Works Software,N,N
99-1529.35,2.C.3.j,ERP software,NetSuite,N,N
99-1529.35,2.C.3.f,CAD software,PTC Creo Parametric,N,N
99-1529.35,2.C.3.f,CAD software,Bentley MicroStation,N,N
99-1530.36,2.C.3.o,Fleet management software,Samsara,N,N
99-1530.36,2.C.3.o,Fleet management software,Omnitracs,N,N
99-1530.36,2.C.5,Routing software,Trello,N,N
99-1530.36,2.C.5,Routing software,Microsoft Project,N,N
99-1531.37,2.C.3.p,CRM software,Salesforce,Y,Y
99-1531.37,2.C.3.p,CRM software,HubSpot CRM,N,N
99-1531.37,2.C.3.p,CRM software,Microsoft Dynamics CRM,N,N
99-1531.37,2.C.5,Sales software,Monday.com,N,N
99-1531.37,2.C.5,Sales software,Jira,N,Y
99-1532.38,2.C.5,Project management software,Trello,N,N
99-1532.38,2.C.5,Project management software,Asana,N,N
99-1532.38,2.C.5,Project management software,Monday.com,N,N
99-1532.38,2.C.3.q,Office software,Zoho Office Suite,N,N
99-1532.38,2.C.3.q,Office software,Microsoft Office,N,N
99-1533.39,2.C.3.l,Graphics software,Adobe Creative Cloud,N,N
99-1533.39,2.C.3.l,Graphics software,Sketch,N,N
99-1533.39,2.C.5,Project management software,Jira,N,Y
99-1533.39,2.C.5,Project management software,Monday.com,N,N
99-1534.40,2.C.3.m,Legal research software,Thomson Reuters Practical Law,N,N
99-1534.40,2.C.3.m,Legal research software,CaseMap,N,N
99-1534.40,2.C.5,Project management software,Monday.com,N,N
99-1534.40,2.C.5,Project management software,Trello,N,N
99-1534.40,2.C.5,Project management software,Microsoft Project,N,N
99-1535.41,2.C.3.d,Statistical analysis software,IBM SPSS Statistics,N,N
99-1535.41,2.C.3.e,Analytical software,Microsoft Power BI,Y,Y
99-1536.42,2.C.5,Project management software,Asana,N,N
99-1536.42,2.C.1,Case management software,eClinicalWorks,N,N
99-1536.42,2.C.1,Case management software,Cerner,N,N
99-1536.42,2.C.1,Case management software,Meditech Expanse,N,N
99-1537.43,2.C.3.f,CAD software,SolidWorks,N,N
99-1537.43,2.C.3.f,CAD software,PTC Creo Parametric,N,N
99-1537.43,2.C.3.f,CAD software,Autodesk AutoCAD,N,N
99-1537.43,2.C.3.n,Agricultural software,AgLeader SMS,N,N
99-1538.44,2.C.3.j,ERP software,NetSuite,N,N
99-1538.44,2.C.3.j,ERP software,Oracle E-Business Suite,N,N
99-1538.44,2.C.3.j,ERP software,Epicor ERP,N,N
99-1538.44,2.C.3.f,CAD software,Bentley MicroStation,N,N
99-1538.44,2.C.3.f,CAD software,PTC Creo Parametric,N,N
99-1538.44,2.C.3.f,CAD software,SolidWorks,N,N
99-1539.45,2.C.3.o,Fleet management software,PeopleNet Fleet Manager,N,N
99-1539.45,2.C.5,Routing software,Monday.com,N,N
99-1539.45,2.C.5,Routing software,Trello,N,N
99-1539.45,2.C.5,Routing software,Jira,N,Y
99-1540.46,2.C.3.p,CRM software,HubSpot CRM,N,N
99-1540.46,2.C.5,Sales software,Asana,N,N
99-1540.46,2.C.5,Sales software,Trello,N,N
99-1541.47,2.C.5,Project management software,Trello,N,N
99-1541.47,2.C.5,Project management software,Monday.com,N,N
99-1541.47,2.C.5,Project management software,Jira,N,Y
99-1541.47,2.C.3.q,Office software,LibreOffice,N,N
99-1541.47,2.C.3.q,Office software,Zoho Office Suite,N,N
99-1542.48,2.C.3.l,Graphics software,Affinity Designer,N,N
99-1542.48,2.C.3.l,Graphics software,Sketch,N,N
99-1542.48,2.C.5,Project management software,Trello,N,N
99-1542.48,2.C.5,Project management software,Microsoft Project,N,N
99-1542.48,2.C.5,Project management software,Jira,N,Y
99-1543.49,2.C.3.m,Legal research software,CaseMap,N,N
99-1543.49,2.C.3.m,Legal research software,LexisNexis,N,N
99-1543.49,2.C.3.m,Legal research software,Thomson Reuters Practical Law,N,N
99-1543.49,2.C.5,Project management software,Asana,N,N
99-1543.49,2.C.5,Project management software,Monday.com,N,N
99-1543.49,2.C.5,Project management software,Trello,N,N
99-1544.50,2.C.3.d,Statistical analysis software,Stata,N,N
99-1544.50,2.C.3.d,Statistical analysis software,IBM SPSS Statistics,N,N
99-1544.50,2.C.3.e,Analytical software,Spotfire,N,N
99-1545.51,2.C.5,Project management software,Trello,N,N
99-1545.51,2.C.5,Project management software,Jira,N,Y
99-1545.51,2.C.5,Project management software,Microsoft Project,N,N
99-1545.51,2.C.1,Case management software,Cerner,N,N
99-1545.51,2.C.1,Case management software,eClinicalWorks,N,N
99-1546.52,2.C.3.f,CAD software,Autodesk AutoCAD,N,N
99-1546.52,2.C.3.f,CAD software,Dassault Systemes CATIA,N,N
99-1546.52,2.C.3.n,Agricultural software,Trimble Ag Software,N,N
99-1547.53,2.C.3.j,ERP software,Oracle E-Business Suite,N,N
99-1547.53,2.C.3.j,ERP software,NetSuite,N,N
99-1547.53,2.C.3.f,CAD software,Bentley MicroStation,N,N
99-1548.54,2.C.3.o,Fleet management software,Samsara,N,N
99-1548.54,2.C.3.o,Fleet management software,PeopleNet Fleet Manager,N,N
99-1548.54,2.C.5,Routing software,Microsoft Project,N,N
99-1549.55,2.C.3.p,CRM software,Salesforce,Y,Y
99-1549.55,2.C.3.p,CRM software,HubSpot CRM,N,N
99-1549.55,2.C.3.p,CRM software,Microsoft Dynamics CRM,N,N
99-1549.55,2.C.5,Sales software,Microsoft Project,N,N
99-1549.55,2.C.5,Sales software,Trello,N,N
99-1549.55,2.C.5,Sales software,Asana,N,N
99-1550.56,2.C.5,Project management software,Monday.com,N,N
99-1550.56,2.C.3.q,Office software,Microsoft Office,N,N
99-1550.56,2.C.3.q,Office software,Google Workspace,N,N
99-1551.57,2.C.3.l,Graphics software,Figma,N,N
99-1551.57,2.C.5,Project management software,Monday.com,N,N
99-1552.58,2.C.3.m,Legal research software,CaseMap,N,N
99-1552.58,2.C.5,Project management software,Asana,N,N
99-1552.58,2.C.5,Project management software,Trello,N,N
99-1552.58,2.C.5,Project management software,Microsoft Project,N,N
99-1553.59,2.C.3.d,Statistical analysis software,R,N,N
99-1553.59,2.C.3.d,Statistical analysis software,Stata,N,N
99-1553.59,2.C.3.d,Statistical analysis software,SAS,Y,N
99-1553.59,2.C.3.e,Analytical software,QlikView,N,N
99-1553.59,2.C.3.e,Analytical software,Tableau,Y,Y
99-1554.60,2.C.5,Project management software,Trello,N,N
99-1554.60,2.C.5,Project management software,Microsoft Project,N,N
99-1554.60,2.C.1,Case management software,Epic Systems,Y,N
99-1554.60,2.C.1,Case management software,eClinicalWorks,N,N
99-1555.61,2.C.3.f,CAD software,PTC Creo Parametric,N,N
99-1555.61,2.C.3.n,Agricultural software,AgLeader SMS,N,N
99-1555.61,2.C.3.n,Agricultural software,Farm Works Software,N,N
99-1555.61,2.C.3.n,Agricultural software,Trimble Ag Software,N,N
99-1556.62,2.C.3.j,ERP software,Microsoft Dynamics 365,N,N
99-1556.62,2.C.3.j,ERP software,NetSuite,N,N
99-1556.62,2.C.3.j,ERP software,SAP ERP,Y,Y
99-1556.62,2.C.3.f,CAD software,Dassault Systemes CATIA,N,N
99-1556.62,2.C.3.f,CAD software,PTC Creo Parametric,N,N
99-1556.62,2.C.3.f,CAD software,Autodesk AutoCAD,N,N
99-1557.63,2.C.3.o,Fleet management software,PeopleNet Fleet Manager,N,N
99-1557.63,2.C.5,Routing software,Jira,N,Y
99-1558.64,2.C.3.p,CRM software,Microsoft Dynamics CRM,N,N
99-1558.64,2.C.5,Sales software,Jira,N,Y
99-1559.65,2.C.5,Project management software,Microsoft Project,N,N
99-1559.65,2.C.5,Project management software,Jira,N,Y
99-1559.65,2.C.5,Project management software,Monday.com,N,N
99-1559.65,2.C.3.q,Office software,Microsoft Office,N,N
99-1559.65,2.C.3.q,Office software,Zoho Office Suite,N,N
99-1559.65,2.C.3.q,Office software,LibreOffice,N,N
99-1560.66,2.C.3.l,Graphics software,Figma,N,N
99-1560.66,2.C.3.l,Graphics software,Sketch,N,N
99-1560.66,2.C.5,Project management software,Trello,N,N
99-1561.67,2.C.3.m,Legal research software,Thomson Reuters Practical Law,N,N
99-1561.67,2.C.3.m,Legal research software,CaseMap,N,N
99-1561.67,2.C.5,Project management software,Monday.com,N,N
99-1561.67,2.C.5,Project management software,Microsoft Project,N,N
99-1561.67,2.C.5,Project management software,Asana,N,N
99-1562.68,2.C.3.d,Statistical analysis software,Minitab,N,N
99-1562.68,2.C.3.d,Statistical analysis software,R,N,N
99-1562.68,2.C.3.e,Analytical software,Tableau,Y,Y
99-1563.69,2.C.5,Project management software,Microsoft Project,N,N
99-1563.69,2.C.5,Project management software,Asana,N,N
99-1563.69,2.C.5,Project management software,Monday.com,N,N
99-1563.69,2.C.1,Case management software,Allscripts,N,N
99-1564.70,2.C.3.f,CAD software,Dassault Systemes CATIA,N,N
99-1564.70,2.C.3.f,CAD software,Bentley MicroStation,N,N
99-1564.70,2.C.3.f,CAD software,Autodesk AutoCAD,N,N
99-1564.70,2.C.3.n,Agricultural software,Farm Works Software,N,N
99-1564.70,2.C.3.n,Agricultural software,Trimble Ag Software,N,N
99-1565.71,2.C.3.j,ERP software,SAP ERP,Y,Y
99-1565.71,2.C.3.f,CAD software,SolidWorks,N,N
99-1565.71,2.C.3.f,CAD software,Autodesk AutoCAD,N,N
99-1565.71,2.C.3.f,CAD software,Dassault Systemes CATIA,N,N
99-1566.72,2.C.3.o,Fleet management software,PeopleNet Fleet Manager,N,N
99-1566.72,2.C.3.o,Fleet management software,Omnitracs,N,N
99-1566.72,2.C.5,Routing software,Asana,N,N
99-1567.73,2.C.3.p,CRM software,HubSpot CRM,N,N
99-1567.73,2.C.5,Sales software,Monday.com,N,N
99-1567.73,2.C.5,Sales software,Jira,N,Y
99-1568.74,2.C.5,Project management software,Monday.com,N,N
99-1568.74,2.C.5,Project management software,Jira,N,Y
99-1568.74,2.C.5,Project management software,Trello,N,N
99-1568.74,2.C.3.q,Office software,LibreOffice,N,N
99-1569.75,2.C.3.l,Graphics software,Affinity Designer,N,N
99-1569.75,2.C.3.l,Graphics software,CorelDRAW,N,N
99-1569.75,2.C.3.l,Graphics software,Sketch,N,N
99-1569.75,2.C.5,Project management software,Microsoft Project,N,N
99-1569.75,2.C.5,Project management software,Trello,N,N
99-1569.75,2.C.5,Project management software,Monday.com,N,N
99-1570.76,2.C.3.m,Legal research software,CaseMap,N,N
99-1570.76,2.C.3.m,Legal research software,Westlaw,N,N
99-1570.76,2.C.5,Project management software,Microsoft Project,N,N
99-1570.76,2.C.5,Project management software,Asana,N,N
99-1570.76,2.C.5,Project management software,Monday.com,N,N
99-1571.77,2.C.3.d,Statistical analysis software,R,N,N
99-1571.77,2.C.3.e,Analytical software,QlikView,N,N
99-1571.77,2.C.3.e,Analytical software,Spotfire,N,N
99-1571.77,2.C.3.e,Analytical software,Tableau,Y,Y
99-1572.78,2.C.5,Project management software,Microsoft Project,N,N
99-1572.78,2.C.5,Project management software,Asana,N,N
99-1572.78,2.C.5,Project management software,Monday.com,N,N
99-1572.78,2.C.1,Case management software,Epic Systems,Y,N
99-1573.79,2.C.3.f,CAD software,SolidWorks,N,N
99-1573.79,2.C.3.f,CAD software,Autodesk AutoCAD,N,N
99-1573.79,2.C.3.n,Agricultural software,Farm Works Software,N,N
99-1573.79,2.C.3.n,Agricultural software,Trimble Ag Software,N,N
99-1574.80,2.C.3.j,ERP software,Oracle E-Business Suite,N,N
99-1574.80,2.C.3.j,ERP software,Microsoft Dynamics 365,N,N
99-1574.80,2.C.3.f,CAD software,SolidWorks,N,N
99-1575.81,2.C.3.o,Fleet management software,Samsara,N,N
99-1575.81,2.C.3.o,Fleet management software,Omnitracs,N,N
99-1575.81,2.C.3.o,Fleet management software,PeopleNet Fleet Manager,N,N
99-1575.81,2.C.5,Routing software,Asana,N,N
99-1575.81,2.C.5,Routing software,Jira,N,Y
99-1575.81,2.C.5,Routing software,Trello,N,N
99-1576.82,2.C.3.p,CRM software,Salesforce,Y,Y
99-1576.82,2.C.3.p,CRM software,Zoho CRM,N,N
99-1576.82,2.C.5,Sales software,Jira,N,Y
99-1576.82,2.C.5,Sales software,Microsoft Project,N,N
99-1577.83,2.C.5,Project management software,Monday.com,N,N
99-1577.83,2.C.5,Project management software,Jira,N,Y
99-1577.83,2.C.3.q,Office software,Google Workspace,N,N
99-1577.83,2.C.3.q,Office software,Zoho Office Suite,N,N
99-1578.84,2.C.3.l,Graphics software,Affinity Designer,N,N
99-1578.84,2.C.3.l,Graphics software,Adobe Creative Cloud,N,N
99-1578.84,2.C.3.l,Graphics software,Figma,N,N
99-1578.84,2.C.5,Project management software,Jira,N,Y
99-1579.85,2.C.3.m,Legal research software,CaseMap,N,N
99-1579.85,2.C.3.m,Legal research software,Westlaw,N,N
99-1579.85,2.C.3.m,Legal research software,Thomson Reuters Practical Law,N,N
99-1579.85,2.C.5,Project management software,Monday.com,N,N
99-1580.86,2.C.3.d,Statistical analysis software,Minitab,N,N
99-1580.86,2.C.3.d,Statistical analysis software,R,N,N
99-1580.86,2.C.3.e,Analytical software,Spotfire,N,N
99-1580.86,2.C.3.e,Analytical software,Tableau,Y,Y
99-1581.87,2.C.5,Project management software,Microsoft Project,N,N
99-1581.87,2.C.5,Project management software,Monday.com,N,N
99-1581.87,2.C.5,Project management software,Jira,N,Y
99-1581.87,2.C.1,Case management software,eClinicalWorks,N,N
99-1581.87,2.C.1,Case management software,Cerner,N,N
99-1581.87,2.C.1,Case management software,Allscripts,N,N
99-1582.88,2.C.3.f,CAD software,SolidWorks,N,N
99-1582.88,2.C.3.f,CAD software,PTC Creo Parametric,N,N
99-1582.88,2.C.3.f,CAD software,Dassault Systemes CATIA,N,N
99-1582.88,2.C.3.n,Agricultural software,AgLeader SMS,N,N
99-1582.88,2.C.3.n,Agricultural software,Farm Works Software,N,N
99-1583.89,2.C.3.j,ERP software,Microsoft Dynamics 365,N,N
99-1583.89,2.C.3.j,ERP software,SAP ERP,Y,Y
99-1583.89,2.C.3.f,CAD software,Autodesk AutoCAD,N,N
99-1583.89,2.C.3.f,CAD software,Bentley MicroStation,N,N
99-1584.90,2.C.3.o,Fleet management software,Omnitracs,N,N
99-1584.90,2.C.3.o,Fleet management software,PeopleNet Fleet Manager,N,N
99-1584.90,2.C.3.o,Fleet management software,TMWSuite,N,N
99-1584.90,2.C.5,Routing software,Microsoft Project,N,N
99-1584.90,2.C.5,Routing software,Trello,N,N
99-1584.90,2.C.5,Routing software,Monday.com,N,N
99-1585.91,2.C.3.p,CRM software,Microsoft Dynamics CRM,N,N
99-1585.91,2.C.5,Sales software,Microsoft Project,N,N
99-1586.92,2.C.5,Project management software,Jira,N,Y
99-1586.92,2.C.3.q,Office software,Google Workspace,N,N
99-1586.92,2.C.3.q,Office software,LibreOffice,N,N
99-1587.93,2.C.3.l,Graphics software,Figma,N,N
99-1587.93,2.C.5,Project management software,Asana,N,N
99-1587.93,2.C.5,Project management software,Microsoft Project,N,N
99-1587.93,2.C.5,Project management software,Monday.com,N,N
99-1588.94,2.C.3.m,Legal research software,LexisNexis,N,N
99-1588.94,2.C.3.m,Legal research software,Westlaw,N,N
99-1588.94,2.C.3.m,Legal research software,CaseMap,N,N
99-1588.94,2.C.5,Project management software,Jira,N,Y
99-1588.94,2.C.5,Project management software,Monday.com,N,N
99-1588.94,2.C.5,Project management software,Microsoft Project,N,N
99-1589.95,2.C.3.d,Statistical analysis software,R,N,N
99-1589.95,2.C.3.d,Statistical analysis software,SAS,Y,N
99-1589.95,2.C.3.d,Statistical analysis software,Stata,N,N
99-1589.95,2.C.3.e,Analytical software,Spotfire,N,N
99-1589.95,2.C.3.e,Analytical software,QlikView,N,N
99-1590.96,2.C.5,Project management software,Asana,N,N
99-1590.96,2.C.1,Case management software,Meditech Expanse,N,N
99-1590.96,2.C.1,Case management software,Epic Systems,Y,N
99-1590.96,2.C.1,Case management software,Cerner,N,N
99-1591.97,2.C.3.f,CAD software,PTC Creo Parametric,N,N
99-1591.97,2.C.3.n,Agricultural software,Farm Works Software,N,N
99-1591.97,2.C.3.n,Agricultural software,Trimble Ag Software,N,N
99-1591.97,2.C.3.n,Agricultural software,AgLeader SMS,N,N
99-1592.98,2.C.3.j,ERP software,Microsoft Dynamics 365,N,N
99-1592.98,2.C.3.f,CAD software,Bentley MicroStation,N,N
99-1593.99,2.C.3.o,Fleet management software,TMWSuite,N,N
99-1593.99,2.C.3.o,Fleet management software,Samsara,N,N
99-1593.99,2.C.3.o,Fleet management software,Omnitracs,N,N
99-1593.99,2.C.5,Routing software,Asana,N,N
99-1594.01,2.C.3.p,CRM software,Zoho CRM,N,N
99-1594.01,2.C.3.p,CRM software,Microsoft Dynamics CRM,N,N
99-1594.01,2.C.3.p,CRM software,Salesforce,Y,Y
99-1594.01,2.C.5,Sales software,Jira,N,Y
99-1594.01,2.C.5,Sales software,Trello,N,N
99-1594.01,2.C.5,Sales software,Monday.com,N,N
99-1595.02,2.C.5,Project management software,Jira,N,Y
99-1595.02,2.C.3.q,Office software,Zoho Office Suite,N,N
99-1595.02,2.C.3.q,Office software,Google Workspace,N,N
99-1595.02,2.C.3.q,Office software,Microsoft Office,N,N
99-1596.03,2.C.3.l,Graphics software,Affinity Designer,N,N
99-1596.03,2.C.3.l,Graphics software,Adobe Creative Cloud,N,N
99-1596.03,2.C.5,Project management software,Jira,N,Y
99-1597.04,2.C.3.m,Legal research software,CaseMap,N,N
99-1597.04,2.C.3.m,Legal research software,Thomson Reuters Practical Law,N,N
99-1597.04,2.C.3.m,Legal research software,LexisNexis,N,N
99-1597.04,2.C.5,Project management software,Asana,N,N
99-1597.04,2.C.5,Project management software,Monday.com,N,N
99-1597.04,2.C.5,Project management software,Microsoft Project,N,N
99-1598.05,2.C.3.d,Statistical analysis software,Minitab,N,N
99-1598.05,2.C.3.d,Statistical analysis software,IBM SPSS Statistics,N,N
99-1598.05,2.C.3.d,Statistical analysis software,R,N,N
99-1598.05,2.C.3.e,Analytical software,Tableau,Y,Y
99-1598.05,2.C.3.e,Analytical software,Spotfire,N,N
99-1599.06,2.C.5,Project management software,Asana,N,N
99-1599.06,2.C.5,Project management software,Monday.com,N,N
99-1599.06,2.C.5,Project management software,Trello,N,N
99-1599.06,2.C.1,Case management software,Allscripts,N,N
99-1599.06,2.C.1,Case management software,Cerner,N,N
99-1599.06,2.C.1,Case management software,eClinicalWorks,N,N
99-1600.07,2.C.3.f,CAD software,PTC Creo Parametric,N,N
99-1600.07,2.C.3.f,CAD software,Dassault Systemes CATIA,N,N
99-1600.07,2.C.3.n,Agricultural software,AgLeader SMS,N,N
99-1600.07,2.C.3.n,Agricultural software,Farm Works Software,N,N
99-1601.08,2.C.3.j,ERP software,Epicor ERP,N,N
99-1601.08,2.C.3.j,ERP software,NetSuite,N,N
99-1601.08,2.C.3.f,CAD software,Autodesk AutoCAD,N,N
99-1601.08,2.C.3.f,CAD software,Bentley MicroStation,N,N
99-1601.08,2.C.3.f,CAD software,PTC Creo Parametric,N,N
99-1602.09,2.C.3.o,Fleet management software,Samsara,N,N
99-1602.09,2.C.5,Routing software,Asana,N,N
99-1602.09,2.C.5,Routing software,Monday.com,N,N
99-1603.10,2.C.3.p,CRM software,HubSpot CRM,N,N
99-1603.10,2.C.3.p,CRM software,Zoho CRM,N,N
99-1603.10,2.C.3.p,CRM software,Salesforce,Y,Y
99-1603.10,2.C.5,Sales software,Asana,N,N
99-1603.10,2.C.5,Sales software,Jira,N,Y
99-1604.11,2.C.5,Project management software,Asana,N,N
99-1604.11,2.C.5,Project management software,Microsoft Project,N,N
99-1604.11,2.C.5,Project management software,Monday.com,N,N
99-1604.11,2.C.3.q,Office software,Google Workspace,N,N
99-1605.12,2.C.3.l,Graphics software,Affinity Designer,N,N
99-1605.12,2.C.3.l,Graphics software,Sketch,N,N
99-1605.12,2.C.5,Project management software,Microsoft Project,N,N
99-1605.12,2.C.5,Project management software,Jira,N,Y
99-1606.13,2.C.3.m,Legal research software,LexisNexis,N,N
99-1606.13,2.C.3.m,Legal research software,Thomson Reuters Practical Law,N,N
99-1606.13,2.C.5,Project management software,Trello,N,N
99-1606.13,2.C.5,Project management software,Microsoft Project,N,N
99-1606.13,2.C.5,Project management software,Asana,N,N
99-1607.14,2.C.3.d,Statistical analysis software,Minitab,N,N
99-1607.14,2.C.3.e,Analytical software,Tableau,Y,Y
99-1607.14,2.C.3.e,Analytical software,Spotfire,N,N
99-1607.14,2.C.3.e,Analytical software,SAP BusinessObjects,N,N
99-1608.15,2.C.5,Project management software,Asana,N,N
99-1608.15,2.C.5,Project management software,Trello,N,N
99-1608.15,2.C.5,Project management software,Jira,N,Y
99-1608.15,2.C.1,Case management software,Cerner,N,N
99-1609.16,2.C.3.f,CAD software,PTC Creo Parametric,N,N
99-1609.16,2.C.3.n,Agricultural software,Farm Works Software,N,N
99-1609.16,2.C.3.n,Agricultural software,Trimble Ag Software,N,N
99-1610.17,2.C.3.j,ERP software,Epicor ERP,N,N
99-1610.17,2.C.3.j,ERP software,Oracle E-Business Suite,N,N
99-1610.17,2.C.3.f,CAD software,SolidWorks,N,N
99-1610.17,2.C.3.f,CAD software,Dassault Systemes CATIA,N,N
99-1611.18,2.C.3.o,Fleet management software,PeopleNet Fleet Manager,N,N
99-1611.18,2.C.3.o,Fleet management software,Samsara,N,N
99-1611.18,2.C.5,Routing software,Monday.com,N,N
99-1611.18,2.C.5,Routing software,Trello,N,N
99-1611.18,2.C.5,Routing software,Microsoft Project,N,N
99-1612.19,2.C.3.p,CRM software,Zoho CRM,N,N
99-1612.19,2.C.5,Sales software,Trello,N,N
99-1613.20,2.C.5,Project management software,Asana,N,N
99-1613.20,2.C.5,Project management software,Jira,N,Y
99-1613.20,2.C.3.q,Office software,LibreOffice,N,N
99-1613.20,2.C.3.q,Office software,Microsoft Office,N,N
99-1613.20,2.C.3.q,Office software,Zoho Office Suite,N,N
99-1614.21,2.C.3.l,Graphics software,Adobe Creative Cloud,N,N
99-1614.21,2.C.3.l,Graphics software,Sketch,N,N
99-1614.21,2.C.5,Project management software,Monday.com,N,N
99-1614.21,2.C.5,Project management software,Jira,N,Y
99-1615.22,2.C.3.m,Legal research software,LexisNexis,N,N
99-1615.22,2.C.5,Project management software,Jira,N,Y
99-1615.22,2.C.5,Project management software,Monday.com,N,N
99-1616.23,2.C.3.d,Statistical analysis software,Minitab,N,N
99-1616.23,2.C.3.e,Analytical software,Tableau,Y,Y
99-1616.23,2.C.3.e,Analytical software,Microsoft Power BI,Y,Y
99-1617.24,2.C.5,Project management software,Trello,N,N
99-1617.24,2.C.5,Project management software,Microsoft Project,N,N
99-1617.24,2.C.5,Project management software,Asana,N,N
99-1617.24,2.C.1,Case management software,Cerner,N,N
99-1617.24,2.C.1,Case management software,eClinicalWorks,N,N
99-1618.25,2.C.3.f,CAD software,Bentley MicroStation,N,N
99-1618.25,2.C.3.f,CAD software,Autodesk AutoCAD,N,N
99-1618.25,2.C.3.n,Agricultural software,AgLeader SMS,N,N
99-1619.26,2.C.3.j,ERP software,NetSuite,N,N
99-1619.26,2.C.3.j,ERP software,Microsoft Dynamics 365,N,N
99-1619.26,2.C.3.f,CAD software,Autodesk AutoCAD,N,N
99-1619.26,2.C.3.f,CAD software,Bentley MicroStation,N,N
99-1620.27,2.C.3.o,Fleet management software,Samsara,N,N
99-1620.27,2.C.5,Routing software,Trello,N,N
99-1620.27,2.C.5,Routing software,Jira,N,Y
99-1621.28,2.C.3.p,CRM software,Zoho CRM,N,N
99-1621.28,2.C.3.p,CRM software,HubSpot CRM,N,N
99-1621.28,2.C.3.p,CRM software,Salesforce,Y,Y
99-1621.28,2.C.5,Sales software,Trello,N,N
99-1622.29,2.C.5,Project management software,Microsoft Project,N,N
99-1622.29,2.C.3.q,Office software,Zoho Office Suite,N,N
99-1622.29,2.C.3.q,Office software,Google Workspace,N,N
99-1623.30,2.C.3.l,Graphics software,Sketch,N,N
99-1623.30,2.C.3.l,Graphics software,Figma,N,N
99-1623.30,2.C.3.l,Graphics software,Adobe Creative Cloud,N,N
99-1623.30,2.C.5,Project management software,Jira,N,Y
99-1623.30,2.C.5,Project management software,Monday.com,N,N
99-1623.30,2.C.5,Project management software,Asana,N,N
99-1624.31,2.C.3.m,Legal research software,Thomson Reuters Practical Law,N,N
99-1624.31,2.C.3.m,Legal research software,LexisNexis,N,N
99-1624.31,2.C.3.m,Legal research software,Westlaw,N,N
99-1624.31,2.C.5,Project management software,Jira,N,Y
99-1625.32,2.C.3.d,Statistical analysis software,IBM SPSS Statistics,N,N
99-1625.32,2.C.3.d,Statistical analysis software,Stata,N,N
99-1625.32,2.C.3.d,Statistical analysis software,SAS,Y,N
99-1625.32,2.C.3.e,Analytical software,Spotfire,N,N
99-1625.32,2.C.3.e,Analytical software,SAP BusinessObjects,N,N
99-1626.33,2.C.5,Project management software,Trello,N,N
99-1626.33,2.C.1,Case management software,Meditech Expanse,N,N
99-1626.33,2.C.1,Case management software,eClinicalWorks,N,N
99-1627.34,2.C.3.f,CAD software,PTC Creo Parametric,N,N
99-1627.34,2.C.3.n,Agricultural software,AgLeader SMS,N,N
99-1627.34,2.C.3.n,Agricultural software,Trimble Ag Software,N,N
99-1628.35,2.C.3.j,ERP software,SAP ERP,Y,Y
99-1628.35,2.C.3.j,ERP software,Oracle E-Business Suite,N,N
99-1628.35,2.C.3.j,ERP software,NetSuite,N,N
99-1628.35,2.C.3.f,CAD software,PTC Creo Parametric,N,N
99-1628.35,2.C.3.f,CAD software,Dassault Systemes CATIA,N,N
99-1628.35,2.C.3.f,CAD software,Bentley MicroStation,N,N
99-1629.36,2.C.3.o,Fleet management software,Samsara,N,N
99-1629.36,2.C.3.o,Fleet management software,TMWSuite,N,N
99-1629.36,2.C.5,Routing software,Trello,N,N
99-1630.37,2.C.3.p,CRM software,Salesforce,Y,Y
99-1630.37,2.C.3.p,CRM software,Microsoft Dynamics CRM,N,N
99-1630.37,2.C.5,Sales software,Microsoft Project,N,N
99-1630.37,2.C.5,Sales software,Trello,N,N
99-1631.38,2.C.5,Project management software,Trello,N,N
99-1631.38,2.C.5,Project management software,Monday.com,N,N
99-1631.38,2.C.5,Project management software,Asana,N,N
99-1631.38,2.C.3.q,Office software,LibreOffice,N,N
99-1631.38,2.C.3.q,Office software,Zoho Office Suite,N,N
99-1631.38,2.C.3.q,Office software,Microsoft Office,N,N
99-1632.39,2.C.3.l,Graphics software,CorelDRAW,N,N
99-1632.39,2.C.3.l,Graphics software,Adobe Creative Cloud,N,N
99-1632.39,2.C.3.l,Graphics software,Affinity Designer,N,N
99-1632.39,2.C.5,Project management software,Monday.com,N,N
99-1632.39,2.C.5,Project management software,Microsoft Project,N,N
99-1633.40,2.C.3.m,Legal research software,Thomson Reuters Practical Law,N,N
99-1633.40,2.C.5,Project management software,Jira,N,Y
99-1633.40,2.C.5,Project management software,Microsoft Project,N,N
99-1633.40,2.C.5,Project management software,Monday.com,N,N
99-1634.41,2.C.3.d,Statistical analysis software,IBM SPSS Statistics,N,N
99-1634.41,2.C.3.d,Statistical analysis software,Stata,N,N
99-1634.41,2.C.3.d,Statistical analysis software,R,N,N
99-1634.41,2.C.3.e,Analytical software,Spotfire,N,N
99-1634.41,2.C.3.e,Analytical software,QlikView,N,N
99-1635.42,2.C.5,Project management software,Asana,N,N
99-1635.42,2.C.1,Case management software,Meditech Expanse,N,N
99-1635.42,2.C.1,Case management software,Epic Systems,Y,N
99-1636.43,2.C.3.f,CAD software,Bentley MicroStation,N,N
99-1636.43,2.C.3.f,CAD software,SolidWorks,N,N
99-1636.43,2.C.3.n,Agricultural software,AgLeader SMS,N,N
99-1636.43,2.C.3.n,Agricultural software,Farm Works Software,N,N
99-1637.44,2.C.3.j,ERP software,Oracle E-Business Suite,N,N
99-1637.44,2.C.3.f,CAD software,Bentley MicroStation,N,N
99-1638.45,2.C.3.o,Fleet management software,Omnitracs,N,N
99-1638.45,2.C.3.o,Fleet management software,Samsara,N,N
99-1638.45,2.C.5,Routing software,Monday.com,N,N
99-1638.45,2.C.5,Routing software,Jira,N,Y
99-1639.46,2.C.3.p,CRM software,Zoho CRM,N,N
99-1639.46,2.C.3.p,CRM software,HubSpot CRM,N,N
99-1639.46,2.C.3.p,CRM software,Salesforce,Y,Y
99-1639.46,2.C.5,Sales software,Microsoft Project,N,N
99-1639.46,2.C.5,Sales software,Monday.com,N,N
99-1640.47,2.C.5,Project management software,Monday.com,N,N
99-1640.47,2.C.5,Project management software,Asana,N,N
99-1640.47,2.C.3.q,Office software,Zoho Office Suite,N,N
99-1640.47,2.C.3.q,Office software,Microsoft Office,N,N
99-1640.47,2.C.3.q,Office software,LibreOffice,N,N
99-1641.48,2.C.3.l,Graphics software,CorelDRAW,N,N
99-1641.48,2.C.5,Project management software,Monday.com,N,N
99-1642.49,2.C.3.m,Legal research software,CaseMap,N,N
99-1642.49,2.C.5,Project management software,Trello,N,N
99-1642.49,2.C.5,Project management software,Jira,N,Y
99-1643.50,2.C.3.d,Statistical analysis software,Stata,N,N
99-1643.50,2.C.3.d,Statistical analysis software,R,N,N
99-1643.50,2.C.3.e,Analytical software,Spotfire,N,N
99-1643.50,2.C.3.e,Analytical software,QlikView,N,N
99-1644.51,2.C.5,Project management software,Asana,N,N
99-1644.51,2.C.5,Project management software,Microsoft Project,N,N
99-1644.51,2.C.5,Project management software,Monday.com,N,N
99-1644.51,2.C.1,Case management software,Meditech Expanse,N,N
99-1645.52,2.C.3.f,CAD software,Dassault Systemes CATIA,N,N
99-1645.52,2.C.3.f,CAD software,PTC Creo Parametric,N,N
99-1645.52,2.C.3.n,Agricultural software,Farm Works Software,N,N
99-1646.53,2.C.3.j,ERP software,NetSuite,N,N
99-1646.53,2.C.3.j,ERP software,Oracle E-Business Suite,N,N
99-1646.53,2.C.3.f,CAD software,SolidWorks,N,N
99-1647.54,2.C.3.o,Fleet management software,TMWSuite,N,N
99-1647.54,2.C.3.o,Fleet management software,PeopleNet Fleet Manager,N,N
99-1647.54,2.C.3.o,Fleet management software,Samsara,N,N
99-1647.54,2.C.5,Routing software,Trello,N,N
99-1648.55,2.C.3.p,CRM software,HubSpot CRM,N,N
99-1648.55,2.C.3.p,CRM software,Microsoft Dynamics CRM,N,N
99-1648.55,2.C.5,Sales software,Monday.com,N,N
99-1648.55,2.C.5,Sales software,Jira,N,Y
99-1649.56,2.C.5,Project management software,Asana,N,N
99-1649.56,2.C.5,Project management software,Jira,N,Y
99-1649.56,2.C.3.q,Office software,Microsoft Office,N,N
99-1649.56,2.C.3.q,Office software,LibreOffice,N,N
99-1649.56,2.C.3.q,Office software,Google Workspace,N,N
99-1650.57,2.C.3.l,Graphics software,Figma,N,N
99-1650.57,2.C.3.l,Graphics software,Adobe Creative Cloud,N,N
99-1650.57,2.C.3.l,Graphics software,Sketch,N,N
99-1650.57,2.C.5,Project management software,Asana,N,N
99-1650.57,2.C.5,Project management software,Microsoft Project,N,N
99-1650.57,2.C.5,Project management software,Monday.com,N,N
99-1651.58,2.C.3.m,Legal research software,Thomson Reuters Practical Law,N,N
99-1651.58,2.C.3.m,Legal research software,LexisNexis,N,N
99-1651.58,2.C.5,Project management software,Trello,N,N
99-1652.59,2.C.3.d,Statistical analysis software,Stata,N,N
99-1652.59,2.C.3.e,Analytical software,Microsoft Power BI,Y,Y
99-1652.59,2.C.3.e,Analytical software,QlikView,N,N
99-1652.59,2.C.3.e,Analytical software,SAP BusinessObjects,N,N
99-1653.60,2.C.5,Project management software,Monday.com,N,N
99-1653.60,2.C.5,Project management software,Microsoft Project,N,N
99-1653.60,2.C.1,Case management software,eClinicalWorks,N,N
99-1654.61,2.C.3.f,CAD software,Bentley MicroStation,N,N
99-1654.61,2.C.3.n,Agricultural software,Farm Works Software,N,N
99-1654.61,2.C.3.n,Agricultural software,AgLeader SMS,N,N
99-1654.61,2.C.3.n,Agricultural software,Trimble Ag Software,N,N
99-1655.62,2.C.3.j,ERP software,Microsoft Dynamics 365,N,N
99-1655.62,2.C.3.j,ERP software,Epicor ERP,N,N
99-1655.62,2.C.3.j,ERP software,NetSuite,N,N
99-1655.62,2.C.3.f,CAD software,PTC Creo Parametric,N,N
99-1655.62,2.C.3.f,CAD software,Dassault Systemes CATIA,N,N
99-1655.62,2.C.3.f,CAD software,Autodesk AutoCAD,N,N
99-1656.63,2.C.3.o,Fleet management software,TMWSuite,N,N
99-1656.63,2.C.5,Routing software,Monday.com,N,N
99-1656.63,2.C.5,Routing software,Microsoft Project,N,N
99-1657.64,2.C.3.p,CRM software,HubSpot CRM,N,N
99-1657.64,2.C.3.p,CRM software,Microsoft Dynamics CRM,N,N
99-1657.64,2.C.3.p,CRM software,Salesforce,Y,Y
99-1657.64,2.C.5,Sales software,Jira,N,Y
99-1657.64,2.C.5,Sales software,Asana,N,N
99-1658.65,2.C.5,Project management software,Jira,N,Y
99-1658.65,2.C.5,Project management software,Asana,N,N
99-1658.65,2.C.3.q,Office software,Microsoft Office,N,N
99-1658.65,2.C.3.q,Office software,LibreOffice,N,N
99-1659.66,2.C.3.l,Graphics software,Adobe Creative Cloud,N,N
99-1659.66,2.C.3.l,Graphics software,Affinity Designer,N,N
99-1659.66,2.C.5,Project management software,Monday.com,N,N
99-1660.67,2.C.3.m,Legal research software,Westlaw,N,N
99-1660.67,2.C.3.m,Legal research software,CaseMap,N,N
99-1660.67,2.C.3.m,Legal research software,Thomson Reuters Practical Law,N,N
99-1660.67,2.C.5,Project management software,Asana,N,N
99-1661.68,2.C.3.d,Statistical analysis software,R,N,N
99-1661.68,2.C.3.d,Statistical analysis software,Minitab,N,N
99-1661.68,2.C.3.d,Statistical analysis software,Stata,N,N
99-1661.68,2.C.3.e,Analytical software,SAP BusinessObjects,N,N
99-1662.69,2.C.5,Project management software,Asana,N,N
99-1662.69,2.C.5,Project management software,Monday.com,N,N
99-1662.69,2.C.5,Project management software,Microsoft Project,N,N
99-1662.69,2.C.1,Case management software,Cerner,N,N
99-1663.70,2.C.3.f,CAD software,Bentley MicroStation,N,N
99-1663.70,2.C.3.f,CAD software,Dassault Systemes CATIA,N,N
99-1663.70,2.C.3.f,CAD software,SolidWorks,N,N
99-1663.70,2.C.3.n,Agricultural software,AgLeader SMS,N,N
99-1663.70,2.C.3.n,Agricultural software,Farm Works Software,N,N
99-1664.71,2.C.3.j,ERP software,SAP ERP,Y,Y
99-1664.71,2.C.3.f,CAD software,Dassault Systemes CATIA,N,N
99-1664.71,2.C.3.f,CAD software,PTC Creo Parametric,N,N
99-1664.71,2.C.3.f,CAD software,SolidWorks,N,N
99-1665.72,2.C.3.o,Fleet management software,PeopleNet Fleet Manager,N,N
99-1665.72,2.C.3.o,Fleet management software,Samsara,N,N
99-1665.72,2.C.5,Routing software,Microsoft Project,N,N
99-1665.72,2.C.5,Routing software,Trello,N,N
99-1665.72,2.C.5,Routing software,Monday.com,N,N
99-1666.73,2.C.3.p,CRM software,Microsoft Dynamics CRM,N,N
99-1666.73,2.C.3.p,CRM software,Zoho CRM,N,N
99-1666.73,2.C.5,Sales software,Microsoft Project,N,N
99-1666.73,2.C.5,Sales software,Monday.com,N,N
99-1666.73,2.C.5,Sales software,Jira,N,Y
99-1667.74,2.C.5,Project management software,Trello,N,N
99-1667.74,2.C.3.q,Office software,Microsoft Office,N,N
99-1668.75,2.C.3.l,Graphics software,Affinity Designer,N,N
99-1668.75,2.C.5,Project management software,Jira,N,Y
99-1669.76,2.C.3.m,Legal research software,CaseMap,N,N
99-1669.76,2.C.3.m,Legal research software,LexisNexis,N,N
99-1669.76,2.C.5,Project management software,Jira,N,Y
99-1669.76,2.C.5,Project management software,Asana,N,N
99-1670.77,2.C.3.d,Statistical analysis software,R,N,N
99-1670.77,2.C.3.e,Analytical software,Tableau,Y,Y
99-1670.77,2.C.3.e,Analytical software,Microsoft Power BI,Y,Y
99-1670.77,2.C.3.e,Analytical software,SAP BusinessObjects,N,N
99-1671.78,2.C.5,Project management software,Microsoft Project,N,N
99-1671.78,2.C.1,Case management software,Epic Systems,Y,N
99-1671.78,2.C.1,Case management software,Meditech Expanse,N,N
99-1671.78,2.C.1,Case management software,Cerner,N,N
99-1672.79,2.C.3.f,CAD software,SolidWorks,N,N
99-1672.79,2.C.3.f,CAD software,PTC Creo Parametric,N,N
99-1672.79,2.C.3.f,CAD software,Bentley MicroStation,N,N
99-1672.79,2.C.3.n,Agricultural software,Trimble Ag Software,N,N
99-1672.79,2.C.3.n,Agricultural software,Farm Works Software,N,N
99-1673.80,2.C.3.j,ERP software,NetSuite,N,N
99-1673.80,2.C.3.j,ERP software,Epicor ERP,N,N
99-1673.80,2.C.3.f,CAD software,PTC Creo Parametric,N,N
99-1673.80,2.C.3.f,CAD software,Bentley MicroStation,N,N
99-1673.80,2.C.3.f,CAD software,Dassault Systemes CATIA,N,N
99-1674.81,2.C.3.o,Fleet management software,Omnitracs,N,N
99-1674.81,2.C.3.o,Fleet management software,Samsara,N,N
99-1674.81,2.C.5,Routing software,Trello,N,N
99-1675.82,2.C.3.p,CRM software,Microsoft Dynamics CRM,N,N
99-1675.82,2.C.3.p,CRM software,HubSpot CRM,N,N
99-1675.82,2.C.3.p,CRM software,Zoho CRM,N,N
99-1675.82,2.C.5,Sales software,Microsoft Project,N,N
99-1675.82,2.C.5,Sales software,Monday.com,N,N
99-1676.83,2.C.5,Project management software,Trello,N,N
99-1676.83,2.C.3.q,Office software,Zoho Office Suite,N,N
99-1677.84,2.C.3.l,Graphics software,Sketch,N,N
99-1677.84,2.C.5,Project management software,Trello,N,N
99-1677.84,2.C.5,Project management software,Asana,N,N
99-1678.85,2.C.3.m,Legal research software,CaseMap,N,N
99-1678.85,2.C.3.m,Legal research software,Thomson Reuters Practical Law,N,N
99-1678.85,2.C.5,Project management software,Asana,N,N
99-1679.86,2.C.3.d,Statistical analysis software,Minitab,N,N
99-1679.86,2.C.3.d,Statistical analysis software,IBM SPSS Statistics,N,N
99-1679.86,2.C.3.d,Statistical analysis software,R,N,N
99-1679.86,2.C.3.e,Analytical software,Spotfire,N,N
99-1680.87,2.C.5,Project management software,Microsoft Project,N,N
99-1680.87,2.C.5,Project management software,Asana,N,N
99-1680.87,2.C.1,Case management software,Allscripts,N,N
99-1681.88,2.C.3.f,CAD software,PTC Creo Parametric,N,N
99-1681.88,2.C.3.f,CAD software,Bentley MicroStation,N,N
99-1681.88,2.C.3.f,CAD software,Dassault Systemes CATIA,N,N
99-1681.88,2.C.3.n,Agricultural software,Trimble Ag Software,N,N
99-1681.88,2.C.3.n,Agricultural software,AgLeader SMS,N,N
99-1681.88,2.C.3.n,Agricultural software,Farm Works Software,N,N
99-1682.89,2.C.3.j,ERP software,Oracle E-Business Suite,N,N
99-1682.89,2.C.3.j,ERP software,Microsoft Dynamics 365,N,N
99-1682.89,2.C.3.f,CAD software,Dassault Systemes CATIA,N,N
99-1682.89,2.C.3.f,CAD software,SolidWorks,N,N
99-1682.89,2.C.3.f,CAD software,PTC Creo Parametric,N,N
99-1683.90,2.C.3.o,Fleet management software,Omnitracs,N,N
99-1683.90,2.C.5,Routing software,Trello,N,N
99-1684.91,2.C.3.p,CRM software,HubSpot CRM,N,N
99-1684.91,2.C.5,Sales software,Trello,N,N
99-1684.91,2.C.5,Sales software,Asana,N,N
99-1685.92,2.C.5,Project management software,Monday.com,N,N
99-1685.92,2.C.3.q,Office software,Zoho Office Suite,N,N
99-1685.92,2.C.3.q,Office software,Google Workspace,N,N
99-1685.92,2.C.3.q,Office software,LibreOffice,N,N
99-1686.93,2.C.3.l,Graphics software,Affinity Designer,N,N
99-1686.93,2.C.3.l,Graphics software,CorelDRAW,N,N
99-1686.93,2.C.5,Project management software,Monday.com,N,N
99-1686.93,2.C.5,Project management software,Asana,N,N
99-1686.93,2.C.5,Project management software,Microsoft Project,N,N
99-1687.94,2.C.3.m,Legal research software,CaseMap,N,N
99-1687.94,2.C.5,Project management software,Trello,N,N
99-1687.94,2.C.5,Project management software,Jira,N,Y
99-1687.94,2.C.5,Project management software,Monday.com,N,N
99-1688.95,2.C.3.d,Statistical analysis software,Minitab,N,N
99-1688.95,2.C.3.e,Analytical software,QlikView,N,N
99-1688.95,2.C.3.e,Analytical software,Spotfire,N,N
99-1688.95,2.C.3.e,Analytical software,SAP BusinessObjects,N,N
99-1689.96,2.C.5,Project management software,Jira,N,Y
99-1689.96,2.C.5,Project management software,Monday.com,N,N
99-1689.96,2.C.1,Case management software,Epic Systems,Y,N
99-1690.97,2.C.3.f,CAD software,PTC Creo Parametric,N,N
99-1690.97,2.C.3.f,CAD software,SolidWorks,N,N
99-1690.97,2.C.3.f,CAD software,Bentley MicroStation,N,N
99-1690.97,2.C.3.n,Agricultural software,AgLeader SMS,N,N
99-1690.97,2.C.3.n,Agricultural software,Farm Works Software,N,N
99-1690.97,2.C.3.n,Agricultural software,Trimble Ag Software,N,N
99-1691.98,2.C.3.j,ERP software,Epicor ERP,N,N
99-1691.98,2.C.3.j,ERP software,SAP ERP,Y,Y
99-1691.98,2.C.3.f,CAD software,SolidWorks,N,N
99-1692.99,2.C.3.o,Fleet management software,PeopleNet Fleet Manager,N,N
99-1692.99,2.C.3.o,Fleet management software,TMWSuite,N,N
99-1692.99,2.C.3.o,Fleet management software,Samsara,N,N
99-1692.99,2.C.5,Routing software,Jira,N,Y
99-1692.99,2.C.5,Routing software,Trello,N,N
99-1693.01,2.C.3.p,CRM software,Salesforce,Y,Y
99-1693.01,2.C.3.p,CRM software,Zoho CRM,N,N
99-1693.01,2.C.3.p,CRM software,Microsoft Dynamics CRM,N,N
99-1693.01,2.C.5,Sales software,Monday.com,N,N
99-1693.01,2.C.5,Sales software,Jira,N,Y
99-1693.01,2.C.5,Sales software,Trello,N,N
99-1694.02,2.C.5,Project management software,Monday.com,N,N
99-1694.02,2.C.5,Project management software,Microsoft Project,N,N
99-1694.02,2.C.5,Project management software,Jira,N,Y
99-1694.02,2.C.3.q,Office software,Microsoft Office,N,N
99-1695.03,2.C.3.l,Graphics software,Sketch,N,N
99-1695.03,2.C.5,Project management software,Jira,N,Y
99-1695.03,2.C.5,Project management software,Asana,N,N
99-1695.03,2.C.5,Project management software,Trello,N,N
99-1696.04,2.C.3.m,Legal research software,Thomson Reuters Practical Law,N,N
99-1696.04,2.C.3.m,Legal research software,CaseMap,N,N
99-1696.04,2.C.5,Project management software,Asana,N,N
99-1696.04,2.C.5,Project management software,Trello,N,N
99-1697.05,2.C.3.d,Statistical analysis software,Minitab,N,N
99-1697.05,2.C.3.d,Statistical analysis software,R,N,N
99-1697.05,2.C.3.d,Statistical analysis software,Stata,N,N
99-1697.05,2.C.3.e,Analytical software,Tableau,Y,Y
99-1697.05,2.C.3.e,Analytical software,Spotfire,N,N
99-1698.06,2.C.5,Project management software,Monday.com,N,N
99-1698.06,2.C.5,Project management software,Asana,N,N
99-1698.06,2.C.1,Case management software,Epic Systems,Y,N
99-1698.06,2.C.1,Case management software,Allscripts,N,N
99-1699.07,2.C.3.f,CAD software,Autodesk AutoCAD,N,N
99-1699.07,2.C.3.f,CAD software,Dassault Systemes CATIA,N,N
99-1699.07,2.C.3.f,CAD software,PTC Creo Parametric,N,N
99-1699.07,2.C.3.n,Agricultural software,AgLeader SMS,N,N
99-1700.08,2.C.3.j,ERP software,Microsoft Dynamics 365,N,N
99-1700.08,2.C.3.f,CAD software,PTC Creo Parametric,N,N
99-1700.08,2.C.3.f,CAD software,Bentley MicroStation,N,N
99-1700.08,2.C.3.f,CAD software,Autodesk AutoCAD,N,N
99-1701.09,2.C.3.o,Fleet management software,TMWSuite,N,N
99-1701.09,2.C.3.o,Fleet management software,Omnitracs,N,N
99-1701.09,2.C.3.o,Fleet management software,Samsara,N,N
99-1701.09,2.C.5,Routing software,Microsoft Project,N,N
99-1701.09,2.C.5,Routing software,Monday.com,N,N
99-1702.10,2.C.3.p,CRM software,Salesforce,Y,Y
99-1702.10,2.C.5,Sales software,Monday.com,N,N
99-1702.10,2.C.5,Sales software,Trello,N,N
99-1702.10,2.C.5,Sales software,Jira,N,Y
99-1703.11,2.C.5,Project management software,Trello,N,N
99-1703.11,2.C.5,Project management software,Monday.com,N,N
99-1703.11,2.C.3.q,Office software,LibreOffice,N,N
99-1703.11,2.C.3.q,Office software,Zoho Office Suite,N,N
99-1703.11,2.C.3.q,Office software,Microsoft Office,N,N
99-1704.12,2.C.3.l,Graphics software,Sketch,N,N
99-1704.12,2.C.5,Project management software,Microsoft Project,N,N
99-1704.12,2.C.5,Project management software,Trello,N,N
99-1705.13,2.C.3.m,Legal research software,Westlaw,N,N
99-1705.13,2.C.5,Project management software,Microsoft Project,N,N
99-1705.13,2.C.5,Project management software,Monday.com,N,N
99-1706.14,2.C.3.d,Statistical analysis software,R,N,N
99-1706.14,2.C.3.d,Statistical analysis software,Minitab,N,N
99-1706.14,2.C.3.d,Statistical analysis software,IBM SPSS Statistics,N,N
99-1706.14,2.C.3.e,Analytical software,Spotfire,N,N
99-1706.14,2.C.3.e,Analytical software,Tableau,Y,Y
99-1706.14,2.C.3.e,Analytical software,SAP BusinessObjects,N,N
99-1707.15,2.C.5,Project management software,Microsoft Project,N,N
99-1707.15,2.C.5,Project management software,Asana,N,N
99-1707.15,2.C.5,Project management software,Jira,N,Y
99-1707.15,2.C.1,Case management software,Meditech Expanse,N,N
99-1708.16,2.C.3.f,CAD software,PTC Creo Parametric,N,N
99-1708.16,2.C.3.f,CAD software,SolidWorks,N,N
99-1708.16,2.C.3.f,CAD software,Autodesk AutoCAD,N,N
99-1708.16,2.C.3.n,Agricultural software,AgLeader SMS,N,N
99-1708.16,2.C.3.n,Agricultural software,Trimble Ag Software,N,N
99-1709.17,2.C.3.j,ERP software,Microsoft Dynamics 365,N,N
99-1709.17,2.C.3.j,ERP software,Epicor ERP,N,N
99-1709.17,2.C.3.j,ERP software,NetSuite,N,N
99-1709.17,2.C.3.f,CAD software,SolidWorks,N,N
99-1709.17,2.C.3.f,CAD software,Bentley MicroStation,N,N
99-1710.18,2.C.3.o,Fleet management software,TMWSuite,N,N
99-1710.18,2.C.3.o,Fleet management software,Omnitracs,N,N
99-1710.18,2.C.3.o,Fleet management software,PeopleNet Fleet Manager,N,N
99-1710.18,2.C.5,Routing software,Jira,N,Y
99-1711.19,2.C.3.p,CRM software,Salesforce,Y,Y
99-1711.19,2.C.3.p,CRM software,Zoho CRM,N,N
99-1711.19,2.C.3.p,CRM software,Microsoft Dynamics CRM,N,N
99-1711.19,2.C.5,Sales software,Trello,N,N
99-1711.19,2.C.5,Sales software,Jira,N,Y
99-1712.20,2.C.5,Project management software,Jira,N,Y
99-1712.20,2.C.3.q,Office software,LibreOffice,N,N
99-1713.21,2.C.3.l,Graphics software,Figma,N,N
99-1713.21,2.C.3.l,Graphics software,Sketch,N,N
99-1713.21,2.C.5,Project management software,Monday.com,N,N
99-1713.21,2.C.5,Project management software,Trello,N,N
99-1714.22,2.C.3.m,Legal research software,LexisNexis,N,N
99-1714.22,2.C.3.m,Legal research software,CaseMap,N,N
99-1714.22,2.C.3.m,Legal research software,Thomson Reuters Practical Law,N,N
99-1714.22,2.C.5,Project management software,Jira,N,Y
99-1714.22,2.C.5,Project management software,Trello,N,N
99-1714.22,2.C.5,Project management software,Microsoft Project,N,N
99-1715.23,2.C.3.d,Statistical analysis software,R,N,N
99-1715.23,2.C.3.d,Statistical analysis software,IBM SPSS Statistics,N,N
99-1715.23,2.C.3.d,Statistical analysis software,Minitab,N,N
99-1715.23,2.C.3.e,Analytical software,QlikView,N,N
99-1715.23,2.C.3.e,Analytical software,Spotfire,N,N
99-1715.23,2.C.3.e,Analytical software,Microsoft Power BI,Y,Y
99-1716.24,2.C.5,Project management software,Microsoft Project,N,N
99-1716.24,2.C.5,Project management software,Trello,N,N
99-1716.24,2.C.5,Project management software,Jira,N,Y
99-1716.24,2.C.1,Case management software,Meditech Expanse,N,N
99-1716.24,2.C.1,Case management software,eClinicalWorks,N,N
99-1717.25,2.C.3.f,CAD software,Bentley MicroStation,N,N
99-1717.25,2.C.3.n,Agricultural software,AgLeader SMS,N,N
99-1717.25,2.C.3.n,Agricultural software,Trimble Ag Software,N,N
99-1717.25,2.C.3.n,Agricultural software,Farm Works Software,N,N
99-1718.26,2.C.3.j,ERP software,SAP ERP,Y,Y
99-1718.26,2.C.3.j,ERP software,NetSuite,N,N
99-1718.26,2.C.3.j,ERP software,Epicor ERP,N,N
99-1718.26,2.C.3.f,CAD software,SolidWorks,N,N
99-1718.26,2.C.3.f,CAD software,Dassault Systemes CATIA,N,N
99-1718.26,2.C.3.f,CAD software,PTC Creo Parametric,N,N
99-1719.27,2.C.3.o,Fleet management software,Omnitracs,N,N
99-1719.27,2.C.5,Routing software,Trello,N,N
99-1719.27,2.C.5,Routing software,Microsoft Project,N,N
99-1719.27,2.C.5,Routing software,Jira,N,Y
99-1720.28,2.C.3.p,CRM software,Microsoft Dynamics CRM,N,N
99-1720.28,2.C.3.p,CRM software,Salesforce,Y,Y
99-1720.28,2.C.3.p,CRM software,Zoho CRM,N,N
99-1720.28,2.C.5,Sales software,Monday.com,N,N
99-1720.28,2.C.5,Sales software,Microsoft Project,N,N
99-1720.28,2.C.5,Sales software,Trello,N,N
99-1721.29,2.C.5,Project management software,Asana,N,N
99-1721.29,2.C.3.q,Office software,Zoho Office Suite,N,N
99-1721.29,2.C.3.q,Office software,Microsoft Office,N,N
99-1721.29,2.C.3.q,Office software,LibreOffice,N,N
99-1722.30,2.C.3.l,Graphics software,CorelDRAW,N,N
99-1722.30,2.C.3.l,Graphics software,Figma,N,N
99-1722.30,2.C.5,Project management software,Jira,N,Y
99-1723.31,2.C.3.m,Legal research software,CaseMap,N,N
99-1723.31,2.C.5,Project management software,Trello,N,N
99-1723.31,2.C.5,Project management software,Jira,N,Y
99-1724.32,2.C.3.d,Statistical analysis software,R,N,N
99-1724.32,2.C.3.d,Statistical analysis software,Stata,N,N
99-1724.32,2.C.3.e,Analytical software,QlikView,N,N
99-1725.33,2.C.5,Project management software,Microsoft Project,N,N
99-1725.33,2.C.1,Case management software,Meditech Expanse,N,N
99-1725.33,2.C.1,Case management software,Allscripts,N,N
99-1726.34,2.C.3.f,CAD software,PTC Creo Parametric,N,N
99-1726.34,2.C.3.f,CAD software,Autodesk AutoCAD,N,N
99-1726.34,2.C.3.n,Agricultural software,Trimble Ag Software,N,N
99-1726.34,2.C.3.n,Agricultural software,Farm Works Software,N,N
99-1726.34,2.C.3.n,Agricultural software,AgLeader SMS,N,N
99-1727.35,2.C.3.j,ERP software,NetSuite,N,N
99-1727.35,2.C.3.f,CAD software,PTC Creo Parametric,N,N
99-1727.35,2.C.3.f,CAD software,Autodesk AutoCAD,N,N
99-1727.35,2.C.3.f,CAD software,Dassault Systemes CATIA,N,N
99-1728.36,2.C.3.o,Fleet management software,Samsara,N,N
99-1728.36,2.C.3.o,Fleet management software,Omnitracs,N,N
99-1728.36,2.C.3.o,Fleet management software,TMWSuite,N,N
99-1728.36,2.C.5,Routing software,Trello,N,N
99-1729.37,2.C.3.p,CRM software,Salesforce,Y,Y
99-1729.37,2.C.3.p,CRM software,HubSpot CRM,N,N
99-1729.37,2.C.3.p,CRM software,Microsoft Dynamics CRM,N,N
99-1729.37,2.C.5,Sales software,Trello,N,N
99-1729.37,2.C.5,Sales software,Jira,N,Y
99-1730.38,2.C.5,Project management software,Monday.com,N,N
99-1730.38,2.C.5,Project management software,Microsoft Project,N,N
99-1730.38,2.C.3.q,Office software,Microsoft Office,N,N
99-1731.39,2.C.3.l,Graphics software,Adobe Creative Cloud,N,N
99-1731.39,2.C.5,Project management software,Monday.com,N,N
99-1731.39,2.C.5,Project management software,Trello,N,N
99-1732.40,2.C.3.m,Legal research software,Thomson Reuters Practical Law,N,N
99-1732.40,2.C.3.m,Legal research software,CaseMap,N,N
99-1732.40,2.C.5,Project management software,Monday.com,N,N
99-1732.40,2.C.5,Project management software,Jira,N,Y
99-1733.41,2.C.3.d,Statistical analysis software,SAS,Y,N
99-1733.41,2.C.3.d,Statistical analysis software,Stata,N,N
99-1733.41,2.C.3.e,Analytical software,QlikView,N,N
99-1733.41,2.C.3.e,Analytical software,Microsoft Power BI,Y,Y
99-1733.41,2.C.3.e,Analytical software,SAP BusinessObjects,N,N
99-1734.42,2.C.5,Project management software,Asana,N,N
99-1734.42,2.C.1,Case management software,Allscripts,N,N
99-1734.42,2.C.1,Case management software,Meditech Expanse,N,N
99-1735.43,2.C.3.f,CAD software,Dassault Systemes CATIA,N,N
99-1735.43,2.C.3.n,Agricultural software,Trimble Ag Software,N,N
99-1736.44,2.C.3.j,ERP software,NetSuite,N,N
99-1736.44,2.C.3.j,ERP software,SAP ERP,Y,Y
99-1736.44,2.C.3.j,ERP software,Oracle E-Business Suite,N,N
99-1736.44,2.C.3.f,CAD software,Dassault Systemes CATIA,N,N
99-1736.44,2.C.3.f,CAD software,Autodesk AutoCAD,N,N
99-1737.45,2.C.3.o,Fleet management software,TMWSuite,N,N
99-1737.45,2.C.3.o,Fleet management software,Samsara,N,N
99-1737.45,2.C.5,Routing software,Asana,N,N
99-1737.45,2.C.5,Routing software,Monday.com,N,N
99-1738.46,2.C.3.p,CRM software,Salesforce,Y,Y
99-1738.46,2.C.3.p,CRM software,Zoho CRM,N,N
99-1738.46,2.C.3.p,CRM software,Microsoft Dynamics CRM,N,N
99-1738.46,2.C.5,Sales software,Asana,N,N
99-1738.46,2.C.5,Sales software,Trello,N,N
99-1738.46,2.C.5,Sales software,Jira,N,Y
99-1739.47,2.C.5,Project management software,Monday.com,N,N
99-1739.47,2.C.5,Project management software,Microsoft Project,N,N
99-1739.47,2.C.5,Project management software,Trello,N,N
99-1739.47,2.C.3.q,Office software,Google Workspace,N,N
99-1739.47,2.C.3.q,Office software,LibreOffice,N,N
99-1740.48,2.C.3.l,Graphics software,Figma,N,N
99-1740.48,2.C.3.l,Graphics software,Adobe Creative Cloud,N,N
99-1740.48,2.C.3.l,Graphics software,Affinity Designer,N,N
99-1740.48,2.C.5,Project management software,Monday.com,N,N
99-1740.48,2.C.5,Project management software,Microsoft Project,N,N
99-1741.49,2.C.3.m,Legal research software,Westlaw,N,N
99-1741.49,2.C.3.m,Legal research software,CaseMap,N,N
99-1741.49,2.C.3.m,Legal research software,Thomson Reuters Practical Law,N,N
99-1741.49,2.C.5,Project management software,Microsoft Project,N,N
99-1741.49,2.C.5,Project management software,Monday.com,N,N
99-1742.50,2.C.3.d,Statistical analysis software,R,N,N
99-1742.50,2.C.3.d,Statistical analysis software,IBM SPSS Statistics,N,N
99-1742.50,2.C.3.d,Statistical analysis software,SAS,Y,N
99-1742.50,2.C.3.e,Analytical software,QlikView,N,N
99-1743.51,2.C.5,Project management software,Jira,N,Y
99-1743.51,2.C.5,Project management software,Microsoft Project,N,N
99-1743.51,2.C.5,Project management software,Trello,N,N
99-1743.51,2.C.1,Case management software,eClinicalWorks,N,N
99-1744.52,2.C.3.f,CAD software,Dassault Systemes CATIA,N,N
99-1744.52,2.C.3.f,CAD software,SolidWorks,N,N
99-1744.52,2.C.3.n,Agricultural software,Farm Works Software,N,N
99-1745.53,2.C.3.j,ERP software,Epicor ERP,N,N
99-1745.53,2.C.3.j,ERP software,Oracle E-Business Suite,N,N
99-1745.53,2.C.3.f,CAD software,SolidWorks,N,N
99-1745.53,2.C.3.f,CAD software,Autodesk AutoCAD,N,N
99-1746.54,2.C.3.o,Fleet management software,Samsara,N,N
99-1746.54,2.C.3.o,Fleet management software,Omnitracs,N,N
99-1746.54,2.C.5,Routing software,Jira,N,Y
99-1747.55,2.C.3.p,CRM software,Microsoft Dynamics CRM,N,N
99-1747.55,2.C.3.p,CRM software,Salesforce,Y,Y
99-1747.55,2.C.5,Sales software,Trello,N,N
99-1747.55,2.C.5,Sales software,Jira,N,Y
99-1747.55,2.C.5,Sales software,Monday.com,N,N
99-1748.56,2.C.5,Project management software,Asana,N,N
99-1748.56,2.C.5,Project management software,Monday.com,N,N
99-1748.56,2.C.5,Project management software,Microsoft Project,N,N
99-1748.56,2.C.3.q,Office software,Microsoft Office,N,N
99-1749.57,2.C.3.l,Graphics software,Affinity Designer,N,N
99-1749.57,2.C.3.l,Graphics software,CorelDRAW,N,N
99-1749.57,2.C.3.l,Graphics software,Adobe Creative Cloud,N,N
99-1749.57,2.C.5,Project management software,Asana,N,N
99-1750.58,2.C.3.m,Legal research software,Westlaw,N,N
99-1750.58,2.C.3.m,Legal research software,LexisNexis,N,N
99-1750.58,2.C.5,Project management software,Trello,N,N
99-1751.59,2.C.3.d,Statistical analysis software,R,N,N
99-1751.59,2.C.3.e,Analytical software,SAP BusinessObjects,N,N
99-1752.60,2.C.5,Project management software,Microsoft Project,N,N
99-1752.60,2.C.5,Project management software,Trello,N,N
99-1752.60,2.C.5,Project management software,Jira,N,Y
99-1752.60,2.C.1,Case management software,Epic Systems,Y,N
99-1753.61,2.C.3.f,CAD software,Bentley MicroStation,N,N
99-1753.61,2.C.3.f,CAD software,Autodesk AutoCAD,N,N
99-1753.61,2.C.3.f,CAD software,Dassault Systemes CATIA,N,N
99-1753.61,2.C.3.n,Agricultural software,AgLeader SMS,N,N
99-1753.61,2.C.3.n,Agricultural software,Trimble Ag Software,N,N
99-1753.61,2.C.3.n,Agricultural software,Farm Works Software,N,N
99-1754.62,2.C.3.j,ERP software,SAP ERP,Y,Y
99-1754.62,2.C.3.j,ERP software,Oracle E-Business Suite,N,N
99-1754.62,2.C.3.f,CAD software,Autodesk AutoCAD,N,N
99-1754.62,2.C.3.f,CAD software,Dassault Systemes CATIA,N,N
99-1754.62,2.C.3.f,CAD software,PTC Creo Parametric,N,N
99-1755.63,2.C.3.o,Fleet management software,Samsara,N,N
99-1755.63,2.C.3.o,Fleet management software,Omnitracs,N,N
99-1755.63,2.C.3.o,Fleet management software,TMWSuite,N,N
99-1755.63,2.C.5,Routing software,Jira,N,Y
99-1755.63,2.C.5,Routing software,Asana,N,N
99-1756.64,2.C.3.p,CRM software,Zoho CRM,N,N
99-1756.64,2.C.3.p,CRM software,Microsoft Dynamics CRM,N,N
99-1756.64,2.C.5,Sales software,Jira,N,Y
99-1756.64,2.C.5,Sales software,Microsoft Project,N,N
99-1756.64,2.C.5,Sales software,Monday.com,N,N
99-1757.65,2.C.5,Project management software,Trello,N,N
99-1757.65,2.C.5,Project management software,Monday.com,N,N
99-1757.65,2.C.3.q,Office software,Google Workspace,N,N
99-1757.65,2.C.3.q,Office software,Zoho Office Suite,N,N
99-1758.66,2.C.3.l,Graphics software,Affinity Designer,N,N
99-1758.66,2.C.3.l,Graphics software,CorelDRAW,N,N
99-1758.66,2.C.5,Project management software,Microsoft Project,N,N
99-1759.67,2.C.3.m,Legal research software,LexisNexis,N,N
99-1759.67,2.C.3.m,Legal research software,CaseMap,N,N
99-1759.67,2.C.5,Project management software,Microsoft Project,N,N
99-1759.67,2.C.5,Project management software,Monday.com,N,N
99-1759.67,2.C.5,Project management software,Jira,N,Y
99-1760.68,2.C.3.d,Statistical analysis software,Minitab,N,N
99-1760.68,2.C.3.e,Analytical software,Tableau,Y,Y
99-1761.69,2.C.5,Project management software,Monday.com,N,N
99-1761.69,2.C.5,Project management software,Trello,N,N
99-1761.69,2.C.1,Case management software,eClinicalWorks,N,N
99-1762.70,2.C.3.f,CAD software,Autodesk AutoCAD,N,N
99-1762.70,2.C.3.f,CAD software,SolidWorks,N,N
99-1762.70,2.C.3.n,Agricultural software,Trimble Ag Software,N,N
99-1762.70,2.C.3.n,Agricultural software,Farm Works Software,N,N
99-1762.70,2.C.3.n,Agricultural software,AgLeader SMS,N,N
99-1763.71,2.C.3.j,ERP software,Microsoft Dynamics 365,N,N
99-1763.71,2.C.3.j,ERP software,Oracle E-Business Suite,N,N
99-1763.71,2.C.3.j,ERP software,NetSuite,N,N
99-1763.71,2.C.3.f,CAD software,Dassault Systemes CATIA,N,N
99-1764.72,2.C.3.o,Fleet management software,Omnitracs,N,N
99-1764.72,2.C.5,Routing software,Jira,N,Y
99-1764.72,2.C.5,Routing software,Asana,N,N
99-1765.73,2.C.3.p,CRM software,Salesforce,Y,Y
99-1765.73,2.C.3.p,CRM software,HubSpot CRM,N,N
99-1765.73,2.C.3.p,CRM software,Microsoft Dynamics CRM,N,N
99-1765.73,2.C.5,Sales software,Jira,N,Y
99-1765.73,2.C.5,Sales software,Trello,N,N
99-1766.74,2.C.5,Project management software,Monday.com,N,N
99-1766.74,2.C.3.q,Office software,Zoho Office Suite,N,N
99-1766.74,2.C.3.q,Office software,LibreOffice,N,N
99-1767.75,2.C.3.l,Graphics software,Affinity Designer,N,N
99-1767.75,2.C.3.l,Graphics software,Adobe Creative Cloud,N,N
99-1767.75,2.C.3.l,Graphics software,CorelDRAW,N,N
99-1767.75,2.C.5,Project management software,Microsoft Project,N,N
99-1768.76,2.C.3.m,Legal research software,Thomson Reuters Practical Law,N,N
99-1768.76,2.C.3.m,Legal research software,LexisNexis,N,N
99-1768.76,2.C.5,Project management software,Trello,N,N
99-1768.76,2.C.5,Project management software,Jira,N,Y
99-1769.77,2.C.3.d,Statistical analysis software,SAS,Y,N
99-1769.77,2.C.3.d,Statistical analysis software,R,N,N
99-1769.77,2.C.3.d,Statistical analysis software,Minitab,N,N
99-1769.77,2.C.3.e,Analytical software,SAP BusinessObjects,N,N
99-1769.77,2.C.3.e,Analytical software,Microsoft Power BI,Y,Y
99-1770.78,2.C.5,Project management software,Trello,N,N
99-1770.78,2.C.5,Project management software,Monday.com,N,N
99-1770.78,2.C.1,Case management software,Allscripts,N,N
99-1770.78,2.C.1,Case management software,Cerner,N,N
99-1770.78,2.C.1,Case management software,Meditech Expanse,N,N
99-1771.79,2.C.3.f,CAD software,PTC Creo Parametric,N,N
99-1771.79,2.C.3.f,CAD software,Bentley MicroStation,N,N
99-1771.79,2.C.3.n,Agricultural software,Farm Works Software,N,N
99-1771.79,2.C.3.n,Agricultural software,AgLeader SMS,N,N
99-1771.79,2.C.3.n,Agricultural software,Trimble Ag Software,N,N
99-1772.80,2.C.3.j,ERP software,Microsoft Dynamics 365,N,N
99-1772.80,2.C.3.j,ERP software,NetSuite,N,N
99-1772.80,2.C.3.f,CAD software,Autodesk AutoCAD,N,N
99-1772.80,2.C.3.f,CAD software,Dassault Systemes CATIA,N,N
99-1773.81,2.C.3.o,Fleet management software,TMWSuite,N,N
99-1773.81,2.C.3.o,Fleet management software,Samsara,N,N
99-1773.81,2.C.5,Routing software,Trello,N,N
99-1773.81,2.C.5,Routing software,Asana,N,N
99-1773.81,2.C.5,Routing software,Monday.com,N,N
99-1774.82,2.C.3.p,CRM software,Salesforce,Y,Y
99-1774.82,2.C.3.p,CRM software,HubSpot CRM,N,N
99-1774.82,2.C.5,Sales software,Jira,N,Y
99-1774.82,2.C.5,Sales software,Monday.com,N,N
99-1775.83,2.C.5,Project management software,Trello,N,N
99-1775.83,2.C.5,Project management software,Monday.com,N,N
99-1775.83,2.C.3.q,Office software,LibreOffice,N,N
99-1776.84,2.C.3.l,Graphics software,Affinity Designer,N,N
99-1776.84,2.C.5,Project management software,Jira,N,Y
99-1776.84,2.C.5,Project management software,Monday.com,N,N
99-1776.84,2.C.5,Project management software,Microsoft Project,N,N
99-1777.85,2.C.3.m,Legal research software,CaseMap,N,N
99-1777.85,2.C.5,Project management software,Jira,N,Y
99-1777.85,2.C.5,Project management software,Monday.com,N,N
99-1777.85,2.C.5,Project management software,Microsoft Project,N,N
99-1778.86,2.C.3.d,Statistical analysis software,Minitab,N,N
99-1778.86,2.C.3.d,Statistical analysis software,SAS,Y,N
99-1778.86,2.C.3.e,Analytical software,SAP BusinessObjects,N,N
99-1779.87,2.C.5,Project management software,Microsoft Project,N,N
99-1779.87,2.C.5,Project management software,Asana,N,N
99-1779.87,2.C.1,Case management software,Epic Systems,Y,N
99-1780.88,2.C.3.f,CAD software,Bentley MicroStation,N,N
99-1780.88,2.C.3.n,Agricultural software,AgLeader SMS,N,N
99-1780.88,2.C.3.n,Agricultural software,Farm Works Software,N,N
99-1780.88,2.C.3.n,Agricultural software,Trimble Ag Software,N,N
99-1781.89,2.C.3.j,ERP software,Microsoft Dynamics 365,N,N
99-1781.89,2.C.3.j,ERP software,NetSuite,N,N
99-1781.89,2.C.3.j,ERP software,Oracle E-Business Suite,N,N
99-1781.89,2.C.3.f,CAD software,Autodesk AutoCAD,N,N
99-1782.90,2.C.3.o,Fleet management software,TMWSuite,N,N
99-1782.90,2.C.5,Routing software,Monday.com,N,N
99-1782.90,2.C.5,Routing software,Asana,N,N
99-1783.91,2.C.3.p,CRM software,Salesforce,Y,Y
99-1783.91,2.C.5,Sales software,Jira,N,Y
99-1783.91,2.C.5,Sales software,Asana,N,N
99-1783.91,2.C.5,Sales software,Trello,N,N
99-1784.92,2.C.5,Project management software,Asana,N,N
99-1784.92,2.C.5,Project management software,Jira,N,Y
99-1784.92,2.C.5,Project management software,Trello,N,N
99-1784.92,2.C.3.q,Office software,Zoho Office Suite,N,N
99-1785.93,2.C.3.l,Graphics software,Sketch,N,N
99-1785.93,2.C.5,Project management software,Trello,N,N
99-1785.93,2.C.5,Project management software,Jira,N,Y
99-1785.93,2.C.5,Project management software,Asana,N,N
99-1786.94,2.C.3.m,Legal research software,CaseMap,N,N
99-1786.94,2.C.3.m,Legal research software,Thomson Reuters Practical Law,N,N
99-1786.94,2.C.5,Project management software,Asana,N,N
99-1786.94,2.C.5,Project management software,Monday.com,N,N
99-1787.95,2.C.3.d,Statistical analysis software,R,N,N
99-1787.95,2.C.3.e,Analytical software,Microsoft Power BI,Y,Y
99-1787.95,2.C.3.e,Analytical software,SAP BusinessObjects,N,N
99-1788.96,2.C.5,Project management software,Monday.com,N,N
99-1788.96,2.C.5,Project management software,Asana,N,N
99-1788.96,2.C.1,Case management software,eClinicalWorks,N,N
99-1788.96,2.C.1,Case management software,Epic Systems,Y,N
99-1788.96,2.C.1,Case management software,Allscripts,N,N
99-1789.97,2.C.3.f,CAD software,Dassault Systemes CATIA,N,N
99-1789.97,2.C.3.n,Agricultural software,AgLeader SMS,N,N
99-1790.98,2.C.3.j,ERP software,Epicor ERP,N,N
99-1790.98,2.C.3.j,ERP software,Microsoft Dynamics 365,N,N
99-1790.98,2.C.3.f,CAD software,PTC Creo Parametric,N,N
99-1790.98,2.C.3.f,CAD software,SolidWorks,N,N
99-1790.98,2.C.3.f,CAD software,Autodesk AutoCAD,N,N
99-1791.99,2.C.3.o,Fleet management software,TMWSuite,N,N
99-1791.99,2.C.5,Routing software,Microsoft Project,N,N
99-1791.99,2.C.5,Routing software,Asana,N,N
99-1791.99,2.C.5,Routing software,Monday.com,N,N
99-1792.01,2.C.3.p,CRM software,Salesforce,Y,Y
99-1792.01,2.C.5,Sales software,Monday.com,N,N
99-1792.01,2.C.5,Sales software,Asana,N,N
99-1793.02,2.C.5,Project management software,Monday.com,N,N
99-1793.02,2.C.5,Project management software,Trello,N,N
99-1793.02,2.C.5,Project management software,Microsoft Project,N,N
99-1793.02,2.C.3.q,Office software,LibreOffice,N,N
99-1794.03,2.C.3.l,Graphics software,Adobe Creative Cloud,N,N
99-1794.03,2.C.3.l,Graphics software,Sketch,N,N
99-1794.03,2.C.3.l,Graphics software,CorelDRAW,N,N
99-1794.03,2.C.5,Project management software,Trello,N,N
99-1794.03,2.C.5,Project management software,Jira,N,Y
99-1795.04,2.C.3.m,Legal research software,Westlaw,N,N
99-1795.04,2.C.3.m,Legal research software,Thomson Reuters Practical Law,N,N
99-1795.04,2.C.3.m,Legal research software,CaseMap,N,N
99-1795.04,2.C.5,Project management software,Microsoft Project,N,N
99-1795.04,2.C.5,Project management software,Asana,N,N
99-1796.05,2.C.3.d,Statistical analysis software,R,N,N
99-1796.05,2.C.3.e,Analytical software,QlikView,N,N
99-1797.06,2.C.5,Project management software,Monday.com,N,N
99-1797.06,2.C.5,Project management software,Jira,N,Y
99-1797.06,2.C.5,Project management software,Trello,N,N
99-1797.06,2.C.1,Case management software,eClinicalWorks,N,N
99-1797.06,2.C.1,Case management software,Meditech Expanse,N,N
99-1798.07,2.C.3.f,CAD software,PTC Creo Parametric,N,N
99-1798.07,2.C.3.f,CAD software,Dassault Systemes CATIA,N,N
99-1798.07,2.C.3.n,Agricultural software,Trimble Ag Software,N,N
99-1798.07,2.C.3.n,Agricultural software,AgLeader SMS,N,N
99-1798.07,2.C.3.n,Agricultural software,Farm Works Software,N,N
99-1799.08,2.C.3.j,ERP software,Microsoft Dynamics 365,N,N
99-1799.08,2.C.3.j,ERP software,Epicor ERP,N,N
99-1799.08,2.C.3.j,ERP software,NetSuite,N,N
99-1799.08,2.C.3.f,CAD software,Autodesk AutoCAD,N,N
99-1800.09,2.C.3.o,Fleet management software,Samsara,N,N
99-1800.09,2.C.3.o,Fleet management software,TMWSuite,N,N
99-1800.09,2.C.5,Routing software,Monday.com,N,N
99-1800.09,2.C.5,Routing software,Trello,N,N
99-1801.10,2.C.3.p,CRM software,Salesforce,Y,Y
99-1801.10,2.C.3.p,CRM software,Zoho CRM,N,N
99-1801.10,2.C.3.p,CRM software,HubSpot CRM,N,N
99-1801.10,2.C.5,Sales software,Microsoft Project,N,N
99-1802.11,2.C.5,Project management software,Monday.com,N,N
99-1802.11,2.C.5,Project management software,Asana,N,N
99-1802.11,2.C.3.q,Office software,Microsoft Office,N,N
99-1802.11,2.C.3.q,Office software,LibreOffice,N,N
99-1802.11,2.C.3.q,Office software,Google Workspace,N,N
99-1803.12,2.C.3.l,Graphics software,Figma,N,N
99-1803.12,2.C.3.l,Graphics software,Sketch,N,N
99-1803.12,2.C.3.l,Graphics software,CorelDRAW,N,N
99-1803.12,2.C.5,Project management software,Jira,N,Y
99-1803.12,2.C.5,Project management software,Microsoft Project,N,N
99-1803.12,2.C.5,Project management software,Trello,N,N
99-1804.13,2.C.3.m,Legal research software,Westlaw,N,N
99-1804.13,2.C.3.m,Legal research software,LexisNexis,N,N
99-1804.13,2.C.5,Project management software,Microsoft Project,N,N
99-1805.14,2.C.3.d,Statistical analysis software,IBM SPSS Statistics,N,N
99-1805.14,2.C.3.d,Statistical analysis software,SAS,Y,N
99-1805.14,2.C.3.e,Analytical software,Spotfire,N,N
99-1806.15,2.C.5,Project management software,Monday.com,N,N
99-1806.15,2.C.1,Case management software,Meditech Expanse,N,N
99-1806.15,2.C.1,Case management software,eClinicalWorks,N,N
99-1806.15,2.C.1,Case management software,Cerner,N,N
99-1807.16,2.C.3.f,CAD software,Dassault Systemes CATIA,N,N
99-1807.16,2.C.3.f,CAD software,PTC Creo Parametric,N,N
99-1807.16,2.C.3.n,Agricultural software,Farm Works Software,N,N
99-1807.16,2.C.3.n,Agricultural software,AgLeader SMS,N,N
99-1808.17,2.C.3.j,ERP software,Epicor ERP,N,N
99-1808.17,2.C.3.j,ERP software,Microsoft Dynamics 365,N,N
99-1808.17,2.C.3.f,CAD software,Autodesk AutoCAD,N,N
99-1808.17,2.C.3.f,CAD software,PTC Creo Parametric,N,N
99-1808.17,2.C.3.f,CAD software,Dassault Systemes CATIA,N,N
99-1809.18,2.C.3.o,Fleet management software,Samsara,N,N
99-1809.18,2.C.3.o,Fleet management software,PeopleNet Fleet Manager,N,N
99-1809.18,2.C.3.o,Fleet management software,TMWSuite,N,N
99-1809.18,2.C.5,Routing software,Asana,N,N
99-1809.18,2.C.5,Routing software,Trello,N,N
99-1810.19,2.C.3.p,CRM software,Microsoft Dynamics CRM,N,N
99-1810.19,2.C.3.p,CRM software,Salesforce,Y,Y
99-1810.19,2.C.3.p,CRM software,HubSpot CRM,N,N
99-1810.19,2.C.5,Sales software,Asana,N,N
99-1811.20,2.C.5,Project management software,Monday.com,N,N
99-1811.20,2.C.5,Project management software,Microsoft Project,N,N
99-1811.20,2.C.3.q,Office software,Google Workspace,N,N
99-1811.20,2.C.3.q,Office software,Zoho Office Suite,N,N
99-1811.20,2.C.3.q,Office software,Microsoft Office,N,N
99-1812.21,2.C.3.l,Graphics software,Adobe Creative Cloud,N,N
99-1812.21,2.C.3.l,Graphics software,Figma,N,N
99-1812.21,2.C.3.l,Graphics software,Affinity Designer,N,N
99-1812.21,2.C.5,Project management software,Asana,N,N
99-1813.22,2.C.3.m,Legal research software,Westlaw,N,N
99-1813.22,2.C.3.m,Legal research software,LexisNexis,N,N
99-1813.22,2.C.3.m,Legal research software,Thomson Reuters Practical Law,N,N
99-1813.22,2.C.5,Project management software,Asana,N,N
99-1814.23,2.C.3.d,Statistical analysis software,SAS,Y,N
99-1814.23,2.C.3.d,Statistical analysis software,IBM SPSS Statistics,N,N
99-1814.23,2.C.3.d,Statistical analysis software,R,N,N
99-1814.23,2.C.3.e,Analytical software,QlikView,N,N
99-1814.23,2.C.3.e,Analytical software,SAP BusinessObjects,N,N
99-1814.23,2.C.3.e,Analytical software,Tableau,Y,Y
99-1815.24,2.C.5,Project management software,Jira,N,Y
99-1815.24,2.C.5,Project management software,Trello,N,N
99-1815.24,2.C.1,Case management software,Meditech Expanse,N,N
99-1815.24,2.C.1,Case management software,Epic Systems,Y,N
99-1816.25,2.C.3.f,CAD software,Bentley MicroStation,N,N
99-1816.25,2.C.3.f,CAD software,Autodesk AutoCAD,N,N
99-1816.25,2.C.3.n,Agricultural software,AgLeader SMS,N,N
99-1816.25,2.C.3.n,Agricultural software,Farm Works Software,N,N
99-1817.26,2.C.3.j,ERP software,Microsoft Dynamics 365,N,N
99-1817.26,2.C.3.j,ERP software,SAP ERP,Y,Y
99-1817.26,2.C.3.j,ERP software,NetSuite,N,N
99-1817.26,2.C.3.f,CAD software,Autodesk AutoCAD,N,N
99-1818.27,2.C.3.o,Fleet management software,Omnitracs,N,N
99-1818.27,2.C.3.o,Fleet management software,Samsara,N,N
99-1818.27,2.C.5,Routing software,Trello,N,N
99-1818.27,2.C.5,Routing software,Jira,N,Y
99-1819.28,2.C.3.p,CRM software,HubSpot CRM,N,N
99-1819.28,2.C.3.p,CRM software,Microsoft Dynamics CRM,N,N
99-1819.28,2.C.5,Sales software,Jira,N,Y
99-1819.28,2.C.5,Sales software,Trello,N,N
99-1819.28,2.C.5,Sales software,Microsoft Project,N,N
99-1820.29,2.C.5,Project management software,Asana,N,N
99-1820.29,2.C.5,Project management software,Jira,N,Y
99-1820.29,2.C.5,Project management software,Trello,N,N
99-1820.29,2.C.3.q,Office software,Microsoft Office,N,N
99-1821.30,2.C.3.l,Graphics software,Figma,N,N
99-1821.30,2.C.3.l,Graphics software,CorelDRAW,N,N
99-1821.30,2.C.5,Project management software,Trello,N,N
99-1821.30,2.C.5,Project management software,Microsoft Project,N,N
99-1822.31,2.C.3.m,Legal research software,CaseMap,N,N
99-1822.31,2.C.3.m,Legal research software,Westlaw,N,N
99-1822.31,2.C.5,Project management software,Monday.com,N,N
99-1823.32,2.C.3.d,Statistical analysis software,SAS,Y,N
99-1823.32,2.C.3.d,Statistical analysis software,IBM SPSS Statistics,N,N
99-1823.32,2.C.3.e,Analytical software,Microsoft Power BI,Y,Y
99-1823.32,2.C.3.e,Analytical software,QlikView,N,N
99-1824.33,2.C.5,Project management software,Asana,N,N
99-1824.33,2.C.5,Project management software,Microsoft Project,N,N
99-1824.33,2.C.5,Project management software,Trello,N,N
99-1824.33,2.C.1,Case management software,Epic Systems,Y,N
99-1825.34,2.C.3.f,CAD software,PTC Creo Parametric,N,N
99-1825.34,2.C.3.n,Agricultural software,AgLeader SMS,N,N
99-1826.35,2.C.3.j,ERP software,SAP ERP,Y,Y
99-1826.35,2.C.3.j,ERP software,Microsoft Dynamics 365,N,N
99-1826.35,2.C.3.f,CAD software,Dassault Systemes CATIA,N,N
99-1826.35,2.C.3.f,CAD software,SolidWorks,N,N
99-1827.36,2.C.3.o,Fleet management software,Samsara,N,N
99-1827.36,2.C.3.o,Fleet management software,TMWSuite,N,N
99-1827.36,2.C.5,Routing software,Asana,N,N
99-1827.36,2.C.5,Routing software,Microsoft Project,N,N
99-1828.37,2.C.3.p,CRM software,Microsoft Dynamics CRM,N,N
99-1828.37,2.C.3.p,CRM software,HubSpot CRM,N,N
99-1828.37,2.C.3.p,CRM software,Salesforce,Y,Y
99-1828.37,2.C.5,Sales software,Trello,N,N
99-1828.37,2.C.5,Sales software,Microsoft Project,N,N
99-1828.37,2.C.5,Sales software,Monday.com,N,N
99-1829.38,2.C.5,Project management software,Monday.com,N,N
99-1829.38,2.C.5,Project management software,Jira,N,Y
99-1829.38,2.C.3.q,Office software,Zoho Office Suite,N,N
99-1829.38,2.C.3.q,Office software,Google Workspace,N,N
99-1829.38,2.C.3.q,Office software,Microsoft Office,N,N
99-1830.39,2.C.3.l,Graphics software,Sketch,N,N
99-1830.39,2.C.3.l,Graphics software,Figma,N,N
99-1830.39,2.C.5,Project management software,Asana,N,N
99-1830.39,2.C.5,Project management software,Trello,N,N
99-1830.39,2.C.5,Project management software,Jira,N,Y
99-1831.40,2.C.3.m,Legal research software,Westlaw,N,N
99-1831.40,2.C.3.m,Legal research software,CaseMap,N,N
99-1831.40,2.C.5,Project management software,Trello,N,N
99-1831.40,2.C.5,Project management software,Microsoft Project,N,N
99-1831.40,2.C.5,Project management software,Asana,N,N
99-1832.41,2.C.3.d,Statistical analysis software,Minitab,N,N
99-1832.41,2.C.3.d,Statistical analysis software,Stata,N,N
99-1832.41,2.C.3.e,Analytical software,Tableau,Y,Y
99-1832.41,2.C.3.e,Analytical software,SAP BusinessObjects,N,N
99-1833.42,2.C.5,Project management software,Monday.com,N,N
99-1833.42,2.C.5,Project management software,Asana,N,N
99-1833.42,2.C.5,Project management software,Jira,N,Y
99-1833.42,2.C.1,Case management software,Meditech Expanse,N,N
99-1833.42,2.C.1,Case management software,Epic Systems,Y,N
99-1833.42,2.C.1,Case management software,Allscripts,N,N
99-1834.43,2.C.3.f,CAD software,SolidWorks,N,N
99-1834.43,2.C.3.f,CAD software,PTC Creo Parametric,N,N
99-1834.43,2.C.3.f,CAD software,Autodesk AutoCAD,N,N
99-1834.43,2.C.3.n,Agricultural software,AgLeader SMS,N,N
99-1835.44,2.C.3.j,ERP software,Microsoft Dynamics 365,N,N
99-1835.44,2.C.3.f,CAD software,Autodesk AutoCAD,N,N
99-1835.44,2.C.3.f,CAD software,PTC Creo Parametric,N,N
99-1835.44,2.C.3.f,CAD software,Dassault Systemes CATIA,N,N
99-1836.45,2.C.3.o,Fleet management software,TMWSuite,N,N
99-1836.45,2.C.5,Routing software,Microsoft Project,N,N
99-1837.46,2.C.3.p,CRM software,Microsoft Dynamics CRM,N,N
99-1837.46,2.C.3.p,CRM software,Zoho CRM,N,N
99-1837.46,2.C.3.p,CRM software,Salesforce,Y,Y
99-1837.46,2.C.5,Sales software,Jira,N,Y
99-1837.46,2.C.5,Sales software,Monday.com,N,N
99-1838.47,2.C.5,Project management software,Jira,N,Y
99-1838.47,2.C.3.q,Office software,Microsoft Office,N,N
99-1839.48,2.C.3.l,Graphics software,CorelDRAW,N,N
99-1839.48,2.C.3.l,Graphics software,Affinity Designer,N,N
99-1839.48,2.C.5,Project management software,Monday.com,N,N
99-1839.48,2.C.5,Project management software,Trello,N,N
99-1839.48,2.C.5,Project management software,Asana,N,N
99-1840.49,2.C.3.m,Legal research software,Westlaw,N,N
99-1840.49,2.C.3.m,Legal research software,LexisNexis,N,N
99-1840.49,2.C.3.m,Legal research software,Thomson Reuters Practical Law,N,N
99-1840.49,2.C.5,Project management software,Asana,N,N
99-1840.49,2.C.5,Project management software,Trello,N,N
99-1841.50,2.C.3.d,Statistical analysis software,SAS,Y,N
99-1841.50,2.C.3.e,Analytical software,Microsoft Power BI,Y,Y
99-1841.50,2.C.3.e,Analytical software,Spotfire,N,N
99-1841.50,2.C.3.e,Analytical software,QlikView,N,N
99-1842.51,2.C.5,Project management software,Microsoft Project,N,N
99-1842.51,2.C.1,Case management software,Epic Systems,Y,N
99-1842.51,2.C.1,Case management software,Meditech Expanse,N,N
99-1842.51,2.C.1,Case management software,Cerner,N,N
99-1843.52,2.C.3.f,CAD software,PTC Creo Parametric,N,N
99-1843.52,2.C.3.f,CAD software,Dassault Systemes CATIA,N,N
99-1843.52,2.C.3.f,CAD software,Bentley MicroStation,N,N
99-1843.52,2.C.3.n,Agricultural software,AgLeader SMS,N,N
99-1843.52,2.C.3.n,Agricultural software,Farm Works Software,N,N
99-1843.52,2.C.3.n,Agricultural software,Trimble Ag Software,N,N
99-1844.53,2.C.3.j,ERP software,Epicor ERP,N,N
99-1844.53,2.C.3.j,ERP software,Oracle E-Business Suite,N,N
99-1844.53,2.C.3.j,ERP software,NetSuite,N,N
99-1844.53,2.C.3.f,CAD software,Bentley MicroStation,N,N
99-1845.54,2.C.3.o,Fleet management software,PeopleNet Fleet Manager,N,N
99-1845.54,2.C.3.o,Fleet management software,Omnitracs,N,N
99-1845.54,2.C.3.o,Fleet management software,TMWSuite,N,N
99-1845.54,2.C.5,Routing software,Monday.com,N,N
99-1845.54,2.C.5,Routing software,Microsoft Project,N,N
99-1845.54,2.C.5,Routing software,Trello,N,N
99-1846.55,2.C.3.p,CRM software,Salesforce,Y,Y
99-1846.55,2.C.5,Sales software,Asana,N,N
99-1847.56,2.C.5,Project management software,Trello,N,N
99-1847.56,2.C.5,Project management software,Jira,N,Y
99-1847.56,2.C.5,Project management software,Microsoft Project,N,N
99-1847.56,2.C.3.q,Office software,LibreOffice,N,N
99-1848.57,2.C.3.l,Graphics software,Affinity Designer,N,N
99-1848.57,2.C.3.l,Graphics software,CorelDRAW,N,N
99-1848.57,2.C.3.l,Graphics software,Sketch,N,N
99-1848.57,2.C.5,Project management software,Microsoft Project,N,N
99-1848.57,2.C.5,Project management software,Asana,N,N
99-1848.57,2.C.5,Project management software,Jira,N,Y
99-1849.58,2.C.3.m,Legal research software,Westlaw,N,N
99-1849.58,2.C.5,Project management software,Monday.com,N,N
99-1849.58,2.C.5,Project management software,Asana,N,N
99-1850.59,2.C.3.d,Statistical analysis software,R,N,N
99-1850.59,2.C.3.e,Analytical software,Spotfire,N,N
99-1850.59,2.C.3.e,Analytical software,QlikView,N,N
99-1850.59,2.C.3.e,Analytical software,Microsoft Power BI,Y,Y
99-1851.60,2.C.5,Project management software,Monday.com,N,N
99-1851.60,2.C.1,Case management software,eClinicalWorks,N,N
99-1852.61,2.C.3.f,CAD software,Autodesk AutoCAD,N,N
99-1852.61,2.C.3.f,CAD software,PTC Creo Parametric,N,N
99-1852.61,2.C.3.f,CAD software,Bentley MicroStation,N,N
99-1852.61,2.C.3.n,Agricultural software,Farm Works Software,N,N
99-1853.62,2.C.3.j,ERP software,Oracle E-Business Suite,N,N
99-1853.62,2.C.3.f,CAD software,PTC Creo Parametric,N,N
99-1853.62,2.C.3.f,CAD software,SolidWorks,N,N
99-1853.62,2.C.3.f,CAD software,Autodesk AutoCAD,N,N
99-1854.63,2.C.3.o,Fleet management software,TMWSuite,N,N
99-1854.63,2.C.3.o,Fleet management software,Samsara,N,N
99-1854.63,2.C.3.o,Fleet management software,Omnitracs,N,N
99-1854.63,2.C.5,Routing software,Jira,N,Y
99-1855.64,2.C.3.p,CRM software,Microsoft Dynamics CRM,N,N
99-1855.64,2.C.5,Sales software,Monday.com,N,N
99-1855.64,2.C.5,Sales software,Microsoft Project,N,N
99-1855.64,2.C.5,Sales software,Asana,N,N
99-1856.65,2.C.5,Project management software,Monday.com,N,N
99-1856.65,2.C.3.q,Office software,LibreOffice,N,N
99-1857.66,2.C.3.l,Graphics software,Sketch,N,N
99-1857.66,2.C.5,Project management software,Jira,N,Y
99-1857.66,2.C.5,Project management software,Trello,N,N
99-1857.66,2.C.5,Project management software,Microsoft Project,N,N
99-1858.67,2.C.3.m,Legal research software,LexisNexis,N,N
99-1858.67,2.C.3.m,Legal research software,Thomson Reuters Practical Law,N,N
99-1858.67,2.C.3.m,Legal research software,Westlaw,N,N
99-1858.67,2.C.5,Project management software,Jira,N,Y
99-1859.68,2.C.3.d,Statistical analysis software,R,N,N
99-1859.68,2.C.3.d,Statistical analysis software,IBM SPSS Statistics,N,N
99-1859.68,2.C.3.d,Statistical analysis software,SAS,Y,N
99-1859.68,2.C.3.e,Analytical software,SAP BusinessObjects,N,N
99-1859.68,2.C.3.e,Analytical software,Microsoft Power BI,Y,Y
99-1860.69,2.C.5,Project management software,Jira,N,Y
99-1860.69,2.C.5,Project management software,Microsoft Project,N,N
99-1860.69,2.C.1,Case management software,Cerner,N,N
99-1860.69,2.C.1,Case management software,Epic Systems,Y,N
99-1861.70,2.C.3.f,CAD software,PTC Creo Parametric,N,N
99-1861.70,2.C.3.f,CAD software,Dassault Systemes CATIA,N,N
99-1861.70,2.C.3.f,CAD software,Autodesk AutoCAD,N,N
99-1861.70,2.C.3.n,Agricultural software,AgLeader SMS,N,N
99-1861.70,2.C.3.n,Agricultural software,Trimble Ag Software,N,N
99-1861.70,2.C.3.n,Agricultural software,Farm Works Software,N,N
99-1862.71,2.C.3.j,ERP software,Epicor ERP,N,N
99-1862.71,2.C.3.j,ERP software,Oracle E-Business Suite,N,N
99-1862.71,2.C.3.f,CAD software,SolidWorks,N,N
99-1863.72,2.C.3.o,Fleet management software,Samsara,N,N
99-1863.72,2.C.3.o,Fleet management software,Omnitracs,N,N
99-1863.72,2.C.5,Routing software,Jira,N,Y
99-1864.73,2.C.3.p,CRM software,Salesforce,Y,Y
99-1864.73,2.C.5,Sales software,Microsoft Project,N,N
99-1864.73,2.C.5,Sales software,Monday.com,N,N
99-1865.74,2.C.5,Project management software,Microsoft Project,N,N
99-1865.74,2.C.5,Project management software,Trello,N,N
99-1865.74,2.C.5,Project management software,Monday.com,N,N
99-1865.74,2.C.3.q,Office software,LibreOffice,N,N
99-1865.74,2.C.3.q,Office software,Zoho Office Suite,N,N
99-1865.74,2.C.3.q,Office software,Microsoft Office,N,N
99-1866.75,2.C.3.l,Graphics software,Adobe Creative Cloud,N,N
99-1866.75,2.C.3.l,Graphics software,Sketch,N,N
99-1866.75,2.C.3.l,Graphics software,Figma,N,N
99-1866.75,2.C.5,Project management software,Jira,N,Y
99-1866.75,2.C.5,Project management software,Trello,N,N
99-1866.75,2.C.5,Project management software,Monday.com,N,N
99-1867.76,2.C.3.m,Legal research software,Thomson Reuters Practical Law,N,N
99-1867.76,2.C.3.m,Legal research software,Westlaw,N,N
99-1867.76,2.C.5,Project management software,Jira,N,Y
99-1868.77,2.C.3.d,Statistical analysis software,Stata,N,N
99-1868.77,2.C.3.e,Analytical software,Spotfire,N,N
99-1869.78,2.C.5,Project management software,Trello,N,N
99-1869.78,2.C.1,Case management software,Cerner,N,N
99-1869.78,2.C.1,Case management software,Allscripts,N,N
99-1870.79,2.C.3.f,CAD software,Dassault Systemes CATIA,N,N
99-1870.79,2.C.3.f,CAD software,PTC Creo Parametric,N,N
99-1870.79,2.C.3.n,Agricultural software,Farm Works Software,N,N
99-1870.79,2.C.3.n,Agricultural software,AgLeader SMS,N,N
99-1870.79,2.C.3.n,Agricultural software,Trimble Ag Software,N,N
99-1871.80,2.C.3.j,ERP software,NetSuite,N,N
99-1871.80,2.C.3.f,CAD software,Dassault Systemes CATIA,N,N
99-1871.80,2.C.3.f,CAD software,SolidWorks,N,N
99-1872.81,2.C.3.o,Fleet management software,PeopleNet Fleet Manager,N,N
99-1872.81,2.C.3.o,Fleet management software,Samsara,N,N
99-1872.81,2.C.3.o,Fleet management software,TMWSuite,N,N
99-1872.81,2.C.5,Routing software,Monday.com,N,N
99-1872.81,2.C.5,Routing software,Jira,N,Y
99-1873.82,2.C.3.p,CRM software,HubSpot CRM,N,N
99-1873.82,2.C.3.p,CRM software,Microsoft Dynamics CRM,N,N
99-1873.82,2.C.5,Sales software,Monday.com,N,N
99-1873.82,2.C.5,Sales software,Asana,N,N
99-1874.83,2.C.5,Project management software,Asana,N,N
99-1874.83,2.C.5,Project management software,Monday.com,N,N
99-1874.83,2.C.5,Project management software,Microsoft Project,N,N
99-1874.83,2.C.3.q,Office software,Google Workspace,N,N
99-1874.83,2.C.3.q,Office software,Microsoft Office,N,N
99-1875.84,2.C.3.l,Graphics software,Sketch,N,N
99-1875.84,2.C.3.l,Graphics software,Adobe Creative Cloud,N,N
99-1875.84,2.C.5,Project management software,Asana,N,N
99-1875.84,2.C.5,Project management software,Trello,N,N
99-1875.84,2.C.5,Project management software,Microsoft Project,N,N
99-1876.85,2.C.3.m,Legal research software,Thomson Reuters Practical Law,N,N
99-1876.85,2.C.3.m,Legal research software,CaseMap,N,N
99-1876.85,2.C.3.m,Legal research software,Westlaw,N,N
99-1876.85,2.C.5,Project management software,Microsoft Project,N,N
99-1876.85,2.C.5,Project management software,Asana,N,N
99-1876.85,2.C.5,Project management software,Monday.com,N,N
99-1877.86,2.C.3.d,Statistical analysis software,Minitab,N,N
99-1877.86,2.C.3.d,Statistical analysis software,SAS,Y,N
99-1877.86,2.C.3.d,Statistical analysis software,IBM SPSS Statistics,N,N
99-1877.86,2.C.3.e,Analytical software,Microsoft Power BI,Y,Y
99-1877.86,2.C.3.e,Analytical software,SAP BusinessObjects,N,N
99-1877.86,2.C.3.e,Analytical software,Tableau,Y,Y
99-1878.87,2.C.5,Project management software,Asana,N,N
99-1878.87,2.C.1,Case management software,Cerner,N,N
99-1878.87,2.C.1,Case management software,Allscripts,N,N
99-1878.87,2.C.1,Case management software,eClinicalWorks,N,N
99-1879.88,2.C.3.f,CAD software,Bentley MicroStation,N,N
99-1879.88,2.C.3.f,CAD software,SolidWorks,N,N
99-1879.88,2.C.3.n,Agricultural software,Trimble Ag Software,N,N
99-1879.88,2.C.3.n,Agricultural software,Farm Works Software,N,N
99-1880.89,2.C.3.j,ERP software,Epicor ERP,N,N
99-1880.89,2.C.3.j,ERP software,SAP ERP,Y,Y
99-1880.89,2.C.3.f,CAD software,Dassault Systemes CATIA,N,N
99-1880.89,2.C.3.f,CAD software,SolidWorks,N,N
99-1880.89,2.C.3.f,CAD software,PTC Creo Parametric,N,N
99-1881.90,2.C.3.o,Fleet management software,Samsara,N,N
99-1881.90,2.C.3.o,Fleet management software,Omnitracs,N,N
99-1881.90,2.C.5,Routing software,Monday.com,N,N
99-1881.90,2.C.5,Routing software,Trello,N,N
99-1881.90,2.C.5,Routing software,Microsoft Project,N,N
99-1882.91,2.C.3.p,CRM software,Zoho CRM,N,N
99-1882.91,2.C.3.p,CRM software,HubSpot CRM,N,N
99-1882.91,2.C.3.p,CRM software,Salesforce,Y,Y
99-1882.91,2.C.5,Sales software,Jira,N,Y
99-1882.91,2.C.5,Sales software,Microsoft Project,N,N
99-1882.91,2.C.5,Sales software,Trello,N,N
99-1883.92,2.C.5,Project management software,Trello,N,N
99-1883.92,2.C.3.q,Office software,Microsoft Office,N,N
99-1883.92,2.C.3.q,Office software,Zoho Office Suite,N,N
99-1883.92,2.C.3.q,Office software,Google Workspace,N,N
99-1884.93,2.C.3.l,Graphics software,Sketch,N,N
99-1884.93,2.C.3.l,Graphics software,Affinity Designer,N,N
99-1884.93,2.C.3.l,Graphics software,Figma,N,N
99-1884.93,2.C.5,Project management software,Trello,N,N
99-1885.94,2.C.3.m,Legal research software,LexisNexis,N,N
99-1885.94,2.C.3.m,Legal research software,CaseMap,N,N
99-1885.94,2.C.5,Project management software,Microsoft Project,N,N
99-1885.94,2.C.5,Project management software,Monday.com,N,N
99-1886.95,2.C.3.d,Statistical analysis software,IBM SPSS Statistics,N,N
99-1886.95,2.C.3.d,Statistical analysis software,R,N,N
99-1886.95,2.C.3.d,Statistical analysis software,Stata,N,N
99-1886.95,2.C.3.e,Analytical software,Microsoft Power BI,Y,Y
99-1886.95,2.C.3.e,Analytical software,SAP BusinessObjects,N,N
99-1887.96,2.C.5,Project management software,Asana,N,N
99-1887.96,2.C.1,Case management software,Epic Systems,Y,N
99-1888.97,2.C.3.f,CAD software,Dassault Systemes CATIA,N,N
99-1888.97,2.C.3.f,CAD software,PTC Creo Parametric,N,N
99-1888.97,2.C.3.n,Agricultural software,AgLeader SMS,N,N
99-1889.98,2.C.3.j,ERP software,Oracle E-Business Suite,N,N
99-1889.98,2.C.3.j,ERP software,Epicor ERP,N,N
99-1889.98,2.C.3.j,ERP software,Microsoft Dynamics 365,N,N
99-1889.98,2.C.3.f,CAD software,Dassault Systemes CATIA,N,N
99-1890.99,2.C.3.o,Fleet management software,Samsara,N,N
99-1890.99,2.C.5,Routing software,Monday.com,N,N
99-1891.01,2.C.3.p,CRM software,Zoho CRM,N,N
99-1891.01,2.C.5,Sales software,Monday.com,N,N
99-1891.01,2.C.5,Sales software,Trello,N,N
99-1892.02,2.C.5,Project management software,Jira,N,Y
99-1892.02,2.C.5,Project management software,Monday.com,N,N
99-1892.02,2.C.5,Project management software,Trello,N,N
99-1892.02,2.C.3.q,Office software,Google Workspace,N,N
99-1892.02,2.C.3.q,Office software,LibreOffice,N,N
99-1893.03,2.C.3.l,Graphics software,CorelDRAW,N,N
99-1893.03,2.C.3.l,Graphics software,Figma,N,N
99-1893.03,2.C.3.l,Graphics software,Sketch,N,N
99-1893.03,2.C.5,Project management software,Jira,N,Y
99-1894.04,2.C.3.m,Legal research software,Westlaw,N,N
99-1894.04,2.C.3.m,Legal research software,CaseMap,N,N
99-1894.04,2.C.3.m,Legal research software,Thomson Reuters Practical Law,N,N
99-1894.04,2.C.5,Project management software,Trello,N,N
99-1895.05,2.C.3.d,Statistical analysis software,IBM SPSS Statistics,N,N
99-1895.05,2.C.3.d,Statistical analysis software,R,N,N
99-1895.05,2.C.3.d,Statistical analysis software,Minitab,N,N
99-1895.05,2.C.3.e,Analytical software,Tableau,Y,Y
99-1895.05,2.C.3.e,Analytical software,SAP BusinessObjects,N,N
99-1895.05,2.C.3.e,Analytical software,QlikView,N,N
99-1896.06,2.C.5,Project management software,Jira,N,Y
99-1896.06,2.C.1,Case management software,Cerner,N,N
99-1896.06,2.C.1,Case management software,Epic Systems,Y,N
99-1896.06,2.C.1,Case management software,Allscripts,N,N
99-1897.07,2.C.3.f,CAD software,Bentley MicroStation,N,N
99-1897.07,2.C.3.f,CAD software,Autodesk AutoCAD,N,N
99-1897.07,2.C.3.f,CAD software,Dassault Systemes CATIA,N,N
99-1897.07,2.C.3.n,Agricultural software,AgLeader SMS,N,N
99-1897.07,2.C.3.n,Agricultural software,Farm Works Software,N,N
99-1897.07,2.C.3.n,Agricultural software,Trimble Ag Software,N,N
99-1898.08,2.C.3.j,ERP software,SAP ERP,Y,Y
99-1898.08,2.C.3.j,ERP software,Epicor ERP,N,N
99-1898.08,2.C.3.j,ERP software,Oracle E-Business Suite,N,N
99-1898.08,2.C.3.f,CAD software,Autodesk AutoCAD,N,N
99-1898.08,2.C.3.f,CAD software,PTC Creo Parametric,N,N
99-1899.09,2.C.3.o,Fleet management software,Samsara,N,N
99-1899.09,2.C.3.o,Fleet management software,Omnitracs,N,N
99-1899.09,2.C.5,Routing software,Jira,N,Y
99-1899.09,2.C.5,Routing software,Monday.com,N,N
99-1900.10,2.C.3.p,CRM software,Microsoft Dynamics CRM,N,N
99-1900.10,2.C.5,Sales software,Microsoft Project,N,N
99-1901.11,2.C.5,Project management software,Trello,N,N
99-1901.11,2.C.5,Project management software,Monday.com,N,N
99-1901.11,2.C.5,Project management software,Asana,N,N
99-1901.11,2.C.3.q,Office software,Microsoft Office,N,N
99-1902.12,2.C.3.l,Graphics software,CorelDRAW,N,N
99-1902.12,2.C.3.l,Graphics software,Affinity Designer,N,N
99-1902.12,2.C.5,Project management software,Asana,N,N
99-1902.12,2.C.5,Project management software,Jira,N,Y
99-1903.13,2.C.3.m,Legal research software,Thomson Reuters Practical Law,N,N
99-1903.13,2.C.5,Project management software,Trello,N,N
99-1903.13,2.C.5,Project management software,Microsoft Project,N,N
99-1904.14,2.C.3.d,Statistical analysis software,SAS,Y,N
99-1904.14,2.C.3.e,Analytical software,Microsoft Power BI,Y,Y
99-1904.14,2.C.3.e,Analytical software,Spotfire,N,N
99-1904.14,2.C.3.e,Analytical software,SAP BusinessObjects,N,N
99-1905.15,2.C.5,Project management software,Trello,N,N
99-1905.15,2.C.5,Project management software,Jira,N,Y
99-1905.15,2.C.5,Project management software,Microsoft Project,N,N
99-1905.15,2.C.1,Case management software,Meditech Expanse,N,N
99-1905.15,2.C.1,Case management software,Cerner,N,N
99-1905.15,2.C.1,Case management software,Allscripts,N,N
99-1906.16,2.C.3.f,CAD software,Dassault Systemes CATIA,N,N
99-1906.16,2.C.3.n,Agricultural software,Trimble Ag Software,N,N
99-1907.17,2.C.3.j,ERP software,NetSuite,N,N
99-1907.17,2.C.3.j,ERP software,SAP ERP,Y,Y
99-1907.17,2.C.3.f,CAD software,Autodesk AutoCAD,N,N
99-1907.17,2.C.3.f,CAD software,Dassault Systemes CATIA,N,N
99-1908.18,2.C.3.o,Fleet management software,Samsara,N,N
99-1908.18,2.C.5,Routing software,Microsoft Project,N,N
99-1908.18,2.C.5,Routing software,Monday.com,N,N
99-1908.18,2.C.5,Routing software,Trello,N,N
99-1909.19,2.C.3.p,CRM software,Zoho CRM,N,N
99-1909.19,2.C.3.p,CRM software,Microsoft Dynamics CRM,N,N
99-1909.19,2.C.3.p,CRM software,Salesforce,Y,Y
99-1909.19,2.C.5,Sales software,Monday.com,N,N
99-1910.20,2.C.5,Project management software,Monday.com,N,N
99-1910.20,2.C.3.q,Office software,Zoho Office Suite,N,N
99-1911.21,2.C.3.l,Graphics software,Affinity Designer,N,N
99-1911.21,2.C.5,Project management software,Trello,N,N
99-1911.21,2.C.5,Project management software,Asana,N,N
99-1912.22,2.C.3.m,Legal research software,Thomson Reuters Practical Law,N,N
99-1912.22,2.C.5,Project management software,Microsoft Project,N,N
99-1912.22,2.C.5,Project management software,Asana,N,N
99-1912.22,2.C.5,Project management software,Monday.com,N,N
99-1913.23,2.C.3.d,Statistical analysis software,IBM SPSS Statistics,N,N
99-1913.23,2.C.3.e,Analytical software,QlikView,N,N
99-1913.23,2.C.3.e,Analytical software,Spotfire,N,N
99-1914.24,2.C.5,Project management software,Microsoft Project,N,N
99-1914.24,2.C.5,Project management software,Jira,N,Y
99-1914.24,2.C.1,Case management software,Cerner,N,N
99-1914.24,2.C.1,Case management software,eClinicalWorks,N,N
99-1914.24,2.C.1,Case management software,Meditech Expanse,N,N
99-1915.25,2.C.3.f,CAD software,Dassault Systemes CATIA,N,N
99-1915.25,2.C.3.f,CAD software,PTC Creo Parametric,N,N
99-1915.25,2.C.3.f,CAD software,SolidWorks,N,N
99-1915.25,2.C.3.n,Agricultural software,Farm Works Software,N,N
99-1915.25,2.C.3.n,Agricultural software,AgLeader SMS,N,N
99-1915.25,2.C.3.n,Agricultural software,Trimble Ag Software,N,N
99-1916.26,2.C.3.j,ERP software,Epicor ERP,N,N
99-1916.26,2.C.3.j,ERP software,Oracle E-Business Suite,N,N
99-1916.26,2.C.3.f,CAD software,Bentley MicroStation,N,N
99-1916.26,2.C.3.f,CAD software,PTC Creo Parametric,N,N
99-1917.27,2.C.3.o,Fleet management software,Omnitracs,N,N
99-1917.27,2.C.5,Routing software,Monday.com,N,N
99-1917.27,2.C.5,Routing software,Trello,N,N
99-1918.28,2.C.3.p,CRM software,Microsoft Dynamics CRM,N,N
99-1918.28,2.C.3.p,CRM software,Zoho CRM,N,N
99-1918.28,2.C.5,Sales software,Asana,N,N
99-1919.29,2.C.5,Project management software,Asana,N,N
99-1919.29,2.C.5,Project management software,Microsoft Project,N,N
99-1919.29,2.C.3.q,Office software,Zoho Office Suite,N,N
99-1919.29,2.C.3.q,Office software,Google Workspace,N,N
99-1919.29,2.C.3.q,Office software,Microsoft Office,N,N
99-1920.30,2.C.3.l,Graphics software,Adobe Creative Cloud,N,N
99-1920.30,2.C.5,Project management software,Microsoft Project,N,N
99-1921.31,2.C.3.m,Legal research software,CaseMap,N,N
99-1921.31,2.C.3.m,Legal research software,Thomson Reuters Practical Law,N,N
99-1921.31,2.C.5,Project management software,Monday.com,N,N
99-1921.31,2.C.5,Project management software,Trello,N,N
99-1922.32,2.C.3.d,Statistical analysis software,Stata,N,N
99-1922.32,2.C.3.d,Statistical analysis software,R,N,N
99-1922.32,2.C.3.d,Statistical analysis software,SAS,Y,N
99-1922.32,2.C.3.e,Analytical software,Tableau,Y,Y
99-1923.33,2.C.5,Project management software,Microsoft Project,N,N
99-1923.33,2.C.1,Case management software,Allscripts,N,N
99-1924.34,2.C.3.f,CAD software,Autodesk AutoCAD,N,N
99-1924.34,2.C.3.f,CAD software,PTC Creo Parametric,N,N
99-1924.34,2.C.3.n,Agricultural software,Trimble Ag Software,N,N
99-1924.34,2.C.3.n,Agricultural software,Farm Works Software,N,N
99-1925.35,2.C.3.j,ERP software,Microsoft Dynamics 365,N,N
99-1925.35,2.C.3.j,ERP software,Epicor ERP,N,N
99-1925.35,2.C.3.f,CAD software,PTC Creo Parametric,N,N
99-1925.35,2.C.3.f,CAD software,Autodesk AutoCAD,N,N
99-1925.35,2.C.3.f,CAD software,Bentley MicroStation,N,N
99-1926.36,2.C.3.o,Fleet management software,Omnitracs,N,N
99-1926.36,2.C.3.o,Fleet management software,TMWSuite,N,N
99-1926.36,2.C.3.o,Fleet management software,Samsara,N,N
99-1926.36,2.C.5,Routing software,Asana,N,N
99-1927.37,2.C.3.p,CRM software,Microsoft Dynamics CRM,N,N
99-1927.37,2.C.3.p,CRM software,Zoho CRM,N,N
99-1927.37,2.C.5,Sales software,Jira,N,Y
99-1927.37,2.C.5,Sales software,Trello,N,N
99-1927.37,2.C.5,Sales software,Monday.com,N,N
99-1928.38,2.C.5,Project management software,Asana,N,N
99-1928.38,2.C.5,Project management software,Monday.com,N,N
99-1928.38,2.C.5,Project management software,Trello,N,N
99-1928.38,2.C.3.q,Office software,Google Workspace,N,N
99-1928.38,2.C.3.q,Office software,Microsoft Office,N,N
99-1929.39,2.C.3.l,Graphics software,Affinity Designer,N,N
99-1929.39,2.C.3.l,Graphics software,Figma,N,N
99-1929.39,2.C.5,Project management software,Trello,N,N
99-1929.39,2.C.5,Project management software,Asana,N,N
99-1929.39,2.C.5,Project management software,Jira,N,Y
99-1930.40,2.C.3.m,Legal research software,Westlaw,N,N
99-1930.40,2.C.3.m,Legal research software,LexisNexis,N,N
99-1930.40,2.C.3.m,Legal research software,CaseMap,N,N
99-1930.40,2.C.5,Project management software,Trello,N,N
99-1931.41,2.C.3.d,Statistical analysis software,Minitab,N,N
99-1931.41,2.C.3.d,Statistical analysis software,Stata,N,N
99-1931.41,2.C.3.d,Statistical analysis software,IBM SPSS Statistics,N,N
99-1931.41,2.C.3.e,Analytical software,SAP BusinessObjects,N,N
99-1931.41,2.C.3.e,Analytical software,Microsoft Power BI,Y,Y
99-1932.42,2.C.5,Project management software,Trello,N,N
99-1932.42,2.C.5,Project management software,Asana,N,N
99-1932.42,2.C.1,Case management software,Meditech Expanse,N,N
99-1932.42,2.C.1,Case management software,Allscripts,N,N
99-1933.43,2.C.3.f,CAD software,PTC Creo Parametric,N,N
99-1933.43,2.C.3.n,Agricultural software,Farm Works Software,N,N
99-1933.43,2.C.3.n,Agricultural software,Trimble Ag Software,N,N
99-1934.44,2.C.3.j,ERP software,Epicor ERP,N,N
99-1934.44,2.C.3.j,ERP software,NetSuite,N,N
99-1934.44,2.C.3.f,CAD software,Bentley MicroStation,N,N
99-1934.44,2.C.3.f,CAD software,Dassault Systemes CATIA,N,N
99-1935.45,2.C.3.o,Fleet management software,Samsara,N,N
99-1935.45,2.C.5,Routing software,Trello,N,N
99-1935.45,2.C.5,Routing software,Microsoft Project,N,N
99-1936.46,2.C.3.p,CRM software,Salesforce,Y,Y
99-1936.46,2.C.5,Sales software,Monday.com,N,N
99-1936.46,2.C.5,Sales software,Asana,N,N
99-1937.47,2.C.5,Project management software,Jira,N,Y
99-1937.47,2.C.3.q,Office software,LibreOffice,N,N
99-1937.47,2.C.3.q,Office software,Microsoft Office,N,N
99-1938.48,2.C.3.l,Graphics software,Adobe Creative Cloud,N,N
99-1938.48,2.C.3.l,Graphics software,Affinity Designer,N,N
99-1938.48,2.C.5,Project management software,Asana,N,N
99-1938.48,2.C.5,Project management software,Monday.com,N,N
99-1939.49,2.C.3.m,Legal research software,LexisNexis,N,N
99-1939.49,2.C.3.m,Legal research software,Westlaw,N,N
99-1939.49,2.C.3.m,Legal research software,Thomson Reuters Practical Law,N,N
99-1939.49,2.C.5,Project management software,Microsoft Project,N,N
99-1939.49,2.C.5,Project management software,Monday.com,N,N
99-1939.49,2.C.5,Project management software,Jira,N,Y
99-1940.50,2.C.3.d,Statistical analysis software,SAS,Y,N
99-1940.50,2.C.3.d,Statistical analysis software,R,N,N
99-1940.50,2.C.3.e,Analytical software,SAP BusinessObjects,N,N
99-1940.50,2.C.3.e,Analytical software,Microsoft Power BI,Y,Y
99-1940.50,2.C.3.e,Analytical software,Spotfire,N,N
99-1941.51,2.C.5,Project management software,Jira,N,Y
99-1941.51,2.C.5,Project management software,Asana,N,N
99-1941.51,2.C.1,Case management software,Meditech Expanse,N,N
99-1942.52,2.C.3.f,CAD software,Autodesk AutoCAD,N,N
99-1942.52,2.C.3.n,Agricultural software,AgLeader SMS,N,N
99-1943.53,2.C.3.j,ERP software,NetSuite,N,N
99-1943.53,2.C.3.f,CAD software,Bentley MicroStation,N,N
99-1944.54,2.C.3.o,Fleet management software,Omnitracs,N,N
99-1944.54,2.C.5,Routing software,Monday.com,N,N
99-1945.55,2.C.3.p,CRM software,HubSpot CRM,N,N
99-1945.55,2.C.3.p,CRM software,Salesforce,Y,Y
99-1945.55,2.C.5,Sales software,Trello,N,N
99-1945.55,2.C.5,Sales software,Microsoft Project,N,N
99-1946.56,2.C.5,Project management software,Monday.com,N,N
99-1946.56,2.C.5,Project management software,Jira,N,Y
99-1946.56,2.C.3.q,Office software,Microsoft Office,N,N
99-1946.56,2.C.3.q,Office software,LibreOffice,N,N
99-1946.56,2.C.3.q,Office software,Google Workspace,N,N
99-1947.57,2.C.3.l,Graphics software,Adobe Creative Cloud,N,N
99-1947.57,2.C.3.l,Graphics software,Affinity Designer,N,N
99-1947.57,2.C.5,Project management software,Jira,N,Y
99-1947.57,2.C.5,Project management software,Asana,N,N
99-1947.57,2.C.5,Project management software,Microsoft Project,N,N
99-1948.58,2.C.3.m,Legal research software,Thomson Reuters Practical Law,N,N
99-1948.58,2.C.3.m,Legal research software,Westlaw,N,N
99-1948.58,2.C.3.m,Legal research software,LexisNexis,N,N
99-1948.58,2.C.5,Project management software,Microsoft Project,N,N
99-1949.59,2.C.3.d,Statistical analysis software,Stata,N,N
99-1949.59,2.C.3.d,Statistical analysis software,Minitab,N,N
99-1949.59,2.C.3.d,Statistical analysis software,R,N,N
99-1949.59,2.C.3.e,Analytical software,QlikView,N,N
99-1949.59,2.C.3.e,Analytical software,SAP BusinessObjects,N,N
99-1949.59,2.C.3.e,Analytical software,Spotfire,N,N
99-1950.60,2.C.5,Project management software,Monday.com,N,N
99-1950.60,2.C.5,Project management software,Trello,N,N
99-1950.60,2.C.5,Project management software,Jira,N,Y
99-1950.60,2.C.1,Case management software,Allscripts,N,N
99-1950.60,2.C.1,Case management software,eClinicalWorks,N,N
99-1950.60,2.C.1,Case management software,Meditech Expanse,N,N
99-1951.61,2.C.3.f,CAD software,Autodesk AutoCAD,N,N
99-1951.61,2.C.3.f,CAD software,SolidWorks,N,N
99-1951.61,2.C.3.f,CAD software,Bentley MicroStation,N,N
99-1951.61,2.C.3.n,Agricultural software,Trimble Ag Software,N,N
99-1951.61,2.C.3.n,Agricultural software,Farm Works Software,N,N
99-1952.62,2.C.3.j,ERP software,NetSuite,N,N
99-1952.62,2.C.3.j,ERP software,Epicor ERP,N,N
99-1952.62,2.C.3.j,ERP software,Oracle E-Business Suite,N,N
99-1952.62,2.C.3.f,CAD software,SolidWorks,N,N
99-1952.62,2.C.3.f,CAD software,Dassault Systemes CATIA,N,N
99-1953.63,2.C.3.o,Fleet management software,TMWSuite,N,N
99-1953.63,2.C.3.o,Fleet management software,PeopleNet Fleet Manager,N,N
99-1953.63,2.C.3.o,Fleet management software,Omnitracs,N,N
99-1953.63,2.C.5,Routing software,Monday.com,N,N
99-1953.63,2.C.5,Routing software,Trello,N,N
99-1954.64,2.C.3.p,CRM software,Microsoft Dynamics CRM,N,N
99-1954.64,2.C.5,Sales software,Asana,N,N
99-1954.64,2.C.5,Sales software,Trello,N,N
99-1954.64,2.C.5,Sales software,Jira,N,Y
99-1955.65,2.C.5,Project management software,Asana,N,N
99-1955.65,2.C.3.q,Office software,Google Workspace,N,N
99-1955.65,2.C.3.q,Office software,Zoho Office Suite,N,N
99-1955.65,2.C.3.q,Office software,Microsoft Office,N,N
99-1956.66,2.C.3.l,Graphics software,CorelDRAW,N,N
99-1956.66,2.C.3.l,Graphics software,Sketch,N,N
99-1956.66,2.C.5,Project management software,Jira,N,Y
99-1957.67,2.C.3.m,Legal research software,CaseMap,N,N
99-1957.67,2.C.5,Project management software,Trello,N,N
99-1957.67,2.C.5,Project management software,Asana,N,N
99-1958.68,2.C.3.d,Statistical analysis software,R,N,N
99-1958.68,2.C.3.d,Statistical analysis software,IBM SPSS Statistics,N,N
99-1958.68,2.C.3.e,Analytical software,Tableau,Y,Y
99-1958.68,2.C.3.e,Analytical software,Spotfire,N,N
99-1958.68,2.C.3.e,Analytical software,QlikView,N,N
99-1959.69,2.C.5,Project management software,Asana,N,N
99-1959.69,2.C.1,Case management software,Epic Systems,Y,N
99-1959.69,2.C.1,Case management software,eClinicalWorks,N,N
99-1960.70,2.C.3.f,CAD software,SolidWorks,N,N
99-1960.70,2.C.3.f,CAD software,Dassault Systemes CATIA,N,N
99-1960.70,2.C.3.n,Agricultural software,Trimble Ag Software,N,N
99-1960.70,2.C.3.n,Agricultural software,Farm Works Software,N,N
99-1961.71,2.C.3.j,ERP software,SAP ERP,Y,Y
99-1961.71,2.C.3.j,ERP software,Microsoft Dynamics 365,N,N
99-1961.71,2.C.3.f,CAD software,PTC Creo Parametric,N,N
99-1962.72,2.C.3.o,Fleet management software,PeopleNet Fleet Manager,N,N
99-1962.72,2.C.5,Routing software,Asana,N,N
99-1962.72,2.C.5,Routing software,Microsoft Project,N,N
99-1963.73,2.C.3.p,CRM software,Microsoft Dynamics CRM,N,N
99-1963.73,2.C.3.p,CRM software,HubSpot CRM,N,N
99-1963.73,2.C.3.p,CRM software,Salesforce,Y,Y
99-1963.73,2.C.5,Sales software,Microsoft Project,N,N
99-1963.73,2.C.5,Sales software,Asana,N,N
99-1964.74,2.C.5,Project management software,Trello,N,N
99-1964.74,2.C.3.q,Office software,LibreOffice,N,N
99-1964.74,2.C.3.q,Office software,Zoho Office Suite,N,N
99-1964.74,2.C.3.q,Office software,Google Workspace,N,N
99-1965.75,2.C.3.l,Graphics software,Affinity Designer,N,N
99-1965.75,2.C.3.l,Graphics software,Adobe Creative Cloud,N,N
99-1965.75,2.C.5,Project management software,Monday.com,N,N
99-1965.75,2.C.5,Project management software,Microsoft Project,N,N
99-1965.75,2.C.5,Project management software,Jira,N,Y
99-1966.76,2.C.3.m,Legal research software,CaseMap,N,N
99-1966.76,2.C.5,Project management software,Microsoft Project,N,N
99-1967.77,2.C.3.d,Statistical analysis software,SAS,Y,N
99-1967.77,2.C.3.d,Statistical analysis software,Stata,N,N
99-1967.77,2.C.3.e,Analytical software,QlikView,N,N
99-1967.77,2.C.3.e,Analytical software,Spotfire,N,N
99-1968.78,2.C.5,Project management software,Asana,N,N
99-1968.78,2.C.5,Project management software,Monday.com,N,N
99-1968.78,2.C.5,Project management software,Microsoft Project,N,N
99-1968.78,2.C.1,Case management software,Meditech Expanse,N,N
99-1968.78,2.C.1,Case management software,Epic Systems,Y,N
99-1969.79,2.C.3.f,CAD software,PTC Creo Parametric,N,N
99-1969.79,2.C.3.f,CAD software,SolidWorks,N,N
99-1969.79,2.C.3.n,Agricultural software,AgLeader SMS,N,N
99-1969.79,2.C.3.n,Agricultural software,Farm Works Software,N,N
99-1970.80,2.C.3.j,ERP software,NetSuite,N,N
99-1970.80,2.C.3.f,CAD software,SolidWorks,N,N
99-1971.81,2.C.3.o,Fleet management software,TMWSuite,N,N
99-1971.81,2.C.3.o,Fleet management software,Omnitracs,N,N
99-1971.81,2.C.3.o,Fleet management software,Samsara,N,N
99-1971.81,2.C.5,Routing software,Jira,N,Y
99-1971.81,2.C.5,Routing software,Asana,N,N
99-1971.81,2.C.5,Routing software,Monday.com,N,N
99-1972.82,2.C.3.p,CRM software,Zoho CRM,N,N
99-1972.82,2.C.5,Sales software,Monday.com,N,N
99-1973.83,2.C.5,Project management software,Monday.com,N,N
99-1973.83,2.C.5,Project management software,Jira,N,Y
99-1973.83,2.C.5,Project management software,Trello,N,N
99-1973.83,2.C.3.q,Office software,LibreOffice,N,N
99-1974.84,2.C.3.l,Graphics software,Sketch,N,N
99-1974.84,2.C.3.l,Graphics software,Affinity Designer,N,N
99-1974.84,2.C.5,Project management software,Jira,N,Y
99-1974.84,2.C.5,Project management software,Trello,N,N
99-1975.85,2.C.3.m,Legal research software,Thomson Reuters Practical Law,N,N
99-1975.85,2.C.3.m,Legal research software,Westlaw,N,N
99-1975.85,2.C.5,Project management software,Monday.com,N,N
99-1975.85,2.C.5,Project management software,Jira,N,Y
99-1976.86,2.C.3.d,Statistical analysis software,R,N,N
99-1976.86,2.C.3.d,Statistical analysis software,Minitab,N,N
99-1976.86,2.C.3.e,Analytical software,Microsoft Power BI,Y,Y
99-1977.87,2.C.5,Project management software,Jira,N,Y
99-1977.87,2.C.5,Project management software,Monday.com,N,N
99-1977.87,2.C.5,Project management software,Trello,N,N
99-1977.87,2.C.1,Case management software,Allscripts,N,N
99-1978.88,2.C.3.f,CAD software,Autodesk AutoCAD,N,N
99-1978.88,2.C.3.f,CAD software,PTC Creo Parametric,N,N
99-1978.88,2.C.3.f,CAD software,SolidWorks,N,N
99-1978.88,2.C.3.n,Agricultural software,Trimble Ag Software,N,N
99-1979.89,2.C.3.j,ERP software,Epicor ERP,N,N
99-1979.89,2.C.3.j,ERP software,NetSuite,N,N
99-1979.89,2.C.3.j,ERP software,SAP ERP,Y,Y
99-1979.89,2.C.3.f,CAD software,Autodesk AutoCAD,N,N
99-1979.89,2.C.3.f,CAD software,Dassault Systemes CATIA,N,N
99-1979.89,2.C.3.f,CAD software,SolidWorks,N,N
99-1980.90,2.C.3.o,Fleet management software,Omnitracs,N,N
99-1980.90,2.C.3.o,Fleet management software,Samsara,N,N
99-1980.90,2.C.5,Routing software,Trello,N,N
99-1980.90,2.C.5,Routing software,Asana,N,N
99-1981.91,2.C.3.p,CRM software,Salesforce,Y,Y
99-1981.91,2.C.3.p,CRM software,Microsoft Dynamics CRM,N,N
99-1981.91,2.C.3.p,CRM software,HubSpot CRM,N,N
99-1981.91,2.C.5,Sales software,Monday.com,N,N
99-1981.91,2.C.5,Sales software,Microsoft Project,N,N
99-1981.91,2.C.5,Sales software,Asana,N,N
99-1982.92,2.C.5,Project management software,Microsoft Project,N,N
99-1982.92,2.C.5,Project management software,Monday.com,N,N
99-1982.92,2.C.5,Project management software,Trello,N,N
99-1982.92,2.C.3.q,Office software,Microsoft Office,N,N
99-1982.92,2.C.3.q,Office software,Google Workspace,N,N
99-1982.92,2.C.3.q,Office software,Zoho Office Suite,N,N
99-1983.93,2.C.3.l,Graphics software,Figma,N,N
99-1983.93,2.C.3.l,Graphics software,Adobe Creative Cloud,N,N
99-1983.93,2.C.5,Project management software,Asana,N,N
99-1983.93,2.C.5,Project management software,Monday.com,N,N
99-1984.94,2.C.3.m,Legal research software,LexisNexis,N,N
99-1984.94,2.C.3.m,Legal research software,CaseMap,N,N
99-1984.94,2.C.5,Project management software,Monday.com,N,N
99-1985.95,2.C.3.d,Statistical analysis software,IBM SPSS Statistics,N,N
99-1985.95,2.C.3.e,Analytical software,Microsoft Power BI,Y,Y
99-1986.96,2.C.5,Project management software,Asana,N,N
99-1986.96,2.C.5,Project management software,Trello,N,N
99-1986.96,2.C.1,Case management software,Epic Systems,Y,N
99-1986.96,2.C.1,Case management software,Meditech Expanse,N,N
99-1987.97,2.C.3.f,CAD software,Autodesk AutoCAD,N,N
99-1987.97,2.C.3.n,Agricultural software,Trimble Ag Software,N,N
99-1987.97,2.C.3.n,Agricultural software,Farm Works Software,N,N
99-1988.98,2.C.3.j,ERP software,Oracle E-Business Suite,N,N
99-1988.98,2.C.3.j,ERP software,SAP ERP,Y,Y
99-1988.98,2.C.3.f,CAD software,Autodesk AutoCAD,N,N
99-1988.98,2.C.3.f,CAD software,SolidWorks,N,N
99-1988.98,2.C.3.f,CAD software,Dassault Systemes CATIA,N,N
99-1989.99,2.C.3.o,Fleet management software,Omnitracs,N,N
99-1989.99,2.C.5,Routing software,Jira,N,Y
99-1989.99,2.C.5,Routing software,Microsoft Project,N,N
99-1989.99,2.C.5,Routing software,Monday.com,N,N
99-1990.01,2.C.3.p,CRM software,Salesforce,Y,Y
99-1990.01,2.C.3.p,CRM software,Zoho CRM,N,N
99-1990.01,2.C.3.p,CRM software,HubSpot CRM,N,N
99-1990.01,2.C.5,Sales software,Asana,N,N
99-1990.01,2.C.5,Sales software,Jira,N,Y
99-1991.02,2.C.5,Project management software,Jira,N,Y
99-1991.02,2.C.5,Project management software,Microsoft Project,N,N
99-1991.02,2.C.5,Project management software,Asana,N,N
99-1991.02,2.C.3.q,Office software,LibreOffice,N,N
99-1992.03,2.C.3.l,Graphics software,Affinity Designer,N,N
99-1992.03,2.C.5,Project management software,Microsoft Project,N,N
99-1993.04,2.C.3.m,Legal research software,CaseMap,N,N
99-1993.04,2.C.3.m,Legal research software,Thomson Reuters Practical Law,N,N
99-1993.04,2.C.3.m,Legal research software,Westlaw,N,N
99-1993.04,2.C.5,Project management software,Asana,N,N
99-1993.04,2.C.5,Project management software,Jira,N,Y
99-1994.05,2.C.3.d,Statistical analysis software,R,N,N
99-1994.05,2.C.3.d,Statistical analysis software,SAS,Y,N
99-1994.05,2.C.3.d,Statistical analysis software,IBM SPSS Statistics,N,N
99-1994.05,2.C.3.e,Analytical software,SAP BusinessObjects,N,N
99-1994.05,2.C.3.e,Analytical software,Tableau,Y,Y
99-1994.05,2.C.3.e,Analytical software,Microsoft Power BI,Y,Y
99-1995.06,2.C.5,Project management software,Jira,N,Y
99-1995.06,2.C.5,Project management software,Trello,N,N
99-1995.06,2.C.1,Case management software,Allscripts,N,N
99-1995.06,2.C.1,Case management software,Meditech Expanse,N,N
99-1996.07,2.C.3.f,CAD software,PTC Creo Parametric,N,N
99-1996.07,2.C.3.f,CAD software,Dassault Systemes CATIA,N,N
99-1996.07,2.C.3.f,CAD software,Autodesk AutoCAD,N,N
99-1996.07,2.C.3.n,Agricultural software,AgLeader SMS,N,N
99-1996.07,2.C.3.n,Agricultural software,Trimble Ag Software,N,N
99-1997.08,2.C.3.j,ERP software,Oracle E-Business Suite,N,N
99-1997.08,2.C.3.f,CAD software,Dassault Systemes CATIA,N,N
99-1998.09,2.C.3.o,Fleet management software,Omnitracs,N,N
99-1998.09,2.C.3.o,Fleet management software,TMWSuite,N,N
99-1998.09,2.C.5,Routing software,Microsoft Project,N,N
99-1998.09,2.C.5,Routing software,Asana,N,N
99-1999.10,2.C.3.p,CRM software,Microsoft Dynamics CRM,N,N
99-1999.10,2.C.3.p,CRM software,Zoho CRM,N,N
99-1999.10,2.C.5,Sales software,Microsoft Project,N,N
99-1999.10,2.C.5,Sales software,Trello,N,N
99-1999.10,2.C.5,Sales software,Jira,N,Y
99-2000.11,2.C.5,Project management software,Monday.com,N,N
99-2000.11,2.C.5,Project management software,Jira,N,Y
99-2000.11,2.C.3.q,Office software,LibreOffice,N,N
99-2001.12,2.C.3.l,Graphics software,Adobe Creative Cloud,N,N
99-2001.12,2.C.3.l,Graphics software,Sketch,N,N
99-2001.12,2.C.3.l,Graphics software,Affinity Designer,N,N
99-2001.12,2.C.5,Project management software,Trello,N,N
99-2001.12,2.C.5,Project management software,Monday.com,N,N
99-2001.12,2.C.5,Project management software,Microsoft Project,N,N
99-2002.13,2.C.3.m,Legal research software,Westlaw,N,N
99-2002.13,2.C.5,Project management software,Monday.com,N,N
99-2002.13,2.C.5,Project management software,Jira,N,Y
99-2002.13,2.C.5,Project management software,Microsoft Project,N,N
99-2003.14,2.C.3.d,Statistical analysis software,R,N,N
99-2003.14,2.C.3.d,Statistical analysis software,SAS,Y,N
99-2003.14,2.C.3.e,Analytical software,Spotfire,N,N
99-2003.14,2.C.3.e,Analytical software,Tableau,Y,Y
99-2004.15,2.C.5,Project management software,Trello,N,N
99-2004.15,2.C.5,Project management software,Monday.com,N,N
99-2004.15,2.C.5,Project management software,Microsoft Project,N,N
99-2004.15,2.C.1,Case management software,Cerner,N,N
99-2005.16,2.C.3.f,CAD software,SolidWorks,N,N
99-2005.16,2.C.3.f,CAD software,PTC Creo Parametric,N,N
99-2005.16,2.C.3.n,Agricultural software,Farm Works Software,N,N
99-2006.17,2.C.3.j,ERP software,Epicor ERP,N,N
99-2006.17,2.C.3.j,ERP software,NetSuite,N,N
99-2006.17,2.C.3.f,CAD software,Bentley MicroStation,N,N
99-2006.17,2.C.3.f,CAD software,SolidWorks,N,N
99-2006.17,2.C.3.f,CAD software,PTC Creo Parametric,N,N
99-2007.18,2.C.3.o,Fleet management software,PeopleNet Fleet Manager,N,N
99-2007.18,2.C.5,Routing software,Microsoft Project,N,N
99-2007.18,2.C.5,Routing software,Jira,N,Y
99-2007.18,2.C.5,Routing software,Trello,N,N
99-2008.19,2.C.3.p,CRM software,HubSpot CRM,N,N
99-2008.19,2.C.5,Sales software,Asana,N,N
99-2008.19,2.C.5,Sales software,Jira,N,Y
99-2009.20,2.C.5,Project management software,Monday.com,N,N
99-2009.20,2.C.5,Project management software,Jira,N,Y
99-2009.20,2.C.3.q,Office software,Zoho Office Suite,N,N
99-2009.20,2.C.3.q,Office software,LibreOffice,N,N
99-2009.20,2.C.3.q,Office software,Microsoft Office,N,N
99-2010.21,2.C.3.l,Graphics software,Figma,N,N
99-2010.21,2.C.5,Project management software,Microsoft Project,N,N
99-2010.21,2.C.5,Project management software,Trello,N,N
99-2011.22,2.C.3.m,Legal research software,LexisNexis,N,N
99-2011.22,2.C.3.m,Legal research software,Thomson Reuters Practical Law,N,N
99-2011.22,2.C.3.m,Legal research software,CaseMap,N,N
99-2011.22,2.C.5,Project management software,Monday.com,N,N
99-2011.22,2.C.5,Project management software,Asana,N,N
99-2012.23,2.C.3.d,Statistical analysis software,IBM SPSS Statistics,N,N
99-2012.23,2.C.3.e,Analytical software,SAP BusinessObjects,N,N
99-2013.24,2.C.5,Project management software,Jira,N,Y
99-2013.24,2.C.5,Project management software,Trello,N,N
99-2013.24,2.C.1,Case management software,Allscripts,N,N
99-2014.25,2.C.3.f,CAD software,PTC Creo Parametric,N,N
99-2014.25,2.C.3.n,Agricultural software,AgLeader SMS,N,N
99-2014.25,2.C.3.n,Agricultural software,Farm Works Software,N,N
99-2014.25,2.C.3.n,Agricultural software,Trimble Ag Software,N,N
99-2015.26,2.C.3.j,ERP software,NetSuite,N,N
99-2015.26,2.C.3.f,CAD software,Autodesk AutoCAD,N,N
